credit_score,monthly_income,loan_amount,debt_to_income_ratio,employment_stability,late_payment_rate,total_debt_burden,default
402,6602.23,9102,0.3969,6,0.014,2620.54,0
735,4386.38,47637,0.6635,4,0.1546,2910.47,0
570,5223.12,8116,0.5045,0,0.0465,2635.06,1
406,5497.39,13937,0.4423,4,0.169,2431.69,1
371,4495.06,31161,0.3392,2,0.1514,1524.93,1
320,4994.21,5383,0.067,1,0.0808,334.67,0
421,6105.37,21320,0.6362,2,0.0165,3884.44,0
766,7095.39,5507,0.1054,9,0.2135,747.99,0
514,6699.77,15735,0.4405,3,0.2169,2951.0,1
630,9649.1,30713,0.0384,0,0.0892,370.79,0
758,2340.14,17519,0.5788,3,0.0242,1354.38,0
387,3550.96,3025,0.2878,8,0.0913,1021.88,1
672,13310.39,20919,0.1246,0,0.0989,1658.57,0
399,3520.64,38622,0.1357,6,0.0361,477.69,0
430,2033.53,39135,0.8344,7,0.301,1696.77,1
608,4481.51,36658,0.2683,8,0.0809,1202.53,0
643,1963.85,20141,0.0772,6,0.128,151.56,0
791,2406.87,30696,0.4794,8,0.0874,1153.77,0
713,27052.89,4773,0.2205,9,0.1035,5964.01,0
685,4617.98,25956,0.4551,2,0.0248,2101.83,0
491,2836.63,16819,0.2633,0,0.0963,746.99,0
576,22517.17,2528,0.123,1,0.0823,2769.76,0
460,15091.88,21955,0.1145,9,0.0094,1728.36,0
759,3824.56,45588,0.187,0,0.0101,715.07,0
613,2706.6,6049,0.3587,1,0.0035,970.78,0
321,8790.52,34616,0.5692,8,0.2011,5003.64,1
552,6529.79,21511,0.2485,4,0.0762,1622.89,0
774,6145.46,11119,0.3658,3,0.0143,2247.84,0
358,10443.96,11357,0.1782,1,0.0063,1861.63,1
810,6177.22,17167,0.8253,2,0.0208,5098.18,0
775,2835.17,46246,0.1036,8,0.2534,293.83,0
489,6234.89,23253,0.5093,2,0.017,3175.54,0
543,2960.06,35889,0.2134,7,0.0487,631.54,1
804,7195.8,46678,0.183,0,0.0295,1316.67,0
430,5367.68,30798,0.3729,4,0.0739,2001.36,1
784,1822.29,5681,0.608,1,0.0476,1107.9,0
320,4376.61,15755,0.4838,3,0.2168,2117.36,1
466,3182.12,1472,0.103,1,0.0214,327.86,1
573,3093.39,33881,0.4611,2,0.0004,1426.23,0
687,5187.79,14690,0.3047,4,0.1544,1580.62,0
615,3056.35,26912,0.3076,1,0.1844,940.28,0
313,7500.43,7473,0.4703,8,0.0447,3527.55,1
541,1793.69,42298,0.7281,7,0.1432,1306.04,1
645,5819.81,19669,0.4095,4,0.1836,2383.48,0
639,8126.01,34964,0.4842,0,0.2604,3934.23,1
391,5969.12,17462,0.7636,4,0.1611,4558.24,1
666,4250.48,21943,0.349,3,0.4528,1483.42,1
754,13507.57,39785,0.2816,8,0.0425,3804.25,0
727,2926.35,36420,0.6264,1,0.0206,1832.97,0
808,1577.42,11832,0.5991,6,0.1131,945.03,0
334,3762.46,6385,0.4801,1,0.1662,1806.52,1
505,1634.28,31362,0.5704,2,0.1484,932.19,1
380,13810.96,15708,0.3842,2,0.1164,5306.74,0
687,2442.47,24438,0.4245,9,0.2896,1036.71,0
301,7722.21,18211,0.2107,7,0.2191,1627.25,1
689,7459.02,15571,0.2052,1,0.0085,1530.87,0
405,2482.22,22307,0.3764,0,0.0188,934.29,0
776,5383.27,12002,0.4374,5,0.0023,2354.7,0
701,1697.09,37153,0.2308,5,0.1367,391.77,0
461,4143.3,23440,0.1622,0,0.0433,672.2,0
501,1559.02,2965,0.5003,4,0.5777,780.03,1
569,11660.52,33556,0.1313,8,0.0334,1531.0,0
570,16433.17,3427,0.1758,9,0.035,2889.2,0
755,2505.57,36609,0.1309,9,0.2191,328.02,0
761,2433.31,26189,0.0818,4,0.096,199.01,0
551,7105.15,26138,0.2362,6,0.0872,1678.1,0
595,2668.79,7563,0.1692,5,0.2588,451.51,0
637,10518.1,15387,0.8924,9,0.0256,9385.97,0
352,4912.6,6840,0.5813,3,0.0466,2855.63,1
516,3227.92,16154,0.8337,1,0.0547,2691.17,0
487,8651.72,25194,0.0861,9,0.0314,745.27,0
679,4220.19,47861,0.2744,4,0.1345,1158.18,0
792,11205.02,23448,0.2951,9,0.1682,3306.65,0
340,12025.15,31924,0.12,8,0.011,1442.66,1
456,2223.31,24528,0.6343,2,0.0659,1410.24,1
314,1509.3,30402,0.0799,2,0.0172,120.57,0
364,18023.44,5352,0.3489,6,0.213,6288.4,1
820,10963.7,1184,0.2515,9,0.0962,2757.28,0
643,1728.17,11384,0.1628,1,0.0717,281.34,0
428,8659.87,15319,0.0493,7,0.0097,427.0,0
771,3948.52,21449,0.4289,6,0.3096,1693.39,0
362,2698.81,42205,0.4763,7,0.0662,1285.46,1
438,9939.49,11426,0.2065,9,0.2817,2052.44,0
798,2375.94,8504,0.5322,5,0.1363,1264.41,0
691,13272.56,34368,0.4965,4,0.1339,6589.93,0
718,2420.78,41572,0.2772,3,0.0328,671.04,0
588,5304.39,47017,0.3823,7,0.0582,2027.91,0
678,2509.7,39305,0.4015,1,0.2489,1007.75,1
789,4655.71,33094,0.2435,5,0.0733,1133.84,0
530,6107.74,15685,0.5333,9,0.0869,3257.45,0
340,2344.01,9724,0.2689,5,0.2611,630.25,1
327,4443.27,6084,0.5138,4,0.1254,2282.81,1
434,4032.42,35810,0.1026,1,0.0146,413.56,1
500,1794.75,17741,0.1429,4,0.0108,256.46,0
332,8321.77,17761,0.5846,2,0.0954,4864.78,1
347,3135.98,14336,0.2563,6,0.022,803.82,0
802,4918.73,21872,0.2947,6,0.2152,1449.71,0
706,4392.65,14414,0.4438,7,0.2136,1949.5,0
398,4380.1,5797,0.0722,9,0.0333,316.39,0
846,1953.67,4307,0.2261,8,0.0383,441.81,0
761,3702.99,47489,0.3958,0,0.039,1465.56,0
304,3908.6,33568,0.0393,3,0.0655,153.46,1
517,6791.67,3596,0.2242,5,0.0034,1522.97,0
802,8830.8,18167,0.1444,6,0.0215,1275.54,0
697,4649.68,23308,0.0922,4,0.02,428.48,0
692,1863.13,25215,0.3652,5,0.0405,680.4,0
506,2581.2,12795,0.1159,0,0.008,299.05,0
314,2220.98,15984,0.2875,4,0.2505,638.55,1
760,2032.37,13134,0.2636,1,0.084,535.65,0
540,3322.19,11782,0.5909,1,0.0623,1963.06,1
395,2542.31,43002,0.0767,0,0.1468,194.9,0
784,2485.15,22651,0.4701,9,0.0426,1168.27,1
706,1724.98,25022,0.415,8,0.0252,715.8,0
530,1571.31,19922,0.2714,3,0.027,426.45,0
470,1933.76,15618,0.4054,3,0.1365,783.99,0
840,2255.92,18245,0.3076,8,0.2073,693.97,0
335,3755.38,19260,0.3746,4,0.075,1406.79,1
824,4357.65,11027,0.0683,3,0.0424,297.63,0
459,2106.05,14986,0.2868,6,0.0654,604.03,1
542,3712.03,46168,0.2225,4,0.1286,825.84,0
385,3172.67,4526,0.4934,7,0.1316,1565.42,1
327,2310.54,27261,0.2427,2,0.0051,560.7,1
639,1527.46,45361,0.3449,7,0.0287,526.86,0
630,4017.07,2622,0.3721,5,0.3408,1494.68,0
805,6129.02,39286,0.32,8,0.0103,1961.41,0
647,2526.17,30533,0.7846,5,0.1703,1982.04,0
772,2065.36,36425,0.4826,3,0.1148,996.78,0
530,10222.98,19316,0.2346,1,0.1406,2397.9,1
489,2786.47,9699,0.072,2,0.0328,200.66,0
524,2512.41,14955,0.3919,6,0.2443,984.61,1
684,9282.36,32543,0.31,9,0.0721,2877.68,0
676,8295.42,36424,0.4285,4,0.1637,3554.29,0
582,3879.34,17673,0.5067,6,0.083,1965.81,0
558,4187.41,24395,0.2899,6,0.0529,1214.12,0
658,2482.32,39626,0.2187,5,0.053,542.96,0
755,1826.15,24707,0.4383,1,0.0181,800.34,0
710,4907.93,20213,0.3959,4,0.1271,1942.82,0
617,1914.09,11401,0.2059,9,0.0094,394.13,0
524,3886.08,22196,0.2114,5,0.0745,821.54,0
533,12786.93,26976,0.4473,7,0.1194,5719.66,0
673,13716.36,9758,0.1122,0,0.2043,1539.59,0
771,2594.23,2473,0.3213,9,0.1581,833.55,0
532,5413.87,14281,0.265,6,0.0798,1434.65,0
412,4070.4,49732,0.4944,4,0.3361,2012.53,1
796,9839.75,33548,0.31,6,0.1972,3049.95,1
741,2766.69,19371,0.4632,2,0.1325,1281.49,0
567,1514.84,29363,0.1643,3,0.1995,248.9,0
809,2209.63,13057,0.1451,1,0.2729,320.7,0
685,3220.2,41441,0.6461,5,0.2301,2080.54,0
686,3017.56,20644,0.0983,4,0.2268,296.56,0
412,7768.64,29123,0.2323,0,0.0643,1804.6,1
380,6064.75,24874,0.6067,0,0.0366,3679.2,1
412,2924.17,24123,0.6332,7,0.1905,1851.6,1
301,3948.07,15281,0.385,7,0.0215,1520.15,1
519,1901.75,4251,0.1776,5,0.1948,337.71,0
524,10636.88,23289,0.6263,8,0.3711,6661.42,1
684,12459.7,6054,0.6879,0,0.2275,8571.55,0
702,17108.99,35484,0.0574,9,0.05,982.32,0
429,9616.6,42972,0.1692,7,0.0085,1627.24,0
352,2264.45,47874,0.2334,1,0.2211,528.62,1
715,1689.19,2310,0.4067,7,0.0504,686.93,0
546,4966.16,30146,0.6081,2,0.0138,3020.02,0
738,11249.27,30312,0.2645,5,0.0015,2974.99,0
502,2280.9,31981,0.1919,6,0.0167,437.63,0
483,1528.27,49650,0.214,2,0.311,326.98,0
422,8049.21,5257,0.6581,1,0.0077,5297.19,0
700,1819.62,16846,0.1008,0,0.0191,183.49,0
593,3635.74,23483,0.3494,4,0.0261,1270.18,1
579,6043.85,27558,0.0876,0,0.1921,529.28,0
497,2580.93,44188,0.1879,0,0.092,484.84,1
810,1850.79,14012,0.2057,4,0.2767,380.66,0
443,7379.07,34236,0.2533,2,0.2903,1868.78,1
500,5478.9,39673,0.4293,9,0.0411,2351.95,0
423,19358.32,46076,0.2646,2,0.2674,5122.46,1
486,3188.26,49402,0.2564,6,0.1371,817.34,0
625,1755.01,29931,0.0681,2,0.1305,119.59,0
763,6802.3,33076,0.2042,1,0.0204,1389.21,0
648,4450.35,15801,0.292,2,0.0298,1299.48,0
702,2459.14,10628,0.2811,3,0.0831,691.33,1
645,7588.07,9728,0.1565,8,0.0107,1187.22,0
810,2411.4,18335,0.3219,1,0.0151,776.28,0
446,2708.0,44773,0.4133,5,0.0203,1119.14,1
447,1888.37,29570,0.1722,4,0.1137,325.24,1
788,3539.52,23459,0.6485,5,0.0091,2295.5,0
637,3671.53,41658,0.171,4,0.2021,627.66,0
772,4390.81,8077,0.1594,5,0.0249,700.06,0
450,6437.24,2971,0.4148,3,0.0346,2670.12,0
714,10962.14,47336,0.467,7,0.0505,5119.03,0
597,2092.77,34959,0.8438,8,0.1226,1765.97,0
562,1723.52,46588,0.2056,9,0.3533,354.42,0
443,1574.82,41533,0.2285,6,0.1331,359.92,1
645,2120.17,44022,0.1019,0,0.0211,216.06,0
301,5791.19,4046,0.1605,4,0.1145,929.24,1
603,6700.13,45518,0.3249,6,0.1897,2176.91,1
553,7676.58,13703,0.7695,4,0.1035,5906.93,0
752,2617.31,9043,0.3779,4,0.0363,988.97,0
336,2960.53,38676,0.2909,4,0.0783,861.1,0
459,4139.89,44395,0.6718,4,0.0598,2781.14,1
308,1761.07,3804,0.5923,4,0.0475,1043.05,0
532,5278.16,11176,0.5996,0,0.0554,3164.87,0
398,17974.97,4936,0.3644,5,0.0844,6549.9,0
507,3290.19,32174,0.0636,5,0.0025,209.19,0
430,7091.0,18096,0.3033,7,0.1807,2150.92,0
703,4272.86,24232,0.2093,4,0.0705,894.38,0
451,2047.0,43641,0.5472,1,0.1124,1120.2,1
353,4991.37,26909,0.0698,6,0.1011,348.37,0
419,2925.98,45158,0.0274,0,0.1812,80.26,1
719,1640.04,9366,0.0362,4,0.075,59.3,0
721,5530.66,20589,0.5641,4,0.0966,3119.71,0
403,9334.06,48382,0.2769,2,0.1275,2584.51,1
553,3191.07,7506,0.2384,1,0.0514,760.71,0
526,3479.12,29842,0.294,3,0.1658,1023.01,0
411,10366.43,18458,0.351,6,0.01,3638.36,0
809,8219.63,22831,0.0686,9,0.0706,563.69,0
772,6520.4,9783,0.2505,2,0.3465,1633.62,0
398,2644.32,12170,0.7236,5,0.0016,1913.56,0
452,11141.42,15609,0.3449,6,0.3501,3842.84,0
637,2170.91,41090,0.1252,1,0.0111,271.82,0
462,5442.25,45942,0.5802,2,0.1265,3157.37,1
460,1616.9,24035,0.2741,8,0.047,443.14,0
697,5628.15,17208,0.3357,0,0.1182,1889.39,0
576,2798.18,36178,0.5245,7,0.0053,1467.61,0
803,3889.0,14636,0.1114,0,0.041,433.21,0
691,3194.1,10039,0.4693,2,0.0824,1499.14,0
434,2258.63,15990,0.0704,5,0.3264,158.94,0
494,5391.24,7441,0.2105,7,0.4186,1134.65,1
700,10047.45,9685,0.2298,6,0.0715,2309.11,0
332,14284.96,14778,0.2941,2,0.0173,4201.11,0
759,2354.49,46959,0.2192,5,0.0064,516.06,0
769,6554.51,27862,0.6058,0,0.3424,3970.64,0
674,5866.62,28273,0.454,7,0.0356,2663.25,0
321,3182.59,29413,0.2018,8,0.0263,642.38,0
337,1577.14,43500,0.2995,8,0.147,472.4,0
529,6182.04,4956,0.1385,3,0.256,856.33,0
664,13137.84,7553,0.4809,3,0.0208,6318.11,0
737,5500.0,24253,0.513,6,0.2095,2821.54,0
582,3785.79,24915,0.2941,6,0.1625,1113.52,0
326,4479.06,3365,0.3047,5,0.1385,1364.68,0
525,2390.72,7668,0.6024,6,0.0207,1440.19,0
576,7053.89,6000,0.4051,0,0.1818,2857.69,1
583,6988.3,4675,0.3693,8,0.0681,2580.56,0
780,2129.04,13907,0.282,5,0.1575,600.32,0
752,9914.23,18336,0.2201,7,0.0096,2182.42,0
815,2754.41,20684,0.0437,4,0.1659,120.31,0
846,17626.85,29311,0.4434,6,0.0947,7816.42,0
491,3430.92,16136,0.3597,2,0.0138,1233.95,0
348,2283.5,44923,0.3255,9,0.2048,743.36,1
811,3233.73,13219,0.2244,0,0.0954,725.62,0
316,3820.56,4247,0.2403,6,0.1119,918.1,0
471,1787.31,5415,0.4556,4,0.474,814.36,1
519,4953.07,7472,0.2499,0,0.0243,1237.62,0
457,5141.56,23380,0.5976,8,0.0119,3072.48,0
776,6871.87,38616,0.5083,8,0.2334,3492.73,0
345,1618.42,28280,0.3726,5,0.126,603.02,1
672,4616.9,22859,0.6406,8,0.0048,2957.76,0
817,1717.43,34805,0.9206,6,0.0322,1581.14,0
398,6331.18,49402,0.1382,7,0.1618,875.15,0
336,1729.36,9262,0.426,1,0.1037,736.76,1
579,11209.32,12066,0.1769,1,0.225,1983.22,0
648,6343.76,16554,0.0994,3,0.0571,630.31,0
796,4332.15,8008,0.1199,0,0.0846,519.3,0
601,3830.03,23315,0.0816,7,0.014,312.63,0
480,2060.14,16263,0.6594,4,0.0951,1358.53,0
398,2875.6,17238,0.3421,6,0.0854,983.85,1
415,9628.98,39410,0.3576,1,0.0586,3442.89,1
490,10892.54,17489,0.2263,4,0.1423,2465.18,0
552,1502.99,18153,0.2749,8,0.0717,413.15,0
460,5106.95,48299,0.3171,8,0.0489,1619.41,0
555,6581.88,44152,0.5061,1,0.0576,3331.01,0
622,5357.17,25283,0.81,1,0.0761,4339.21,0
427,1840.84,47429,0.3739,4,0.075,688.26,1
317,2482.2,12687,0.2424,2,0.2121,601.78,1
622,2652.54,23998,0.2243,0,0.0005,595.06,0
587,8628.61,29887,0.0699,0,0.0201,603.13,0
454,3988.51,47172,0.1851,4,0.177,738.29,1
789,4168.58,5355,0.1611,2,0.0322,671.41,0
685,12426.9,34701,0.2413,8,0.0532,2998.56,0
403,5554.36,42534,0.3684,2,0.0502,2046.21,1
692,10657.4,6906,0.1452,2,0.0119,1547.58,0
545,3938.97,13572,0.2647,2,0.0419,1042.79,0
475,2147.42,13279,0.6109,0,0.3904,1311.77,1
338,12133.36,44491,0.3056,2,0.1986,3707.52,1
776,3955.16,11611,0.6089,4,0.0695,2408.37,0
837,2301.77,9261,0.0793,7,0.0858,182.47,0
707,2940.41,5474,0.3037,6,0.1205,893.05,0
824,1708.55,26878,0.3315,3,0.1493,566.42,0
805,4026.71,29390,0.2578,3,0.0697,1038.09,0
335,9172.78,27925,0.6765,3,0.2684,6205.51,1
319,12347.06,17638,0.3977,7,0.0132,4910.24,0
620,12288.57,24471,0.0627,7,0.0201,770.65,0
811,2035.18,5787,0.5432,1,0.0549,1105.49,0
699,3425.42,47343,0.1958,6,0.2991,670.72,0
770,1614.54,8862,0.3627,4,0.1024,585.57,0
442,9228.65,44724,0.34,1,0.018,3137.43,1
391,3277.38,11663,0.3419,2,0.0077,1120.39,0
653,5489.1,17120,0.1635,6,0.0869,897.35,0
350,6519.64,23740,0.4506,5,0.104,2937.58,1
489,3747.39,37510,0.2637,5,0.0705,988.23,0
424,2963.68,3035,0.2846,6,0.1143,843.41,1
449,14603.15,35735,0.2945,5,0.0614,4300.31,0
613,14851.56,2852,0.1987,1,0.0395,2950.96,0
641,2866.79,44315,0.7664,7,0.0088,2197.21,0
604,4112.82,40386,0.2745,6,0.0484,1129.08,0
353,15924.65,47627,0.6793,5,0.055,10817.2,1
743,1519.52,9303,0.3811,4,0.0228,579.05,0
563,3628.73,45118,0.7471,5,0.1572,2710.88,0
352,1923.48,1164,0.0364,2,0.0642,70.06,1
304,4346.53,40726,0.2754,1,0.2671,1197.19,1
402,1599.92,35905,0.1504,8,0.0409,240.55,1
495,3589.56,11215,0.0805,0,0.2287,289.09,0
649,2497.43,31694,0.2916,1,0.0843,728.23,0
346,4548.35,32253,0.5833,9,0.0558,2653.18,0
568,23579.5,25230,0.356,9,0.0166,8393.18,0
669,7948.49,17925,0.5658,0,0.35,4497.63,1
405,8973.93,7033,0.2754,7,0.0764,2471.01,0
419,5534.34,3665,0.6625,3,0.0192,3666.28,1
357,1669.79,28025,0.4429,5,0.2188,739.52,1
645,2426.71,24533,0.4786,4,0.1407,1161.46,0
773,11864.51,46897,0.5368,7,0.0362,6368.43,0
416,3323.54,13125,0.3397,9,0.0114,1128.91,0
426,1937.64,21998,0.5825,6,0.1517,1128.65,1
692,6348.09,39957,0.1563,0,0.0165,992.27,0
357,2923.6,24057,0.1318,7,0.0291,385.33,1
812,2752.58,14708,0.6879,3,0.1236,1893.39,0
395,26313.6,19072,0.0867,6,0.186,2280.29,1
417,9311.63,6095,0.2225,2,0.2173,2072.01,0
787,3596.57,32495,0.3421,1,0.2175,1230.31,0
536,17200.68,48177,0.3438,0,0.165,5913.3,0
571,5700.58,41351,0.2264,9,0.4488,1290.84,1
488,6919.53,2637,0.4795,4,0.1107,3317.72,0
746,1628.08,15670,0.3619,2,0.0908,589.16,0
546,2018.64,39734,0.2477,2,0.0201,500.09,0
375,5510.5,38438,0.183,7,0.127,1008.62,1
453,10671.49,29658,0.1378,0,0.1812,1470.42,0
734,5409.94,6203,0.2215,1,0.3157,1198.28,0
385,2075.6,22518,0.35,0,0.1842,726.46,1
584,1992.11,9669,0.795,6,0.2869,1583.8,1
519,8936.37,48736,0.3082,3,0.0433,2753.88,1
368,2100.05,3366,0.138,2,0.0246,289.71,0
346,4437.81,19910,0.3328,2,0.1238,1476.81,1
393,1651.28,32087,0.4959,9,0.1132,818.81,1
752,1836.44,1366,0.1527,2,0.2099,280.51,0
503,5963.22,49415,0.3206,1,0.2211,1911.88,0
517,6174.18,10907,0.4638,4,0.2031,2863.39,0
773,3170.98,40374,0.0496,0,0.0442,157.13,0
731,2471.39,31289,0.1536,4,0.1686,379.62,0
640,8221.81,33780,0.2325,9,0.031,1911.43,0
588,2479.02,20623,0.2954,7,0.0223,732.42,0
553,4623.78,36085,0.2245,6,0.1413,1038.11,0
656,15294.27,21426,0.1999,2,0.1151,3056.95,0
322,2139.98,49197,0.4616,8,0.095,987.86,1
821,12812.49,8485,0.5751,9,0.0118,7369.07,0
399,2307.94,34024,0.2449,6,0.1414,565.27,0
479,4852.17,26469,0.5583,0,0.1933,2708.85,1
522,3392.88,16903,0.2314,5,0.0862,785.07,0
741,14901.48,4212,0.2683,3,0.0077,3997.72,0
624,2778.3,39943,0.2519,5,0.0081,699.9,0
815,3541.02,28799,0.1565,2,0.0665,554.24,0
315,17765.39,47339,0.2004,4,0.2112,3560.97,1
635,4575.54,17087,0.2475,2,0.3227,1132.45,0
557,4293.69,8446,0.1759,6,0.1362,755.06,0
796,2692.43,30281,0.2084,4,0.0252,561.09,0
459,6334.11,15877,0.1992,3,0.0628,1261.8,0
774,1557.91,25723,0.4592,9,0.0658,715.4,1
679,1703.12,13943,0.2448,6,0.0705,416.93,0
844,5158.75,11306,0.1228,6,0.0013,633.33,0
726,3172.22,37784,0.2283,9,0.1599,724.06,0
567,13757.45,21455,0.6643,8,0.1941,9139.63,0
716,10840.05,25491,0.6098,2,0.1554,6610.49,1
467,6502.95,6912,0.2075,9,0.2987,1349.04,0
342,8318.2,30974,0.2907,7,0.2875,2418.46,1
584,5902.44,28371,0.4857,6,0.0035,2866.53,0
696,2036.79,34210,0.3521,8,0.136,717.05,0
311,7301.94,36712,0.3926,1,0.0135,2867.01,1
601,2443.86,4936,0.2388,5,0.1005,583.54,0
552,3062.95,34166,0.7635,4,0.2149,2338.64,1
798,8342.21,26727,0.0822,2,0.0647,685.65,0
334,4576.02,49464,0.0636,6,0.0809,290.91,0
389,9362.76,29368,0.3631,4,0.0835,3399.35,0
717,2458.29,3995,0.2782,5,0.1151,684.01,0
414,5243.71,40097,0.1277,3,0.0642,669.85,0
495,1850.04,35984,0.347,6,0.0934,641.88,0
800,5620.76,45291,0.3301,6,0.2623,1855.42,0
792,7250.92,27563,0.154,4,0.0275,1116.54,0
374,5017.24,23150,0.4216,6,0.0735,2115.02,0
712,2738.25,23061,0.1367,6,0.0027,374.44,0
675,1627.38,30178,0.3416,9,0.2158,555.99,0
719,2008.83,36336,0.6029,7,0.0618,1211.07,0
576,5394.65,1160,0.4712,0,0.0209,2542.12,0
693,12397.95,16648,0.0428,3,0.0812,530.37,0
756,2425.38,41835,0.7155,0,0.1421,1735.29,1
491,6812.5,37672,0.2051,2,0.1896,1397.13,0
398,9553.15,4573,0.283,7,0.0923,2703.27,1
847,4443.23,35593,0.1703,6,0.1809,756.5,0
395,5925.76,14786,0.1208,2,0.2331,715.96,1
489,8249.93,29500,0.0633,3,0.0394,521.88,0
336,2708.07,10815,0.1997,1,0.0273,540.85,1
668,2909.0,22966,0.1271,1,0.2187,369.67,1
824,1502.51,14794,0.1796,4,0.3342,269.88,1
578,14697.54,32423,0.2215,1,0.0364,3255.44,0
516,11482.01,34944,0.1348,6,0.0582,1547.96,0
572,7285.34,22302,0.6075,0,0.0923,4425.87,0
361,1829.51,22264,0.2172,8,0.4523,397.31,1
641,3873.23,20604,0.8285,9,0.0314,3208.96,0
696,1929.86,28835,0.8451,0,0.0309,1630.93,0
318,1564.19,8820,0.3764,0,0.2701,588.72,1
476,5330.36,2499,0.3182,8,0.0068,1696.03,1
695,14459.32,24814,0.4917,6,0.2568,7109.61,0
744,10826.74,25089,0.0575,9,0.3393,622.08,0
532,6272.85,8626,0.5437,3,0.0408,3410.76,0
375,1906.54,33746,0.2555,2,0.0617,487.19,1
564,2781.72,17137,0.1164,4,0.0456,323.92,0
754,3042.98,22260,0.1188,1,0.012,361.49,0
683,7261.31,37476,0.342,5,0.0108,2483.46,0
805,7982.99,27283,0.4388,5,0.0388,3502.88,0
666,3445.22,2769,0.7047,0,0.0268,2427.85,0
443,3664.34,43278,0.1015,9,0.1018,371.88,0
368,1682.12,47994,0.3323,8,0.0411,558.92,0
398,2865.1,16634,0.2998,0,0.1879,859.01,1
695,3900.71,40499,0.6514,5,0.0577,2541.07,0
324,1997.64,11965,0.2059,6,0.1186,411.33,1
768,3915.18,28566,0.1728,7,0.0536,676.6,0
783,9174.08,34143,0.1466,1,0.0066,1344.72,0
450,4982.6,49285,0.3891,7,0.0564,1938.96,0
443,1828.88,20420,0.6989,9,0.1633,1278.27,1
338,2351.15,26236,0.7313,1,0.1398,1719.41,1
408,4073.96,7218,0.6815,1,0.1214,2776.47,1
341,3294.45,9495,0.6619,8,0.1388,2180.45,1
485,3277.2,34853,0.0931,6,0.0229,304.98,0
697,4513.86,14073,0.1419,7,0.037,640.61,0
522,5012.09,12371,0.2062,0,0.1174,1033.62,0
432,7875.47,18594,0.5238,9,0.0708,4125.15,0
462,3167.92,12226,0.4665,5,0.0378,1477.85,0
514,8048.6,11046,0.1759,0,0.0579,1416.07,0
534,3153.65,44809,0.4292,4,0.0329,1353.59,0
308,1728.11,38117,0.1441,1,0.1835,249.07,1
373,4731.43,5965,0.0183,8,0.0598,86.42,0
791,5045.98,47260,0.7303,2,0.0232,3685.16,0
552,12405.28,14336,0.3659,9,0.2898,4539.02,0
529,6679.4,20843,0.4986,6,0.0186,3330.37,0
818,11493.07,18373,0.3355,1,0.0047,3855.42,0
473,11058.99,46452,0.1858,9,0.1873,2055.26,0
467,5211.17,7654,0.1658,3,0.1013,864.23,0
469,4501.09,32280,0.3064,9,0.0455,1379.3,0
692,4760.73,41110,0.1625,2,0.2544,773.61,0
493,16827.45,23407,0.1905,0,0.2011,3205.95,0
816,7434.18,3358,0.1277,9,0.3479,949.09,0
328,1949.39,27583,0.0864,5,0.2344,168.45,1
464,7528.04,29706,0.5742,4,0.2279,4322.73,1
721,2247.91,7360,0.4077,5,0.1399,916.58,0
638,3872.13,4743,0.192,0,0.0344,743.34,0
795,2445.22,8159,0.2296,7,0.1723,561.36,0
664,6179.36,33151,0.2485,3,0.1287,1535.73,0
641,9892.37,1518,0.2667,6,0.0266,2638.47,0
799,2872.0,17652,0.0485,7,0.0849,139.22,0
810,1842.28,13925,0.5013,2,0.1851,923.63,0
626,2918.1,48578,0.074,3,0.0201,216.08,0
516,5963.38,6475,0.145,8,0.2671,864.84,0
600,3094.51,37953,0.352,8,0.1633,1089.23,0
431,2803.54,38929,0.2899,6,0.0031,812.67,1
369,2315.5,43348,0.4124,2,0.1023,954.94,1
551,4252.77,10886,0.4169,3,0.0729,1772.88,0
714,2791.57,12465,0.6484,6,0.0006,1809.97,0
744,6752.33,12221,0.275,5,0.0396,1857.03,0
481,1818.87,25395,0.6264,5,0.0493,1139.25,1
466,5862.97,3335,0.3437,3,0.0383,2015.29,0
390,2584.93,37442,0.5673,9,0.0611,1466.46,0
830,4187.73,5576,0.4495,7,0.0179,1882.21,0
338,2847.99,48740,0.2949,8,0.0041,839.91,0
425,6631.61,1500,0.2306,9,0.2359,1529.51,0
750,13124.08,27675,0.487,6,0.1835,6391.72,0
472,11459.36,9083,0.3327,7,0.1536,3812.41,1
519,5002.77,42062,0.2276,9,0.2154,1138.75,0
357,3984.13,16720,0.045,1,0.1121,179.28,0
775,8321.6,6543,0.3147,3,0.1616,2618.78,0
755,6099.53,4276,0.5019,2,0.1705,3061.17,0
660,2311.23,31635,0.5326,5,0.0877,1230.85,0
300,8379.67,25180,0.3841,1,0.1385,3218.63,0
686,3740.65,7613,0.6547,6,0.0602,2449.05,0
647,2337.88,45497,0.0835,7,0.0721,195.18,0
489,2824.01,2327,0.0728,3,0.1219,205.68,0
804,2745.32,41540,0.418,7,0.1241,1147.62,0
490,4429.27,11666,0.6175,7,0.1629,2734.94,1
807,2568.23,27255,0.5772,2,0.0419,1482.39,0
668,2027.58,21130,0.3611,0,0.1518,732.06,0
708,2028.15,23068,0.1486,2,0.1528,301.3,0
416,5001.33,19946,0.4852,9,0.0081,2426.45,0
433,6808.47,21547,0.4715,0,0.0455,3210.03,0
357,3051.68,20701,0.1039,1,0.0203,317.03,0
472,1641.06,6769,0.2199,7,0.2346,360.85,1
448,2044.31,25883,0.0792,3,0.0032,161.9,1
379,11346.07,14663,0.153,8,0.1907,1735.91,0
512,4221.27,39686,0.2951,6,0.0603,1245.71,0
502,3917.42,38323,0.2059,2,0.1798,806.51,0
528,1655.17,36162,0.0955,0,0.0352,158.13,1
526,6717.19,23852,0.4138,0,0.4086,2779.29,0
831,4503.68,21388,0.6073,0,0.2424,2735.25,0
740,2402.99,34434,0.1768,9,0.1911,424.96,0
701,1966.47,23102,0.2394,2,0.125,470.76,0
346,3434.06,22536,0.0539,4,0.1779,184.96,0
532,8760.0,13355,0.5895,7,0.0978,5164.39,0
604,9518.66,3234,0.0786,7,0.1781,747.97,0
825,5193.73,40103,0.0563,1,0.0513,292.53,0
442,6701.0,32147,0.3117,8,0.0862,2088.59,0
714,1989.37,24659,0.223,8,0.0437,443.69,0
812,5048.15,45271,0.1957,6,0.064,987.75,0
672,5898.04,40127,0.2412,9,0.2989,1422.49,0
558,2396.14,17560,0.5031,4,0.1818,1205.59,0
770,9986.22,47644,0.2037,4,0.0894,2034.63,0
311,2367.64,24088,0.2113,7,0.3777,500.35,1
629,3004.46,3928,0.1917,7,0.0344,576.05,0
657,5376.2,41385,0.0641,4,0.0437,344.88,0
707,5568.31,41382,0.6158,5,0.0393,3428.79,0
672,6307.7,29184,0.2516,5,0.0319,1586.79,0
307,1975.19,21099,0.6541,5,0.0722,1291.9,1
421,9074.22,5274,0.1382,4,0.1152,1253.88,1
647,4544.39,25970,0.2105,8,0.0428,956.5,0
389,4049.5,26744,0.1592,0,0.1366,644.59,1
615,17373.87,38739,0.3975,9,0.001,6905.88,0
477,6894.12,9389,0.2071,2,0.0168,1428.03,0
839,2002.28,18352,0.4032,6,0.1857,807.36,0
340,7151.2,22148,0.4872,8,0.0941,3483.98,1
801,1900.38,32828,0.0945,1,0.4455,179.54,1
444,1611.42,3504,0.2276,3,0.0287,366.77,1
500,3567.55,39774,0.184,7,0.0253,656.48,0
760,21692.21,29743,0.3288,4,0.0742,7131.56,0
846,2268.92,29894,0.0933,7,0.0484,211.77,0
552,5966.83,31995,0.4192,1,0.054,2501.3,0
689,2261.72,41711,0.439,7,0.0411,992.79,0
555,6660.84,18748,0.2959,5,0.1596,1971.24,0
749,4315.65,24100,0.3713,4,0.296,1602.48,0
309,6057.38,34691,0.3976,1,0.2749,2408.51,1
541,2406.97,23981,0.2496,6,0.072,600.8,0
550,6975.84,33708,0.2825,0,0.0814,1970.64,1
304,23221.97,11246,0.3534,5,0.1528,8206.5,1
418,5882.27,46243,0.7017,2,0.0077,4127.59,0
673,4220.77,33486,0.2379,5,0.1596,1003.99,0
364,11764.85,31340,0.2087,0,0.0114,2455.15,1
445,1563.92,20338,0.3825,0,0.0949,598.16,1
523,6736.2,4086,0.341,1,0.4124,2296.8,1
538,10283.78,26535,0.854,9,0.0915,8782.47,0
476,1754.63,15860,0.2123,6,0.1905,372.5,0
581,3891.81,18013,0.1426,3,0.1886,555.12,1
362,2416.24,8407,0.4126,3,0.2525,997.0,1
516,4843.62,34542,0.0773,3,0.0118,374.38,0
760,5694.07,25935,0.5765,4,0.1445,3282.66,0
404,2941.72,42477,0.2449,1,0.0127,720.31,1
398,3964.61,35111,0.388,6,0.0715,1538.45,0
810,2810.35,11161,0.106,2,0.0722,297.88,0
684,3344.28,24581,0.3116,2,0.2191,1042.09,0
704,2195.22,33277,0.0306,1,0.0155,67.1,0
817,10170.8,22400,0.4885,5,0.0169,4968.08,0
775,1540.24,12419,0.6051,3,0.1207,931.99,0
736,10062.18,41565,0.2778,3,0.1675,2795.52,0
322,4891.53,20283,0.6017,7,0.2253,2943.03,0
757,3111.82,1934,0.477,1,0.2028,1484.4,0
382,6635.78,35754,0.6071,6,0.1294,4028.7,1
444,4335.09,22380,0.5893,1,0.0197,2554.8,0
384,4265.46,15016,0.5012,5,0.1781,2138.02,1
377,1966.77,39233,0.8285,4,0.0581,1629.42,1
756,3474.01,23695,0.2555,7,0.0266,887.55,0
300,2603.35,25952,0.445,5,0.0603,1158.37,1
350,1563.28,43734,0.212,6,0.0339,331.35,1
745,3285.77,16721,0.2384,5,0.01,783.21,0
748,1876.46,2505,0.492,7,0.0721,923.28,0
787,2687.32,6363,0.1097,1,0.2325,294.88,0
333,1888.32,49708,0.3582,6,0.0106,676.31,1
647,1925.63,44614,0.2631,4,0.1848,506.63,1
394,2387.63,2010,0.3808,8,0.1549,909.12,1
371,36699.4,48692,0.5879,8,0.1677,21575.7,0
453,1508.75,47250,0.3401,7,0.0217,513.13,0
549,5571.88,20861,0.545,7,0.161,3036.77,0
737,2109.08,25125,0.1271,3,0.2037,268.05,0
417,11634.45,10369,0.769,7,0.1258,8946.6,0
605,1893.24,4857,0.4212,1,0.0894,797.48,0
567,13909.99,27671,0.4722,4,0.1165,6568.36,0
353,5275.95,10864,0.1574,3,0.1055,830.59,0
535,1505.08,33490,0.163,4,0.1927,245.34,1
688,10477.54,11120,0.1918,4,0.045,2009.43,0
700,4450.17,21223,0.3759,4,0.2821,1672.89,0
602,2718.88,33150,0.1805,6,0.0218,490.8,0
506,7331.66,45138,0.2915,0,0.0269,2137.07,1
528,11950.9,3553,0.123,1,0.0304,1469.54,0
374,4144.2,16489,0.3376,6,0.089,1398.96,0
734,3016.58,5389,0.4523,0,0.0279,1364.31,0
402,7722.55,22950,0.1662,8,0.0308,1283.41,1
721,6080.12,12089,0.1855,2,0.0593,1127.95,0
605,10283.99,42999,0.2963,5,0.1787,3047.66,0
397,6217.3,4051,0.0922,3,0.296,572.99,0
634,2616.36,39090,0.4214,2,0.026,1102.6,0
734,12233.0,29805,0.601,7,0.0001,7352.2,0
746,1942.99,30442,0.4586,1,0.0176,891.06,0
607,2747.59,45557,0.146,2,0.0921,401.14,1
548,4437.5,3555,0.2816,7,0.0462,1249.4,0
465,4836.47,13767,0.2625,2,0.2673,1269.66,0
780,1561.72,1458,0.8568,7,0.1717,1338.11,1
634,7566.94,49469,0.1912,6,0.0318,1446.97,0
841,3295.21,17066,0.8065,1,0.0361,2657.67,0
405,3586.32,5721,0.2698,0,0.0257,967.68,0
380,8129.67,13446,0.4382,0,0.1413,3562.28,0
432,3407.52,7304,0.2711,1,0.0183,923.72,0
437,1693.51,47333,0.226,6,0.0129,382.73,0
483,2276.47,43967,0.2254,8,0.0157,513.08,0
700,13985.47,35688,0.0342,6,0.1348,478.27,0
629,1792.03,14227,0.1915,2,0.0236,343.23,0
807,3253.59,41462,0.2009,7,0.0605,653.58,0
368,4298.1,7298,0.2501,7,0.1997,1075.15,1
845,4219.19,40397,0.0493,8,0.1753,208.17,0
352,1515.87,46487,0.0367,8,0.0739,55.61,1
749,4281.9,38914,0.3603,8,0.1093,1542.61,0
504,3436.56,11306,0.2961,3,0.1102,1017.46,0
425,15813.55,3589,0.4575,9,0.0535,7234.67,1
342,2193.41,38078,0.3132,3,0.358,686.94,1
410,3248.78,36009,0.2442,1,0.0821,793.23,0
482,3675.33,14601,0.7566,7,0.2096,2780.82,1
394,3481.74,8711,0.4725,1,0.0615,1645.05,1
673,5884.43,22364,0.3393,2,0.2206,1996.58,0
819,2470.9,34706,0.2084,8,0.1119,514.83,0
659,2499.34,30610,0.2217,1,0.0657,554.23,0
580,6725.66,38069,0.5823,0,0.1601,3916.14,0
494,4274.91,4970,0.2794,4,0.0058,1194.22,0
494,3645.64,4999,0.2176,6,0.1478,793.34,0
392,2241.48,22034,0.527,3,0.0408,1181.29,1
360,2330.69,37176,0.3469,3,0.0459,808.59,1
350,1542.43,47575,0.4304,2,0.0651,663.85,1
702,1883.52,42730,0.2249,5,0.0868,423.59,0
304,4755.29,17632,0.3779,7,0.0213,1796.82,1
765,10397.8,14385,0.6795,1,0.1778,7065.27,0
833,2854.02,6950,0.318,5,0.0703,907.61,0
704,3088.48,36694,0.2317,7,0.1914,715.48,0
812,1991.41,8975,0.3729,0,0.01,742.55,0
532,3468.22,22314,0.4307,3,0.1401,1493.62,0
823,1651.73,24398,0.2387,0,0.1093,394.3,0
645,11484.71,26277,0.139,3,0.3112,1595.94,0
345,5972.54,27761,0.293,8,0.0723,1750.13,1
845,20232.01,32533,0.0623,5,0.3332,1261.09,0
377,10076.28,7966,0.5276,5,0.1006,5315.91,1
372,4062.15,42901,0.3373,4,0.027,1369.98,1
548,4433.25,7587,0.1123,2,0.0907,498.01,0
346,2345.73,23880,0.1228,1,0.0497,288.13,1
420,3979.88,6091,0.2708,8,0.0763,1077.69,0
513,10833.33,42753,0.1797,8,0.0086,1947.13,0
538,1708.77,32130,0.3022,6,0.0704,516.43,0
355,9467.39,18061,0.4566,1,0.017,4322.51,1
649,3167.81,23293,0.2924,3,0.1776,926.17,0
406,10690.9,2561,0.4626,7,0.2311,4945.73,1
347,12812.74,42412,0.4257,9,0.1217,5454.87,1
636,5945.15,48553,0.4082,5,0.0695,2426.98,0
325,5867.62,4656,0.068,4,0.5255,398.8,1
556,3911.43,22618,0.4381,9,0.05,1713.65,0
307,8720.36,21530,0.2595,1,0.132,2262.77,1
552,14540.12,22872,0.1582,0,0.0508,2300.95,0
602,7468.07,29330,0.428,0,0.0158,3196.51,0
355,5390.77,17139,0.2727,0,0.1124,1469.92,1
825,5233.68,33977,0.7802,5,0.0876,4083.3,0
773,9074.37,5983,0.0632,3,0.0103,573.7,0
327,4616.6,40909,0.4877,8,0.0752,2251.67,1
377,8015.7,43886,0.0423,8,0.0381,339.35,1
515,4344.31,22329,0.6166,2,0.2481,2678.74,0
685,1757.92,37734,0.5673,5,0.0427,997.29,0
664,3437.69,43837,0.1039,5,0.019,357.06,0
825,3851.12,9818,0.5271,9,0.1953,2029.87,0
611,2110.82,11918,0.1454,9,0.1451,306.84,0
306,1932.55,43418,0.345,0,0.157,666.71,1
302,4566.87,2250,0.1753,8,0.0745,800.5,0
662,1855.95,5758,0.7878,3,0.1159,1462.17,0
807,2943.56,38131,0.3815,5,0.0585,1122.94,0
573,6959.65,3163,0.789,9,0.0648,5490.99,0
805,14845.26,43583,0.2047,7,0.0089,3038.32,0
314,6561.56,35621,0.1727,0,0.1666,1133.05,1
491,21138.93,18137,0.6387,7,0.0266,13501.06,0
784,6293.79,33103,0.1753,5,0.0232,1103.4,0
327,2891.4,22832,0.6639,0,0.1186,1919.73,1
338,5959.61,2868,0.1532,8,0.0942,913.3,1
572,6344.75,49336,0.5723,8,0.2105,3631.23,1
530,3359.12,42862,0.8205,9,0.1327,2756.17,0
385,1571.49,20728,0.5088,7,0.1474,799.59,1
773,6358.78,39006,0.0523,6,0.3549,332.37,0
425,1587.76,29029,0.3614,0,0.0104,573.76,1
836,5489.87,40857,0.0827,0,0.0169,454.17,0
444,2214.67,29183,0.1493,7,0.199,330.55,1
824,4835.19,23785,0.493,9,0.1577,2383.62,0
511,4304.02,19940,0.3496,7,0.0771,1504.52,0
324,1554.42,6280,0.4949,0,0.3751,769.34,1
693,3303.1,38012,0.5824,7,0.0936,1923.68,1
366,5176.09,3164,0.2305,7,0.1163,1193.12,1
532,9051.49,28188,0.4512,9,0.0044,4084.44,0
408,10280.02,48917,0.4083,9,0.0164,4196.97,0
445,4145.43,15088,0.3526,2,0.0483,1461.74,0
410,6714.03,19405,0.6222,0,0.1997,4177.25,1
527,3021.85,3821,0.2026,2,0.0513,612.17,0
410,3175.33,23516,0.2802,7,0.2175,889.78,0
769,2364.99,11473,0.3946,7,0.2817,933.14,0
333,4801.67,47454,0.171,6,0.0161,820.91,0
668,3010.8,43530,0.1152,1,0.0165,346.96,0
724,1852.58,39737,0.7258,4,0.0445,1344.64,0
817,6120.81,13178,0.1589,9,0.0734,972.74,0
581,6420.63,39936,0.2092,7,0.0128,1343.37,0
619,3285.1,28018,0.1986,2,0.0412,652.53,0
742,1819.31,18097,0.3308,5,0.3914,601.85,1
614,3722.58,15096,0.5354,1,0.0732,1993.04,0
676,3835.99,40971,0.3378,7,0.079,1295.79,0
588,5918.57,4545,0.5836,8,0.0241,3454.23,0
736,3015.78,25798,0.3811,0,0.1981,1149.29,0
576,6090.36,1863,0.1656,3,0.0589,1008.69,0
802,9706.95,17148,0.2541,5,0.2352,2466.74,0
815,2584.54,22009,0.2795,1,0.0147,722.44,0
649,16937.64,18809,0.4762,5,0.1625,8065.31,0
745,3453.44,19688,0.0673,6,0.0898,232.3,0
649,2743.85,1653,0.477,5,0.2148,1308.88,0
436,3689.34,9129,0.6663,9,0.3573,2458.33,1
542,1896.62,27418,0.2735,9,0.0932,518.67,0
842,2037.35,24118,0.6026,7,0.1527,1227.72,0
339,3640.71,1443,0.2557,4,0.0277,930.78,0
528,7249.42,28041,0.0956,2,0.0131,692.83,0
847,10722.85,24843,0.2545,1,0.015,2728.83,0
522,5872.33,22053,0.6752,1,0.1111,3965.17,1
305,1944.71,31848,0.4838,1,0.0438,940.82,1
621,5959.21,38874,0.1901,9,0.0075,1133.04,0
767,5536.12,38204,0.0628,4,0.0708,347.6,0
374,8054.72,43240,0.1175,9,0.0695,946.17,1
303,8477.57,36807,0.4047,3,0.0965,3430.47,1
417,9605.97,29213,0.4078,1,0.3304,3917.69,1
803,3638.64,9291,0.4318,4,0.0244,1571.31,0
740,6287.52,44046,0.4952,6,0.0568,3113.28,0
493,2749.27,17285,0.0324,4,0.03,89.09,1
691,30770.6,27886,0.2442,7,0.0514,7515.06,0
325,2271.11,14944,0.1453,5,0.1412,329.96,1
734,1540.66,36505,0.2515,8,0.0462,387.43,0
472,2144.47,24340,0.3262,9,0.2039,699.43,0
599,7482.16,31025,0.2004,4,0.2071,1499.76,0
625,3868.02,2607,0.62,7,0.0698,2398.32,1
709,3873.21,3953,0.1847,5,0.0135,715.26,0
417,13906.41,45941,0.6807,6,0.0764,9466.56,1
524,11584.7,6933,0.3886,7,0.2061,4501.83,0
831,2991.19,12386,0.2552,3,0.0137,763.24,0
412,2438.12,48989,0.3673,3,0.1139,895.51,1
439,9048.21,5682,0.0907,5,0.2365,821.05,1
300,10958.65,48621,0.7632,1,0.1117,8363.1,1
389,4620.03,45052,0.427,8,0.0634,1972.71,1
619,5470.78,12154,0.3654,7,0.0022,1998.78,0
849,2687.78,10047,0.5733,1,0.337,1541.02,1
438,7953.84,23993,0.5382,0,0.0223,4280.73,0
810,5500.02,11338,0.4413,9,0.1629,2427.12,0
558,4300.8,15323,0.2878,3,0.0756,1237.78,0
309,1747.96,38693,0.659,3,0.0732,1151.89,1
560,11404.66,24634,0.186,1,0.2701,2120.78,0
471,5322.74,27292,0.1062,4,0.07,565.01,0
312,2356.2,39551,0.4341,2,0.1411,1022.75,1
467,5229.54,46111,0.6795,2,0.0263,3553.34,1
620,6026.15,10917,0.1049,9,0.22,632.07,0
618,4484.25,11145,0.1674,2,0.0225,750.86,0
628,6564.84,30717,0.6789,3,0.129,4456.78,1
849,4983.87,40491,0.1318,4,0.3417,656.92,0
718,13308.36,17905,0.6226,3,0.056,8285.57,0
394,1720.77,31273,0.527,8,0.0311,906.78,0
617,1949.3,27234,0.2438,3,0.289,475.16,0
535,2263.05,14349,0.3197,6,0.0664,723.4,0
633,6186.94,2002,0.476,9,0.0022,2945.11,0
675,5649.27,40034,0.2029,4,0.0105,1146.25,0
758,10404.68,33573,0.193,9,0.1976,2008.14,0
436,6780.19,28803,0.5227,8,0.0714,3543.78,1
846,4340.0,12330,0.6146,8,0.0344,2667.37,0
812,20730.02,27504,0.3359,7,0.2676,6963.86,0
595,2737.57,15980,0.1339,5,0.105,366.47,0
619,8663.64,8017,0.4885,5,0.0154,4232.01,0
648,3726.02,42353,0.136,1,0.0133,506.56,0
528,5684.86,17011,0.3827,6,0.1419,2175.54,0
569,6697.07,19001,0.5578,8,0.2677,3735.6,1
590,5517.8,18044,0.3678,8,0.1229,2029.33,0
464,2105.65,39292,0.442,1,0.0669,930.79,1
304,3840.41,6250,0.1407,8,0.1282,540.27,1
678,4797.02,41280,0.3453,6,0.0056,1656.44,0
377,9063.06,24289,0.6623,4,0.002,6002.89,1
709,3845.4,34087,0.2055,4,0.0771,790.05,0
431,11540.77,11416,0.5023,5,0.0634,5797.27,0
341,3821.95,26159,0.4153,7,0.1598,1587.42,1
388,4683.2,37368,0.4113,1,0.0345,1926.06,1
701,7864.15,6279,0.2398,2,0.004,1885.83,0
595,4999.33,26157,0.2566,9,0.0123,1282.98,0
594,14397.37,16494,0.4441,6,0.1495,6394.29,0
825,5819.19,46166,0.3237,2,0.0133,1883.81,0
721,4458.52,26574,0.2279,0,0.1118,1016.23,0
322,1595.5,26333,0.1729,5,0.0662,275.92,1
442,3635.92,34050,0.5406,6,0.1168,1965.43,1
444,2922.41,33263,0.6906,8,0.1548,2018.08,0
524,7014.98,33539,0.0222,0,0.0237,155.68,0
802,2434.18,15030,0.0558,8,0.1277,135.86,0
403,2418.76,23721,0.2908,9,0.0263,703.36,0
338,2340.51,49070,0.9041,6,0.0562,2115.95,1
497,2036.94,6166,0.3331,7,0.0095,678.5,0
690,2990.1,8121,0.1984,2,0.0996,593.13,0
478,10183.5,15677,0.4797,4,0.2856,4884.56,0
747,7465.35,32241,0.0359,2,0.0884,268.01,0
799,6815.9,17373,0.0548,6,0.1414,373.74,0
314,7884.84,22873,0.3304,1,0.1057,2605.12,1
588,2755.65,38664,0.504,5,0.0058,1388.94,0
777,10237.14,2293,0.5702,9,0.0222,5837.32,0
530,2090.77,23443,0.6112,1,0.1562,1277.91,0
719,3139.98,40725,0.3002,8,0.006,942.59,0
456,5034.79,19595,0.7444,5,0.0548,3748.09,1
849,1934.37,10740,0.4926,4,0.256,952.87,0
740,6739.26,13559,0.2898,5,0.2088,1952.76,0
396,3459.17,43741,0.5744,5,0.0045,1986.85,1
710,7637.43,40044,0.3421,5,0.1181,2613.13,0
588,4216.16,22747,0.2515,9,0.1075,1060.34,0
553,2298.07,41920,0.4939,5,0.2145,1134.93,0
495,6808.51,8973,0.0808,8,0.0491,549.93,0
821,2662.18,16333,0.552,6,0.1031,1469.5,0
816,4199.74,31129,0.155,0,0.1925,651.08,0
417,1814.15,1037,0.4908,9,0.0109,890.31,0
458,5347.94,39758,0.4465,8,0.1823,2388.08,0
527,5884.75,33311,0.2088,5,0.2188,1228.59,0
515,3403.6,39206,0.5733,9,0.105,1951.42,0
314,13853.39,49503,0.2755,7,0.0648,3815.97,0
456,9791.26,29207,0.467,2,0.0119,4572.49,0
560,6423.2,44624,0.5482,2,0.0994,3521.11,0
456,6502.19,34241,0.5826,8,0.2233,3788.03,1
346,2663.56,1058,0.4259,8,0.0953,1134.34,1
623,5777.95,3636,0.608,4,0.2681,3512.96,0
429,2383.62,31635,0.2151,4,0.0115,512.67,0
710,2121.95,15834,0.6135,2,0.1099,1301.9,0
394,31654.67,16577,0.3084,6,0.079,9763.31,0
591,5395.42,28190,0.158,6,0.0026,852.32,0
582,3755.41,8296,0.1584,2,0.0571,594.84,0
368,2859.63,22383,0.2657,7,0.063,759.75,1
310,5204.56,46438,0.6844,5,0.0349,3561.81,1
553,1703.46,25660,0.2168,2,0.1056,369.33,1
849,1897.87,43493,0.1169,5,0.0555,221.92,0
433,1633.63,3674,0.5007,0,0.0287,818.0,1
322,4265.95,49564,0.4649,5,0.1035,1983.28,1
645,5171.23,44833,0.3745,6,0.0355,1936.43,0
601,1758.07,23820,0.1558,3,0.405,273.82,0
662,6609.39,20504,0.2225,3,0.0879,1470.56,0
695,2547.51,26666,0.3451,2,0.1103,879.13,0
517,6123.29,44794,0.4302,4,0.0271,2634.39,0
440,17546.74,3076,0.3771,0,0.2592,6616.79,0
509,6199.03,38555,0.2796,5,0.046,1733.21,0
759,10088.93,33406,0.6118,1,0.0833,6172.76,0
655,13341.35,41262,0.3777,3,0.0179,5039.21,0
623,4167.98,26784,0.3332,5,0.0023,1388.69,0
432,6347.01,22125,0.5417,5,0.0401,3437.94,0
426,9141.34,24216,0.5106,9,0.0576,4667.12,0
405,3264.01,3581,0.3087,6,0.2463,1007.44,1
677,2711.98,16600,0.2447,0,0.334,663.64,0
350,13219.67,31284,0.2771,5,0.2731,3662.98,1
328,6682.94,21171,0.7684,8,0.0544,5135.28,1
761,2492.22,26091,0.4358,7,0.1459,1085.99,0
595,3884.69,15333,0.246,7,0.0412,955.75,0
596,7867.41,31535,0.4439,5,0.1184,3492.72,0
706,4668.01,24487,0.5546,3,0.0622,2589.11,0
704,5698.74,11404,0.1698,0,0.1097,967.82,0
645,7105.93,44934,0.4019,4,0.0456,2856.22,0
719,5391.54,34700,0.6516,4,0.1417,3512.99,0
481,4606.8,19047,0.5056,6,0.0803,2329.33,1
300,7039.01,42516,0.5925,0,0.0252,4170.32,1
670,6701.39,16577,0.6209,5,0.3401,4160.72,1
730,5475.63,25298,0.3427,6,0.0165,1876.55,0
608,3283.83,16015,0.3188,0,0.0781,1046.75,0
436,3582.24,26568,0.5366,2,0.0825,1922.21,1
501,15585.14,49876,0.2697,9,0.1732,4202.61,0
735,1976.87,27204,0.401,8,0.2296,792.75,0
612,2750.66,32748,0.4973,7,0.0643,1367.83,0
416,4212.26,27267,0.3432,9,0.0368,1445.84,1
543,8749.39,22236,0.1641,5,0.0227,1435.78,0
836,2214.96,33615,0.1897,7,0.1058,420.09,0
374,2797.13,2104,0.504,1,0.0281,1409.81,0
685,1772.25,18654,0.424,6,0.076,751.46,0
509,6396.5,46704,0.3452,1,0.017,2208.2,1
774,2588.33,43369,0.2381,2,0.3353,616.36,0
717,3468.5,4646,0.2818,1,0.0795,977.37,0
646,3845.8,22471,0.4251,4,0.0492,1634.76,0
828,10377.17,26906,0.3787,9,0.0646,3929.82,0
478,3619.56,22107,0.4707,4,0.0397,1703.65,0
481,2127.67,48728,0.2067,5,0.2271,439.89,1
324,4472.0,15878,0.2405,5,0.0665,1075.69,1
479,14682.81,10145,0.0941,6,0.0483,1381.89,0
800,5242.77,24042,0.6849,7,0.0096,3590.58,0
460,17890.33,19226,0.3291,3,0.1366,5887.75,0
476,8858.1,3802,0.0838,8,0.1951,742.47,0
584,1646.51,25119,0.0675,2,0.0782,111.12,0
362,5796.45,28185,0.2245,4,0.1513,1301.34,1
455,2851.79,7105,0.0295,2,0.0221,84.03,0
768,4780.44,3749,0.7807,1,0.1161,3732.07,0
348,2810.38,43949,0.1298,4,0.107,364.85,0
383,3216.19,35129,0.501,8,0.0735,1611.35,1
660,11764.57,25512,0.3369,5,0.2941,3963.11,0
447,2425.93,37541,0.4004,3,0.1095,971.36,1
641,9789.36,14495,0.149,6,0.0725,1458.47,0
775,1623.73,3064,0.5859,9,0.104,951.36,0
362,1881.1,31078,0.184,4,0.1151,346.21,1
659,9215.13,31011,0.6217,6,0.2194,5728.85,0
626,5483.02,6616,0.595,1,0.0311,3262.26,0
440,7001.2,8975,0.3242,1,0.04,2270.06,0
514,2439.94,11960,0.3986,8,0.1163,972.46,0
734,4580.83,28992,0.5771,3,0.3025,2643.82,0
617,6845.74,22387,0.3326,0,0.0346,2276.81,0
331,5448.08,16324,0.2445,8,0.3038,1332.27,1
584,4052.35,7243,0.2209,0,0.0109,895.36,0
604,14353.94,33628,0.4812,1,0.1102,6907.57,1
728,6009.99,10560,0.0194,8,0.3335,116.63,0
776,11033.05,48452,0.1388,2,0.0969,1531.0,0
585,6733.93,42098,0.117,0,0.062,787.66,0
443,6819.1,5923,0.5421,2,0.0378,3696.46,0
723,1833.61,40235,0.2903,8,0.0388,532.34,0
318,3281.8,22325,0.1507,1,0.0425,494.58,1
317,9318.13,28949,0.408,4,0.02,3801.51,1
670,2559.01,23821,0.2441,0,0.0819,624.76,0
474,1990.96,7076,0.5272,9,0.052,1049.58,0
493,3078.73,23032,0.1738,0,0.1467,535.18,0
801,2496.09,9001,0.1188,6,0.2022,296.58,0
412,11876.47,16303,0.4007,9,0.0144,4759.33,0
413,9598.8,17457,0.2762,9,0.2743,2650.93,1
521,4270.06,42443,0.0737,2,0.0137,314.79,0
563,1753.22,13303,0.3989,0,0.0536,699.35,0
354,6514.93,16128,0.192,0,0.1294,1250.61,1
757,5406.41,19280,0.2733,4,0.057,1477.49,0
461,15600.88,40427,0.5776,2,0.0105,9011.79,0
679,4774.42,32644,0.4193,3,0.2257,2001.91,0
386,3140.27,39014,0.2918,5,0.2417,916.43,1
354,4427.73,7967,0.4663,1,0.01,2064.48,1
775,17003.4,7661,0.2787,6,0.0832,4738.84,0
477,6267.68,13416,0.0786,4,0.0011,492.45,0
690,5958.68,1510,0.223,7,0.0458,1328.62,0
648,2601.34,42382,0.4124,3,0.0356,1072.75,0
307,6944.11,36200,0.159,7,0.1745,1104.13,1
612,7049.53,2906,0.777,3,0.0154,5477.69,1
742,3026.73,26534,0.3002,4,0.0319,908.63,0
627,4144.38,49322,0.0772,2,0.0026,319.75,0
353,2895.98,17448,0.3596,3,0.1783,1041.33,1
538,2697.43,38696,0.5605,8,0.2255,1512.04,1
528,1604.95,5710,0.6021,4,0.0104,966.3,0
350,2843.08,45308,0.6483,3,0.0243,1843.15,1
563,4729.48,39892,0.3377,3,0.1204,1596.93,0
717,1506.41,41605,0.145,6,0.0805,218.47,0
395,2831.94,16583,0.341,1,0.0157,965.64,0
387,10028.34,18184,0.1806,3,0.0941,1810.91,0
377,5102.15,25853,0.1113,2,0.15,567.93,1
587,5244.57,7109,0.1584,6,0.0541,830.64,0
419,3565.79,43677,0.4634,3,0.1154,1652.51,1
790,6013.88,7659,0.2021,7,0.1982,1215.53,0
751,2342.55,2238,0.2456,4,0.1067,575.39,0
799,8331.44,16064,0.4586,8,0.0073,3820.64,0
464,1996.31,32115,0.1278,8,0.1983,255.18,1
481,5768.47,32952,0.2555,2,0.2613,1473.78,0
768,3169.03,6620,0.3234,8,0.1252,1024.98,0
306,7005.58,35254,0.2728,3,0.0136,1911.12,1
629,4691.94,38449,0.0064,8,0.0896,29.96,0
450,3908.5,45258,0.0566,1,0.0107,221.39,1
384,2242.54,5470,0.8531,4,0.3388,1913.15,1
446,5551.44,23003,0.3165,5,0.1202,1757.17,1
680,16218.86,28571,0.1789,2,0.1339,2901.49,0
847,8485.69,25668,0.1799,1,0.3055,1526.95,0
584,1747.54,12723,0.1091,0,0.1202,190.7,0
381,3387.89,47656,0.7066,6,0.0188,2393.98,0
813,11892.28,32040,0.2626,3,0.2442,3123.21,0
822,4297.01,40945,0.2069,7,0.0052,888.84,0
685,5840.16,46969,0.2785,7,0.0028,1626.59,0
770,11249.01,33046,0.2194,7,0.0523,2467.91,0
418,9779.38,6441,0.1143,1,0.0589,1118.0,0
695,4287.18,12719,0.2353,4,0.2755,1008.95,0
831,3802.5,6397,0.6194,7,0.1379,2355.11,0
560,3160.2,35389,0.2413,9,0.0991,762.62,0
555,6577.88,18945,0.1853,1,0.1134,1218.7,0
525,2853.02,23233,0.2781,1,0.3062,793.36,1
352,2650.13,18800,0.382,0,0.1877,1012.41,1
799,3261.78,5190,0.5831,5,0.0279,1901.85,0
805,2280.24,38822,0.1396,4,0.1876,318.3,0
663,6251.35,2130,0.3344,0,0.0797,2090.38,0
579,5330.96,15071,0.3466,7,0.041,1847.57,1
457,4137.91,20981,0.4466,7,0.1047,1848.03,0
358,3479.32,45704,0.622,4,0.0555,2164.18,1
427,11090.33,3118,0.1382,2,0.0348,1532.45,0
414,1618.23,1663,0.6059,7,0.1018,980.56,0
508,7363.22,16735,0.4399,2,0.0281,3239.27,1
825,10787.46,20158,0.4484,3,0.1812,4837.17,0
820,3864.92,32087,0.3841,6,0.1331,1484.56,0
536,4700.17,23578,0.4157,6,0.0402,1953.76,0
580,13062.87,20874,0.1636,3,0.1457,2137.18,0
658,2454.44,43531,0.2207,8,0.1145,541.66,0
500,4437.0,18907,0.2536,5,0.0151,1125.25,0
577,4075.3,41821,0.4201,7,0.0628,1712.02,0
534,2695.74,23787,0.2707,6,0.0689,729.68,0
793,8328.05,22705,0.3842,3,0.0007,3199.23,0
303,10694.4,4845,0.1055,1,0.0332,1128.3,1
741,7591.8,47264,0.8152,1,0.02,6188.66,0
328,2369.44,40069,0.4324,7,0.1716,1024.52,1
408,1862.98,45653,0.2943,7,0.2578,548.28,1
374,5219.98,17482,0.4087,0,0.1973,2133.35,1
445,1735.16,36056,0.2295,0,0.1423,398.14,1
427,5969.05,27090,0.4051,3,0.1091,2417.85,1
341,4523.7,21681,0.2528,0,0.0007,1143.64,1
655,5848.15,33252,0.8538,9,0.0228,4992.99,0
340,5068.06,8796,0.2033,0,0.0204,1030.4,1
333,3697.59,8263,0.2396,9,0.0489,886.0,0
316,2396.96,13777,0.2664,4,0.0023,638.46,1
452,2959.42,42538,0.4405,0,0.0765,1303.59,0
677,4473.56,21343,0.338,9,0.0096,1512.02,0
641,5720.7,41153,0.0587,5,0.06,335.86,0
326,7547.12,15862,0.1808,3,0.0834,1364.65,1
586,7329.8,42232,0.1989,9,0.0031,1457.97,0
467,15901.83,38649,0.4773,4,0.0541,7589.72,0
567,2846.6,49786,0.0614,8,0.1559,174.89,0
754,1795.06,16691,0.6102,1,0.0444,1095.28,0
700,3196.49,26028,0.5199,2,0.0318,1662.0,0
775,6939.3,43135,0.6444,2,0.0325,4471.39,0
429,3805.81,32066,0.3889,8,0.1524,1480.21,1
662,8310.35,34181,0.2242,2,0.1907,1863.41,0
591,4688.05,18934,0.1256,9,0.2713,588.71,0
670,12125.16,21910,0.4904,4,0.0261,5945.64,0
328,13315.56,48482,0.1728,5,0.1617,2300.62,1
448,1787.29,8141,0.7453,5,0.1175,1332.05,1
595,3938.27,46950,0.0721,5,0.0583,283.94,0
310,5263.25,17225,0.063,0,0.0004,331.48,0
811,2682.17,35714,0.1652,5,0.3173,443.09,0
412,3590.76,22587,0.1501,0,0.2227,538.98,1
486,6028.86,33959,0.4574,5,0.0004,2757.53,0
526,2528.53,15175,0.5261,9,0.1932,1330.23,0
609,5185.03,11051,0.3048,5,0.1004,1580.3,0
397,6282.01,6892,0.275,2,0.1624,1727.79,1
354,1879.42,4449,0.3367,2,0.1432,632.81,0
705,4252.87,42095,0.2978,5,0.0224,1266.37,0
368,2721.1,39677,0.0731,1,0.0686,198.91,1
611,6655.02,13393,0.3951,4,0.1367,2629.71,0
588,2340.69,30190,0.0332,9,0.0304,77.78,0
847,10411.32,35709,0.4896,2,0.1677,5097.7,0
447,3755.09,32533,0.2433,4,0.0135,913.76,0
766,2382.6,27141,0.0589,2,0.1077,140.35,0
543,3805.17,37989,0.4509,1,0.2033,1715.91,1
790,3602.02,24908,0.5218,3,0.1154,1879.63,0
806,3740.9,40311,0.4329,4,0.0097,1619.44,0
664,5023.32,33322,0.1938,5,0.0396,973.5,0
781,4445.67,15012,0.3596,1,0.0838,1598.6,0
500,2149.03,35889,0.6979,2,0.063,1499.8,1
453,1771.31,18412,0.4895,2,0.1534,867.07,0
749,6728.68,31614,0.3538,5,0.0152,2380.45,0
800,4781.35,45494,0.4759,0,0.0096,2275.63,0
372,3278.91,25657,0.0122,6,0.2062,39.94,0
595,8108.5,6656,0.14,7,0.1675,1135.27,0
316,3464.47,9967,0.0641,6,0.0696,221.93,1
516,7857.86,20422,0.7323,3,0.1792,5754.3,1
360,2959.73,16764,0.4759,6,0.24,1408.58,1
341,1802.54,16873,0.2208,0,0.1095,397.92,1
324,12290.8,29949,0.4463,7,0.128,5485.95,1
338,3507.14,44847,0.3825,9,0.0782,1341.32,1
430,7794.21,3271,0.1255,9,0.2143,978.48,0
797,2809.26,2607,0.4166,2,0.0145,1170.32,0
528,5657.96,20523,0.2078,8,0.0318,1175.72,0
407,9764.08,49447,0.2614,0,0.0472,2552.69,1
471,1670.14,28990,0.1944,5,0.0837,324.68,0
734,8602.81,4665,0.3653,0,0.2326,3142.43,0
777,4888.3,17308,0.1671,7,0.2739,816.78,0
401,5240.59,6852,0.0688,2,0.2605,360.53,0
823,4462.28,6462,0.382,3,0.2959,1704.37,1
574,9801.0,32795,0.4063,5,0.0265,3981.83,0
343,1677.62,5270,0.1888,3,0.2593,316.66,1
316,2709.98,49465,0.6616,7,0.061,1792.83,1
629,9842.24,25491,0.6437,8,0.0654,6335.88,0
796,7082.89,37230,0.0318,4,0.0577,225.06,0
311,1571.21,49242,0.6515,0,0.0063,1023.68,1
617,4411.01,1347,0.4157,7,0.0804,1833.61,1
515,4516.46,33830,0.4341,1,0.0257,1960.78,1
638,3549.19,2783,0.1708,5,0.3788,606.33,0
380,2911.83,29390,0.2508,5,0.0282,730.19,0
784,6079.36,9417,0.2733,6,0.0886,1661.72,0
673,2431.72,7566,0.1579,8,0.1323,383.87,0
499,7916.78,18426,0.5726,0,0.144,4533.21,1
836,7998.96,31750,0.2664,9,0.1219,2131.28,0
765,3646.36,11872,0.4354,7,0.1639,1587.68,0
388,2833.78,29695,0.4877,4,0.1089,1381.9,1
567,2835.62,49086,0.174,5,0.0417,493.37,0
788,4133.37,2234,0.1656,7,0.1108,684.58,0
837,6585.86,35752,0.2788,7,0.0335,1835.84,0
346,3278.08,29832,0.3311,6,0.0758,1085.5,0
587,5266.88,18978,0.2138,6,0.087,1126.13,0
315,3428.2,23641,0.3048,0,0.3318,1045.0,1
700,2952.63,28127,0.3641,7,0.1795,1074.91,0
385,1600.69,35720,0.0067,2,0.0857,10.76,1
549,1515.69,19079,0.3764,4,0.028,570.58,0
690,2530.98,18338,0.2971,3,0.0114,751.88,0
634,3586.24,4291,0.5259,9,0.2585,1886.05,0
818,9122.25,9548,0.2461,2,0.2285,2245.28,0
436,7907.55,48272,0.2811,9,0.0412,2223.14,0
797,2743.34,45555,0.3718,4,0.177,1020.02,0
776,2621.72,34736,0.3899,2,0.1813,1022.12,0
522,2531.57,29022,0.5039,8,0.1838,1275.7,0
671,3157.44,5234,0.3527,8,0.1733,1113.6,0
701,4258.2,27720,0.2445,5,0.1278,1041.0,0
742,3809.77,42106,0.1779,2,0.0162,677.94,0
789,2485.0,41117,0.2165,4,0.1473,538.02,0
572,2059.12,14368,0.4999,7,0.2428,1029.34,0
825,1550.63,48969,0.3469,8,0.2075,537.98,0
458,2168.77,49838,0.0671,2,0.1266,145.51,1
451,6387.95,9734,0.5032,4,0.0816,3214.19,1
487,2616.94,42651,0.1774,1,0.1729,464.28,1
397,4028.97,34793,0.6344,1,0.0659,2556.1,1
430,5079.11,13197,0.4625,1,0.2879,2349.27,1
470,10215.84,4359,0.2184,5,0.1297,2231.46,1
482,10287.68,39025,0.5417,2,0.0112,5572.84,1
663,6977.49,36719,0.2778,9,0.0933,1938.17,0
338,1643.16,8389,0.4543,4,0.141,746.45,1
826,4923.33,48434,0.6992,7,0.0296,3442.25,0
796,7678.04,15952,0.4808,4,0.2099,3691.61,0
815,1569.76,30075,0.5065,1,0.1748,795.08,0
648,4691.23,19939,0.4795,5,0.2537,2249.68,0
696,9301.07,47995,0.4057,1,0.1679,3773.85,0
460,4070.59,16624,0.2219,7,0.1024,903.07,0
315,1516.46,2735,0.3855,1,0.0541,584.66,1
792,1544.3,25315,0.3272,6,0.0367,505.32,0
725,3655.78,18422,0.5952,3,0.1944,2175.94,0
407,2173.72,40137,0.2522,3,0.1213,548.23,1
749,5867.95,8127,0.2932,7,0.1393,1720.45,0
610,6434.97,36680,0.3935,3,0.0599,2532.33,1
469,2283.47,49232,0.2059,7,0.0029,470.06,0
845,10276.12,13606,0.5531,8,0.0095,5683.82,0
713,3832.92,33743,0.361,7,0.0394,1383.58,0
550,2116.55,35010,0.1061,3,0.0055,224.49,0
440,7279.96,16636,0.7058,4,0.2692,5138.28,1
573,7742.11,26348,0.1222,5,0.0603,946.1,0
715,5578.78,11108,0.2325,8,0.0137,1296.96,0
338,9181.98,9098,0.2305,4,0.1633,2116.68,1
328,6848.08,37180,0.1461,1,0.0371,1000.28,1
776,10055.26,19883,0.1863,6,0.2297,1873.36,0
617,3775.85,45400,0.155,5,0.0441,585.4,0
544,7006.92,46999,0.0637,2,0.0014,446.43,0
571,34701.29,48951,0.5009,7,0.1181,17380.76,0
739,6662.94,8160,0.1099,2,0.029,732.4,0
538,1984.98,20929,0.3668,9,0.1799,728.16,0
676,4421.89,18597,0.2519,3,0.2935,1113.69,0
565,5040.6,12123,0.336,8,0.1929,1693.53,0
658,2265.66,29357,0.1832,3,0.0266,415.09,0
639,14675.65,5960,0.2439,1,0.0594,3579.67,0
688,2272.3,34556,0.0603,8,0.0859,137.08,0
302,2281.91,19255,0.2279,9,0.0685,520.15,1
728,11368.29,14350,0.2662,7,0.1381,3026.0,0
441,4003.49,31881,0.526,3,0.1186,2105.89,1
675,1761.09,19409,0.0555,5,0.045,97.82,0
623,5147.08,33635,0.5666,5,0.0734,2916.41,0
445,5183.47,3446,0.5903,1,0.1839,3059.62,1
592,1766.7,31657,0.2346,8,0.0086,414.48,1
731,15877.55,22207,0.152,5,0.0108,2413.99,0
698,4641.31,49951,0.2292,4,0.0205,1063.62,0
643,4782.07,9752,0.4062,1,0.2076,1942.55,1
439,4436.84,14440,0.0385,9,0.1043,171.02,0
486,5273.95,45864,0.1438,0,0.0837,758.5,0
360,2727.73,7499,0.3947,6,0.091,1076.71,1
679,2854.45,22139,0.5297,3,0.0231,1512.13,0
739,4364.35,15767,0.1415,6,0.1446,617.74,0
618,8073.75,23343,0.3855,4,0.0931,3112.52,0
601,1704.6,28712,0.4146,0,0.0818,706.7,0
643,5199.35,20673,0.6191,4,0.0171,3218.78,0
310,8075.66,30488,0.3629,3,0.0305,2930.39,1
361,2182.76,27520,0.0856,0,0.0523,186.9,0
525,1560.55,45105,0.2302,9,0.0145,359.18,0
452,3000.01,49587,0.4242,1,0.3404,1272.55,1
609,5048.32,16784,0.2246,8,0.0062,1134.05,0
542,2095.31,39079,0.2797,0,0.1006,585.96,1
792,3721.36,45220,0.3146,9,0.2474,1170.81,0
665,4714.72,21491,0.1045,3,0.0372,492.59,0
629,5154.01,48342,0.399,7,0.145,2056.21,0
406,2783.09,49720,0.158,4,0.0724,439.69,0
525,3543.5,36268,0.2675,9,0.0532,947.78,0
517,7526.43,15718,0.2452,6,0.1924,1845.79,0
805,12835.45,36597,0.3206,1,0.0728,4114.71,0
558,9418.54,33815,0.0522,3,0.0346,491.43,0
816,4823.05,36132,0.9452,3,0.0039,4558.8,0
353,3612.52,27832,0.2128,0,0.0157,768.83,1
346,3119.6,32862,0.251,7,0.1189,782.91,0
820,2033.93,13864,0.3012,2,0.0173,612.67,0
398,1950.67,23842,0.3744,3,0.2055,730.36,1
319,6163.6,9177,0.5493,1,0.0431,3385.77,1
789,2703.31,47115,0.3404,9,0.0278,920.09,0
718,2675.67,41699,0.4201,4,0.0704,1124.14,0
361,26768.9,46609,0.2839,4,0.36,7598.64,1
444,2332.66,12844,0.2306,2,0.048,537.95,0
515,2140.96,9594,0.1047,7,0.1179,224.26,0
302,1915.6,14418,0.1665,0,0.0342,318.96,1
459,4968.15,35854,0.4052,1,0.0088,2012.89,0
419,5453.98,24108,0.3446,0,0.0456,1879.22,0
388,3317.96,11419,0.5109,5,0.0555,1694.99,1
628,4566.43,23539,0.5281,3,0.073,2411.32,0
656,7712.22,45370,0.7305,9,0.0808,5633.69,0
566,8317.28,44950,0.1865,0,0.0111,1551.19,0
622,14171.98,13835,0.4762,6,0.0284,6748.14,0
840,8455.18,18533,0.3465,8,0.1077,2930.11,0
494,4828.18,30515,0.1131,4,0.0549,546.14,0
631,2292.13,36921,0.4797,6,0.1453,1099.47,0
469,1920.39,42968,0.31,3,0.1266,595.39,1
820,1724.22,23322,0.5676,3,0.239,978.66,0
762,5892.76,11223,0.3526,3,0.0032,2078.05,0
339,8091.39,11273,0.7426,4,0.0236,6008.95,0
836,4342.67,34519,0.2903,7,0.1181,1260.84,0
560,1725.07,25160,0.4021,3,0.0551,693.67,0
694,4566.92,9849,0.398,6,0.0283,1817.73,0
525,12479.85,26656,0.1045,8,0.0047,1303.67,0
423,5141.37,49988,0.3176,5,0.1441,1632.76,0
337,8130.89,11348,0.5116,3,0.0094,4159.57,0
627,7940.81,18924,0.6331,4,0.0827,5027.25,0
550,12260.59,39935,0.0722,7,0.0075,885.8,0
475,7382.68,40132,0.1841,3,0.0976,1359.12,0
753,7008.55,2983,0.358,3,0.174,2509.24,0
336,2566.83,25890,0.1243,6,0.2221,319.08,1
615,1747.18,15629,0.0933,5,0.0868,163.05,0
413,4415.92,12273,0.7095,0,0.1805,3133.28,1
339,2031.54,32739,0.1048,8,0.0781,212.96,1
600,14601.35,41416,0.3337,4,0.1454,4872.28,0
523,2869.54,8894,0.0665,9,0.0939,190.86,0
617,9167.77,47073,0.38,1,0.1001,3483.43,0
648,3461.64,46693,0.2046,4,0.0096,708.18,0
414,3061.48,25343,0.6038,7,0.068,1848.45,0
622,12443.24,44095,0.2909,5,0.0221,3619.48,0
339,3305.97,32174,0.2914,7,0.3842,963.28,1
339,3479.07,45179,0.2284,4,0.0945,794.69,1
588,1948.61,7900,0.3081,3,0.1602,600.45,1
561,5940.07,49905,0.424,9,0.1188,2518.34,0
515,2863.43,4800,0.8334,2,0.16,2386.27,0
446,5023.73,36246,0.3433,1,0.431,1724.72,1
635,5079.6,43735,0.2712,8,0.2292,1377.41,0
467,6580.45,43926,0.3507,0,0.0431,2307.45,0
391,6969.76,8054,0.5042,9,0.0257,3514.11,0
652,4389.91,39827,0.3993,1,0.0561,1752.98,0
662,3107.84,43727,0.2485,5,0.0077,772.37,0
644,8767.1,45775,0.5532,5,0.0356,4849.59,0
469,2983.48,42201,0.1699,0,0.0153,506.95,0
655,4333.12,30373,0.1555,7,0.0258,673.72,0
490,3551.66,28525,0.4496,3,0.0419,1596.77,1
721,9226.25,39977,0.5316,6,0.0912,4904.27,0
306,3761.96,8115,0.0427,9,0.0546,160.69,1
432,3451.69,32107,0.0724,8,0.0035,249.77,0
330,6182.46,31486,0.8024,1,0.0679,4960.64,1
834,5189.65,14068,0.4584,6,0.0585,2379.11,0
725,1953.78,19640,0.6145,0,0.2387,1200.63,1
693,4338.48,33158,0.2902,2,0.0222,1258.84,0
662,6819.33,37136,0.4663,3,0.0233,3179.86,0
736,20850.81,17128,0.3196,2,0.1776,6663.49,0
381,5467.8,25942,0.0474,7,0.249,258.97,0
655,3350.0,3827,0.1995,6,0.2201,668.46,0
557,2525.52,16990,0.6284,2,0.0216,1587.07,0
823,9748.93,36255,0.2823,6,0.1686,2751.76,0
594,8240.21,20987,0.2201,1,0.1864,1814.02,0
523,2565.89,47115,0.1444,2,0.0472,370.53,0
824,2395.74,21901,0.1286,6,0.0399,307.99,0
345,6522.98,17277,0.3136,9,0.0636,2045.56,0
412,3013.07,2643,0.375,4,0.2553,1129.81,1
532,2963.43,24729,0.5059,8,0.0832,1499.18,0
316,2160.87,22087,0.486,7,0.2209,1050.26,1
659,2725.97,22818,0.1482,5,0.0688,403.92,0
522,3731.02,1019,0.2143,3,0.084,799.48,0
747,6779.61,34443,0.3906,2,0.0682,2647.78,0
664,3139.75,10457,0.4121,5,0.0498,1293.83,0
625,3093.59,34922,0.214,8,0.0941,662.18,0
766,2841.41,10820,0.5854,4,0.1233,1663.45,0
713,4102.53,33750,0.3982,6,0.148,1633.66,0
754,2296.91,43586,0.3834,6,0.0158,880.65,0
532,4159.26,37484,0.2513,6,0.0124,1045.18,0
523,6371.96,39010,0.0295,8,0.1628,187.72,0
711,1620.97,38790,0.2844,1,0.0096,460.97,0
634,1539.31,23869,0.6592,7,0.1524,1014.75,0
521,1812.38,35421,0.1756,1,0.0866,318.3,0
336,4568.55,3502,0.2604,0,0.0011,1189.75,0
577,9209.08,17665,0.5335,9,0.0841,4912.59,1
495,1519.59,26600,0.0848,5,0.0782,128.79,1
783,12537.04,30394,0.4396,1,0.2719,5511.42,1
541,1949.44,15086,0.366,4,0.139,713.4,0
623,8880.22,37171,0.6231,0,0.0361,5533.48,0
491,4137.73,35003,0.3033,6,0.2848,1254.89,0
316,5807.69,14149,0.642,0,0.0562,3728.8,1
823,4358.98,31394,0.4822,7,0.1614,2101.83,0
700,4093.06,15396,0.4208,4,0.0012,1722.17,0
321,8704.8,24324,0.1483,4,0.0553,1291.11,0
773,7140.49,48198,0.4963,2,0.2135,3543.57,0
419,4141.96,18169,0.2773,1,0.0246,1148.63,0
509,1973.49,47632,0.0849,5,0.051,167.6,0
605,1990.49,49274,0.1809,3,0.0169,360.02,0
569,7968.66,45277,0.3536,9,0.0247,2818.01,0
584,4514.91,27243,0.4245,3,0.153,1916.55,0
526,4127.95,32016,0.1196,5,0.3379,493.55,0
680,6064.83,4194,0.0558,1,0.1448,338.31,0
759,9331.49,33398,0.4651,1,0.1655,4339.8,0
306,5464.85,5789,0.4816,9,0.0544,2631.83,0
328,7256.21,21159,0.3307,9,0.0214,2399.37,0
332,7297.29,44406,0.3009,3,0.189,2195.89,1
378,3261.85,6350,0.532,5,0.1247,1735.14,1
758,2781.28,34301,0.2826,1,0.0951,785.89,0
837,7961.1,25977,0.5631,6,0.054,4483.1,0
781,3393.98,37431,0.6309,7,0.1039,2141.2,0
729,10846.06,1129,0.4148,8,0.1007,4498.67,0
584,1788.95,46331,0.432,5,0.1882,772.84,1
815,1739.92,35626,0.1084,1,0.0701,188.63,0
398,11969.41,49503,0.1774,5,0.0015,2123.19,1
696,5681.67,28549,0.4292,7,0.1023,2438.46,0
788,3409.56,13342,0.3152,9,0.0547,1074.62,0
338,7126.97,37417,0.169,0,0.0328,1204.55,1
570,5962.95,11978,0.2525,5,0.1062,1505.79,0
456,4530.33,38628,0.4779,0,0.0216,2164.99,1
374,1916.44,43180,0.7443,5,0.0269,1426.34,1
429,8189.08,9833,0.2951,9,0.2693,2416.53,1
383,9540.35,47903,0.0924,3,0.2386,881.35,1
321,2255.78,34491,0.4393,2,0.0549,990.93,1
758,9102.15,30473,0.6145,2,0.0192,5593.5,0
838,9909.93,1737,0.3482,3,0.0175,3450.43,0
681,4688.96,30429,0.082,2,0.1137,384.46,0
739,5770.54,47647,0.1176,8,0.0414,678.83,0
320,3426.6,2299,0.5573,3,0.14,1909.51,1
602,2823.98,1339,0.0299,0,0.1472,84.3,0
383,6620.29,33920,0.2473,3,0.0456,1637.3,1
752,9418.39,43381,0.2174,0,0.2386,2047.72,0
686,5746.16,47523,0.4658,9,0.0108,2676.56,0
806,4366.41,49750,0.3853,9,0.1046,1682.19,0
556,2192.3,20435,0.419,2,0.1689,918.65,1
826,1719.76,34194,0.3043,3,0.0828,523.26,0
461,3860.14,25509,0.0664,3,0.2449,256.29,1
462,1702.44,43095,0.5016,8,0.0427,853.86,1
823,4869.7,45289,0.3215,5,0.0461,1565.61,0
570,3429.79,2373,0.3651,2,0.0401,1252.13,0
791,7161.89,8082,0.2337,6,0.193,1673.75,0
507,2959.11,26532,0.4894,3,0.2237,1448.21,1
838,5095.6,43661,0.1049,6,0.0594,534.36,0
359,4586.02,19866,0.492,1,0.0034,2256.2,1
729,1518.89,8593,0.1465,6,0.0149,222.52,0
608,1800.57,10495,0.9347,7,0.0738,1683.03,1
819,2872.04,8837,0.6287,6,0.1077,1805.65,0
326,10056.26,12172,0.2005,5,0.1781,2015.97,1
498,2136.05,19680,0.5339,3,0.1005,1140.47,0
686,6463.85,31346,0.4753,8,0.0213,3072.1,0
648,16002.35,44085,0.3966,0,0.0643,6346.93,0
835,7753.42,24412,0.1711,4,0.0112,1326.95,0
677,2613.28,23863,0.1733,0,0.1114,452.89,0
826,11059.78,31804,0.4217,9,0.0068,4664.33,0
452,1890.92,11934,0.5445,0,0.079,1029.67,0
505,4025.51,31723,0.0327,5,0.256,131.58,0
754,10240.7,21405,0.2852,5,0.0248,2920.4,0
572,5600.69,19748,0.2301,6,0.1139,1288.47,0
535,3635.32,6230,0.2498,9,0.1066,908.27,0
820,2885.84,47413,0.2763,8,0.0218,797.42,0
800,3380.65,23354,0.0524,5,0.2499,177.08,0
416,4344.77,9954,0.2033,1,0.1538,883.14,0
685,3037.03,24139,0.7256,3,0.4112,2203.6,1
643,15390.93,46022,0.5574,8,0.1238,8578.74,0
694,12316.89,18388,0.4023,1,0.0241,4955.59,0
363,9681.6,40825,0.2235,6,0.1643,2164.32,1
371,3691.55,37523,0.6515,3,0.0446,2405.04,1
573,6201.56,36614,0.3278,9,0.0781,2032.88,0
619,10825.14,36732,0.034,5,0.1081,368.42,0
637,9099.95,42646,0.0966,0,0.0126,878.92,0
665,3639.97,22021,0.3136,7,0.2228,1141.59,0
794,1976.87,28702,0.3003,5,0.2749,593.68,0
465,1814.57,46416,0.8038,6,0.0719,1458.52,1
843,4942.14,36523,0.3218,5,0.0464,1590.59,0
310,5615.91,20116,0.6133,6,0.1234,3444.04,1
600,9084.28,7473,0.6002,4,0.0959,5452.04,0
401,2884.16,48322,0.503,2,0.0852,1450.69,0
724,2233.15,23735,0.42,5,0.0858,937.82,0
691,3405.73,35461,0.2985,9,0.0277,1016.78,0
513,3245.19,12084,0.5064,8,0.1913,1643.24,1
387,2068.42,45771,0.454,5,0.1176,939.0,1
700,5962.42,29756,0.1523,8,0.0557,908.26,0
345,4342.74,18068,0.4595,1,0.0885,1995.69,1
762,6607.93,29916,0.1563,0,0.4119,1032.76,0
609,3239.73,3919,0.4322,3,0.1901,1400.24,1
385,3076.33,24550,0.1591,4,0.0998,489.41,1
391,4059.0,37524,0.1434,9,0.2859,581.87,1
541,9895.55,4283,0.0568,6,0.0491,561.72,0
301,1664.46,5691,0.6007,7,0.2335,999.82,1
524,8035.59,24212,0.2383,0,0.014,1915.08,0
415,3341.72,41118,0.3537,5,0.1132,1181.92,1
402,9213.59,29602,0.484,0,0.0756,4459.73,1
493,7982.06,18540,0.4046,7,0.2069,3229.24,0
465,3215.52,36829,0.1184,0,0.1201,380.67,0
389,6235.07,6919,0.6687,3,0.0617,4169.69,0
421,2195.67,23277,0.2629,2,0.0264,577.3,0
442,10564.3,18676,0.5161,1,0.0329,5452.15,1
405,3573.36,43844,0.1568,7,0.0103,560.16,0
727,3932.47,10752,0.2699,5,0.0119,1061.28,0
604,6393.43,17012,0.4159,3,0.1058,2659.0,0
616,8377.91,10175,0.2755,2,0.4234,2307.7,1
308,2578.54,41670,0.9336,5,0.1625,2407.33,1
372,5831.15,3067,0.4818,5,0.0795,2809.7,1
658,3490.31,32478,0.3691,4,0.0065,1288.28,0
522,3339.91,27439,0.3943,2,0.1645,1316.91,0
715,6185.07,35747,0.1353,9,0.0597,836.55,0
669,3458.76,30810,0.2825,8,0.0253,977.19,0
563,3199.26,19302,0.4988,5,0.0205,1595.76,0
617,8728.83,1700,0.1582,4,0.026,1380.7,0
383,1927.12,37814,0.65,6,0.1047,1252.6,1
617,6006.72,35841,0.4787,0,0.0402,2875.17,0
410,2643.94,45713,0.1467,6,0.1377,387.98,1
550,1562.48,4048,0.1648,0,0.1043,257.5,1
682,2229.75,34290,0.1429,8,0.2634,318.64,0
306,5232.34,12101,0.1268,5,0.0805,663.72,1
758,6439.48,30778,0.0697,6,0.0978,448.71,0
383,1585.13,28425,0.147,6,0.0412,232.98,1
507,1648.42,42509,0.6723,0,0.0621,1108.28,0
689,10813.34,18852,0.352,1,0.3188,3806.75,0
613,1804.53,25500,0.118,9,0.0148,212.89,0
321,10484.14,13674,0.4982,2,0.0109,5223.59,1
709,2535.94,24195,0.7035,7,0.0377,1784.11,0
814,6888.57,25371,0.275,8,0.3269,1894.5,0
426,2982.71,34053,0.4352,7,0.3014,1298.11,0
313,9328.95,12957,0.7925,5,0.1098,7392.87,1
311,6321.96,8108,0.0559,1,0.0607,353.46,1
386,3555.41,48758,0.3372,1,0.1339,1198.79,1
823,1817.48,18829,0.3305,9,0.1156,600.7,0
836,6777.54,6837,0.311,6,0.0152,2108.07,0
600,5337.68,16032,0.4514,8,0.0852,2409.46,0
542,1511.66,35234,0.3593,5,0.1046,543.16,0
421,1537.86,27352,0.1718,0,0.2443,264.14,1
446,8117.59,31215,0.3733,8,0.1076,3030.02,1
655,2701.18,10106,0.4874,6,0.1173,1316.54,0
608,5543.87,42247,0.3759,2,0.0433,2084.07,0
587,3922.12,29766,0.3683,1,0.2529,1444.63,0
606,9463.67,44048,0.0876,2,0.1016,829.33,0
848,11453.79,39700,0.1805,1,0.0667,2067.21,0
651,24488.07,10996,0.842,9,0.0099,20617.89,0
611,2167.45,2178,0.0443,1,0.1429,95.97,0
358,9450.05,36319,0.2278,3,0.1714,2152.35,0
334,2737.1,17025,0.4068,5,0.0667,1113.57,1
744,5074.36,10780,0.3118,2,0.0045,1582.28,0
392,4319.04,23706,0.3854,8,0.2203,1664.48,1
506,1572.61,43916,0.3505,4,0.0918,551.14,0
652,12298.62,10967,0.2172,4,0.1541,2671.06,0
631,1826.26,31856,0.287,6,0.0612,524.14,0
458,6161.82,38630,0.3574,8,0.2444,2202.1,0
323,7648.6,10179,0.0267,0,0.111,204.37,1
703,7844.6,39623,0.5274,8,0.0264,4137.06,0
815,2082.39,18587,0.6443,1,0.0322,1341.61,0
663,3873.71,24733,0.4508,2,0.0801,1746.42,0
681,8574.41,23770,0.1371,4,0.0433,1175.7,0
831,2942.04,34887,0.1656,9,0.0226,487.21,0
451,4022.56,4975,0.1152,3,0.1343,463.22,0
719,2774.18,13919,0.0873,4,0.0086,242.1,0
549,3991.14,10602,0.3518,9,0.305,1404.18,0
416,10251.24,46463,0.1702,4,0.0526,1744.3,0
811,3928.79,35060,0.1152,4,0.1254,452.5,0
634,4746.93,43154,0.5149,9,0.3032,2443.98,0
717,3569.9,11140,0.6834,9,0.041,2439.82,0
594,3965.61,22170,0.8801,9,0.1866,3490.14,0
670,1561.16,29830,0.1153,4,0.4792,179.93,1
485,2834.88,45540,0.2095,1,0.3066,593.84,1
545,3794.93,7590,0.2226,0,0.1182,844.78,1
567,5518.27,47745,0.5097,9,0.0051,2812.7,0
536,3891.73,31609,0.6082,7,0.1384,2367.01,1
829,3148.85,18401,0.3174,2,0.1194,999.46,0
320,3464.74,28729,0.1616,6,0.2001,559.97,1
819,2609.84,38944,0.1809,7,0.0915,472.05,0
399,11834.19,46167,0.1989,5,0.1826,2353.61,1
777,4450.43,29645,0.2673,5,0.0839,1189.63,0
597,1554.0,30047,0.3704,2,0.0099,575.6,0
825,1578.55,23560,0.6334,8,0.1384,999.91,0
633,15941.99,7647,0.4105,2,0.0533,6543.9,0
301,2501.29,22106,0.2634,4,0.4795,658.86,1
674,8051.52,7015,0.4435,5,0.0267,3570.93,0
592,1740.17,22506,0.2072,0,0.2908,360.57,0
617,11661.48,49613,0.2418,8,0.1334,2819.56,0
801,9799.15,25067,0.2897,6,0.2891,2839.28,0
680,4886.06,3056,0.5673,0,0.0553,2771.64,0
313,1536.16,32719,0.2252,5,0.2443,345.95,1
803,2692.6,30328,0.3538,6,0.0291,952.61,0
530,3589.05,13176,0.4392,4,0.0797,1576.4,1
383,3965.22,43771,0.5797,4,0.0548,2298.54,0
429,2913.46,32885,0.1339,6,0.0055,390.1,0
444,1634.01,22269,0.4991,2,0.1395,815.49,1
327,5067.64,47515,0.5526,2,0.0473,2800.29,1
365,4470.65,4114,0.0862,0,0.0376,385.5,0
462,2830.72,14442,0.4569,7,0.0415,1293.25,0
528,1654.86,41151,0.4033,1,0.0377,667.49,0
560,22381.12,2629,0.4637,2,0.4717,10378.7,0
748,4131.01,18927,0.3112,6,0.0702,1285.48,0
723,7142.42,32317,0.7679,9,0.09,5484.41,1
759,3908.21,24896,0.2355,9,0.06,920.49,0
600,1676.52,29155,0.2347,7,0.1232,393.42,0
602,2981.94,19288,0.206,8,0.0291,614.36,0
586,3043.3,22415,0.2538,7,0.099,772.4,0
694,8789.36,37085,0.2854,6,0.1212,2508.52,0
309,5747.93,12251,0.1564,9,0.2406,899.18,1
569,2788.71,37884,0.2711,0,0.1756,755.89,1
660,15235.7,26574,0.0847,0,0.1033,1290.35,0
556,3051.73,10623,0.0978,7,0.2838,298.55,0
432,26856.21,21936,0.4613,6,0.0009,12387.64,0
575,23752.98,7123,0.4855,1,0.0028,11530.97,0
812,2348.87,4061,0.2938,8,0.1848,690.1,0
612,3000.18,41857,0.524,9,0.117,1572.09,0
583,4162.47,37499,0.0286,6,0.0702,119.05,0
420,5863.78,40095,0.3525,8,0.2015,2067.2,0
406,4503.51,29451,0.3039,0,0.0321,1368.75,1
503,15452.45,17361,0.3424,2,0.2626,5291.46,1
464,6649.26,16907,0.1843,9,0.0741,1225.38,0
604,2453.26,35814,0.4515,1,0.4101,1107.63,1
796,1944.16,20605,0.54,5,0.0008,1049.77,0
455,6164.16,33256,0.2697,9,0.0027,1662.31,0
666,2190.05,12332,0.3525,3,0.2139,772.05,1
550,7698.58,38832,0.2562,1,0.0592,1972.5,0
633,2990.27,30476,0.3574,1,0.3432,1068.6,1
810,3083.41,10445,0.522,5,0.0197,1609.64,0
592,1543.43,34490,0.385,8,0.001,594.17,0
319,6329.4,30767,0.2215,5,0.2272,1401.84,1
581,1980.86,47057,0.1594,3,0.0646,315.8,0
300,7429.12,16210,0.3836,8,0.2633,2849.8,1
418,4208.05,25159,0.8561,1,0.0107,3602.69,1
334,7635.09,8564,0.0677,5,0.018,516.66,0
497,5007.57,42043,0.0366,6,0.0829,183.22,0
784,1844.12,22219,0.1571,2,0.0828,289.73,0
358,7303.8,28946,0.0817,3,0.2044,596.36,1
460,1789.42,37587,0.1606,6,0.1341,287.45,0
505,4105.73,4364,0.1598,8,0.0451,656.22,0
311,2256.66,5318,0.2433,4,0.0393,549.04,0
789,7082.72,12479,0.5174,1,0.1131,3664.25,0
575,11203.14,8398,0.6315,7,0.1281,7074.37,0
541,4730.88,3452,0.245,8,0.1554,1159.29,0
515,4495.89,22672,0.6215,1,0.0128,2794.1,1
550,7275.07,34193,0.3792,9,0.0749,2758.47,0
425,1520.37,14865,0.5782,9,0.1303,879.03,0
516,11492.39,26345,0.3526,0,0.0265,4052.54,0
605,2379.84,47275,0.1833,3,0.095,436.14,0
484,18070.5,21359,0.5622,0,0.0589,10159.05,0
338,6831.07,9799,0.5172,0,0.078,3532.74,1
522,7453.33,24053,0.177,4,0.2681,1319.42,0
483,5770.82,35892,0.3555,6,0.0542,2051.61,0
794,4052.09,18684,0.6474,2,0.1109,2623.17,0
726,4891.05,6015,0.1211,6,0.0371,592.16,0
477,1690.06,32665,0.5274,4,0.353,891.38,1
727,5412.23,9657,0.1726,9,0.0965,934.33,0
593,5435.05,22951,0.1545,7,0.182,839.82,0
450,10373.01,33063,0.294,6,0.055,3050.02,0
683,4318.1,33743,0.2054,0,0.2346,886.81,1
607,1821.13,27521,0.1449,0,0.0703,263.82,0
635,2962.26,11731,0.3182,6,0.1207,942.74,0
674,5764.15,19744,0.1537,5,0.0024,885.78,0
307,2593.85,19423,0.4469,8,0.3438,1159.17,1
640,2816.95,18568,0.4951,7,0.0329,1394.54,0
428,8369.63,48411,0.0764,5,0.1774,639.48,1
651,5011.36,4934,0.3446,5,0.1883,1727.13,0
657,4341.4,12409,0.4807,8,0.0835,2086.84,0
816,3033.55,32410,0.617,3,0.2025,1871.64,1
794,6751.11,31808,0.2872,8,0.0351,1938.6,0
385,2857.13,9172,0.0962,7,0.0246,274.85,0
474,6843.37,28358,0.2052,2,0.1892,1404.14,0
492,1790.72,1777,0.9073,3,0.0881,1624.74,0
610,9496.36,20763,0.2871,6,0.071,2726.17,0
418,4269.12,49673,0.2886,2,0.0547,1231.94,0
517,3808.63,36186,0.1748,2,0.102,665.79,0
726,5276.94,32170,0.233,7,0.1142,1229.39,0
713,5414.71,21461,0.3468,4,0.0018,1877.85,0
413,2066.42,46222,0.2347,4,0.1803,484.92,0
444,7146.18,3439,0.3626,7,0.1692,2590.93,1
837,2791.46,8804,0.6446,5,0.2331,1799.43,0
602,10913.91,46791,0.3415,4,0.2601,3727.39,0
644,8311.71,48594,0.3735,0,0.0105,3104.03,0
300,3200.22,14212,0.5217,4,0.0941,1669.62,0
446,8095.61,22653,0.7918,7,0.0276,6410.11,0
586,3262.65,22971,0.3272,8,0.0418,1067.57,0
352,1925.66,2989,0.4171,5,0.0767,803.17,1
603,14568.93,8868,0.4766,9,0.0687,6943.68,0
368,5729.14,43026,0.3586,2,0.1918,2054.25,1
660,3935.96,34712,0.7479,7,0.0561,2943.7,1
519,3528.49,25604,0.4001,4,0.1729,1411.87,1
460,3070.42,23135,0.5181,1,0.0429,1590.79,0
388,17448.62,31544,0.2192,0,0.2217,3824.31,0
458,2078.93,38918,0.1898,7,0.2319,394.63,0
788,3012.21,31847,0.319,1,0.1258,960.97,0
623,4158.22,44774,0.7299,2,0.0713,3035.18,0
680,4100.35,11680,0.5973,8,0.1066,2449.03,0
401,4049.84,48972,0.518,0,0.053,2097.96,1
793,2273.29,31083,0.0956,7,0.1425,217.24,0
318,2126.3,35433,0.3002,1,0.0492,638.39,1
753,2676.24,46579,0.6834,7,0.065,1828.82,0
781,11338.18,27309,0.7084,1,0.0973,8032.15,0
696,1979.88,42719,0.7186,6,0.0003,1422.7,0
578,7165.78,11349,0.0609,2,0.1344,436.65,0
664,7167.81,10543,0.3665,3,0.2052,2627.24,1
630,8138.09,10460,0.3667,0,0.1653,2984.1,0
643,10207.88,35553,0.23,9,0.1381,2347.99,0
754,2720.87,29525,0.7494,0,0.0715,2038.99,0
364,2517.3,6948,0.1424,9,0.0727,358.52,0
375,4005.74,15498,0.2054,7,0.0637,822.84,1
442,2732.02,19991,0.0759,7,0.1459,207.39,0
772,6801.7,25974,0.1616,1,0.1257,1099.47,0
716,5541.74,36398,0.4092,3,0.089,2267.82,0
604,9817.37,8660,0.3445,1,0.0405,3381.98,0
796,1845.45,27245,0.2803,7,0.2981,517.33,0
590,11364.34,1238,0.2355,6,0.0986,2676.31,0
401,2888.87,20920,0.2312,6,0.0337,667.88,1
566,4198.83,47659,0.299,9,0.0478,1255.61,0
302,3809.37,10338,0.6924,2,0.0964,2637.45,1
384,7213.66,43517,0.5122,4,0.2262,3694.9,1
627,3681.21,11349,0.4686,0,0.2345,1725.06,0
749,12997.82,47350,0.6181,9,0.1244,8034.42,0
753,10813.0,12643,0.3558,3,0.139,3847.45,0
520,9727.94,29274,0.0854,3,0.1555,830.88,0
453,1795.7,46013,0.5682,0,0.1564,1020.26,1
311,9203.67,41667,0.3737,6,0.2977,3439.19,1
432,7586.36,40913,0.512,4,0.1093,3884.34,1
603,1937.09,39629,0.7908,0,0.0478,1531.85,0
592,1954.53,46819,0.064,4,0.0296,125.01,0
599,1926.62,17632,0.256,7,0.0624,493.27,0
342,1545.59,28144,0.5913,9,0.1364,913.94,1
642,4681.91,13321,0.3914,7,0.0381,1832.42,0
625,16006.52,38091,0.3695,1,0.0945,5914.34,0
797,3809.89,30256,0.4764,0,0.0572,1815.07,0
663,4612.71,24485,0.8577,1,0.0715,3956.14,0
726,15264.3,3860,0.3294,5,0.2878,5027.89,0
320,2678.46,15919,0.155,4,0.1253,415.25,1
706,9320.98,34337,0.1024,3,0.0094,954.69,0
635,4662.07,9411,0.3535,7,0.0582,1647.91,0
416,4871.01,10586,0.1245,4,0.0034,606.27,0
423,3181.34,25312,0.1103,3,0.2568,350.83,1
698,4798.35,24055,0.1939,7,0.0023,930.62,0
350,1803.82,35890,0.175,0,0.0171,315.6,1
623,7286.62,29807,0.2357,8,0.1784,1717.21,0
440,2840.14,21384,0.131,1,0.0719,372.05,0
769,10243.06,48177,0.5352,7,0.0453,5482.51,0
633,3334.52,29925,0.4483,8,0.1049,1494.7,0
672,2116.45,4089,0.3591,9,0.0243,759.98,0
793,6261.35,15242,0.6034,7,0.1037,3778.04,0
838,2219.27,40978,0.3741,8,0.1243,830.33,0
455,7104.5,17433,0.7843,3,0.0642,5571.88,1
590,15282.13,34282,0.3779,1,0.0031,5775.01,0
443,7548.39,11983,0.3173,2,0.0002,2394.85,1
405,1590.82,44738,0.061,7,0.3098,96.96,1
719,5164.02,44578,0.5226,4,0.1062,2698.93,0
301,6255.16,43797,0.1989,3,0.0268,1244.2,0
389,8482.37,5671,0.4502,2,0.0229,3818.53,1
644,1730.53,25133,0.1703,2,0.1369,294.68,0
649,4116.54,44209,0.1596,9,0.0394,656.85,0
758,4566.06,1414,0.2642,9,0.1464,1206.43,0
562,2241.1,48861,0.2393,6,0.0106,536.4,0
650,3057.09,22242,0.1681,7,0.0741,513.94,0
407,3820.86,36184,0.1485,4,0.0727,567.36,1
338,8664.07,39379,0.5452,7,0.6124,4723.41,1
458,12103.33,16231,0.2244,8,0.1958,2715.95,0
611,5459.99,22849,0.7786,3,0.1358,4251.37,1
540,3509.74,42163,0.4991,1,0.1277,1751.62,0
744,2672.29,32676,0.1929,4,0.008,515.58,0
597,17599.69,23056,0.2852,1,0.1765,5019.6,0
335,17802.88,42028,0.4903,9,0.0236,8728.2,0
383,11859.84,20947,0.095,1,0.1153,1126.92,1
751,7660.94,46416,0.2284,5,0.184,1750.07,0
684,3076.79,27040,0.2631,9,0.0201,809.36,0
471,8293.09,47110,0.1822,9,0.1082,1511.16,0
675,3602.36,47978,0.0723,0,0.077,260.56,0
661,3082.69,26282,0.6559,1,0.0849,2021.85,0
440,6963.86,27201,0.3471,4,0.2448,2417.25,1
417,1832.02,7833,0.1834,9,0.0327,336.07,0
576,1699.13,5752,0.22,4,0.0428,373.77,0
519,3876.49,25507,0.6323,9,0.0498,2450.92,0
325,3859.76,21169,0.3261,2,0.0562,1258.56,1
820,10539.79,45746,0.3648,4,0.0965,3844.91,0
309,2039.4,42495,0.3673,8,0.0922,749.1,1
677,2026.29,25930,0.235,1,0.0813,476.2,1
451,2138.11,6023,0.3314,5,0.0182,708.54,0
348,1620.75,1982,0.1275,7,0.1026,206.71,0
453,1797.74,15305,0.1418,2,0.0098,255.0,0
592,5813.71,17146,0.4447,1,0.061,2585.11,0
349,3759.61,12201,0.7204,0,0.6221,2708.4,1
830,7268.97,17910,0.2338,0,0.0705,1699.35,0
359,21123.87,24031,0.2961,3,0.0041,6255.16,0
466,5803.9,24636,0.225,5,0.109,1305.6,1
501,1707.09,18314,0.2307,6,0.0542,393.76,0
445,1941.77,28332,0.6407,7,0.0518,1244.15,0
738,10014.66,19330,0.56,7,0.1486,5608.33,0
541,4498.84,16365,0.4497,9,0.0485,2022.97,0
782,8468.16,44501,0.1902,0,0.0573,1610.42,0
407,9268.81,11108,0.4528,7,0.2206,4196.87,0
525,12006.32,4360,0.3063,9,0.0719,3677.49,0
731,13469.29,43553,0.167,0,0.0456,2249.07,0
718,4737.16,41880,0.3432,2,0.0159,1625.93,0
754,3168.25,49784,0.4475,4,0.3188,1417.87,1
459,14566.48,4625,0.53,9,0.0076,7720.07,0
822,4671.04,39237,0.476,9,0.1129,2223.34,0
376,1765.64,2223,0.5595,7,0.2671,987.81,0
808,5617.58,40878,0.1861,7,0.0131,1045.2,0
740,5043.87,10157,0.272,5,0.0279,1371.87,0
553,10545.5,47019,0.6912,3,0.0838,7289.38,0
619,5735.88,38760,0.0343,3,0.1064,196.82,0
562,3217.3,14646,0.3,7,0.2066,965.07,0
673,15052.22,45638,0.3256,2,0.1063,4900.36,1
466,7970.27,30024,0.5047,7,0.0975,4022.72,0
758,5481.53,5787,0.3867,3,0.1534,2119.94,0
579,2886.48,24202,0.0937,9,0.2121,270.44,0
601,3370.68,44908,0.546,8,0.1508,1840.53,0
830,5934.29,37067,0.7937,1,0.2358,4709.87,0
517,1798.81,10360,0.3014,9,0.1208,542.22,0
401,2686.52,33692,0.4604,0,0.1047,1236.95,1
587,6505.67,40219,0.4225,3,0.0705,2748.56,0
466,4115.85,13941,0.2388,8,0.12,983.05,0
335,3559.29,16993,0.1301,6,0.0276,463.13,0
652,2156.94,15620,0.1608,8,0.2158,346.79,0
372,3832.5,21193,0.1859,8,0.1269,712.48,1
652,7390.76,22248,0.1766,9,0.1673,1305.45,0
369,2726.17,46852,0.512,8,0.1054,1395.87,1
724,1521.65,6027,0.0143,8,0.059,21.8,0
816,5916.57,5260,0.55,6,0.077,3254.03,0
727,15892.73,38596,0.4095,7,0.0592,6507.92,0
838,5234.02,42540,0.3972,1,0.0526,2079.12,0
459,2010.98,10012,0.0915,8,0.117,184.08,0
448,3046.96,26823,0.141,1,0.3097,429.5,1
529,9588.97,9315,0.3362,7,0.2058,3223.55,0
366,2558.82,48027,0.2958,1,0.315,756.94,1
680,5242.87,13631,0.1686,7,0.1981,883.77,0
357,3561.15,19258,0.1974,2,0.1956,703.07,0
558,2431.99,26099,0.1878,1,0.0156,456.84,0
641,8215.3,36891,0.1373,5,0.0191,1127.57,0
429,6932.09,37992,0.3637,5,0.2137,2521.51,1
471,5834.0,32376,0.0938,0,0.063,547.5,0
508,2578.51,11977,0.4172,6,0.0516,1075.78,0
653,1911.93,27694,0.5029,0,0.121,961.56,0
770,4933.59,48376,0.548,3,0.093,2703.67,0
415,4726.86,34978,0.3762,5,0.1791,1778.17,1
563,2334.92,10218,0.1532,7,0.1079,357.72,0
741,1731.56,22788,0.5189,7,0.0235,898.42,0
847,1836.61,21501,0.8033,9,0.0433,1475.38,0
752,21218.61,13453,0.0746,6,0.164,1581.86,0
776,7622.21,39197,0.8141,4,0.1073,6204.97,0
586,11703.54,16210,0.1669,5,0.0142,1953.76,0
602,2367.92,9689,0.1606,7,0.0558,380.35,0
610,14432.76,46489,0.3786,2,0.0632,5463.68,0
507,2115.66,28381,0.3256,5,0.1231,688.91,0
745,4345.91,30508,0.0297,3,0.1748,129.21,0
354,8580.67,43653,0.053,2,0.1919,454.52,0
311,3221.92,22142,0.1869,2,0.0994,602.04,0
699,3712.35,41950,0.3034,3,0.0472,1126.2,0
814,2048.71,9916,0.5588,5,0.0657,1144.72,0
841,2024.64,1375,0.1615,0,0.0622,326.94,0
536,5365.79,32449,0.5542,1,0.1762,2973.85,1
578,6002.28,24797,0.5678,3,0.3127,3408.2,0
647,7508.3,21782,0.256,9,0.1734,1921.83,0
403,4753.87,28028,0.3672,8,0.1073,1745.6,1
816,5651.11,21243,0.338,7,0.0557,1910.27,0
547,1554.44,30379,0.3386,9,0.0754,526.34,0
663,2207.76,38780,0.2425,7,0.0648,535.34,0
620,18276.16,31740,0.132,6,0.3858,2411.79,0
585,1816.14,20984,0.4365,5,0.2513,792.66,1
448,6042.62,1050,0.555,6,0.2598,3353.47,1
383,2274.74,7590,0.3629,5,0.0023,825.45,0
705,6545.26,41205,0.4208,2,0.1131,2753.92,0
755,6396.57,16162,0.527,5,0.0691,3370.78,0
460,2567.33,14105,0.2119,6,0.143,544.14,0
759,2756.84,38499,0.5434,5,0.027,1498.06,0
849,5754.19,37641,0.0732,1,0.0366,421.0,0
799,3477.75,12628,0.4268,5,0.1892,1484.4,0
808,2365.41,43032,0.4139,1,0.3402,979.11,0
780,6762.29,39516,0.1612,0,0.2861,1090.41,0
413,2169.64,22621,0.6993,9,0.0528,1517.25,0
660,9241.88,2476,0.2055,9,0.1007,1899.59,0
640,4391.7,41800,0.5777,9,0.0267,2537.1,0
748,1946.86,36788,0.348,4,0.0727,677.44,0
479,6237.63,25437,0.0972,3,0.2662,606.15,0
706,4428.91,27240,0.5543,8,0.0911,2454.82,0
495,2915.62,46452,0.2774,8,0.0371,808.9,0
765,3696.46,11922,0.2046,8,0.0556,756.34,0
610,2917.21,49154,0.5362,2,0.2307,1564.27,0
561,2720.81,9066,0.2276,9,0.0644,619.14,0
718,2214.63,13089,0.2835,2,0.1932,627.93,0
705,3302.48,33600,0.3398,2,0.0737,1122.09,0
442,2656.0,47176,0.3279,9,0.289,870.89,1
641,6100.9,9167,0.4986,4,0.1155,3041.69,0
615,6106.49,13816,0.1146,5,0.0497,699.79,0
400,4287.34,22164,0.309,5,0.0013,1324.92,0
543,7519.31,21429,0.1518,2,0.0692,1141.09,0
789,8863.96,36001,0.2076,1,0.009,1840.06,0
311,4967.78,32415,0.4889,5,0.2074,2428.98,1
538,5359.14,9117,0.4294,3,0.125,2301.29,0
341,2830.08,48318,0.1339,8,0.0539,378.83,1
728,10510.2,7359,0.1299,1,0.2716,1364.92,0
457,1598.02,15364,0.5153,3,0.0483,823.43,0
515,3214.54,37965,0.3538,1,0.0612,1137.2,1
761,6617.67,29794,0.682,4,0.0468,4513.01,0
433,1833.92,11293,0.4604,2,0.1152,844.31,1
366,2309.29,10332,0.44,3,0.0178,1016.14,1
306,5059.43,1615,0.2287,8,0.1645,1157.25,1
825,4783.86,46612,0.352,9,0.0059,1684.13,0
372,6871.84,13401,0.3394,4,0.031,2332.21,0
698,8198.31,42936,0.3586,8,0.0086,2939.7,0
704,2050.52,30372,0.2942,4,0.2611,603.18,0
429,1574.21,43276,0.3262,9,0.2096,513.46,1
765,6180.07,49322,0.201,8,0.0525,1242.34,0
505,2934.66,3339,0.2557,7,0.0985,750.52,0
565,5433.83,17246,0.1838,0,0.0211,998.7,1
836,2152.64,9109,0.3023,2,0.0992,650.67,0
552,4032.27,24758,0.4409,4,0.0187,1777.68,1
588,4308.14,24091,0.7003,2,0.1048,3017.2,1
463,5018.66,44056,0.0904,9,0.0084,453.72,0
394,4379.36,14317,0.1752,0,0.0028,767.44,0
409,4238.26,17762,0.2455,1,0.1092,1040.45,0
635,3118.27,4465,0.625,1,0.1855,1948.76,1
537,1795.36,26622,0.2576,3,0.1143,462.54,0
680,1875.13,7800,0.1546,5,0.0844,289.94,0
735,3775.08,36539,0.4715,1,0.052,1779.95,0
782,3258.94,37651,0.4507,5,0.0825,1468.94,0
324,4403.8,3600,0.5591,0,0.1682,2462.03,1
416,2954.44,6518,0.6972,7,0.2449,2059.69,1
781,6157.86,20627,0.0819,2,0.1388,504.31,0
691,9479.07,30369,0.3759,7,0.1425,3563.35,1
836,2920.21,32445,0.5067,2,0.0255,1479.57,0
378,2357.65,17689,0.383,0,0.0555,903.07,1
472,1994.01,16923,0.1759,3,0.1165,350.7,0
311,5331.1,39469,0.1436,2,0.1337,765.46,1
427,3846.91,31403,0.282,7,0.1528,1084.97,1
391,2333.1,1958,0.527,0,0.0501,1229.54,1
842,5735.3,41363,0.6043,8,0.0283,3465.57,0
831,2142.94,4538,0.5457,8,0.1789,1169.38,0
746,4732.44,24404,0.0572,5,0.0698,270.51,0
689,4495.89,10983,0.2778,4,0.2067,1248.85,0
342,6800.46,36371,0.4382,4,0.2586,2979.89,1
553,1726.75,25642,0.3504,5,0.0783,604.98,0
429,10252.49,14467,0.475,6,0.2047,4870.36,1
359,6355.98,1205,0.2285,7,0.0285,1452.33,0
766,2474.03,28409,0.1423,2,0.1197,352.07,0
586,2310.45,13442,0.6406,9,0.1112,1480.01,0
816,3760.14,27290,0.1596,0,0.0665,600.13,0
766,8305.45,27108,0.2168,4,0.3342,1800.98,0
644,8904.76,6691,0.3043,0,0.0437,2709.6,0
681,4439.68,39909,0.105,1,0.0928,466.28,0
552,9387.69,20504,0.4128,7,0.0725,3875.26,0
355,1521.83,31162,0.1198,2,0.0754,182.39,1
762,1643.23,40496,0.992,9,0.0636,1630.02,0
756,11213.57,39798,0.1892,3,0.0023,2122.11,0
382,7472.52,22551,0.396,5,0.0208,2959.44,0
398,3896.49,14383,0.3564,7,0.0042,1388.71,1
448,7103.36,17496,0.536,0,0.0229,3807.47,0
628,13961.62,42716,0.2446,1,0.0025,3414.88,0
455,7415.21,10088,0.3753,5,0.0666,2782.98,0
489,8890.05,47982,0.1295,7,0.2671,1151.58,0
793,7218.59,28444,0.0811,7,0.0488,585.61,0
562,2236.71,25734,0.472,2,0.0501,1055.62,0
379,8672.82,42745,0.4392,3,0.0149,3808.86,0
699,2368.19,35571,0.5837,9,0.0076,1382.35,0
559,10425.2,27415,0.5355,3,0.2401,5582.46,0
400,3954.76,16389,0.0677,3,0.1799,267.75,0
658,6020.12,28744,0.2149,1,0.3684,1293.67,1
679,4250.58,19682,0.2285,5,0.0001,971.4,0
520,1894.82,46038,0.5438,7,0.2065,1030.4,1
719,2874.03,35310,0.3248,8,0.0268,933.47,0
423,17974.19,8259,0.434,0,0.0778,7801.47,1
721,14447.62,46168,0.285,0,0.1003,4117.41,0
530,3045.52,13546,0.723,8,0.0904,2202.05,0
362,23894.24,3154,0.508,3,0.1992,12137.8,1
784,8971.57,9766,0.1914,6,0.0829,1717.16,0
782,5276.29,49517,0.255,1,0.0307,1345.6,0
818,1663.81,12230,0.3672,9,0.0102,610.88,0
454,10768.64,18765,0.5908,0,0.1857,6362.12,1
391,4760.62,6902,0.3355,6,0.3139,1597.17,1
825,9614.27,2222,0.2402,5,0.0308,2309.33,0
754,8693.42,28050,0.2523,2,0.0727,2193.56,0
809,8659.19,35269,0.4002,9,0.1099,3465.52,0
482,6291.62,10050,0.8336,3,0.0204,5244.78,0
685,2877.94,49976,0.3781,0,0.0073,1088.1,0
704,3138.86,4574,0.4959,6,0.1154,1556.46,1
545,2975.39,37497,0.2478,8,0.1313,737.42,0
770,1581.0,12157,0.091,0,0.172,143.85,0
722,4994.54,20575,0.4814,1,0.0071,2404.26,0
364,6300.37,41244,0.4261,1,0.1011,2684.62,1
312,9192.92,18945,0.3221,5,0.1576,2961.23,1
512,2104.06,15962,0.8585,4,0.199,1806.4,1
541,4642.66,36290,0.0894,5,0.1986,415.14,1
792,1532.16,36159,0.304,0,0.0598,465.74,0
512,1899.7,25852,0.2693,5,0.0314,511.55,0
637,1722.95,31684,0.3106,5,0.1187,535.18,0
472,6670.9,45842,0.2095,6,0.3902,1397.55,0
463,1838.14,12796,0.2533,1,0.2797,465.63,1
764,6541.51,25450,0.5412,5,0.226,3540.03,1
796,2648.73,35846,0.1432,8,0.0246,379.36,0
694,9905.54,46037,0.3766,8,0.0576,3730.47,0
607,8209.8,48130,0.6822,1,0.1139,5601.0,1
482,14164.21,18504,0.2812,4,0.0071,3983.18,0
809,10108.46,46728,0.082,6,0.2143,829.32,0
845,12331.97,31041,0.2674,4,0.0109,3297.67,0
526,9328.68,11715,0.2545,2,0.0027,2374.33,0
735,6228.61,22803,0.5726,0,0.0793,3566.8,0
721,2246.57,4370,0.1575,6,0.0024,353.85,0
320,2768.21,2908,0.0474,7,0.0579,131.21,1
696,2456.72,38075,0.1866,5,0.0889,458.5,0
404,5201.18,22134,0.3732,6,0.095,1941.16,0
491,4301.65,45065,0.1548,8,0.0004,666.05,0
316,9572.03,4587,0.3695,1,0.3834,3536.5,1
419,13702.69,31023,0.3672,4,0.1941,5032.21,0
692,3575.83,46153,0.2844,2,0.0451,1016.96,0
724,4323.72,3413,0.2882,1,0.0221,1246.03,0
428,15733.7,26038,0.4423,2,0.0016,6958.63,0
429,2793.18,23555,0.4808,3,0.0421,1342.89,1
328,7788.39,11952,0.4275,1,0.2141,3329.74,1
396,2520.81,4457,0.3721,1,0.2527,937.98,1
309,6076.03,9464,0.2496,7,0.0122,1516.73,1
541,2670.06,2150,0.1883,2,0.1853,502.89,0
531,10107.48,48305,0.1457,2,0.1013,1473.04,0
583,4797.38,33264,0.4115,3,0.1811,1974.25,0
499,2322.85,41222,0.2113,4,0.1541,490.71,0
378,2516.31,48553,0.1693,2,0.0294,425.92,1
472,4223.68,45349,0.5886,5,0.0265,2486.01,0
766,14539.0,33786,0.3749,9,0.2231,5450.77,0
715,7372.49,10808,0.1596,2,0.0778,1176.67,0
748,4180.14,39345,0.3997,7,0.0729,1670.96,0
386,3148.26,5081,0.4355,3,0.0521,1370.93,0
400,4687.53,40222,0.6128,4,0.1478,2872.51,1
307,7019.04,9933,0.1037,2,0.0133,727.75,1
499,7628.59,3671,0.4177,4,0.0453,3186.33,0
804,3069.85,44739,0.5654,6,0.0249,1735.65,0
386,6608.46,48738,0.181,2,0.2456,1195.9,1
342,5789.31,32217,0.0641,2,0.163,370.91,1
684,14287.7,40155,0.2842,0,0.0142,4060.29,0
734,12199.83,40601,0.0639,1,0.2229,779.92,0
707,7730.79,20008,0.3321,3,0.0993,2567.67,0
782,6640.65,22883,0.2876,8,0.1188,1909.94,0
316,2781.05,34282,0.0592,2,0.0204,164.51,1
447,8982.31,33974,0.2189,9,0.1458,1966.48,1
576,3731.01,34715,0.5767,4,0.0008,2151.83,0
531,2771.14,44401,0.3636,8,0.0837,1007.49,0
665,3439.08,16380,0.4103,3,0.2267,1410.92,1
527,8729.98,19212,0.4166,3,0.3411,3637.34,0
735,2143.65,29174,0.6105,5,0.1133,1308.78,0
698,3936.39,7861,0.4761,6,0.1166,1874.22,0
510,4211.91,7094,0.1021,5,0.0904,429.92,0
690,1649.27,40113,0.4849,3,0.3248,799.72,0
798,2371.36,47728,0.6636,6,0.2429,1573.65,0
839,8511.9,25363,0.242,9,0.0016,2059.65,0
790,8605.92,23310,0.2883,2,0.1084,2481.26,0
741,2883.59,40300,0.3297,2,0.1445,950.79,0
560,9814.48,6943,0.4845,6,0.0146,4754.79,0
649,7409.83,15569,0.3371,5,0.206,2497.6,0
651,3664.5,43616,0.3304,1,0.0034,1210.83,0
819,7019.76,9793,0.4212,0,0.1167,2956.64,0
619,14511.24,39207,0.1542,5,0.3527,2238.32,0
437,3957.12,26287,0.0507,8,0.0497,200.81,0
849,2589.48,34971,0.1597,2,0.0242,413.64,0
667,12876.61,43351,0.4541,8,0.0598,5847.17,0
519,5202.78,48179,0.1345,5,0.2097,699.86,1
636,1944.91,32369,0.237,3,0.125,460.96,0
522,4900.91,24023,0.1471,9,0.1203,720.77,0
659,4277.24,46885,0.3419,9,0.0654,1462.23,0
628,9240.36,24897,0.4902,9,0.1185,4529.71,0
762,4526.01,24010,0.1945,1,0.2517,880.49,0
681,2678.73,41154,0.1387,8,0.2272,371.58,0
468,6003.66,36899,0.4295,4,0.0183,2578.74,1
516,4628.57,21114,0.5492,4,0.1898,2541.91,0
677,2561.31,20050,0.3223,1,0.0895,825.49,0
418,4909.77,22125,0.3665,4,0.2556,1799.37,1
489,8393.46,29558,0.0493,5,0.0582,413.58,0
669,1615.95,45846,0.125,1,0.0041,202.04,0
448,5486.22,21396,0.6643,0,0.0781,3644.56,0
787,3220.58,28125,0.6572,5,0.1723,2116.61,1
673,2885.04,23580,0.4017,8,0.3089,1159.06,1
459,3494.19,39973,0.1893,8,0.2588,661.37,0
650,3174.34,24574,0.2419,8,0.1081,767.84,0
587,8640.86,25619,0.5616,4,0.051,4852.38,0
587,2785.22,14869,0.5213,9,0.0809,1451.97,0
525,6784.32,1658,0.3054,0,0.144,2071.97,0
822,1895.13,48150,0.1413,2,0.0623,267.83,0
821,13596.23,13122,0.4451,7,0.0277,6051.06,0
572,5394.8,44827,0.0825,8,0.0142,444.9,0
701,6406.49,14335,0.8438,3,0.0161,5405.52,0
482,2915.51,22677,0.3823,2,0.2067,1114.71,1
787,3624.77,29223,0.454,1,0.0356,1645.81,0
423,2513.27,30814,0.7369,4,0.1566,1851.93,1
713,12284.65,19075,0.1502,1,0.0509,1845.33,0
471,4178.54,44185,0.0957,8,0.0393,400.01,0
587,5481.86,12258,0.1762,9,0.0058,965.69,0
734,6801.13,31527,0.1316,8,0.2457,894.92,0
412,3355.17,11139,0.4569,2,0.1298,1532.96,1
421,6593.32,43325,0.4166,3,0.1206,2746.74,1
843,6007.95,41503,0.1605,8,0.2708,964.3,0
521,6392.07,20514,0.0908,0,0.0543,580.09,0
338,4187.34,21917,0.1437,6,0.0263,601.54,1
796,3431.14,30097,0.3405,1,0.2796,1168.23,0
532,2504.54,18788,0.2841,8,0.036,711.46,0
829,8463.35,26061,0.117,2,0.0784,989.88,0
448,5249.55,10947,0.2572,5,0.0044,1349.94,0
696,3850.48,16544,0.2212,4,0.1211,851.85,0
601,13029.32,21014,0.1525,1,0.1095,1986.39,0
659,1696.08,15795,0.2457,8,0.0057,416.68,0
537,9093.07,33632,0.211,2,0.0945,1918.24,0
535,25600.24,20352,0.4126,5,0.1247,10562.58,0
502,10219.42,24653,0.4463,8,0.126,4560.94,0
555,8152.13,2579,0.3414,7,0.0499,2783.44,0
534,3375.58,32758,0.3955,9,0.0344,1335.19,0
644,2552.29,44755,0.1436,4,0.1135,366.6,0
833,6809.85,39760,0.1618,5,0.0251,1101.52,0
765,2952.93,33818,0.4935,2,0.1018,1457.18,0
840,2274.53,7452,0.2501,4,0.3985,568.81,0
512,7676.96,38921,0.6152,5,0.1396,4722.6,0
762,2999.03,16340,0.5346,2,0.0319,1603.33,0
735,11334.23,47668,0.386,9,0.1238,4375.41,0
582,8846.17,48738,0.201,1,0.3365,1777.81,0
762,9026.05,3787,0.0224,9,0.0951,202.61,0
706,7406.1,47149,0.2307,8,0.308,1708.39,0
387,10010.54,49357,0.2986,6,0.1208,2989.57,1
343,8054.37,16839,0.1406,3,0.4184,1132.44,1
760,5190.36,3155,0.1204,2,0.0397,624.96,0
577,2902.9,8019,0.5278,3,0.0507,1532.09,0
720,10264.5,21614,0.1937,8,0.3326,1988.56,0
652,8845.44,27190,0.2327,8,0.1378,2058.57,0
814,4061.3,41375,0.4796,5,0.0441,1947.99,0
318,1659.45,11928,0.5018,8,0.0787,832.78,0
322,5570.46,49425,0.6521,8,0.0726,3632.39,1
712,1707.69,9598,0.7055,5,0.2471,1204.79,1
329,11929.92,45339,0.3982,4,0.0228,4750.12,1
407,14542.05,21581,0.3433,2,0.1228,4991.7,1
666,2340.37,49974,0.5547,0,0.0824,1298.09,1
580,6012.86,45655,0.3244,3,0.1344,1950.69,0
427,1887.23,48796,0.1907,0,0.1018,359.85,1
528,6730.18,49743,0.7012,0,0.0367,4719.47,1
410,3206.48,47607,0.3141,5,0.0891,1007.23,0
435,6070.89,14919,0.2029,4,0.0942,1231.48,0
661,3366.45,39180,0.2054,6,0.1208,691.39,0
485,2129.27,5499,0.5956,0,0.0124,1268.18,1
428,3584.24,38677,0.2194,0,0.0805,786.32,0
560,1978.17,49246,0.4654,7,0.2897,920.56,1
814,4940.43,44862,0.4485,5,0.1118,2215.72,0
748,1667.25,26602,0.2581,7,0.0016,430.32,0
403,4497.34,30692,0.7323,5,0.0647,3293.24,1
782,10199.18,41422,0.515,5,0.0883,5252.11,0
523,8777.51,49750,0.0816,9,0.1219,716.42,0
790,10074.87,22760,0.592,6,0.1361,5964.03,0
772,11706.69,3920,0.2511,1,0.0532,2939.22,0
309,1941.62,25085,0.1561,2,0.0978,303.14,1
704,2051.29,23925,0.2078,3,0.0219,426.29,0
601,4756.8,6615,0.4476,0,0.02,2129.25,0
530,10476.23,38083,0.0685,8,0.1738,717.9,0
365,16152.76,46228,0.4176,8,0.0024,6744.86,0
411,1689.46,3783,0.3722,3,0.155,628.89,0
312,3258.82,10605,0.4434,0,0.1019,1444.81,1
692,2457.57,46557,0.3191,0,0.204,784.18,1
799,7141.79,45608,0.2231,5,0.0677,1593.27,0
533,5588.76,20192,0.2146,1,0.0389,1199.08,0
613,2010.82,4331,0.61,0,0.0102,1226.67,1
311,4142.89,32856,0.2986,9,0.1067,1237.09,1
508,6126.33,3846,0.2079,1,0.0071,1273.42,0
313,7538.47,34697,0.1887,6,0.1791,1422.84,1
717,1581.03,38586,0.0789,3,0.0112,124.77,0
736,10346.21,36030,0.3018,6,0.0882,3122.18,0
676,4869.2,13775,0.2188,6,0.1333,1065.47,0
319,8183.32,8549,0.5049,3,0.0109,4131.4,0
369,8099.75,23437,0.3077,1,0.2321,2492.34,1
510,2342.16,24958,0.3915,8,0.1724,916.96,0
400,1966.91,25243,0.1828,9,0.1042,359.5,0
431,6610.29,43177,0.2894,9,0.0774,1913.21,0
680,2180.43,43424,0.2213,2,0.0234,482.61,0
431,9086.81,29984,0.6255,0,0.0424,5684.16,0
319,6681.28,37942,0.5091,7,0.1542,3401.21,1
835,8876.22,38538,0.5602,3,0.3177,4972.05,0
526,2921.06,6833,0.1604,8,0.0041,468.59,0
453,3022.69,24386,0.6552,7,0.0031,1980.32,0
768,5949.48,35813,0.38,6,0.2088,2261.09,0
704,1627.8,34805,0.1872,8,0.1151,304.67,0
501,6685.77,7242,0.3087,1,0.1028,2063.86,1
337,8726.27,29704,0.0275,3,0.151,239.88,0
487,3645.69,43419,0.3202,4,0.0524,1167.43,0
356,7290.62,25832,0.0686,4,0.0526,500.44,1
319,2267.6,13321,0.5045,0,0.0455,1143.91,1
572,3055.97,39930,0.6681,8,0.0461,2041.57,0
418,16145.83,33407,0.1483,8,0.1305,2394.1,0
815,18669.67,5073,0.0991,4,0.0198,1850.18,0
520,4374.72,18667,0.3183,9,0.261,1392.58,0
825,12388.79,17035,0.6855,2,0.3391,8492.98,0
814,4458.7,7732,0.1774,7,0.1235,790.84,0
635,2878.92,4487,0.064,6,0.0889,184.29,0
354,2741.89,35952,0.1408,4,0.0519,385.97,1
799,12108.89,30425,0.2398,0,0.093,2903.57,0
835,2257.13,47658,0.1373,6,0.025,309.84,0
461,4966.5,20571,0.0888,0,0.0171,441.12,0
458,4743.45,30075,0.6645,0,0.0365,3152.21,1
487,6882.48,43185,0.1212,8,0.0026,834.2,0
359,4266.54,6495,0.125,5,0.0524,533.33,0
618,2771.39,19681,0.2052,6,0.175,568.62,0
510,2242.41,15781,0.2066,1,0.0361,463.35,0
705,5378.96,40865,0.3917,7,0.151,2107.18,1
408,6577.47,9469,0.5437,6,0.2397,3576.36,1
375,4871.43,46167,0.0825,4,0.1429,401.83,1
841,6863.01,17202,0.3244,7,0.3532,2226.5,0
613,2110.37,20928,0.3346,1,0.133,706.06,0
416,10064.25,11985,0.2069,5,0.0876,2082.47,1
318,4992.88,40599,0.1754,3,0.1604,875.66,1
731,2042.56,17775,0.453,6,0.1436,925.24,0
649,3979.03,1968,0.3733,5,0.0952,1485.43,0
482,8951.95,11382,0.4248,5,0.3735,3802.67,1
412,10614.0,6151,0.1823,4,0.1067,1935.45,0
482,2729.63,27804,0.5207,4,0.0391,1421.27,1
780,6469.0,44586,0.4924,1,0.1449,3185.04,0
445,1921.38,33259,0.6676,6,0.0402,1282.71,1
412,1636.49,21748,0.3864,6,0.4785,632.41,1
775,4787.55,20691,0.1999,7,0.0056,957.27,0
602,6247.51,33020,0.326,3,0.0368,2036.61,0
417,7854.36,44560,0.7389,8,0.1294,5803.26,1
460,3163.37,28256,0.3446,9,0.0048,1090.09,0
700,1526.19,7125,0.2287,2,0.1172,349.07,1
497,4112.01,5370,0.2792,2,0.0427,1148.19,0
559,1563.92,5838,0.2824,1,0.1383,441.57,1
346,1885.98,49943,0.3019,9,0.048,569.39,0
698,3082.19,4134,0.3057,6,0.16,942.21,0
377,3799.13,46459,0.613,9,0.0682,2328.89,0
423,2811.07,44199,0.3242,1,0.0995,911.25,1
374,4987.81,12556,0.2037,6,0.0055,1016.09,0
436,1727.76,34822,0.0674,2,0.1601,116.48,1
699,2124.65,28977,0.2548,0,0.0688,541.26,0
804,6253.16,21113,0.3605,7,0.0619,2254.39,0
799,2113.26,31566,0.3487,7,0.0594,736.79,0
437,5584.11,3669,0.5577,9,0.1439,3114.39,1
349,1724.95,17081,0.6283,0,0.3623,1083.74,1
553,3592.82,13938,0.2346,5,0.0277,842.93,0
725,2281.19,6717,0.3079,3,0.0155,702.35,0
846,1964.5,13282,0.3162,4,0.4181,621.25,0
601,4848.37,48659,0.2108,7,0.031,1022.2,0
648,12043.05,43065,0.3678,7,0.0542,4429.73,0
348,1725.38,15201,0.6282,6,0.1237,1083.88,1
373,3689.64,17289,0.3173,4,0.0747,1170.86,0
560,6417.65,25406,0.3611,5,0.0156,2317.49,0
655,3984.7,32286,0.3531,7,0.1818,1406.93,0
559,8069.83,13873,0.6917,4,0.0211,5581.63,0
594,2292.07,17512,0.0689,2,0.0954,157.93,0
612,14335.13,29927,0.1852,8,0.0368,2654.4,0
481,3445.59,24461,0.5623,8,0.0537,1937.44,0
663,3171.59,21710,0.1952,9,0.0179,619.08,0
487,9805.17,20952,0.2852,0,0.1958,2796.39,1
842,4819.23,14448,0.2129,6,0.0063,1025.83,0
847,4406.36,16198,0.1061,3,0.0347,467.43,0
707,6692.81,8622,0.1886,5,0.1334,1262.39,0
713,4968.42,41848,0.166,6,0.0496,824.82,0
641,2209.41,3402,0.3363,7,0.1145,743.1,0
519,5985.86,37324,0.4984,4,0.2134,2983.56,1
462,2073.03,29467,0.2711,4,0.0278,562.04,1
519,8056.66,35961,0.2188,5,0.1201,1762.59,0
569,19816.68,44007,0.3305,6,0.023,6548.95,0
699,3395.32,21739,0.358,4,0.5067,1215.48,1
481,3853.39,19518,0.2629,4,0.1308,1013.12,0
504,1690.19,27547,0.4381,3,0.0609,740.44,0
527,1555.31,29936,0.2133,0,0.1032,331.78,1
549,11674.52,21287,0.0914,6,0.2377,1067.5,1
740,2050.73,42351,0.4826,6,0.0334,989.6,0
832,3860.77,26476,0.1591,5,0.0343,614.17,0
495,8257.27,13875,0.1729,9,0.078,1427.59,0
818,10304.4,11686,0.4502,1,0.0989,4638.77,0
369,4430.86,18536,0.0813,1,0.0417,360.16,0
698,4829.94,35062,0.5663,5,0.2806,2735.0,0
502,5930.82,49216,0.1611,8,0.0377,955.48,0
447,14516.2,26041,0.3814,4,0.0915,5535.86,0
771,5191.95,32653,0.2967,6,0.0346,1540.26,1
498,4779.15,22673,0.3508,1,0.0412,1676.66,0
725,1558.56,11367,0.1455,5,0.1182,226.8,0
791,1837.66,20629,0.4024,5,0.1251,739.44,0
441,4943.16,47105,0.41,9,0.1038,2026.79,1
612,12510.54,24100,0.4913,5,0.1445,6146.01,1
464,9560.35,7654,0.2231,5,0.0053,2132.67,0
613,17700.3,26063,0.343,3,0.433,6071.64,1
320,4501.7,20322,0.5819,4,0.0213,2619.44,1
381,7703.37,20010,0.2009,3,0.0235,1547.47,0
430,8840.35,13693,0.6721,5,0.0153,5941.94,0
604,5676.86,10241,0.1062,8,0.1417,602.87,0
670,3154.49,30778,0.5144,4,0.0444,1622.74,1
683,4039.35,37843,0.2172,4,0.1057,877.36,0
744,9305.38,13651,0.2036,2,0.0018,1895.02,0
724,2918.41,26966,0.3324,6,0.4783,969.94,0
460,11794.59,10275,0.5991,4,0.1841,7065.66,1
477,2544.45,46606,0.1814,1,0.0138,461.53,0
789,7037.45,2658,0.3354,8,0.0195,2360.47,0
626,5483.06,29963,0.4476,4,0.0788,2454.26,1
588,7038.77,7932,0.3635,6,0.0974,2558.81,0
653,3800.37,15248,0.3608,6,0.0071,1371.25,0
327,12290.88,25437,0.1256,9,0.065,1543.95,0
342,5503.83,40727,0.0569,7,0.1631,313.12,1
722,2860.37,19201,0.3491,3,0.2108,998.5,0
476,5569.48,42150,0.4391,6,0.0833,2445.65,0
828,2852.06,25355,0.2165,2,0.1225,617.61,0
793,2890.48,15999,0.1252,8,0.2031,361.9,0
497,3540.63,7376,0.4884,7,0.2556,1729.38,0
816,9153.82,4476,0.2925,9,0.3336,2677.8,0
813,4274.97,5366,0.5612,8,0.1712,2398.91,0
321,6044.02,49974,0.2689,1,0.1724,1625.08,1
411,3490.11,26733,0.4337,3,0.366,1513.77,1
356,2723.96,13458,0.0674,0,0.1258,183.62,1
365,13872.51,33795,0.6231,7,0.0208,8644.34,0
397,5201.14,21615,0.0747,3,0.0266,388.6,1
443,12369.45,12164,0.3028,3,0.0481,3745.44,0
734,2409.68,40316,0.8458,6,0.0935,2038.21,0
385,2135.49,4024,0.3055,5,0.0156,652.41,0
643,9246.85,30559,0.4845,2,0.0093,4480.53,0
593,6069.22,2264,0.0201,7,0.1546,121.82,0
542,2326.02,10047,0.1495,1,0.0928,347.69,0
331,2755.34,45985,0.4041,0,0.0039,1113.57,1
690,7951.05,7587,0.0634,1,0.1752,503.83,0
576,3919.58,7577,0.5632,8,0.1285,2207.47,0
831,5941.21,18635,0.4811,4,0.0562,2858.57,0
453,3032.97,46564,0.0191,4,0.1314,57.9,0
682,3420.09,4870,0.41,5,0.2055,1402.27,0
367,20216.37,35094,0.1418,2,0.1141,2867.12,1
513,2638.04,10217,0.3922,0,0.0053,1034.65,0
675,4324.58,18602,0.2569,7,0.0888,1111.06,0
512,8941.93,1605,0.0778,6,0.0727,695.72,0
378,2593.66,23343,0.1283,7,0.1637,332.84,1
680,3646.04,14003,0.16,8,0.0403,583.43,0
357,5319.0,44257,0.3964,1,0.0436,2108.19,1
325,4124.86,33089,0.7265,4,0.0645,2996.55,1
746,3961.06,18661,0.6851,1,0.1368,2713.62,0
365,3300.87,17782,0.4424,7,0.0873,1460.25,0
553,5033.81,31029,0.1168,3,0.0163,587.86,0
343,5416.63,14487,0.0153,3,0.0006,83.11,0
396,5737.06,48501,0.3981,9,0.1215,2283.74,1
526,1791.87,40042,0.0844,7,0.0317,151.22,0
735,5488.21,23065,0.5757,6,0.0095,3159.66,0
678,13750.67,11844,0.1681,0,0.1739,2312.13,0
477,4614.7,20323,0.1356,6,0.116,625.79,0
726,6524.81,26397,0.3463,9,0.0162,2259.29,0
606,4754.33,46957,0.1715,2,0.0717,815.13,0
803,9216.94,18328,0.6861,4,0.0834,6323.65,0
567,12113.29,44739,0.3111,7,0.0091,3768.97,0
307,2314.44,39733,0.3056,5,0.1412,707.36,1
807,3796.91,46389,0.4781,7,0.0188,1815.23,0
775,3492.84,30715,0.3704,4,0.0329,1293.6,0
596,3578.22,40116,0.4617,9,0.107,1652.08,0
463,2036.52,18580,0.6242,8,0.0861,1271.1,1
784,8219.78,1823,0.1605,5,0.2957,1318.9,0
371,1645.69,27472,0.488,8,0.0917,803.16,1
537,4505.03,8084,0.3862,3,0.1589,1740.04,0
403,5837.4,13455,0.1288,1,0.0256,751.75,1
509,2430.1,11607,0.1804,7,0.1568,438.29,0
767,10951.47,17919,0.4287,4,0.2611,4695.41,0
753,8794.22,48004,0.7522,1,0.2225,6615.34,0
567,4047.7,20394,0.5572,5,0.0086,2255.48,0
685,3618.33,11819,0.1191,2,0.0002,430.85,0
686,2579.72,12969,0.4007,0,0.2233,1033.69,0
558,6737.23,18333,0.1578,5,0.0616,1063.18,0
582,2065.07,12700,0.3553,7,0.0217,733.75,0
339,6060.71,32792,0.3277,0,0.1278,1986.14,1
785,8892.23,34311,0.3396,2,0.0843,3019.97,0
519,2537.53,37668,0.1849,5,0.0871,469.17,0
428,9552.44,12945,0.0835,9,0.0964,797.45,1
819,1635.56,37992,0.7575,2,0.3575,1238.87,1
559,11257.63,47526,0.6316,6,0.0473,7109.92,0
665,2003.9,48717,0.3735,5,0.0066,748.49,0
843,5651.11,36634,0.3317,8,0.3126,1874.4,0
823,2651.17,19630,0.3706,5,0.0414,982.6,0
315,8745.05,42036,0.6207,6,0.0212,5427.76,1
428,4372.22,25944,0.2711,1,0.0644,1185.22,0
408,2081.22,24360,0.27,9,0.2837,562.0,0
832,4885.11,13813,0.2836,3,0.0506,1385.54,0
568,3596.2,5601,0.2287,4,0.0118,822.45,0
461,5832.31,13930,0.2412,1,0.1032,1406.88,0
559,10045.01,5333,0.5882,9,0.0661,5907.97,1
401,3606.39,6399,0.363,9,0.1304,1308.97,0
805,2869.29,18839,0.2406,9,0.3136,690.24,0
546,1558.49,41204,0.3176,6,0.2022,494.97,1
836,4921.15,21195,0.1163,3,0.0991,572.08,0
430,3558.5,28848,0.2951,8,0.0187,1050.27,0
652,3377.77,24693,0.4267,7,0.246,1441.15,0
495,2308.15,48715,0.1528,9,0.0917,352.66,1
681,3748.86,47729,0.0587,8,0.2706,220.14,0
526,18152.71,41854,0.5366,7,0.0801,9740.61,0
775,2913.89,37450,0.1491,4,0.2036,434.53,0
776,5162.21,2854,0.3444,8,0.3184,1777.96,0
564,7493.14,32558,0.4154,4,0.3243,3112.44,0
671,7031.73,3985,0.2951,7,0.223,2074.71,0
785,3094.6,44585,0.1751,3,0.0627,541.82,0
733,5275.27,20278,0.3233,4,0.2585,1705.48,0
510,9699.99,41264,0.426,3,0.1363,4132.15,1
676,1562.27,34326,0.5949,1,0.0385,929.39,0
694,3788.92,20280,0.2349,3,0.1764,890.12,0
749,2515.82,35022,0.3452,4,0.1049,868.53,0
663,3468.23,16667,0.4222,5,0.0869,1464.26,0
756,3651.35,19065,0.21,3,0.0268,766.81,0
525,6992.26,49846,0.2804,9,0.1109,1960.65,0
430,1894.08,22655,0.4438,3,0.1325,840.59,1
775,4374.55,11006,0.1982,5,0.0288,866.99,0
576,4822.24,7283,0.2135,6,0.079,1029.69,0
455,4226.12,42622,0.3854,6,0.1059,1628.58,1
517,6765.18,46076,0.1201,3,0.116,812.33,0
489,3436.68,4325,0.2782,4,0.2249,956.14,0
716,13099.29,31783,0.1455,2,0.0907,1906.06,0
845,4129.6,4143,0.1652,4,0.0593,682.12,0
340,4887.19,36805,0.276,9,0.0231,1348.95,1
606,8484.03,13417,0.1427,4,0.1462,1210.96,1
637,2787.64,32300,0.2015,3,0.3341,561.61,0
613,1812.72,27526,0.4497,5,0.0038,815.15,0
374,6421.05,29896,0.1521,4,0.0163,976.43,1
578,4138.94,38443,0.7786,7,0.122,3222.4,0
475,10572.9,28606,0.3953,1,0.0866,4179.15,0
572,17723.58,40916,0.5238,5,0.345,9283.23,1
588,3537.37,8551,0.367,1,0.1046,1298.13,0
571,3647.58,36436,0.4523,5,0.0676,1649.92,0
365,3596.74,48680,0.5314,3,0.4647,1911.43,1
782,3069.53,3246,0.4518,0,0.1119,1386.83,0
547,7587.3,40421,0.2289,5,0.1061,1736.79,0
455,7191.76,44901,0.5104,2,0.1448,3670.55,0
346,4105.3,8649,0.4807,6,0.0222,1973.22,0
753,1682.76,42209,0.4936,2,0.095,830.54,0
500,2981.7,1888,0.0684,9,0.0542,203.83,0
423,2882.96,42983,0.1756,3,0.1097,506.23,0
300,8165.88,30424,0.2884,8,0.1107,2354.74,1
490,1866.6,42559,0.3779,6,0.301,705.34,0
815,8052.9,12075,0.5053,3,0.0839,4068.96,0
741,5924.77,23699,0.3966,1,0.0933,2349.84,1
442,6773.67,48972,0.4577,4,0.0639,3100.41,1
490,3764.04,10950,0.1669,7,0.012,628.32,0
832,6054.31,6413,0.3624,1,0.0388,2194.22,0
526,5256.49,40305,0.2097,8,0.0536,1102.25,0
612,7361.01,4569,0.5119,4,0.0162,3767.96,0
601,3867.92,2242,0.26,5,0.0939,1005.54,0
759,4060.9,38097,0.1159,6,0.031,470.62,0
700,5626.54,31085,0.5066,8,0.1083,2850.28,1
692,1957.5,11487,0.4326,6,0.0236,846.87,0
506,3792.54,19309,0.2654,3,0.0116,1006.4,0
509,15795.19,31771,0.369,4,0.0057,5828.08,0
414,1653.1,27638,0.313,2,0.1112,517.5,1
550,3019.22,37163,0.3811,0,0.0249,1150.52,0
518,3008.15,22615,0.3971,2,0.0137,1194.68,0
706,5514.64,9039,0.3817,0,0.0784,2105.21,0
742,1947.3,9198,0.2216,4,0.0065,431.46,0
653,5461.3,35354,0.2187,6,0.0203,1194.4,0
849,1899.46,4824,0.3275,8,0.0908,621.99,0
441,1899.08,24999,0.1765,3,0.0878,335.1,1
800,6710.51,4436,0.1007,9,0.156,675.67,0
846,3067.05,29014,0.3769,9,0.0221,1155.99,0
841,16663.29,41857,0.2851,0,0.1181,4750.83,0
806,1652.27,17057,0.533,6,0.242,880.73,0
580,3855.92,2310,0.1904,2,0.2595,734.27,0
723,1980.25,10819,0.5351,0,0.0076,1059.6,0
569,3231.63,49233,0.218,3,0.2115,704.61,1
453,26830.08,14457,0.551,8,0.0392,14783.58,0
382,10287.23,1477,0.1417,5,0.0979,1457.6,0
725,1698.12,9906,0.4879,5,0.0047,828.49,0
574,4813.63,10868,0.2372,6,0.0536,1141.62,0
583,5674.48,19546,0.1521,0,0.0527,863.05,0
472,2440.53,34276,0.1863,4,0.0602,454.78,1
626,2127.11,8319,0.2061,3,0.0443,438.37,0
362,10889.54,34149,0.1267,3,0.0928,1380.14,0
372,15371.46,49055,0.2071,6,0.0099,3183.89,0
674,20760.04,2845,0.0898,1,0.298,1863.94,0
807,7738.06,24684,0.2678,4,0.2316,2072.2,0
697,5856.65,30858,0.4072,6,0.0494,2384.87,0
419,3196.94,46330,0.1261,2,0.0234,403.12,0
736,2252.06,43678,0.0993,1,0.0923,223.62,1
764,1829.1,27667,0.6273,0,0.0589,1147.42,0
585,6227.51,26293,0.5655,4,0.0017,3521.49,0
564,7643.33,25893,0.1413,4,0.1376,1080.23,0
619,8505.24,5629,0.6538,3,0.0132,5561.03,0
675,11302.72,6704,0.5712,7,0.1663,6455.63,0
388,9978.71,2776,0.5905,1,0.1107,5892.3,0
502,34538.94,49281,0.6372,3,0.0666,22007.71,0
633,2619.19,48996,0.3099,4,0.0077,811.69,0
521,7263.98,32236,0.5885,8,0.0197,4275.05,0
340,5032.0,2244,0.1645,2,0.0094,827.68,0
367,2711.16,2333,0.4691,0,0.076,1271.81,1
813,17548.55,4669,0.3163,3,0.155,5550.41,0
426,10627.14,18584,0.2308,9,0.0203,2452.72,0
554,2050.23,49347,0.3963,5,0.2175,812.53,1
315,1606.03,28277,0.8358,6,0.2044,1342.33,1
776,6163.25,2933,0.4795,3,0.1915,2955.24,0
361,5206.68,34514,0.1485,3,0.1146,773.14,1
731,12483.98,42800,0.1582,5,0.03,1974.93,0
567,2566.32,25357,0.1153,0,0.0506,295.94,0
334,1852.65,28071,0.5841,4,0.0777,1082.2,1
793,2700.18,7827,0.4405,2,0.2009,1189.47,0
768,1576.44,31844,0.2155,7,0.1486,339.66,0
624,1646.21,49965,0.3475,4,0.1509,572.1,0
603,11353.73,26664,0.1275,6,0.051,1447.39,0
575,3235.56,1792,0.3428,7,0.0525,1109.18,0
500,3616.02,40695,0.1149,7,0.1097,415.62,0
744,1574.17,18651,0.3641,1,0.136,573.15,0
623,2761.7,43510,0.8618,1,0.2183,2379.97,0
334,8033.41,40137,0.1873,9,0.1193,1504.66,1
781,5323.15,48568,0.1104,4,0.0375,587.42,0
779,7106.13,20074,0.433,2,0.0287,3077.26,0
364,3871.14,8874,0.571,9,0.1662,2210.33,1
307,2982.69,17676,0.6035,0,0.0446,1800.04,1
600,4137.38,40632,0.0608,7,0.0943,251.35,0
642,3060.76,37790,0.5893,5,0.0117,1803.67,1
730,8804.69,19032,0.0922,2,0.11,811.78,0
723,2913.43,31885,0.676,7,0.1191,1969.49,0
631,5812.46,12008,0.4557,0,0.1909,2648.78,0
737,2089.28,45870,0.12,2,0.0873,250.61,0
473,6144.5,49110,0.213,8,0.0645,1309.04,0
826,11281.19,44878,0.3312,5,0.0182,3736.59,0
325,5251.93,6171,0.3645,0,0.2647,1914.08,1
705,4782.61,10589,0.1693,8,0.0483,809.83,0
531,14488.92,19077,0.1867,6,0.0174,2705.41,0
832,5448.96,7710,0.4617,0,0.0223,2516.04,0
849,2701.99,21236,0.2022,0,0.0367,546.46,0
804,2883.45,39227,0.0677,4,0.0661,195.09,0
478,6387.28,15937,0.3648,3,0.1079,2329.8,0
431,6818.7,10754,0.4159,7,0.1204,2835.64,0
754,2946.73,26688,0.1473,1,0.0755,434.0,0
647,3194.58,8048,0.1904,5,0.036,608.31,0
839,20367.32,23568,0.2884,7,0.0358,5874.43,0
705,1930.13,33047,0.6351,0,0.2046,1225.81,0
375,3574.39,10483,0.5763,2,0.0467,2060.02,0
791,1757.93,18545,0.0831,0,0.074,146.02,0
493,8383.23,18413,0.676,6,0.2136,5667.01,0
461,1887.57,29913,0.5437,0,0.0412,1026.3,1
646,5983.52,46217,0.2423,8,0.1359,1450.07,0
660,1732.57,49122,0.2034,7,0.0306,352.34,0
386,5969.41,34746,0.3311,2,0.1716,1976.66,1
561,8906.98,9709,0.4526,3,0.038,4031.47,0
513,3535.45,26358,0.1004,8,0.2723,354.95,1
561,4453.64,49528,0.3268,9,0.0677,1455.62,0
582,3553.59,12023,0.9787,5,0.1971,3477.83,1
766,2929.49,30851,0.2592,4,0.0404,759.39,0
679,8003.56,29756,0.3696,4,0.1186,2958.5,0
661,2769.83,12145,0.1266,0,0.2506,350.68,0
748,6634.13,22192,0.2942,0,0.0599,1951.59,0
740,2423.68,48259,0.3758,2,0.1489,910.91,1
392,2649.95,19839,0.6427,1,0.3171,1703.07,1
723,3140.67,28410,0.2325,9,0.0321,730.18,0
441,5058.17,41160,0.1584,0,0.0987,801.28,1
590,3923.64,12447,0.5284,4,0.2293,2073.41,1
731,6968.24,22033,0.5492,2,0.153,3826.87,1
348,2460.99,42355,0.4273,6,0.0289,1051.68,1
601,1542.92,11129,0.3323,7,0.0352,512.66,0
489,7494.4,31358,0.4568,9,0.1556,3423.08,0
435,8396.01,14907,0.5252,5,0.0109,4409.79,0
703,1745.29,22637,0.3849,4,0.025,671.68,0
640,5275.75,39196,0.4497,9,0.236,2372.56,0
617,3400.59,23369,0.48,4,0.0168,1632.42,0
662,7817.49,30481,0.5915,0,0.1488,4623.66,1
681,9799.08,32681,0.6253,5,0.3085,6127.3,0
532,9115.34,3589,0.1623,5,0.1699,1479.25,0
643,7506.0,24560,0.1346,2,0.0461,1009.98,0
848,2753.65,4034,0.3128,3,0.0923,861.26,0
828,8182.91,1169,0.6979,3,0.0024,5710.85,0
482,4549.8,27913,0.2527,5,0.0407,1149.61,0
340,1716.8,4239,0.4979,7,0.0878,854.77,1
696,3942.13,4415,0.1226,8,0.0584,483.28,0
793,12900.15,20952,0.5191,8,0.3413,6695.97,1
632,10252.01,12408,0.5494,4,0.2086,5632.38,0
426,1931.52,4484,0.4688,7,0.0171,905.42,0
300,6952.29,19225,0.6769,7,0.0064,4705.95,1
467,8055.32,15923,0.3077,9,0.0049,2478.43,1
318,2766.46,21936,0.299,3,0.0396,827.21,1
631,4051.67,40612,0.113,3,0.2315,457.99,0
755,6465.15,20410,0.1483,2,0.1835,958.53,0
408,3812.43,30997,0.1625,4,0.199,619.5,1
567,1978.73,37733,0.4965,7,0.0753,982.39,0
744,6395.1,40952,0.1802,7,0.3912,1152.6,0
539,11205.28,22863,0.495,8,0.1088,5546.71,0
600,5727.79,6380,0.4153,0,0.3119,2378.76,1
402,7445.36,21710,0.4981,3,0.0927,3708.22,1
549,3274.93,16285,0.1356,5,0.0314,444.19,0
752,2309.44,28260,0.1101,4,0.0506,254.3,0
819,5617.54,33879,0.1926,3,0.1183,1082.15,0
452,3088.63,17143,0.6791,2,0.203,2097.6,0
473,9366.55,8413,0.3486,1,0.1308,3265.55,0
642,2023.3,32578,0.4565,8,0.0955,923.62,0
730,3772.86,15726,0.267,9,0.2822,1007.51,0
623,3521.55,28015,0.8515,2,0.2371,2998.55,1
719,12625.96,6983,0.2941,3,0.084,3713.6,0
784,2164.85,20178,0.3621,0,0.0496,783.85,0
711,1539.58,27990,0.1793,0,0.1931,276.0,0
383,2587.68,11321,0.1849,9,0.305,478.38,1
412,8365.35,44829,0.4734,8,0.086,3960.19,0
631,2439.46,37366,0.2993,3,0.1324,730.13,0
677,2602.37,35294,0.1147,9,0.0624,298.46,0
340,2056.58,41677,0.5037,3,0.3571,1035.96,1
404,6527.19,35737,0.2119,5,0.1187,1383.23,1
501,1786.73,42911,0.4704,1,0.1492,840.39,1
749,3109.13,18886,0.0603,5,0.2372,187.59,0
565,2827.92,45296,0.9277,6,0.0473,2623.54,0
509,4740.16,23791,0.527,0,0.12,2497.91,0
417,6743.5,9301,0.1346,7,0.0643,907.91,1
676,4544.65,36122,0.5321,5,0.0857,2418.13,0
839,12196.1,39087,0.2752,8,0.1487,3356.38,0
383,13600.04,33993,0.6798,3,0.0147,9245.96,0
753,3294.32,48288,0.3367,1,0.1489,1109.27,0
813,7514.56,36779,0.1373,8,0.0721,1031.45,0
686,6869.9,37894,0.1842,7,0.2485,1265.2,0
649,10438.38,34381,0.2212,1,0.0012,2309.27,0
595,3876.42,15082,0.4036,7,0.0322,1564.69,0
557,4524.12,6458,0.6921,7,0.0139,3131.24,0
380,3649.87,42770,0.3299,4,0.0981,1204.08,1
567,9098.54,23300,0.2633,6,0.0877,2395.98,0
718,2543.91,3699,0.7261,6,0.1088,1847.1,0
534,2596.22,30485,0.3067,3,0.1244,796.31,0
610,3364.72,41285,0.3219,5,0.188,1083.24,0
656,2547.24,2019,0.0587,9,0.247,149.57,0
512,4793.09,33471,0.4376,5,0.1586,2097.34,0
348,2077.75,49671,0.5599,5,0.1127,1163.36,1
426,3043.75,21270,0.3071,8,0.0314,934.7,0
522,11287.89,23615,0.3854,1,0.2186,4349.94,1
578,3605.28,14698,0.5327,9,0.019,1920.42,0
707,7017.02,49918,0.2424,7,0.016,1701.06,0
804,1981.73,39346,0.4358,7,0.1711,863.7,0
593,2637.76,7729,0.2473,0,0.0312,652.2,0
576,8087.43,40729,0.2601,1,0.0396,2103.76,0
737,7258.66,12171,0.7129,3,0.2544,5174.66,0
406,3452.06,14947,0.4175,4,0.0954,1441.25,1
719,13851.12,35725,0.2504,4,0.0005,3468.88,0
728,11160.46,20450,0.3196,5,0.0774,3566.34,0
674,14612.46,14300,0.482,6,0.0207,7043.63,0
372,3733.87,20064,0.3949,0,0.0835,1474.53,1
329,2379.96,5441,0.4312,6,0.1071,1026.3,1
487,5441.05,46779,0.5698,5,0.1195,3100.04,0
663,6117.85,20332,0.308,4,0.279,1884.29,0
750,2036.15,21115,0.2769,5,0.032,563.75,0
494,7676.16,34869,0.5328,7,0.0885,4089.93,1
455,1572.9,22868,0.1555,5,0.0177,244.54,1
471,4136.75,42997,0.2289,4,0.0144,946.85,0
340,3107.98,21615,0.32,5,0.0929,994.68,1
362,6892.96,14615,0.6672,8,0.3297,4599.1,1
322,3000.29,15732,0.2058,0,0.1168,617.44,0
659,8513.4,26367,0.5544,2,0.2583,4719.92,1
374,5115.01,46134,0.5126,2,0.0504,2622.18,1
417,7817.45,43738,0.2069,8,0.0296,1617.45,0
679,19665.27,46760,0.3677,2,0.0925,7230.61,0
589,6047.23,1981,0.4716,5,0.3422,2852.15,0
739,18285.59,22554,0.4578,8,0.1169,8370.4,0
306,1617.04,26319,0.4017,9,0.0572,649.64,1
495,3150.8,17130,0.376,4,0.0904,1184.81,0
720,1956.5,19815,0.1295,9,0.1667,253.34,0
492,2716.9,9566,0.2162,8,0.0061,587.47,0
447,8802.62,27329,0.6289,8,0.0042,5535.74,0
501,1631.43,7349,0.4086,5,0.1435,666.59,1
743,4437.4,11728,0.3459,7,0.3029,1534.81,0
718,4849.26,41316,0.2867,8,0.2268,1390.49,0
726,4794.4,19375,0.4972,8,0.0811,2383.62,0
778,4079.69,22814,0.4725,7,0.3117,1927.55,0
774,7754.09,37214,0.8698,3,0.0297,6744.48,0
425,2073.37,22545,0.4229,7,0.0431,876.87,1
694,2987.6,46588,0.1975,1,0.0227,589.92,0
624,5325.6,19953,0.2066,2,0.0517,1100.16,0
691,6197.03,3872,0.1721,8,0.1932,1066.79,0
739,3571.05,10368,0.4614,9,0.2629,1647.71,0
503,9829.66,35103,0.567,3,0.0237,5573.39,1
785,3647.95,6413,0.0923,1,0.0435,336.81,0
330,3561.85,30269,0.4856,2,0.0843,1729.66,1
687,1647.52,21156,0.2614,6,0.4756,430.74,1
733,4704.19,14423,0.4734,8,0.1974,2226.84,0
675,6433.34,39062,0.2984,6,0.0052,1919.69,0
643,1986.13,43805,0.142,7,0.1094,282.1,0
742,2957.87,2987,0.5805,2,0.0101,1717.1,0
374,7579.43,38597,0.4826,6,0.0827,3658.19,1
454,3322.32,19369,0.5694,0,0.0158,1891.88,0
729,2606.19,28868,0.0957,5,0.0097,249.52,0
662,5961.41,12434,0.4626,2,0.0263,2757.53,0
747,2376.4,15548,0.3399,1,0.0015,807.63,0
533,10540.13,17636,0.3496,3,0.0791,3684.52,0
561,1946.4,33383,0.3872,8,0.0437,753.65,0
424,6404.19,43196,0.1802,5,0.1392,1153.83,0
544,4268.98,18007,0.4377,8,0.0502,1868.63,0
841,9658.72,36924,0.3266,7,0.3699,3154.29,0
784,2039.59,31211,0.3196,4,0.1425,651.86,0
421,6031.51,12328,0.1694,7,0.4045,1021.59,1
424,4895.04,4389,0.0663,1,0.1384,324.78,0
848,4116.4,10458,0.1542,7,0.0554,634.81,0
469,4204.43,3945,0.3888,0,0.161,1634.78,1
423,6620.21,10352,0.0337,2,0.0003,223.37,0
334,12605.85,11486,0.4142,6,0.0281,5221.64,1
386,1882.75,42400,0.5237,3,0.2041,985.95,1
500,1578.78,3092,0.3239,6,0.0591,511.43,0
668,8053.51,37527,0.0756,0,0.3028,608.67,0
376,1957.92,6112,0.2807,6,0.0078,549.57,0
358,18779.0,17937,0.6279,2,0.2081,11790.91,1
730,5363.48,38672,0.4036,1,0.0847,2164.58,0
799,5709.2,47026,0.1688,8,0.0932,963.95,0
408,2387.04,2112,0.1002,1,0.0106,239.16,0
577,2599.39,36545,0.3052,2,0.0119,793.34,0
367,5807.6,32740,0.0894,2,0.2518,519.38,1
368,11119.66,24481,0.2339,3,0.1785,2600.79,1
464,17657.28,49355,0.3468,6,0.1823,6124.01,1
788,2382.74,11025,0.4863,6,0.435,1158.64,1
604,2076.03,35082,0.2284,8,0.0356,474.13,0
664,1732.22,14562,0.4272,9,0.1305,740.01,0
678,9608.82,12304,0.3617,7,0.0693,3475.4,0
642,2896.61,8015,0.4455,5,0.1307,1290.47,0
653,1507.25,45885,0.1594,5,0.0309,240.22,0
715,2513.47,6710,0.6489,4,0.0055,1630.97,0
408,3164.74,13588,0.3739,1,0.2903,1183.23,0
796,20335.98,21967,0.2063,5,0.2146,4196.08,0
640,4465.5,22904,0.4214,5,0.0219,1881.96,0
682,2416.21,25256,0.4338,4,0.1092,1048.06,0
832,3130.78,26052,0.5478,5,0.0286,1715.01,0
599,3103.75,16436,0.4041,4,0.0126,1254.12,0
438,1579.69,22815,0.5405,3,0.0106,853.81,1
658,2080.95,16196,0.5691,2,0.0738,1184.36,0
798,6252.35,19089,0.5506,0,0.0336,3442.28,0
684,2012.47,18604,0.4032,3,0.0748,811.36,0
579,2549.28,3506,0.5534,8,0.0467,1410.69,0
782,3227.67,33584,0.3318,6,0.0374,1070.99,0
410,7170.89,21709,0.5492,6,0.1374,3938.04,0
438,4992.93,45840,0.2968,6,0.1819,1481.96,1
734,6171.85,49904,0.3614,3,0.1161,2230.53,0
808,4848.18,48111,0.273,6,0.155,1323.38,0
572,6102.9,39247,0.5113,1,0.0878,3120.16,0
398,1511.38,44202,0.2847,7,0.1104,430.22,0
403,12188.69,4090,0.1527,9,0.0569,1861.78,0
513,1970.27,40265,0.5911,7,0.0204,1164.61,0
464,3585.18,22552,0.2064,8,0.0045,739.9,0
819,7396.8,30135,0.4035,4,0.2937,2984.4,0
583,3785.35,15691,0.3948,9,0.1525,1494.55,0
816,13237.99,40761,0.3835,7,0.0893,5077.02,0
463,4021.36,34741,0.2114,1,0.0285,850.11,1
363,9815.83,22661,0.2126,9,0.1577,2087.03,1
390,8160.4,42025,0.6248,9,0.0835,5098.84,0
416,17350.38,7092,0.2589,7,0.1546,4492.58,0
566,11944.48,36674,0.2864,9,0.0064,3420.49,0
439,10635.99,1570,0.2269,8,0.0243,2413.24,0
545,6761.17,13084,0.3911,5,0.0072,2644.45,0
694,3329.13,1307,0.3934,5,0.0077,1309.84,0
786,1948.76,4742,0.2036,3,0.0356,396.82,0
775,6167.29,42742,0.3388,7,0.1124,2089.45,0
816,16887.58,29792,1.0375,6,0.146,17520.05,0
483,6687.34,1765,0.6294,8,0.1506,4208.98,0
319,12065.08,42732,0.4499,0,0.0197,5428.16,1
823,8024.79,25198,0.4486,9,0.0113,3599.56,0
828,2212.27,8735,0.0417,7,0.0268,92.27,0
446,2646.48,17202,0.8864,7,0.1853,2345.73,1
603,3173.38,48199,0.4675,8,0.0305,1483.45,0
527,2236.94,12377,0.7485,6,0.0336,1674.43,0
401,4985.76,47042,0.6694,8,0.0384,3337.67,0
716,16328.26,15297,0.4256,9,0.144,6949.36,0
515,7232.85,9036,0.0331,7,0.0626,239.64,0
706,3702.33,41364,0.4038,8,0.073,1494.96,0
698,1518.06,25369,0.334,8,0.0479,507.02,0
798,3003.29,35817,0.4077,0,0.1421,1224.5,0
764,4492.6,38443,0.3512,2,0.0012,1577.87,0
381,3067.73,2663,0.2509,5,0.2414,769.67,1
664,1970.79,40244,0.6352,6,0.0151,1251.76,0
462,3839.07,13028,0.3278,3,0.0727,1258.33,1
347,2668.11,20823,0.3204,9,0.015,854.81,0
810,11097.81,16077,0.7087,1,0.0754,7864.97,0
628,1929.25,40911,0.0865,3,0.1763,166.79,0
415,1701.61,20631,0.1623,5,0.002,276.17,0
636,1521.31,2910,0.2096,3,0.2375,318.88,1
446,3090.4,34500,0.4397,9,0.0494,1358.91,0
622,5819.79,20897,0.7634,1,0.0719,4442.88,0
742,6743.47,38377,0.4297,8,0.2566,2897.78,0
312,3915.14,12134,0.2136,0,0.0012,836.08,0
793,6112.21,38224,0.3162,9,0.0208,1932.72,0
586,3284.61,27897,0.2248,6,0.0726,738.36,1
413,5908.15,48280,0.1259,8,0.1475,743.77,0
779,1665.77,37103,0.2797,2,0.0625,465.91,0
321,3482.13,49313,0.1465,5,0.1524,510.03,1
648,7758.81,46582,0.4446,8,0.0239,3449.74,0
619,7998.33,8056,0.1597,8,0.0518,1277.71,0
425,6537.22,29950,0.0874,3,0.0575,571.46,0
576,2413.82,3753,0.3358,7,0.1564,810.66,0
503,2635.85,32941,0.3139,7,0.0823,827.52,0
493,23675.57,35140,0.2391,6,0.0547,5659.7,0
846,1936.48,15234,0.3058,5,0.2676,592.21,0
585,2297.04,10636,0.2124,2,0.0082,487.95,1
356,2057.17,4376,0.5613,3,0.1219,1154.68,1
602,3087.93,31783,0.2776,8,0.24,857.24,0
462,2443.78,42249,0.247,9,0.1009,603.73,0
318,4254.14,44025,0.0511,6,0.0158,217.55,1
669,4085.21,17447,0.0629,7,0.114,256.98,0
563,10771.02,21329,0.1775,5,0.331,1911.76,1
412,1641.43,17713,0.5701,0,0.1739,935.73,0
787,3041.94,5858,0.3683,8,0.0227,1120.41,0
626,5131.88,20472,0.6068,2,0.003,3114.07,0
841,5213.47,17524,0.1542,2,0.164,803.99,0
364,4116.68,47387,0.2092,8,0.1534,861.01,0
591,8264.01,5539,0.1761,3,0.0502,1455.44,0
324,1759.1,19857,0.3837,7,0.0088,675.0,0
848,8260.16,39362,0.6182,3,0.0159,5106.42,0
300,4230.84,37671,0.4747,1,0.2679,2008.18,1
848,2074.38,6364,0.3984,4,0.0205,826.42,0
440,10175.78,1449,0.3763,2,0.0053,3829.63,0
487,5690.48,21830,0.2017,3,0.148,1147.61,0
427,2214.33,22078,0.358,2,0.0849,792.75,0
500,1636.92,38574,0.3107,0,0.0064,508.61,0
426,2108.46,1869,0.438,3,0.2702,923.41,1
556,5254.12,39847,0.236,8,0.137,1240.19,0
846,2290.37,41075,0.285,6,0.0049,652.75,0
493,2523.51,29140,0.4653,5,0.0725,1174.2,0
403,1601.84,4659,0.3052,9,0.1226,488.87,0
834,6633.95,37370,0.3122,8,0.2528,2070.8,0
564,8150.6,42352,0.6369,3,0.0773,5190.86,1
683,7875.21,15385,0.5327,5,0.324,4195.24,1
559,2045.88,44751,0.0224,2,0.3662,45.81,0
713,10844.61,20337,0.2454,2,0.4236,2661.36,1
657,5962.37,6131,0.1946,9,0.0355,1160.31,1
374,10612.69,2358,0.4447,9,0.0556,4719.62,1
654,3870.75,26614,0.0992,7,0.1814,383.92,0
487,3797.58,17771,0.1732,4,0.2207,657.67,1
589,7639.86,14603,0.1469,7,0.0791,1122.34,0
344,1891.77,17246,0.292,8,0.0239,552.37,0
382,4443.17,18216,0.4042,1,0.0999,1795.94,0
422,8740.94,42209,0.307,6,0.0419,2683.46,0
657,8592.36,43987,0.4037,1,0.0121,3468.38,0
827,14006.36,43488,0.4513,6,0.1993,6320.89,1
365,6292.93,21577,0.1382,2,0.1023,869.82,1
674,2431.62,43320,0.2258,7,0.1708,549.17,0
461,1581.96,12301,0.5356,3,0.0413,847.34,0
679,4111.21,10515,0.1604,8,0.0747,659.28,0
657,4383.75,27802,0.5111,3,0.1243,2240.32,0
487,2599.13,1891,0.0707,1,0.0901,183.86,0
621,2032.74,22972,0.6134,3,0.1543,1246.8,0
749,5029.57,48853,0.4239,4,0.119,2132.2,0
773,7280.03,21932,0.3568,7,0.0143,2597.4,0
312,21436.42,5192,0.2614,2,0.0055,5603.4,0
483,7180.28,17128,0.0442,8,0.4122,317.48,1
410,7812.39,23836,0.0943,8,0.0337,736.47,1
807,5333.25,25837,0.3824,9,0.199,2039.24,0
589,18552.76,23778,0.2425,2,0.0946,4498.91,0
594,5586.12,44130,0.132,7,0.1176,737.37,0
750,9371.69,17708,0.3294,5,0.3479,3087.15,0
514,13159.16,42945,0.6212,5,0.0694,8175.01,0
326,12128.96,25232,0.4206,1,0.0216,5101.4,0
530,3421.28,40412,0.1348,7,0.0144,461.25,0
620,1827.71,5782,0.3719,6,0.074,679.65,0
532,2254.36,27315,0.5383,1,0.2921,1213.5,1
736,1744.2,11052,0.4687,3,0.2528,817.47,0
832,1945.5,20521,0.1982,4,0.1738,385.52,0
702,2316.56,4898,0.3974,8,0.0971,920.49,0
352,3168.7,18219,0.563,9,0.1064,1783.93,1
612,4637.01,5154,0.3651,1,0.1539,1693.2,0
580,6474.77,36546,0.2112,6,0.0245,1367.74,0
330,2447.59,14809,0.3703,4,0.0895,906.24,1
636,5965.34,26972,0.2964,1,0.0833,1768.29,0
482,6373.09,40177,0.2298,9,0.0025,1464.44,0
322,4771.42,13523,0.2808,2,0.0785,1339.63,1
843,10857.74,38081,0.6789,4,0.0022,7371.05,1
745,1970.61,23030,0.3661,9,0.0611,721.51,0
373,2279.79,41376,0.5025,0,0.0735,1145.64,1
309,3739.12,21105,0.1881,6,0.0991,703.16,1
783,2041.96,47485,0.0655,0,0.0572,133.78,0
755,4841.57,25295,0.6034,5,0.0125,2921.57,0
459,3532.65,12864,0.2202,5,0.002,778.0,0
313,2839.63,44982,0.062,0,0.1374,175.93,1
477,2245.27,13876,0.3575,6,0.0426,802.61,0
711,3133.91,19055,0.6407,7,0.1714,2008.04,0
352,5245.56,34684,0.3534,2,0.0365,1853.85,1
707,4930.06,22972,0.5266,9,0.0885,2596.26,0
321,2214.71,26493,0.1551,0,0.3922,343.46,1
329,2033.76,10325,0.4097,1,0.0697,833.26,1
559,1608.16,37775,0.5895,0,0.061,948.0,0
504,1550.01,21373,0.2304,8,0.0867,357.14,0
358,9974.74,37253,0.4814,3,0.2025,4802.19,1
770,1684.55,22181,0.3111,6,0.0084,524.05,0
765,6755.46,11961,0.4664,4,0.3137,3150.82,0
311,9722.43,18705,0.4663,8,0.1141,4533.41,1
589,1912.82,45676,0.4952,8,0.1157,947.18,0
653,3792.94,37122,0.6375,5,0.0606,2417.96,0
374,14612.7,27104,0.139,4,0.1492,2030.57,1
740,8686.41,14509,0.2113,9,0.0198,1835.25,0
540,4191.06,8101,0.3025,0,0.0394,1267.6,0
453,7251.55,5743,0.5245,3,0.0598,3803.4,0
395,8668.1,9951,0.2898,4,0.0129,2512.21,1
593,3211.01,8014,0.2257,8,0.0821,724.66,0
508,10408.16,37180,0.302,1,0.0144,3143.43,0
642,4043.09,42908,0.3877,1,0.1937,1567.52,0
387,4501.47,44039,0.1497,2,0.0206,673.72,0
689,34050.07,9219,0.3116,2,0.0475,10608.65,0
624,8913.76,8163,0.4134,6,0.0968,3685.33,0
456,3296.23,3470,0.2495,0,0.1784,822.44,1
436,1541.6,44498,0.5157,1,0.0605,795.04,1
727,5435.86,17543,0.2121,0,0.019,1152.87,0
751,6368.41,20276,0.4698,8,0.0123,2992.08,0
440,5708.47,37881,0.234,9,0.0044,1336.06,0
382,15250.91,14414,0.2586,8,0.2916,3943.53,1
476,9450.25,8749,0.5731,2,0.1112,5415.77,0
497,3882.86,25182,0.1687,2,0.0053,654.86,0
720,1759.68,12914,0.4089,0,0.371,719.53,1
700,4085.5,16007,0.4088,4,0.128,1670.15,0
770,6174.99,31951,0.115,2,0.0556,709.97,0
517,5243.01,45691,0.2018,1,0.1293,1058.24,0
474,4589.95,33608,0.2398,2,0.1299,1100.88,0
322,4030.61,22383,0.2974,7,0.0072,1198.71,1
534,2891.21,14042,0.2074,7,0.0355,599.78,1
312,2799.3,26412,0.1948,0,0.1129,545.43,1
400,4274.44,14181,0.2947,1,0.0281,1259.52,1
835,2200.29,45898,0.4202,0,0.2488,924.49,0
822,3166.22,4405,0.259,7,0.0684,820.21,0
751,3066.13,31868,0.2769,0,0.1707,849.1,1
730,5038.52,11862,0.2814,5,0.006,1418.08,0
832,1776.04,29688,0.3542,9,0.3114,629.11,0
592,8580.04,49017,0.2862,7,0.2755,2455.32,0
400,4805.6,31945,0.131,7,0.0351,629.6,1
801,5944.68,13939,0.1141,6,0.2495,678.22,1
603,6357.36,47735,0.4715,7,0.0059,2997.23,0
839,2878.33,29931,0.0752,7,0.1178,216.57,0
654,4042.32,39616,0.0879,9,0.1096,355.46,0
602,14016.68,40585,0.5641,2,0.1034,7906.26,0
795,7321.81,39911,0.1405,1,0.0444,1028.49,0
526,15467.58,48277,0.2703,3,0.1674,4181.27,0
535,6985.69,43826,0.152,4,0.1933,1062.14,0
754,2272.4,42164,0.1912,1,0.2543,434.53,0
312,1766.85,23942,0.077,7,0.1034,136.06,1
509,4947.79,45539,0.2684,7,0.2584,1328.15,1
696,3271.5,6272,0.6051,3,0.1196,1979.65,1
399,2788.86,45134,0.1112,4,0.1746,310.26,1
330,8084.64,25265,0.3514,4,0.0249,2840.54,1
827,3329.1,49192,0.355,4,0.0076,1181.89,0
628,3025.05,29668,0.4618,8,0.076,1397.01,0
465,9088.15,47196,0.1666,8,0.0286,1514.06,0
758,8990.68,17024,0.3643,3,0.2735,3275.5,0
399,3262.5,32899,0.3951,0,0.0738,1288.88,1
472,8647.06,4747,0.5129,7,0.059,4435.15,0
461,9109.29,10297,0.3542,0,0.0299,3226.58,0
562,3706.11,2607,0.3816,6,0.0388,1414.41,0
573,1775.14,22458,0.2053,3,0.3973,364.4,0
302,1506.34,28973,0.0748,0,0.05,112.68,1
327,4463.41,24117,0.4238,3,0.0383,1891.47,1
625,3186.84,17450,0.1054,6,0.103,336.0,1
448,24916.41,16535,0.3396,7,0.0908,8461.38,0
839,7420.86,30355,0.1648,1,0.0766,1222.86,0
787,7229.78,8645,0.6188,8,0.214,4474.06,0
737,13926.01,43238,0.4991,4,0.0361,6950.91,0
364,10247.19,5158,0.357,7,0.0396,3657.84,0
655,3032.0,42773,0.0554,1,0.2711,167.89,0
832,2226.03,17786,0.1747,1,0.1601,388.87,0
551,6979.99,41693,0.3423,3,0.2788,2388.97,0
534,3401.02,31911,0.0784,3,0.0149,266.56,0
526,4063.53,27578,0.1869,2,0.3661,759.54,1
824,5481.31,47408,0.1375,4,0.0498,753.45,0
612,11038.33,5166,0.0289,1,0.1518,318.77,0
348,3672.62,20309,0.2695,0,0.1192,989.83,1
417,7617.28,16076,0.2356,3,0.2075,1794.65,0
353,2749.76,20377,0.4052,5,0.0372,1114.29,1
343,6288.94,10278,0.4151,5,0.5168,2610.54,1
352,1506.32,34539,0.4017,1,0.0098,605.07,1
824,9707.53,12440,0.1664,5,0.0578,1615.54,0
401,1623.4,27245,0.2778,3,0.1103,450.94,1
697,6489.66,23097,0.3456,9,0.0543,2243.08,0
437,1689.45,9167,0.456,0,0.191,770.41,1
686,2738.32,2556,0.2926,0,0.0258,801.13,0
410,4250.27,44918,0.1846,1,0.268,784.73,1
316,3678.49,2151,0.3745,3,0.1832,1377.77,1
481,2351.96,22698,0.3769,7,0.0649,886.48,0
835,3124.75,18601,0.1882,2,0.0528,588.1,0
840,6703.5,27807,0.3874,4,0.079,2597.13,0
470,5925.66,46302,0.1162,2,0.0947,688.61,1
708,1798.1,21328,0.0684,7,0.0609,122.97,0
677,7002.46,9039,0.3388,3,0.0304,2372.56,0
487,1718.02,48427,0.5233,7,0.1556,899.12,1
529,4631.64,7303,0.307,7,0.1204,1421.92,0
418,2704.76,20053,0.2142,8,0.0616,579.37,0
455,5043.92,32644,0.4302,1,0.0992,2169.84,1
764,2711.61,36745,0.6011,9,0.0142,1629.97,0
403,18287.63,46309,0.8255,6,0.0218,15096.02,0
801,2982.68,21762,0.6781,9,0.1237,2022.55,0
474,2608.08,24611,0.4472,0,0.0697,1166.46,0
720,2805.5,1422,0.315,3,0.023,883.74,0
433,10571.69,32275,0.2057,3,0.2517,2174.41,0
690,5544.81,27597,0.2559,3,0.1441,1418.97,0
800,6747.48,12985,0.4114,6,0.0424,2775.75,0
332,11504.66,29707,0.6491,4,0.0081,7467.61,1
354,11215.88,4372,0.6482,4,0.0531,7269.7,1
818,6872.11,17083,0.2448,2,0.0212,1682.12,0
311,2381.71,35710,0.3264,9,0.1736,777.31,1
827,8915.56,26816,0.5636,4,0.0471,5024.46,0
672,2411.5,10950,0.4479,4,0.154,1080.17,0
783,6933.14,35247,0.109,7,0.111,755.57,0
527,6128.4,5626,0.3888,1,0.0959,2382.94,0
606,7189.99,27408,0.0982,7,0.0291,706.05,0
756,4543.01,11777,0.2939,3,0.2146,1335.41,0
459,5572.48,6147,0.3175,8,0.4402,1769.29,0
630,13757.76,6443,0.1478,7,0.1912,2033.98,0
524,1926.28,1079,0.4497,4,0.001,866.28,0
803,2977.58,32282,0.5189,4,0.1847,1545.16,0
755,5280.38,39345,0.3454,8,0.3653,1823.67,0
344,14802.96,13901,0.0848,4,0.0037,1255.38,0
513,1901.82,3223,0.3603,8,0.0371,685.23,0
358,1591.23,36337,0.2833,5,0.026,450.82,1
494,1729.46,43732,0.5384,0,0.2155,931.09,0
788,1715.32,14768,0.5133,7,0.1946,880.44,1
456,11035.87,18507,0.4911,0,0.0267,5420.08,0
525,6609.87,17249,0.1155,1,0.2488,763.53,0
711,6021.73,36391,0.1231,5,0.0926,741.12,0
504,4457.37,35171,0.0828,4,0.2618,368.94,0
378,7592.17,8485,0.0306,1,0.0476,232.66,1
423,2176.74,45568,0.4631,5,0.0897,1008.1,1
770,3489.93,30784,0.1756,6,0.0739,612.77,0
517,4193.41,46566,0.3339,2,0.0412,1399.99,0
815,1967.98,25617,0.2415,7,0.1233,475.18,0
403,3675.56,38748,0.1165,3,0.2404,428.37,1
692,3022.12,4878,0.3815,9,0.0434,1153.06,0
733,1644.92,2949,0.4269,8,0.1018,702.25,0
630,2088.14,20844,0.5861,6,0.0013,1223.78,0
442,7276.32,21881,0.1399,2,0.0174,1017.83,0
839,1572.81,22614,0.3125,4,0.1536,491.54,0
577,12387.78,24828,0.101,8,0.0635,1250.75,0
532,1861.56,10958,0.1061,8,0.1186,197.48,0
828,7922.54,9697,0.199,7,0.2305,1576.48,0
389,10655.38,22624,0.1874,7,0.1387,1997.31,0
791,12830.07,16493,0.3158,8,0.2255,4051.42,0
498,9584.0,43801,0.1774,4,0.1194,1700.12,0
661,2856.18,22199,0.4265,8,0.1813,1218.23,0
740,3120.38,43354,0.1976,5,0.0486,616.51,0
325,3724.31,1256,0.3817,5,0.0372,1421.43,1
324,2100.02,35488,0.3636,9,0.1869,763.54,1
693,1590.1,31493,0.4772,5,0.2207,758.84,0
806,9633.95,47009,0.2344,6,0.3631,2258.28,0
600,4730.9,24731,0.5338,8,0.1236,2525.54,0
638,5253.36,8076,0.3101,2,0.1975,1629.22,0
566,11968.55,2071,0.2286,5,0.0783,2735.62,0
760,5875.93,35390,0.3323,9,0.0218,1952.41,0
755,6195.76,3066,0.205,4,0.0159,1270.4,0
659,7685.26,26645,0.2316,3,0.2547,1779.55,0
367,1994.77,42410,0.5538,7,0.1541,1104.62,1
711,3286.16,34665,0.4842,2,0.0982,1591.1,0
790,15294.15,30412,0.2469,1,0.1665,3776.28,0
348,11752.17,32835,0.3302,3,0.2039,3880.65,0
401,10119.26,42041,0.3832,2,0.0342,3877.93,0
515,3906.57,39549,0.3677,6,0.2149,1436.49,0
737,9285.04,47390,0.467,3,0.0228,4336.57,0
458,1698.42,47052,0.3663,9,0.176,622.14,0
788,2143.1,44167,0.1443,8,0.0868,309.25,0
541,3637.52,27578,0.0558,4,0.0946,203.11,0
304,4141.88,10883,0.1655,2,0.1662,685.47,1
660,2723.42,43139,0.1214,1,0.0807,330.66,1
758,3263.19,23217,0.2368,5,0.005,772.78,0
547,2210.65,11707,0.2098,5,0.1324,463.8,0
721,4186.59,41856,0.649,0,0.1631,2717.17,0
314,7816.47,14140,0.5246,6,0.0664,4100.44,1
421,5831.28,12093,0.5357,4,0.0286,3123.8,0
576,1956.23,17500,0.2484,6,0.1361,485.91,0
752,4174.46,39553,0.2919,3,0.2558,1218.48,0
689,6284.63,7507,0.5339,4,0.0995,3355.1,0
593,4519.2,33586,0.3367,6,0.0541,1521.75,0
745,3488.19,6830,0.177,5,0.0492,617.52,0
509,5390.54,31608,0.1223,0,0.0846,659.17,0
601,15348.72,38329,0.0449,0,0.0034,688.91,0
522,1898.87,48287,0.3138,1,0.0541,595.93,0
302,3477.29,25511,0.3145,2,0.0812,1093.66,1
817,3587.59,34427,0.3264,0,0.0017,1170.84,0
392,4941.22,19506,0.0693,9,0.101,342.61,0
819,2160.32,29395,0.427,1,0.1593,922.52,0
727,2277.46,45303,0.5921,1,0.1488,1348.59,1
792,2843.91,47770,0.2506,6,0.141,712.54,0
534,13982.47,28126,0.4259,5,0.0117,5955.43,0
460,6798.67,30466,0.2672,8,0.2648,1816.47,0
630,5835.21,18970,0.209,9,0.3481,1219.84,0
632,8292.15,5682,0.1217,4,0.105,1008.77,0
349,2045.92,49470,0.0879,2,0.2499,179.81,1
822,9345.43,11939,0.0831,0,0.1036,776.67,0
791,5113.82,9826,0.5634,0,0.2012,2880.98,1
571,3133.85,24371,0.0733,1,0.0398,229.73,0
551,8268.13,30946,0.2741,2,0.0032,2266.22,0
389,7989.37,25359,0.3618,9,0.0725,2890.59,0
745,8975.65,20266,0.4118,9,0.0308,3696.42,0
631,1991.01,39017,0.2333,4,0.0975,464.59,0
438,15441.96,20195,0.3019,6,0.0373,4661.64,0
656,14338.29,46413,0.2102,3,0.2548,3013.97,0
573,3269.36,28315,0.5428,9,0.2327,1774.67,0
318,1772.66,19268,0.2279,5,0.1648,403.93,1
610,2231.15,10710,0.2611,5,0.1461,582.47,0
453,21251.86,42581,0.0793,1,0.1912,1684.83,1
689,4811.41,46537,0.2152,5,0.0653,1035.5,0
559,3264.09,15161,0.0982,4,0.1799,320.47,0
424,2859.85,32821,0.1683,5,0.1604,481.34,1
653,2688.19,10729,0.1144,3,0.1216,307.46,0
572,5864.4,49448,0.1531,0,0.0805,897.81,0
544,3674.69,49915,0.5658,8,0.0977,2079.23,0
749,14956.84,27913,0.3077,2,0.0966,4601.93,0
546,6106.07,23184,0.2881,0,0.0267,1759.08,0
819,7781.73,24279,0.6472,3,0.2328,5036.42,1
440,2885.44,27570,0.3324,6,0.0666,959.03,1
661,1829.99,44030,0.2508,3,0.1502,458.93,0
307,4176.34,36133,0.2882,3,0.0399,1203.44,1
777,3010.9,14195,0.4213,8,0.0598,1268.4,0
651,2403.0,44805,0.1025,5,0.0242,246.21,0
794,13700.09,44998,0.203,8,0.2506,2780.84,0
726,3847.86,18238,0.3152,1,0.0377,1212.82,0
338,2268.07,16552,0.1532,6,0.1483,347.4,1
486,2385.83,3728,0.5645,6,0.1242,1346.92,0
392,2817.96,49245,0.182,7,0.0391,512.73,0
385,30651.78,24557,0.1903,9,0.0007,5833.68,0
343,2747.96,5938,0.3293,8,0.0277,904.82,1
436,3094.76,32202,0.2298,7,0.1399,711.29,0
720,5807.34,1131,0.4865,1,0.2469,2825.15,0
373,2892.34,26692,0.3485,2,0.0004,1007.84,1
847,2472.39,20977,0.4309,1,0.127,1065.26,0
811,2190.93,34061,0.4101,0,0.0722,898.59,0
455,2999.84,28264,0.7607,6,0.0821,2281.98,1
554,1947.82,26575,0.7888,7,0.1606,1536.38,0
470,1575.29,15727,0.2384,4,0.0687,375.62,0
469,8031.68,11488,0.1184,9,0.0268,951.21,0
621,2093.51,21069,0.7251,8,0.0693,1518.06,0
755,7484.02,25400,0.5352,3,0.175,4005.68,0
454,7888.9,25146,0.2336,0,0.0379,1842.59,0
648,4588.06,7846,0.3573,3,0.2354,1639.42,0
750,2982.41,41352,0.6779,4,0.0607,2021.7,0
472,2126.77,24694,0.2037,7,0.1614,433.29,0
309,6839.44,22740,0.6242,4,0.0381,4268.99,0
564,5179.06,31996,0.0845,9,0.3322,437.71,0
737,5762.1,33125,0.1668,8,0.0628,960.88,0
546,1534.83,42409,0.6295,5,0.204,966.23,1
845,11997.61,45200,0.3135,7,0.0765,3760.74,0
798,1774.36,23970,0.2874,2,0.0602,509.89,0
428,3327.91,11895,0.0388,2,0.0992,129.1,1
626,3561.42,39071,0.5253,8,0.287,1870.73,0
703,1505.43,23258,0.3616,5,0.0716,544.39,0
658,4249.37,24354,0.4765,3,0.0335,2024.86,0
316,7090.38,31641,0.33,7,0.0472,2339.92,1
573,8432.5,9444,0.2483,3,0.0757,2093.92,0
415,9961.0,10611,0.4001,3,0.0316,3985.54,1
390,4175.53,11528,0.1151,6,0.3379,480.74,0
381,5483.89,1999,0.0686,6,0.2091,376.42,0
623,1831.44,4760,0.5136,7,0.0301,940.71,1
413,4178.02,37884,0.4892,9,0.2277,2044.07,0
357,2172.8,38179,0.3359,6,0.1798,729.79,1
453,3345.88,22941,0.5655,7,0.1907,1891.99,1
703,3097.77,27022,0.4388,7,0.1932,1359.22,0
565,3703.4,44130,0.0587,6,0.2972,217.57,0
614,4891.13,44881,0.8183,0,0.2477,4002.34,1
340,10827.09,37451,0.4593,3,0.1296,4972.76,1
404,3506.7,27521,0.5118,2,0.0197,1794.81,0
492,17380.98,48750,0.3694,8,0.3322,6421.25,0
700,7192.3,30639,0.6083,9,0.1009,4374.75,0
577,4365.51,35621,0.2138,7,0.0539,933.3,0
653,5631.6,32449,0.3559,8,0.0914,2004.05,0
555,1931.34,14079,0.142,4,0.0982,274.33,0
398,8944.99,7895,0.5177,4,0.0255,4630.83,1
581,4992.52,28979,0.3712,9,0.0675,1853.07,0
702,18594.12,46703,0.3307,4,0.2629,6149.38,1
408,5547.12,13552,0.25,1,0.026,1386.63,0
498,8685.76,28394,0.3875,6,0.3198,3365.37,0
602,7933.01,49821,0.1825,7,0.3017,1448.06,0
626,3195.3,33276,0.3019,4,0.0299,964.63,0
453,2702.32,34630,0.3396,7,0.0436,917.58,0
704,3751.94,5527,0.4189,5,0.1845,1571.67,0
761,4018.75,13247,0.1747,3,0.0134,702.0,0
431,2598.19,18603,0.4443,6,0.0459,1154.37,0
383,10499.89,37563,0.2649,7,0.1357,2781.06,1
698,4628.33,46564,0.3755,8,0.041,1737.95,0
408,16848.48,46502,0.5005,4,0.101,8433.14,1
520,8143.3,1527,0.5801,8,0.0235,4724.31,0
667,4745.06,3922,0.1049,7,0.1602,497.81,0
446,13252.89,6849,0.2974,0,0.0476,3941.1,0
411,4311.78,31300,0.1284,7,0.0436,553.76,1
793,10225.24,28780,0.1173,7,0.0834,1198.91,0
804,3273.57,46724,0.0244,6,0.0007,79.71,0
774,3403.39,29140,0.5399,0,0.0425,1837.57,0
570,3666.04,18230,0.705,5,0.0305,2584.48,0
720,4664.15,27693,0.1614,1,0.0779,752.69,0
666,4725.18,7959,0.2676,5,0.5675,1264.52,0
579,4243.88,36854,0.2459,1,0.0576,1043.71,0
582,2961.14,43730,0.613,1,0.3428,1815.22,0
339,11980.51,20667,0.3473,6,0.1395,4161.0,0
488,5052.62,27401,0.1717,9,0.1893,867.42,0
463,3595.23,49187,0.1243,0,0.1497,446.98,0
835,5712.76,4323,0.8748,4,0.0072,4997.57,0
835,7343.5,1445,0.3406,0,0.1722,2501.41,0
303,14448.98,18409,0.5268,8,0.1957,7611.79,1
589,4268.98,10963,0.5295,4,0.0663,2260.34,0
732,1975.58,16437,0.5812,4,0.2254,1148.24,0
770,3824.75,17855,0.7907,3,0.04,3024.3,0
480,4107.79,17411,0.3145,2,0.0313,1292.06,0
547,10591.88,11847,0.6957,7,0.0758,7369.23,0
578,3508.79,4236,0.1384,6,0.1262,485.56,0
553,13758.12,14487,0.9495,8,0.0995,13063.11,0
480,4155.38,12848,0.2701,5,0.1348,1122.56,0
808,16065.01,14155,0.2019,0,0.0402,3242.99,0
625,1532.93,12255,0.4163,4,0.1343,638.1,0
656,10663.23,2979,0.3596,4,0.0717,3834.33,0
690,12201.58,22305,0.0468,6,0.1948,570.45,0
384,14478.92,10007,0.2663,9,0.0224,3856.35,0
616,1552.65,36094,0.6692,0,0.1105,1039.02,0
511,2253.52,36098,0.4436,0,0.1589,999.77,1
814,5742.54,25030,0.0777,5,0.0868,446.2,0
683,1603.21,34770,0.7502,5,0.0279,1202.76,0
641,1762.89,10734,0.4668,8,0.2662,822.96,0
337,2499.38,7448,0.211,2,0.2575,527.37,1
810,4373.37,40605,0.3598,4,0.0192,1573.72,0
719,4657.77,13396,0.629,4,0.0238,2929.77,0
468,1639.45,28881,0.4038,0,0.1157,661.93,1
642,2247.09,32177,0.1777,5,0.0053,399.33,0
605,4270.23,41122,0.3645,3,0.044,1556.62,0
841,5105.02,48019,0.4727,5,0.0161,2413.37,0
836,2142.56,36297,0.3669,7,0.0323,786.1,0
411,3535.59,46977,0.415,7,0.1736,1467.21,1
710,10890.39,37680,0.4801,2,0.0051,5228.27,0
505,28747.19,18916,0.0198,8,0.0142,568.93,0
484,18937.76,32239,0.489,3,0.0905,9260.17,0
681,10037.26,45084,0.3122,0,0.1042,3133.83,0
795,3507.86,35189,0.2375,8,0.0106,833.04,0
678,6140.77,14510,0.3637,4,0.1213,2233.09,0
346,3655.48,25966,0.2856,7,0.0497,1043.92,1
827,5682.49,23152,0.2739,6,0.0993,1556.25,0
803,2980.97,20202,0.498,4,0.2778,1484.55,0
321,5227.67,27445,0.1106,7,0.0295,578.34,1
512,4467.32,12152,0.6355,0,0.303,2838.86,1
609,1599.14,6617,0.3714,3,0.078,593.98,0
571,7756.0,2195,0.3708,4,0.1449,2875.89,1
501,1547.88,39997,0.1809,3,0.0654,280.04,1
331,2887.78,26433,0.059,5,0.2454,170.25,0
742,1523.77,6305,0.3023,8,0.2527,460.64,0
461,3387.71,9077,0.3976,0,0.0309,1346.99,0
553,1760.97,49648,0.4153,9,0.0484,731.38,0
820,11290.95,32385,0.5234,1,0.1307,5909.96,0
779,3649.22,43113,0.0556,0,0.0053,203.05,0
309,3961.01,38968,0.4721,6,0.2703,1870.17,1
804,3222.21,43642,0.3962,1,0.1511,1276.6,0
735,5450.14,34062,0.5458,8,0.0596,2974.85,0
410,7637.47,7097,0.0899,7,0.0275,686.52,1
452,5678.16,40180,0.3397,9,0.0486,1928.82,0
401,7016.59,42604,0.3913,0,0.2169,2745.78,1
490,10956.72,45593,0.723,2,0.0221,7921.32,0
380,9467.09,7678,0.3507,5,0.0202,3319.88,0
788,5984.15,33121,0.2284,2,0.0069,1366.67,0
387,2466.44,49503,0.56,8,0.1205,1381.21,1
493,5561.16,22404,0.0707,9,0.5779,393.29,1
403,4321.55,6743,0.3975,9,0.0567,1717.91,0
395,6552.33,17494,0.48,1,0.0609,3144.88,0
722,8657.41,42543,0.3835,5,0.0225,3320.41,0
497,6930.38,45185,0.3582,1,0.1849,2482.38,0
300,8997.81,10678,0.1441,2,0.2109,1296.52,1
706,1763.99,38632,0.4084,9,0.1689,720.35,0
677,1628.52,47235,0.1703,8,0.0659,277.36,0
466,2696.32,2648,0.4262,8,0.041,1149.29,0
808,10737.07,16677,0.1754,1,0.0267,1883.49,0
612,8441.35,49686,0.2505,7,0.0021,2114.64,0
717,6091.97,23765,0.2994,2,0.0309,1824.01,0
776,6326.02,3381,0.7672,1,0.1661,4853.03,0
372,6688.31,17489,0.2929,9,0.2256,1959.32,0
440,12931.03,12745,0.2342,7,0.0422,3027.92,0
561,8639.72,6818,0.3081,2,0.1829,2661.73,0
639,5406.18,43654,0.2034,7,0.0644,1099.7,0
607,5883.05,34149,0.4623,5,0.0791,2719.53,0
544,2461.87,28312,0.2102,0,0.0738,517.39,0
814,5783.82,38124,0.0996,1,0.023,576.07,0
636,3711.31,39686,0.4432,1,0.0551,1645.0,0
375,2164.04,2316,0.3874,6,0.1761,838.4,0
474,8067.9,6454,0.2908,5,0.1689,2346.11,0
408,4355.42,14107,0.7121,1,0.36,3101.36,1
482,16663.66,5074,0.8544,0,0.1514,14237.63,1
491,2823.36,22188,0.2075,4,0.1605,585.72,0
364,4120.86,48579,0.4103,1,0.058,1690.94,1
773,3876.8,32968,0.3282,9,0.0238,1272.37,0
399,2014.88,41389,0.0248,9,0.0239,50.03,0
843,3721.31,24102,0.5384,5,0.058,2003.44,0
427,2856.2,49894,0.1412,1,0.1096,403.27,0
751,2198.94,42422,0.2486,8,0.1079,546.57,0
668,2826.01,32957,0.1307,4,0.0135,369.24,0
342,2562.39,13872,0.0916,6,0.1347,234.75,1
718,6798.14,48719,0.2197,3,0.042,1493.63,0
787,1625.03,9349,0.1528,1,0.3146,248.29,0
377,5343.72,20693,0.5174,2,0.0466,2764.88,1
569,7219.5,33627,0.1781,4,0.0769,1285.62,0
614,4121.27,44677,0.2642,0,0.1494,1088.84,0
467,12227.48,11760,0.0555,3,0.1816,678.87,0
638,6422.37,12584,0.0193,3,0.2452,123.82,0
492,7012.09,3106,0.6969,1,0.0908,4886.58,0
752,2377.27,14669,0.2519,8,0.1246,598.93,0
582,7507.64,26223,0.3969,5,0.2384,2979.67,0
635,8637.42,36706,0.403,8,0.1182,3481.11,0
689,3293.07,3483,0.3465,5,0.1453,1140.94,0
824,2459.95,28482,0.6515,1,0.0338,1602.62,0
539,3444.86,35143,0.0631,0,0.148,217.41,0
782,6882.27,25240,0.9265,3,0.0501,6376.41,0
757,3662.66,11015,0.2927,0,0.0893,1072.07,0
388,6837.11,17628,0.105,7,0.0099,717.65,0
394,1982.19,26443,0.4328,0,0.0518,857.84,0
751,8059.83,31819,0.4624,4,0.045,3726.8,0
727,2667.87,16060,0.5289,8,0.0796,1411.1,0
450,2645.02,28437,0.4239,0,0.3223,1121.3,1
813,5070.11,11654,0.2263,3,0.257,1147.54,0
675,1790.79,15253,0.2817,7,0.0178,504.48,0
321,1606.6,12565,0.2901,7,0.164,466.09,1
612,2709.98,28597,0.6323,0,0.0344,1713.53,0
818,4589.35,28768,0.136,7,0.1781,624.34,0
505,11027.22,1087,0.7068,2,0.0262,7793.74,0
674,8994.53,10432,0.1496,6,0.2241,1345.63,0
750,4196.88,9764,0.5574,9,0.069,2339.51,0
478,1651.02,1178,0.7066,0,0.0263,1166.55,1
509,4565.05,27301,0.0084,4,0.0428,38.39,0
799,6380.35,36408,0.5983,3,0.2274,3817.33,0
763,3157.0,42965,0.0557,3,0.2488,175.69,0
423,1970.92,32913,0.5393,4,0.1223,1062.85,0
412,2806.07,19732,0.1454,2,0.2341,407.94,1
311,7406.43,3421,0.4985,6,0.1455,3691.9,0
425,3230.79,44715,0.3201,1,0.0566,1034.02,1
630,8184.86,21526,0.3051,0,0.019,2496.86,0
582,3039.84,29317,0.1009,5,0.2291,306.82,1
439,2214.38,2217,0.2049,0,0.245,453.75,0
700,3789.73,36242,0.6365,6,0.0206,2412.01,0
396,3907.92,1929,0.1005,7,0.0417,392.82,1
816,1564.96,41726,0.3464,1,0.0523,542.04,0
368,1997.92,35270,0.4611,3,0.3299,921.24,1
417,2317.91,34188,0.6078,6,0.2243,1408.8,1
358,1982.29,14580,0.1765,5,0.1647,349.96,1
332,3171.32,49608,0.5778,1,0.082,1832.39,1
617,14866.76,39598,0.1508,3,0.0644,2241.23,0
349,4347.06,31431,0.5674,2,0.1033,2466.73,1
788,5450.67,21742,0.562,8,0.0513,3063.24,0
318,3262.63,18833,0.3699,5,0.0408,1206.77,1
496,3063.22,31885,0.2933,1,0.007,898.35,0
749,1593.68,6811,0.626,1,0.0736,997.67,0
751,4275.26,9619,0.2646,2,0.0289,1131.31,0
588,4143.56,25255,0.1292,4,0.3066,535.33,1
440,2187.1,25972,0.0463,5,0.0115,101.23,0
383,7281.19,14527,0.7139,4,0.0719,5198.22,0
690,4214.41,49991,0.3042,0,0.0564,1281.92,0
514,3155.97,33874,0.0796,0,0.1215,251.37,0
825,2135.56,5049,0.2823,6,0.0449,602.9,0
514,4713.28,42057,0.6165,9,0.09,2905.63,1
702,7090.51,2903,0.3578,6,0.2248,2536.87,0
427,2825.14,45261,0.3636,9,0.0011,1027.23,1
776,2487.67,6376,0.2857,5,0.0343,710.69,0
703,4452.03,1042,0.0972,8,0.2334,432.72,0
328,2175.3,23769,0.2736,1,0.086,595.21,1
637,5893.81,2577,0.2363,0,0.2712,1392.76,0
660,5218.96,13382,0.2997,5,0.0072,1564.12,0
691,1864.44,23449,0.701,5,0.1885,1306.9,1
517,1648.82,39653,0.2915,8,0.129,480.64,0
501,5373.38,29859,0.6843,9,0.0055,3676.91,0
316,2894.22,9576,0.2557,0,0.0842,739.94,1
621,1861.65,46874,0.322,0,0.0707,599.43,0
817,7198.96,12663,0.352,9,0.1019,2534.35,0
624,3007.77,37345,0.5153,5,0.0345,1549.85,0
711,3961.78,49910,0.2931,4,0.134,1161.31,0
617,2581.01,6244,0.0914,5,0.1386,235.8,0
381,5448.11,35902,0.4172,5,0.0883,2273.22,1
773,2935.21,4892,0.1698,3,0.1526,498.47,0
767,15270.7,28112,0.3846,9,0.0929,5873.8,0
724,6355.39,5321,0.4461,7,0.0309,2835.01,0
503,2088.08,6776,0.3551,4,0.3449,741.46,0
686,3656.18,44352,0.0834,5,0.0263,304.8,0
397,3447.27,17119,0.288,1,0.0449,992.78,1
644,4556.4,31569,0.5889,0,0.0146,2683.05,0
507,8878.89,39596,0.6222,7,0.0406,5524.68,0
813,5002.73,34063,0.1528,5,0.1918,764.17,0
465,1754.13,34181,0.4099,8,0.0389,718.97,0
321,5761.67,23340,0.546,4,0.0544,3145.76,0
453,1533.2,11187,0.2218,7,0.2003,340.11,0
738,7555.79,48084,0.243,6,0.0041,1836.42,0
594,5894.08,7668,0.3688,9,0.0181,2173.97,0
518,2977.22,16344,0.2154,0,0.051,641.18,0
794,2883.74,9195,0.3113,6,0.0527,897.84,0
529,7903.36,17561,0.3839,3,0.0643,3033.92,1
319,7617.64,38122,0.724,5,0.2949,5515.09,1
447,3237.33,23298,0.2256,8,0.0106,730.45,0
407,2920.69,39250,0.0493,8,0.104,144.1,0
702,4782.33,17076,0.3673,8,0.0503,1756.63,0
782,1533.6,16376,0.1397,4,0.2016,214.22,0
666,1845.14,37039,0.3789,3,0.0451,699.09,0
713,2039.48,44442,0.2777,5,0.1989,566.29,0
608,2320.29,6392,0.4239,9,0.2149,983.54,1
433,4369.91,28106,0.3469,4,0.1397,1515.85,0
582,20936.08,15309,0.3525,9,0.0204,7381.01,0
372,5729.27,25809,0.2284,4,0.0743,1308.41,0
780,1753.03,1693,0.2955,7,0.0876,518.1,0
651,4482.64,34937,0.3094,9,0.061,1386.79,0
625,4245.84,30233,0.19,4,0.0974,806.67,0
742,2122.72,9623,0.5239,0,0.0639,1112.13,1
399,11616.56,41550,0.4012,4,0.0274,4660.6,0
358,3824.74,47624,0.3929,4,0.0155,1502.89,1
807,22355.27,10174,0.4477,4,0.0631,10009.52,0
557,3679.41,12352,0.1265,2,0.0039,465.5,0
712,5245.54,6530,0.2236,8,0.175,1172.99,0
751,1942.67,5992,0.1219,4,0.3046,236.83,0
364,3922.21,24354,0.6283,1,0.009,2464.41,1
453,2591.26,4312,0.1314,4,0.097,340.53,0
565,8720.95,46833,0.5492,8,0.2202,4789.16,0
378,7628.42,5318,0.3553,7,0.0477,2710.5,0
614,8453.18,47827,0.5993,5,0.0509,5066.2,0
547,6643.76,35456,0.3061,8,0.1262,2033.9,0
713,8651.47,1467,0.4116,6,0.0695,3560.82,0
324,2396.72,28192,0.2789,1,0.0123,668.5,1
583,3906.24,43305,0.2157,0,0.1163,842.45,0
748,6208.63,36190,0.5451,2,0.0635,3384.13,0
600,5557.74,24663,0.0669,3,0.2264,371.92,0
367,6540.12,32246,0.4771,8,0.0796,3120.53,0
306,2515.74,48372,0.1753,4,0.1493,441.11,1
436,1914.49,38489,0.2252,1,0.0273,431.08,0
463,11446.35,42971,0.1164,9,0.1605,1332.17,0
382,4785.49,41309,0.4955,4,0.009,2371.05,1
719,2168.12,43637,0.1663,1,0.216,360.53,0
372,7808.59,29273,0.5066,8,0.0171,3955.55,1
536,11357.12,48553,0.2183,5,0.0611,2479.31,0
345,2243.22,30473,0.5453,4,0.0353,1223.16,1
561,8302.1,14679,0.606,1,0.1156,5031.48,0
475,12325.71,28445,0.3602,6,0.1959,4439.15,1
465,12645.88,46310,0.5682,6,0.0158,7185.31,0
669,11320.92,18870,0.1768,1,0.0253,2001.82,0
353,4662.34,48229,0.439,9,0.3468,2046.74,1
718,3261.54,26992,0.192,5,0.0,626.36,0
806,1529.2,30433,0.6063,9,0.0624,927.18,0
640,1751.39,12038,0.6999,9,0.1121,1225.81,0
426,3740.34,26933,0.9366,2,0.0976,3503.1,1
708,3538.81,46020,0.3297,7,0.0114,1166.6,0
666,2316.86,30236,0.2206,4,0.0232,511.09,0
570,3513.28,10770,0.2639,7,0.0937,927.05,0
678,2267.79,4749,0.5012,6,0.0453,1136.6,0
372,9056.38,45585,0.366,7,0.1323,3314.5,1
547,2916.4,36271,0.1616,0,0.0557,471.4,0
342,5150.83,8855,0.5323,5,0.0452,2741.97,1
676,4295.4,47146,0.5324,2,0.031,2286.97,0
340,1713.11,45097,0.3955,4,0.0864,677.48,1
469,12905.4,24439,0.0808,1,0.0535,1042.76,0
511,4496.55,31290,0.4125,3,0.0562,1854.92,0
792,3072.51,12101,0.2182,5,0.0561,670.55,1
338,2188.5,28240,0.1677,0,0.0206,366.96,1
668,3153.14,17783,0.3526,1,0.1844,1111.66,0
450,1582.9,45917,0.3126,1,0.3545,494.75,1
410,3307.45,27809,0.3635,8,0.235,1202.28,1
779,4532.76,48387,0.5055,4,0.1016,2291.5,0
735,9718.72,18923,0.2049,4,0.0374,1991.26,0
346,6151.0,48753,0.2156,5,0.1842,1325.96,0
665,1973.25,16026,0.4838,9,0.0197,954.66,0
368,2139.48,42196,0.2156,2,0.3044,461.17,1
598,3735.33,24569,0.6425,8,0.0993,2399.78,0
595,2371.17,42887,0.5776,2,0.1641,1369.47,1
502,1612.98,21893,0.6161,3,0.1715,993.71,1
360,8039.33,23435,0.3246,8,0.0009,2609.4,0
613,1578.86,37892,0.4186,9,0.0127,660.85,0
460,8604.09,33399,0.1368,7,0.0405,1177.02,0
630,2122.43,26236,0.3889,5,0.1479,825.35,0
827,16204.39,28199,0.3894,7,0.0041,6309.22,0
637,5204.09,21334,0.7976,0,0.0944,4150.84,1
603,6811.84,34217,0.1871,3,0.0961,1274.53,0
802,1968.31,16034,0.3996,9,0.3693,786.5,0
637,9425.02,32085,0.4213,3,0.1919,3971.14,0
849,8810.19,10442,0.7392,1,0.0586,6512.52,0
574,5733.64,13643,0.3709,1,0.0342,2126.35,0
463,4290.83,36069,0.0354,9,0.1329,152.1,1
742,6613.19,8710,0.2446,8,0.111,1617.56,0
618,1523.78,39560,0.1505,5,0.0495,229.27,0
803,5090.28,43427,0.535,6,0.0135,2723.32,1
686,9019.9,8216,0.1654,3,0.0124,1492.06,1
793,3265.82,12712,0.0373,2,0.0101,121.65,0
789,1958.45,5905,0.2835,2,0.1418,555.2,0
372,3684.96,49534,0.1621,4,0.0547,597.28,1
808,6694.66,39767,0.116,5,0.126,776.91,0
689,1954.02,28930,0.5591,1,0.1484,1092.5,1
594,2422.93,32192,0.4772,6,0.0579,1156.18,0
668,2138.57,24506,0.2117,6,0.1316,452.83,0
848,7877.17,8288,0.0706,0,0.0421,555.89,0
486,1759.83,45034,0.4856,6,0.0177,854.59,0
744,6140.93,31011,0.206,3,0.0192,1265.01,0
662,3325.71,16586,0.2602,3,0.0319,865.27,1
422,7138.93,33400,0.0846,2,0.3354,604.09,1
487,14839.78,2567,0.2284,8,0.0136,3389.87,0
719,1986.62,48878,0.0786,2,0.0299,156.1,0
551,3009.76,49850,0.1873,3,0.1956,563.62,1
848,8145.57,2094,0.7619,2,0.1356,6206.46,0
634,2737.85,12135,0.3425,7,0.0767,937.77,0
391,2468.9,14508,0.187,7,0.0128,461.62,0
829,8480.53,46113,0.4676,9,0.1147,3965.69,0
362,18896.65,10684,0.5703,7,0.079,10776.87,1
811,4755.66,28247,0.4059,4,0.4846,1930.42,1
438,2803.19,7191,0.5241,6,0.2278,1469.14,1
484,3533.75,18842,0.2225,2,0.0619,786.43,0
504,2245.95,9046,0.2044,7,0.24,458.98,0
513,7240.04,5934,0.2957,9,0.122,2140.67,0
555,7439.58,47806,0.323,1,0.0933,2402.79,0
434,9821.64,2354,0.1282,7,0.3675,1259.53,0
387,1607.85,40241,0.0538,5,0.0786,86.45,1
506,4801.98,30816,0.1693,1,0.0392,812.75,0
428,2464.49,46562,0.6815,5,0.0276,1679.63,1
302,3167.42,3963,0.2958,9,0.1567,936.94,1
420,7647.64,28424,0.1821,1,0.0079,1392.27,1
684,2352.94,15503,0.4328,2,0.0686,1018.28,0
337,5568.22,4042,0.428,4,0.0309,2383.47,0
640,5751.82,31241,0.5343,0,0.1635,3073.47,1
320,13824.63,40741,0.135,8,0.1156,1865.82,1
541,7469.48,8139,0.3126,9,0.1401,2335.33,0
754,8011.12,12226,0.396,2,0.1012,3172.73,0
602,4533.74,40698,0.4492,0,0.2043,2036.44,0
368,2327.02,15762,0.682,5,0.0798,1587.05,1
428,3717.46,19116,0.355,0,0.1047,1319.81,1
495,4689.5,39108,0.419,2,0.0405,1964.77,1
439,6038.03,6111,0.1567,6,0.0641,945.92,0
743,5243.01,4081,0.5962,3,0.1267,3125.64,1
582,3503.35,30815,0.673,8,0.1193,2357.71,1
611,2733.24,8802,0.1547,6,0.0101,422.83,0
834,2236.8,43230,0.0965,4,0.1715,215.87,0
576,6234.66,49348,0.4562,8,0.1634,2844.41,0
360,5647.04,18913,0.5764,2,0.0215,3254.77,1
618,6150.97,18465,0.3722,7,0.182,2289.6,0
351,3364.22,8994,0.5168,7,0.0705,1738.69,0
452,2717.46,4531,0.4898,3,0.0087,1330.88,0
610,7203.82,10343,0.1258,0,0.0458,906.47,0
843,7442.65,34484,0.1595,3,0.3009,1187.03,0
688,3932.4,7229,0.5625,8,0.0275,2212.12,0
847,5286.01,29775,0.61,9,0.1218,3224.5,0
476,3370.55,27766,0.4857,0,0.1788,1637.03,0
661,6341.94,17588,0.7319,2,0.0447,4641.49,0
613,8724.77,24168,0.1761,7,0.0441,1536.12,0
396,6162.0,45789,0.4123,2,0.0058,2540.65,0
512,4374.54,45069,0.6352,1,0.1664,2778.83,0
436,3954.82,37862,0.1049,0,0.0432,414.75,1
305,5612.46,22866,0.1692,8,0.1286,949.48,1
408,6055.37,10524,0.4214,9,0.0758,2551.65,1
846,4772.39,23538,0.5733,2,0.0452,2735.96,0
338,5422.7,43809,0.5912,6,0.0355,3205.82,1
724,1906.31,22226,0.3302,9,0.1069,629.4,0
560,13626.72,9103,0.4719,2,0.0867,6430.28,0
725,7757.34,19402,0.2487,7,0.277,1929.31,0
386,3373.16,16090,0.1837,8,0.0417,619.78,1
764,4809.57,16915,0.1864,7,0.0072,896.62,0
375,1693.92,42477,0.2308,4,0.1911,390.98,1
770,1668.41,35206,0.3187,9,0.2348,531.76,0
713,2654.99,22511,0.0352,1,0.1205,93.56,0
756,6180.88,16029,0.2442,5,0.1252,1509.32,0
584,9146.17,31831,0.2572,7,0.0137,2352.44,1
538,4776.53,24531,0.2878,1,0.0214,1374.52,0
671,4538.28,5517,0.3948,5,0.1928,1791.61,0
794,3558.73,22961,0.2822,6,0.0901,1004.43,0
344,2205.03,27835,0.4626,8,0.3021,1020.09,1
700,2003.86,28725,0.1895,8,0.1256,379.67,0
546,7219.81,26357,0.3555,1,0.0629,2566.89,1
749,11996.87,44673,0.538,0,0.1148,6454.66,0
784,3952.05,2244,0.4616,6,0.2959,1824.15,0
317,5808.72,3416,0.1816,5,0.2578,1055.1,0
588,11334.97,49061,0.4384,9,0.1294,4968.87,0
713,1877.74,7490,0.3923,9,0.1077,736.6,0
534,7387.09,12683,0.5545,9,0.1668,4096.42,0
715,5336.97,6839,0.6413,3,0.1844,3422.55,0
798,5151.56,25992,0.3634,8,0.0946,1871.92,0
414,2884.3,48618,0.1652,0,0.0037,476.41,0
533,6106.7,45938,0.6571,6,0.0309,4012.51,0
839,7835.04,45735,0.178,4,0.0037,1394.8,0
310,1979.0,38777,0.1866,4,0.1741,369.25,1
505,4550.17,48080,0.6312,5,0.0716,2872.18,1
546,1927.07,9924,0.3375,1,0.3572,650.41,1
426,9740.88,16921,0.2017,2,0.1839,1964.83,1
446,4334.15,25260,0.599,8,0.0512,2596.23,1
417,8100.32,29380,0.1235,3,0.2388,1000.23,1
681,3336.01,19811,0.2545,5,0.3351,849.12,1
711,2034.48,6721,0.4491,2,0.1495,913.6,0
662,1669.54,42191,0.3074,2,0.1958,513.15,0
808,2822.41,5930,0.6206,8,0.0399,1751.51,0
436,2620.09,5353,0.1924,8,0.1758,504.05,0
474,4787.12,8832,0.5461,2,0.1984,2614.22,1
588,1587.91,23951,0.2136,2,0.2054,339.21,0
780,4440.63,8770,0.5669,5,0.0049,2517.3,0
318,3488.82,26525,0.1098,0,0.0208,382.98,0
494,4942.69,17556,0.4488,4,0.0021,2218.04,0
629,6348.26,16094,0.1476,8,0.0916,937.31,0
474,5521.49,8935,0.2497,8,0.0881,1378.65,0
748,18205.09,3675,0.549,7,0.0055,9995.43,1
653,2095.23,32280,0.6696,5,0.0672,1402.94,0
798,3746.63,12240,0.2953,8,0.196,1106.34,0
440,3712.36,5005,0.4341,2,0.0073,1611.42,0
392,3658.64,7544,0.131,8,0.0425,479.36,0
538,5860.18,18332,0.2887,7,0.0486,1691.69,0
504,4192.03,27836,0.1882,0,0.3184,788.77,1
732,4414.54,15388,0.5484,8,0.0737,2421.06,0
544,3765.04,48727,0.1882,7,0.2011,708.71,0
616,20665.74,2694,0.3303,7,0.2021,6825.55,0
594,12000.06,22141,0.21,5,0.0289,2519.53,0
581,2971.08,23666,0.1221,8,0.0616,362.89,0
316,1973.31,48521,0.3734,7,0.0627,736.85,1
370,8824.45,39769,0.2282,1,0.6012,2014.0,1
568,24970.27,40420,0.2886,5,0.0638,7205.8,0
624,2884.69,48753,0.3436,7,0.1047,991.09,0
604,3271.33,38349,0.4185,5,0.1634,1369.13,0
750,12864.03,38855,0.6715,8,0.0816,8638.69,0
306,6467.11,2460,0.4489,4,0.0418,2903.08,1
613,2901.85,37655,0.3515,7,0.1113,1020.06,0
402,4979.98,48646,0.7788,9,0.0171,3878.42,1
492,13046.05,42252,0.5445,1,0.1251,7103.33,1
828,8181.28,10835,0.4194,4,0.0498,3431.01,0
470,6916.59,49411,0.5323,0,0.0387,3682.01,0
836,6842.35,11910,0.316,4,0.0189,2161.93,0
550,2284.16,18221,0.2203,6,0.1131,503.14,0
686,8464.6,26613,0.1363,0,0.0494,1154.09,0
506,2792.51,32353,0.2074,9,0.139,579.25,0
840,12158.05,39614,0.2047,2,0.087,2488.83,0
715,3314.25,9463,0.0749,5,0.2305,248.38,0
679,9298.16,14336,0.1597,0,0.1388,1484.84,0
443,2738.26,27534,0.1266,2,0.2001,346.55,0
324,4390.53,3369,0.2638,7,0.1026,1158.19,1
372,1952.16,26381,0.2798,8,0.0002,546.13,0
392,5816.64,47760,0.3513,6,0.2112,2043.1,1
804,8733.49,20558,0.2909,3,0.0215,2540.5,0
635,6569.74,23369,0.5562,6,0.0397,3653.84,0
724,4463.12,34650,0.2055,6,0.1996,917.22,0
798,1684.66,31954,0.0483,6,0.0256,81.44,0
663,12338.67,26407,0.2,7,0.0075,2467.4,0
498,6389.76,36939,0.3464,3,0.0578,2213.16,0
712,6979.55,27767,0.1881,3,0.0644,1312.94,0
638,7832.75,3040,0.4781,8,0.0673,3744.74,1
728,7009.23,24116,0.219,7,0.0692,1535.34,0
438,3827.25,27170,0.2037,3,0.1434,779.7,1
841,6791.35,7372,0.4583,5,0.3605,3112.66,0
356,5423.6,23369,0.602,8,0.0022,3265.15,1
531,9197.04,8562,0.4581,5,0.0641,4213.61,1
734,7987.25,45544,0.0991,4,0.0039,791.32,0
683,1669.02,6900,0.2843,6,0.0155,474.49,0
493,3404.97,41733,0.4205,1,0.0169,1431.73,1
833,1641.33,22700,0.4423,7,0.2238,725.98,1
817,1930.67,42233,0.0509,6,0.3897,98.36,0
484,5179.3,1589,0.2275,5,0.0587,1178.43,0
591,9780.24,6063,0.5849,2,0.1371,5720.15,0
634,2010.54,21017,0.388,8,0.3324,780.14,0
415,3899.28,19374,0.3274,1,0.146,1276.68,1
348,11171.04,23899,0.2468,3,0.141,2757.08,1
381,8234.51,2258,0.1597,1,0.2981,1315.13,0
632,4433.11,14598,0.2446,5,0.0375,1084.33,0
634,7406.13,3866,0.1768,6,0.0072,1309.17,0
831,4458.39,42504,0.0522,8,0.0505,232.67,0
520,2188.34,31132,0.3279,5,0.2215,717.59,1
622,2032.92,30404,0.475,5,0.0407,965.66,0
302,2334.83,46472,0.1231,4,0.1705,287.43,1
505,3228.81,1637,0.0485,9,0.2936,156.7,0
339,12167.4,25616,0.5442,9,0.0736,6621.79,1
358,7931.33,38650,0.1269,3,0.0564,1006.59,1
806,3768.18,16828,0.3329,9,0.0376,1254.29,0
421,4217.58,27196,0.4,3,0.0179,1686.99,0
778,2734.86,37440,0.1728,3,0.0714,472.61,0
395,6374.36,46097,0.2541,4,0.1721,1619.46,1
713,7993.45,48735,0.3858,0,0.0723,3083.92,0
534,2591.99,33022,0.5676,1,0.0274,1471.22,0
361,1670.89,33202,0.2569,2,0.1505,429.18,1
555,5411.48,29704,0.4725,6,0.0253,2557.12,0
647,4806.83,26875,0.2604,0,0.034,1251.7,0
423,3557.54,24641,0.8799,2,0.0777,3130.21,1
781,5630.11,38479,0.3287,6,0.0478,1850.44,0
616,4699.49,14235,0.092,5,0.1929,432.54,0
803,2653.83,23027,0.3474,1,0.1205,922.02,0
347,3528.19,33927,0.3549,3,0.0964,1252.11,1
708,3735.26,43912,0.1605,0,0.0794,599.48,0
435,9989.33,48561,0.4886,4,0.0646,4880.31,1
500,14466.96,43691,0.1896,1,0.0974,2743.5,1
549,10439.76,28022,0.2597,7,0.0364,2711.4,0
613,6580.14,6938,0.1675,9,0.4383,1101.94,0
667,5017.84,45122,0.6329,5,0.0418,3175.71,0
728,6175.22,43692,0.1216,0,0.0118,750.73,0
779,12694.69,34348,0.3614,1,0.0363,4587.47,0
613,2650.72,33209,0.4777,3,0.1545,1266.34,1
799,4563.91,38242,0.8982,2,0.0197,4099.33,1
654,6179.68,10941,0.3923,8,0.1473,2424.53,0
784,6048.34,8073,0.3427,0,0.0583,2072.98,0
510,2662.9,43430,0.3509,6,0.1054,934.5,0
343,5034.63,38827,0.3453,8,0.0575,1738.39,1
840,7856.84,47225,0.3749,8,0.088,2945.33,0
391,4078.03,38096,0.2514,5,0.1187,1025.26,0
564,7805.91,1921,0.4564,6,0.0201,3562.25,0
519,3284.41,3773,0.0887,7,0.112,291.24,0
741,12671.83,5462,0.4492,2,0.2545,5691.91,0
700,4553.66,21960,0.3996,4,0.0726,1819.65,0
699,5124.85,31268,0.5859,3,0.0003,3002.64,0
789,1627.46,20818,0.5745,8,0.1216,934.99,0
784,2246.62,40501,0.3883,8,0.0862,872.47,0
769,5508.85,45542,0.3018,3,0.0444,1662.48,0
744,3678.01,43078,0.4848,1,0.0428,1783.13,0
568,4338.44,2865,0.3402,0,0.0582,1476.03,0
566,1760.17,31706,0.4295,2,0.0019,756.05,0
353,8686.33,29887,0.2768,1,0.1305,2404.31,1
827,7639.28,31511,0.2866,4,0.0894,2189.06,0
819,2320.01,34479,0.4631,5,0.0431,1074.29,1
358,5524.09,41478,0.102,8,0.088,563.38,1
339,8321.93,27401,0.1009,3,0.1584,839.37,1
536,5596.11,29502,0.1729,3,0.0676,967.32,0
685,2986.56,47214,0.1619,3,0.0592,483.66,0
599,5769.75,14394,0.2781,0,0.0087,1604.49,0
694,2445.23,34158,0.2561,2,0.1329,626.22,0
506,3032.4,10262,0.0511,3,0.0343,155.1,1
635,2598.11,5487,0.2864,0,0.0223,744.05,0
813,4756.07,28341,0.4931,4,0.2661,2345.01,0
477,1958.17,44388,0.3065,9,0.1029,600.16,0
695,12330.82,14570,0.2457,8,0.154,3029.81,0
670,3122.93,30605,0.4667,0,0.1423,1457.54,0
617,2488.57,7066,0.7332,6,0.1329,1824.51,0
668,4245.08,38262,0.2974,1,0.0122,1262.65,0
683,2797.37,27723,0.2241,9,0.0423,626.85,0
361,4562.05,4572,0.1408,8,0.0334,642.19,1
804,3213.97,13670,0.3993,3,0.1194,1283.23,0
538,2066.56,28839,0.1877,2,0.02,387.83,0
494,2736.41,49707,0.4376,6,0.146,1197.5,1
521,3808.15,29401,0.1041,5,0.122,396.31,0
360,1623.05,11249,0.2893,9,0.1551,469.51,0
428,7389.89,3311,0.1062,7,0.0457,784.97,0
455,5389.59,33011,0.1839,8,0.0398,991.06,0
677,5178.78,44839,0.1788,6,0.0941,925.91,0
736,4659.07,40541,0.1398,5,0.0506,651.35,0
506,5069.45,40673,0.4873,7,0.1484,2470.33,0
687,12412.11,4642,0.1056,8,0.0727,1310.7,0
779,1534.42,7338,0.1997,7,0.0282,306.46,0
639,1695.92,10622,0.1236,5,0.0881,209.67,0
639,2350.27,49423,0.0761,7,0.052,178.8,0
503,2232.33,43873,0.6426,8,0.109,1434.5,0
460,2299.63,40008,0.3065,5,0.0216,704.87,0
839,5958.28,48565,0.3775,5,0.1193,2249.09,0
691,3960.92,8806,0.5755,1,0.0702,2279.43,0
833,20704.19,1757,0.3469,8,0.1541,7182.6,0
369,2529.31,27710,0.6581,7,0.1886,1664.65,1
704,2989.07,22470,0.6757,4,0.0461,2019.86,0
816,18101.3,7220,0.6877,9,0.213,12448.94,0
419,8629.41,43872,0.5556,2,0.2073,4794.83,1
516,4038.0,27315,0.3664,8,0.0004,1479.48,0
355,4735.1,28793,0.3573,9,0.0606,1691.83,0
665,8910.57,15316,0.1665,6,0.3086,1483.32,0
803,4123.25,43094,0.0714,8,0.1825,294.31,0
754,2422.81,23505,0.3481,6,0.2097,843.49,1
403,8551.39,29288,0.163,7,0.0477,1393.9,0
376,4586.79,9956,0.1102,9,0.0691,505.5,0
529,2164.42,20109,0.2476,4,0.093,535.95,1
557,4317.53,4497,0.5726,9,0.1177,2472.42,1
563,3632.31,10864,0.1788,9,0.1618,649.46,0
630,9877.17,32510,0.1483,5,0.0331,1464.52,0
481,2038.95,28981,0.7147,7,0.0325,1457.32,1
849,9824.49,23026,0.1865,6,0.0914,1831.97,0
326,4371.49,9774,0.3688,0,0.0069,1612.4,1
575,3572.51,47807,0.2444,9,0.0155,872.97,0
598,2206.79,22017,0.2636,3,0.0171,581.76,0
390,6326.81,2821,0.4065,7,0.0772,2572.14,0
779,11958.61,46485,0.2805,8,0.1076,3354.05,0
757,3382.43,19021,0.4682,5,0.159,1583.53,0
750,2606.1,11372,0.1421,3,0.0237,370.22,0
664,4737.53,42148,0.2763,1,0.0296,1308.86,0
650,7862.19,35514,0.2653,8,0.3079,2085.65,0
699,1515.1,29402,0.0999,0,0.1391,151.39,0
552,5491.93,6797,0.3785,4,0.0826,2078.61,0
758,5130.47,17283,0.3943,7,0.0695,2022.86,0
798,3031.8,41857,0.7434,3,0.2645,2253.97,0
807,3901.71,45905,0.5347,0,0.0008,2086.17,0
603,2634.56,8597,0.536,3,0.0348,1412.02,0
800,7740.42,31320,0.2293,4,0.1423,1775.1,0
465,5526.34,32261,0.0945,4,0.0069,522.2,0
714,4543.23,7107,0.0506,0,0.2281,229.95,0
761,3493.78,26760,0.346,1,0.0077,1208.92,0
413,2877.77,36561,0.0963,5,0.0487,277.24,0
732,8420.47,12138,0.197,9,0.0261,1659.1,0
655,3901.6,36268,0.6219,4,0.1912,2426.46,0
506,4284.18,32608,0.1428,8,0.0257,611.8,0
534,4442.79,14138,0.373,6,0.2567,1657.03,0
741,3879.49,42129,0.1386,4,0.2234,537.74,0
654,2683.33,38693,0.1381,8,0.0308,370.5,0
814,2012.88,18464,0.5542,0,0.0397,1115.54,0
507,1914.95,22248,0.1914,2,0.0437,366.57,0
424,7166.4,38221,0.1738,1,0.0127,1245.25,1
437,2511.98,19632,0.3994,6,0.0898,1003.17,1
638,1729.13,48547,0.1329,8,0.1499,229.82,0
836,7888.41,13100,0.1031,1,0.0472,813.24,0
367,2169.24,48930,0.0919,5,0.1087,199.27,0
840,5424.88,2325,0.5959,1,0.1461,3232.45,0
682,3153.85,12369,0.4398,2,0.0337,1387.16,0
318,2040.9,11340,0.0163,0,0.0485,33.37,1
749,3641.03,14408,0.5932,5,0.0377,2160.04,0
373,1559.68,20369,0.1983,1,0.0008,309.32,0
575,8856.54,19460,0.6583,2,0.3352,5830.51,1
347,4382.06,27105,0.0813,5,0.0925,356.07,1
510,2099.39,32384,0.3872,5,0.0773,812.9,0
839,2581.89,2461,0.3068,3,0.062,792.23,0
490,3876.65,43362,0.7186,0,0.137,2785.92,1
614,2337.3,33840,0.1046,6,0.1829,244.48,0
412,2751.17,29610,0.5531,1,0.1903,1521.57,1
469,4557.59,39798,0.1477,5,0.038,673.15,0
767,8649.69,21995,0.6558,6,0.1638,5672.59,0
313,3555.59,20180,0.2987,1,0.0709,1062.2,1
587,6548.88,8717,0.2979,5,0.2111,1951.06,0
488,9872.03,14331,0.5027,0,0.031,4962.23,0
454,2474.92,14936,0.1882,5,0.041,465.73,0
770,8084.24,30550,0.2719,7,0.1386,2198.15,0
374,7165.4,21615,0.4667,7,0.0595,3343.93,0
576,3266.05,4576,0.3392,6,0.0269,1108.0,0
642,19733.13,41868,0.1251,3,0.0235,2468.74,0
724,2718.35,33503,0.3323,3,0.0711,903.44,0
810,2676.43,47380,0.0886,4,0.0319,237.1,0
481,7418.19,6728,0.6365,7,0.0537,4721.52,0
757,3781.29,33800,0.1116,3,0.1792,422.01,0
363,3106.66,11886,0.4864,8,0.0277,1510.95,1
559,2287.29,15078,0.5374,2,0.003,1229.16,0
492,7298.34,5373,0.4822,8,0.0224,3519.16,0
705,7673.14,48236,0.2785,1,0.0088,2136.94,0
392,4844.04,46805,0.8274,5,0.0456,4008.12,1
729,14115.5,33532,0.524,4,0.1287,7396.89,0
733,3031.86,48229,0.6009,4,0.1119,1821.91,0
703,2491.89,36160,0.4757,5,0.01,1185.39,0
733,6026.2,29688,0.2998,9,0.1244,1806.78,0
411,7182.03,12063,0.2664,6,0.0574,1913.02,0
674,2519.08,24089,0.0847,3,0.3923,213.39,0
358,1818.82,34585,0.7742,3,0.0549,1408.08,1
342,8153.81,7203,0.4092,8,0.0269,3336.18,0
506,16503.36,3438,0.0875,3,0.1289,1444.73,0
595,5638.86,28559,0.3274,7,0.1294,1846.07,0
417,2802.18,24212,0.3329,9,0.1072,932.82,0
831,24322.27,7641,0.1364,0,0.0711,3316.61,0
521,10449.69,17983,0.0789,3,0.0371,824.49,0
465,4381.09,15026,0.4455,1,0.0499,1951.96,1
455,8479.23,20636,0.4388,9,0.1148,3720.28,0
483,8267.38,35603,0.3226,4,0.0291,2667.39,0
389,12421.12,13222,0.2539,1,0.0037,3153.62,0
393,8853.49,3177,0.2591,6,0.0162,2294.34,0
312,5627.7,41910,0.6668,9,0.1249,3752.34,1
737,5259.3,33916,0.6442,6,0.0143,3387.87,0
837,4019.62,14105,0.2867,8,0.2204,1152.48,0
449,5439.2,35512,0.4098,3,0.025,2229.22,0
307,7843.21,2646,0.0546,4,0.0245,427.85,0
328,15399.93,10864,0.3266,2,0.0665,5029.81,0
595,4019.09,47434,0.1519,6,0.3458,610.63,0
639,4910.01,27515,0.1478,4,0.0857,725.72,0
738,3853.75,24762,0.288,8,0.0935,1109.7,1
443,5916.37,37435,0.414,6,0.0523,2449.63,0
818,5476.15,17960,0.1127,3,0.0739,616.98,0
344,1571.98,45055,0.2531,6,0.1404,397.83,1
538,4616.23,28607,0.166,0,0.021,766.19,0
454,1870.6,17302,0.5262,1,0.2283,984.27,1
480,1606.95,46778,0.2253,2,0.1074,362.04,0
514,7765.46,31941,0.3018,4,0.0373,2343.31,0
387,2697.13,32321,0.4713,4,0.0857,1271.18,1
555,3166.03,31313,0.2341,6,0.1464,741.28,0
810,1764.92,38547,0.2714,8,0.1253,479.08,0
372,2291.37,41955,0.522,9,0.1062,1196.13,1
478,7302.99,14029,0.2185,8,0.0716,1595.81,0
511,4221.17,36740,0.5989,5,0.1628,2528.04,0
533,10003.4,19429,0.2604,6,0.0076,2605.35,0
764,3524.96,29512,0.0213,7,0.0892,75.09,0
522,2751.73,12140,0.2957,3,0.0621,813.62,0
563,3208.39,15847,0.049,6,0.2244,157.25,0
506,6489.91,48191,0.307,5,0.012,1992.69,0
665,4738.77,35256,0.5438,7,0.0999,2576.72,0
575,10881.6,29774,0.471,0,0.0074,5125.06,0
679,5186.91,10127,0.2087,4,0.0633,1082.53,0
608,4217.12,29205,0.2397,2,0.0343,1010.95,1
567,7662.5,43674,0.4175,8,0.0695,3199.14,0
363,13290.35,35570,0.282,8,0.0778,3748.29,0
649,3259.27,16627,0.132,2,0.2623,430.09,0
793,2650.07,37288,0.091,9,0.0192,241.16,0
822,5330.72,39664,0.5131,1,0.0079,2735.25,0
397,4263.58,33333,0.3046,4,0.1958,1298.52,1
370,19607.5,49012,0.0819,3,0.2861,1605.57,0
663,3982.28,37079,0.2751,6,0.066,1095.38,0
575,1808.96,19689,0.6482,7,0.4087,1172.55,1
349,16653.75,25259,0.8548,3,0.0066,14235.18,1
657,8921.02,27571,0.1317,2,0.0125,1174.75,0
784,2285.28,9009,0.0664,8,0.0126,151.85,0
383,10898.93,45674,0.2436,7,0.2788,2655.11,1
595,3166.11,45995,0.5712,6,0.0904,1808.51,0
535,3393.55,39230,0.1109,7,0.0463,376.42,0
355,10974.54,46828,0.2429,7,0.1751,2665.83,1
659,4521.07,37226,0.8327,9,0.0284,3764.49,0
409,2092.9,37498,0.2931,7,0.3182,613.47,1
491,3342.15,29820,0.5155,0,0.114,1723.01,0
392,6621.94,41315,0.2641,3,0.3575,1749.05,1
359,2265.53,30482,0.7486,9,0.0115,1695.87,1
338,5068.65,33795,0.2203,6,0.0078,1116.45,0
839,6253.37,49276,0.3194,5,0.0571,1997.4,0
348,3185.49,20875,0.1817,2,0.0516,578.71,1
719,6235.12,40191,0.3394,2,0.0241,2115.96,0
312,10123.82,13453,0.5605,3,0.1537,5674.53,1
335,4055.52,10260,0.4798,9,0.0762,1945.69,0
400,3430.96,49629,0.2686,5,0.0544,921.69,1
385,2656.91,46244,0.2244,0,0.0324,596.1,1
815,5207.44,46706,0.3424,9,0.0492,1783.18,0
522,9976.13,43817,0.2429,3,0.2321,2422.88,1
637,3070.16,26898,0.3989,8,0.3271,1224.62,0
465,3518.28,6614,0.7377,6,0.0195,2595.39,0
682,3587.72,32843,0.1198,5,0.0234,429.93,0
675,4791.31,45451,0.2763,4,0.0331,1323.81,0
770,2537.2,12687,0.4097,1,0.201,1039.47,0
330,8408.63,4801,0.4642,1,0.0228,3903.32,0
674,2901.65,42048,0.2924,5,0.2383,848.36,0
310,6388.04,41144,0.4349,8,0.3458,2778.4,1
601,4379.74,29942,0.1878,8,0.1144,822.58,0
395,5026.57,11148,0.6088,0,0.1714,3060.01,1
489,2291.9,47828,0.3407,6,0.1005,780.87,0
752,6812.45,18283,0.1397,6,0.0071,951.61,0
491,2336.08,20861,0.326,9,0.2812,761.61,1
785,1981.78,35512,0.7266,1,0.1407,1439.95,0
565,4664.62,23480,0.1336,9,0.0006,623.22,0
723,6441.81,19637,0.1634,3,0.0818,1052.64,0
427,1705.32,45621,0.2674,7,0.2251,455.98,1
537,1787.68,48431,0.3557,5,0.0592,635.97,0
654,7991.7,35401,0.3171,6,0.095,2534.38,0
411,8122.61,24385,0.1923,9,0.0176,1561.83,0
745,2625.76,26437,0.1994,5,0.142,523.67,0
642,5320.42,9149,0.0372,8,0.15,197.94,0
444,3842.05,15671,0.1745,9,0.0838,670.36,0
364,5506.26,38469,0.6122,9,0.0214,3371.2,0
546,9447.57,24119,0.4622,8,0.0716,4366.66,0
789,1832.9,47117,0.1633,5,0.0091,299.36,0
738,7520.03,34781,0.5906,5,0.0111,4441.45,0
405,4217.21,17279,0.2895,8,0.075,1220.86,0
480,4821.62,4299,0.5818,9,0.0438,2805.0,0
483,5744.47,35274,0.1501,8,0.0052,862.07,0
525,11736.27,5803,0.3892,2,0.037,4568.08,0
388,1733.57,18361,0.3723,6,0.1023,645.39,1
829,1619.68,19201,0.2918,2,0.0269,472.62,0
670,2285.33,29634,0.1449,3,0.0883,331.1,0
698,18704.8,15760,0.4825,8,0.0869,9024.24,0
405,6522.14,11826,0.6559,9,0.1082,4278.14,0
570,5314.32,22285,0.1993,7,0.0126,1059.32,0
802,1692.73,47589,0.8357,5,0.1675,1414.59,0
824,9951.5,46775,0.6002,5,0.172,5972.92,0
331,8201.39,49554,0.7203,7,0.201,5907.48,1
692,5872.11,10140,0.1884,1,0.033,1106.43,0
339,3156.8,7798,0.1512,4,0.0478,477.25,1
517,1792.46,1567,0.8293,6,0.1443,1486.52,0
381,4970.37,12624,0.2402,2,0.1248,1193.75,1
500,6587.5,13215,0.3825,7,0.0041,2519.57,0
746,1895.93,8966,0.3736,2,0.0965,708.3,0
727,5517.95,41888,0.4656,3,0.3828,2569.29,0
337,2849.54,30753,0.0873,9,0.0534,248.9,1
510,7279.84,45104,0.3192,9,0.0296,2323.78,0
743,4602.78,38078,0.0787,5,0.0039,362.27,0
626,2052.62,46955,0.4947,5,0.0265,1015.53,0
526,4490.58,47857,0.4693,1,0.37,2107.52,1
347,3514.98,2982,0.5293,1,0.0252,1860.6,1
317,2295.54,34864,0.3263,2,0.0492,749.1,1
738,8868.4,14582,0.539,2,0.0297,4779.66,0
486,1544.36,20954,0.3951,3,0.1105,610.21,0
644,2996.61,40265,0.4133,3,0.0014,1238.65,1
523,1550.7,47313,0.0758,3,0.1555,117.52,0
787,1903.73,45350,0.4704,9,0.0345,895.46,0
528,2910.14,16378,0.3554,9,0.076,1034.14,0
689,1723.2,44632,0.4243,2,0.0432,731.15,0
487,5131.61,5279,0.3521,0,0.0339,1806.99,0
569,1863.48,28924,0.5385,8,0.1403,1003.46,0
609,6338.81,18057,0.302,1,0.1411,1914.56,0
431,1716.31,8312,0.7613,2,0.35,1306.56,1
371,1744.56,31353,0.3561,1,0.2741,621.21,0
486,2957.25,49208,0.2662,5,0.1664,787.15,0
785,10575.5,36137,0.1299,5,0.2475,1373.24,0
490,5602.12,21914,0.3002,0,0.0342,1682.01,0
721,7380.99,17192,0.2946,3,0.0043,2174.68,0
419,2110.52,18450,0.4023,9,0.1142,849.06,1
519,8686.09,6432,0.1413,4,0.1056,1227.34,0
352,1532.72,32012,0.4344,5,0.0156,665.85,1
750,2458.4,34455,0.84,4,0.0085,2065.03,0
711,5329.41,14175,0.2651,2,0.2697,1412.59,0
536,3381.59,1068,0.1593,2,0.1108,538.64,0
705,18089.31,11295,0.3156,2,0.1636,5708.51,0
721,1623.24,7774,0.387,5,0.0047,628.26,0
546,27779.9,13190,0.1343,3,0.1115,3730.66,0
371,5408.71,32286,0.2129,3,0.1333,1151.66,0
484,4772.18,11789,0.4081,2,0.05,1947.66,1
305,1745.43,29914,0.2691,3,0.2997,469.68,1
505,2777.13,32944,0.5382,7,0.13,1494.69,0
843,11843.12,7891,0.3353,2,0.0689,3971.3,1
686,3249.35,22977,0.3223,9,0.0904,1047.18,0
375,5834.74,31351,0.2733,2,0.0549,1594.92,0
476,31874.52,11316,0.214,5,0.0825,6822.28,0
648,2721.05,34207,0.1517,0,0.007,412.85,0
554,4932.85,26654,0.9586,9,0.0155,4728.44,0
607,6268.67,8466,0.1979,5,0.1369,1240.35,0
644,2219.51,18637,0.3978,8,0.0226,882.87,0
426,2143.83,4209,0.3636,2,0.0079,779.58,0
586,3937.49,37317,0.1798,1,0.0494,707.9,1
786,3449.82,4078,0.412,2,0.0422,1421.29,0
682,6510.07,28299,0.1459,2,0.1099,949.92,1
705,1788.17,37258,0.4275,1,0.0274,764.41,0
687,15826.08,4543,0.6512,3,0.0489,10305.48,0
824,1557.52,30091,0.0945,7,0.0815,147.15,0
575,5178.35,29947,0.6937,6,0.0867,3592.2,1
799,4807.93,23064,0.5879,9,0.1489,2826.51,0
636,2078.79,7751,0.4876,8,0.0428,1013.69,0
780,2154.39,15906,0.2313,7,0.0718,498.26,0
572,7793.92,19096,0.2157,6,0.165,1680.85,0
357,10241.43,15425,0.0882,5,0.1238,902.84,0
627,2830.81,12811,0.0898,2,0.1005,254.16,0
408,3804.76,18578,0.7238,9,0.4398,2753.81,1
578,3253.99,7781,0.1962,3,0.0895,638.46,0
627,1801.25,22290,0.0744,7,0.0798,133.99,0
614,5973.68,16563,0.6471,1,0.1277,3865.42,0
773,8476.29,26888,0.1702,5,0.0313,1442.91,0
410,2954.68,28491,0.1986,0,0.0627,586.82,0
528,19991.62,48565,0.5432,6,0.0994,10859.12,0
796,1815.53,33352,0.2465,3,0.1043,447.46,0
455,5836.36,22676,0.1899,0,0.1928,1108.57,0
772,3878.48,1300,0.2061,4,0.0019,799.49,0
571,3866.71,38463,0.2197,4,0.1309,849.59,0
301,3947.34,45942,0.4907,5,0.2145,1936.88,1
810,2697.3,49990,0.3185,7,0.0667,859.15,0
585,6528.97,22008,0.1799,3,0.2418,1174.71,0
312,6614.45,21221,0.1771,6,0.0843,1171.19,0
797,2827.36,30334,0.2657,3,0.0423,751.37,0
537,8714.68,44518,0.4964,1,0.0371,4326.19,0
393,3024.13,21301,0.2197,7,0.041,664.41,1
637,6665.29,8307,0.1441,4,0.3161,960.53,0
470,2015.88,30251,0.1062,9,0.3213,214.03,0
766,2239.07,47586,0.3659,3,0.0455,819.17,0
442,3017.99,35157,0.25,1,0.0281,754.65,0
500,5104.37,9882,0.1437,6,0.1243,733.54,0
479,5648.32,11040,0.1436,4,0.0291,811.31,0
663,3519.08,7141,0.1902,8,0.0519,669.38,0
778,1824.14,46878,0.1147,6,0.272,209.3,0
770,3371.29,6969,0.7111,8,0.1695,2397.35,0
683,6168.86,14162,0.3524,9,0.0344,2173.87,0
716,5946.73,10131,0.0963,9,0.1379,572.73,0
607,2198.35,6037,0.5914,4,0.0414,1300.19,0
666,1531.26,23378,0.266,5,0.0662,407.3,0
300,7093.17,15693,0.667,7,0.2311,4731.02,1
343,1949.85,27626,0.2954,9,0.0901,575.97,1
397,1843.75,3451,0.1802,5,0.1245,332.25,1
564,1510.82,1024,0.6125,3,0.276,925.41,1
439,3766.77,6962,0.3429,1,0.0731,1291.71,0
780,4298.79,36324,0.2996,5,0.0955,1287.8,0
536,5560.73,32415,0.2898,8,0.0416,1611.57,0
371,2904.27,25016,0.2282,7,0.0829,662.74,1
489,6457.36,17444,0.0765,2,0.0645,493.94,0
567,2242.1,41443,0.3099,4,0.0804,694.84,0
620,8634.93,17506,0.3709,5,0.041,3203.0,0
406,4893.11,39384,0.4842,6,0.053,2369.13,0
531,5007.22,44062,0.6146,1,0.0497,3077.53,1
341,2441.75,32693,0.4345,5,0.1743,1060.95,1
438,1807.99,47778,0.4927,1,0.0157,890.85,1
572,3999.9,25248,0.3947,7,0.0336,1578.8,0
780,5324.41,47162,0.0353,6,0.2751,187.77,0
715,1899.49,43690,0.2441,1,0.0243,463.6,0
805,13525.92,5089,0.4092,3,0.0972,5535.42,0
723,17231.83,48216,0.4748,6,0.0478,8181.19,0
706,4653.85,3472,0.3625,8,0.0885,1687.15,0
689,13488.47,44237,0.3328,2,0.0375,4489.51,0
641,2291.1,41218,0.9376,9,0.0579,2148.1,0
792,1603.0,36732,0.415,9,0.1072,665.22,0
491,1660.83,9104,0.334,7,0.0672,554.65,0
798,5042.2,18694,0.4959,8,0.0455,2500.19,0
532,1754.49,25730,0.3944,7,0.1381,692.01,0
526,14232.65,35980,0.4405,3,0.0725,6269.35,0
670,2112.29,10454,0.0681,3,0.0088,143.76,0
438,2953.78,40560,0.1262,6,0.1139,372.82,1
448,8415.54,10554,0.4969,3,0.1447,4181.68,1
414,2487.39,26513,0.1706,9,0.2316,424.36,1
749,2613.4,42471,0.4692,9,0.1969,1226.27,0
362,5612.34,46987,0.1584,6,0.2196,888.76,1
403,2792.33,31985,0.3374,8,0.1488,942.1,0
572,2480.78,25762,0.1466,8,0.0657,363.77,0
305,2673.07,49167,0.1875,8,0.1638,501.17,1
446,4198.46,41428,0.2342,9,0.1491,983.24,0
483,15037.35,2702,0.2941,9,0.2435,4422.26,0
327,8640.83,18038,0.1362,5,0.0398,1176.56,1
849,2839.71,23219,0.1322,0,0.1019,375.44,0
418,3306.29,5271,0.1912,7,0.1102,632.09,0
592,3998.31,28397,0.3203,5,0.0364,1280.52,0
670,16939.55,9955,0.2775,6,0.0479,4700.97,0
543,2256.86,30602,0.5608,1,0.1426,1265.55,0
517,3269.45,45227,0.3618,2,0.0466,1183.02,1
476,6728.84,32545,0.1528,5,0.0233,1028.3,0
598,14790.7,24116,0.7228,2,0.2499,10691.37,0
357,2176.87,7674,0.1972,4,0.0938,429.21,0
568,2531.87,18469,0.3032,3,0.1507,767.76,0
607,2523.16,6446,0.1119,4,0.0166,282.37,0
587,1584.62,21760,0.7542,7,0.031,1195.11,0
404,5206.53,2963,0.5646,3,0.0589,2939.75,1
527,5943.18,43745,0.2924,8,0.0185,1737.57,0
546,5190.5,11466,0.1151,2,0.1597,597.19,0
793,1795.98,28262,0.4253,6,0.0096,763.91,0
382,1786.97,6177,0.2861,6,0.064,511.34,1
485,2444.85,12160,0.3284,0,0.0529,802.91,0
551,2871.62,38340,0.5552,2,0.0834,1594.45,0
654,7677.29,8543,0.5682,9,0.075,4361.94,0
509,2194.51,42675,0.1901,0,0.1975,417.11,0
746,1680.38,17626,0.4516,7,0.0302,758.92,0
759,3503.42,40278,0.1811,9,0.0987,634.48,0
771,3654.1,30607,0.2257,4,0.0091,824.74,0
669,3897.95,21299,0.2641,3,0.2646,1029.52,1
791,8515.63,18221,0.1318,2,0.1803,1122.14,0
436,1912.59,4323,0.3173,6,0.0857,606.81,0
666,6368.8,43305,0.2689,7,0.033,1712.41,0
483,3149.63,11615,0.8131,7,0.1717,2561.1,1
586,2984.14,2432,0.6478,0,0.009,1932.98,0
771,12285.07,24238,0.4488,6,0.1151,5513.57,0
674,2642.57,41423,0.1693,4,0.188,447.38,0
836,5614.84,9431,0.6252,1,0.1234,3510.41,0
810,2787.04,9330,0.3734,7,0.4732,1040.67,0
549,4330.15,45153,0.3393,1,0.1453,1469.09,1
809,7672.6,9611,0.6042,5,0.1428,4635.78,0
372,10038.89,14872,0.3239,4,0.1558,3251.94,1
581,8797.89,35930,0.7042,5,0.0461,6195.64,0
659,4990.83,7486,0.0998,9,0.1366,497.93,0
309,2644.42,37870,0.3131,7,0.0434,827.9,1
510,5829.78,24258,0.1864,8,0.2025,1086.38,1
451,6450.19,49716,0.2619,2,0.0346,1689.61,0
304,1543.0,44186,0.6683,2,0.0552,1031.26,1
494,3813.64,2168,0.2816,6,0.0344,1074.07,0
582,8912.72,1415,0.1108,2,0.0697,987.72,0
763,4190.14,11905,0.0616,9,0.1226,258.01,0
412,2992.24,47200,0.3568,4,0.0528,1067.57,1
570,9716.59,6243,0.4755,9,0.0895,4620.68,0
462,2177.85,17533,0.2429,3,0.012,529.06,0
759,2424.93,28020,0.514,8,0.2366,1246.53,0
404,6150.97,23908,0.2648,7,0.0881,1628.91,0
581,3238.15,6899,0.3611,8,0.0364,1169.34,0
461,6493.33,34606,0.101,5,0.0628,655.91,0
650,2186.49,39912,0.35,1,0.0538,765.36,0
733,2662.85,10888,0.6302,7,0.0679,1678.05,0
439,2181.48,46299,0.3968,0,0.1289,865.69,0
770,13722.81,16935,0.0946,4,0.3215,1297.99,0
431,3579.49,8466,0.4183,1,0.1153,1497.42,1
386,3145.25,16095,0.127,6,0.3386,399.42,1
482,1557.22,12193,0.1937,4,0.3865,301.65,0
667,2166.19,2320,0.6488,9,0.0616,1405.51,0
428,3686.75,47032,0.3385,2,0.101,1247.98,1
545,1783.85,13227,0.4384,6,0.3603,782.11,1
677,4359.44,18907,0.2387,2,0.2691,1040.39,0
448,3927.99,39002,0.4006,5,0.2435,1573.38,1
732,7329.75,45838,0.096,3,0.0227,703.83,0
768,5812.92,39912,0.2553,9,0.1163,1484.1,0
745,3861.98,1552,0.7266,1,0.1147,2806.18,0
780,2517.82,21140,0.1095,8,0.0808,275.58,0
593,6691.14,21055,0.1559,5,0.11,1043.07,0
442,6422.12,49737,0.8418,4,0.0178,5406.43,1
549,2165.62,34367,0.4302,4,0.0264,931.7,0
601,11348.75,16098,0.2827,7,0.0354,3207.88,0
324,1766.29,25061,0.3543,4,0.1252,625.87,1
369,1726.44,32054,0.0907,7,0.09,156.66,1
411,2329.82,15800,0.3645,7,0.1053,849.28,0
663,11107.89,43124,0.291,0,0.2094,3232.81,0
602,4435.86,46638,0.906,3,0.3034,4019.06,1
770,7703.56,46192,0.7024,8,0.1138,5410.88,0
390,2534.27,26579,0.251,1,0.0195,636.09,1
829,4195.12,2982,0.5447,3,0.1231,2285.05,0
491,3274.47,41598,0.1409,3,0.3156,461.25,1
541,8537.06,36765,0.3731,0,0.1177,3185.57,0
437,1591.46,18070,0.1885,9,0.0246,300.06,0
644,2618.02,31886,0.2792,9,0.0346,730.95,0
479,2162.21,45374,0.3122,6,0.1046,675.05,1
802,9341.35,35527,0.0966,0,0.1249,902.32,0
502,4021.02,40791,0.2725,4,0.2659,1095.68,0
491,3571.54,30513,0.8783,7,0.5343,3136.93,1
304,3887.59,23592,0.1501,3,0.0392,583.53,1
536,15791.44,47660,0.2071,4,0.0717,3270.72,0
610,9095.62,24618,0.1194,9,0.0661,1086.39,0
848,6401.72,16409,0.2925,2,0.0823,1872.7,0
355,2872.66,10529,0.1635,4,0.0362,469.62,1
742,2222.12,25154,0.4796,2,0.312,1065.71,1
536,11675.25,33882,0.4814,3,0.0304,5620.73,0
496,3700.18,45917,0.6806,2,0.079,2518.33,1
813,2807.11,17952,0.3794,4,0.1043,1065.13,0
748,4046.47,16701,0.4795,1,0.0176,1940.29,1
659,11496.71,10745,0.3065,8,0.1162,3523.45,0
329,3458.0,25335,0.2803,2,0.2224,969.39,1
407,4808.0,3689,0.3895,9,0.0489,1872.93,0
744,7997.52,3988,0.0248,0,0.2731,198.46,0
737,3728.4,36919,0.3893,4,0.0417,1451.36,0
756,2563.9,45487,0.4885,3,0.1133,1252.54,0
794,22330.8,49426,0.1132,1,0.0194,2527.7,0
546,14046.5,10013,0.529,7,0.0281,7431.22,0
842,8918.26,40113,0.2951,8,0.1193,2632.0,0
738,6163.8,4574,0.0891,5,0.1307,549.22,0
577,2897.47,33480,0.1756,7,0.1561,508.89,0
410,11286.42,8838,0.3651,1,0.0883,4120.15,1
684,2789.41,29363,0.4688,5,0.471,1307.78,1
490,7953.97,32368,0.1208,0,0.2185,961.18,1
789,11516.76,33228,0.4923,9,0.0344,5670.03,0
725,5195.31,47097,0.4485,2,0.5017,2330.05,1
704,7999.35,29639,0.4251,6,0.0217,3400.87,0
634,7775.01,15823,0.3914,0,0.1312,3043.39,0
508,2358.51,24510,0.578,5,0.0126,1363.32,0
321,5909.57,39333,0.3001,6,0.0559,1773.55,1
507,1892.52,5435,0.5035,2,0.1311,952.88,0
307,4335.89,39418,0.1823,7,0.1158,790.39,1
828,2208.07,21553,0.1488,7,0.0289,328.46,0
465,3653.81,8436,0.4751,4,0.1373,1736.09,1
795,8658.62,37476,0.5343,1,0.0404,4626.1,0
728,18923.2,48219,0.6965,1,0.3906,13179.36,1
462,3030.67,35477,0.3983,4,0.265,1206.96,1
665,4536.77,25244,0.9038,3,0.2021,4100.28,1
825,4364.01,43721,0.3573,3,0.071,1559.24,0
538,13851.52,2692,0.1642,4,0.2819,2274.98,0
371,4104.83,16523,0.8298,0,0.0862,3406.2,1
744,6303.99,33326,0.6027,6,0.0997,3799.62,0
808,11693.39,48090,0.385,2,0.1771,4502.42,0
568,3369.65,43205,0.4061,9,0.1481,1368.52,0
714,10796.14,1125,0.211,9,0.0388,2278.09,0
544,11477.71,46712,0.097,7,0.1296,1113.87,0
359,12175.08,2199,0.2876,8,0.0603,3501.78,1
305,2761.29,39860,0.1451,7,0.0198,400.63,1
706,3545.67,17375,0.3154,1,0.1535,1118.19,0
516,9673.08,3711,0.3638,6,0.0955,3519.38,0
325,3279.91,33437,0.4815,3,0.1674,1579.33,1
304,5167.69,29022,0.5224,4,0.0346,2699.44,1
831,2002.5,10182,0.1526,9,0.0063,305.6,0
689,1731.68,28641,0.5271,4,0.0718,912.71,0
747,3624.07,30530,0.3853,8,0.0696,1396.38,0
445,4959.7,23612,0.1383,1,0.2749,686.03,1
687,3494.92,6995,0.2327,1,0.0359,813.26,0
548,4948.5,41950,0.2046,2,0.0768,1012.61,0
825,4395.12,39270,0.3906,4,0.0521,1716.78,0
761,6129.72,13920,0.2918,3,0.247,1788.44,0
312,5693.95,23144,0.3464,9,0.0475,1972.67,1
683,3708.3,19882,0.3073,9,0.1297,1139.72,0
698,3713.51,3565,0.1197,8,0.0205,444.68,0
318,2106.91,24373,0.5935,2,0.1679,1250.53,1
790,4379.92,44557,0.3556,0,0.0422,1557.35,0
718,5038.97,6024,0.2387,4,0.0325,1202.89,0
636,4088.79,25691,0.2862,7,0.005,1170.31,0
718,3076.36,34799,0.4182,0,0.1594,1286.68,0
421,6615.48,2241,0.4096,0,0.118,2709.87,1
731,1810.38,35510,0.5039,5,0.0468,912.18,1
343,11334.17,39477,0.5034,6,0.0374,5705.61,1
616,1583.44,23383,0.0703,7,0.0699,111.27,0
680,14617.7,48507,0.1791,7,0.3023,2617.91,0
444,3982.23,12830,0.376,2,0.1503,1497.22,0
626,3628.67,29975,0.7019,3,0.0133,2546.97,0
662,2685.24,47546,0.172,8,0.1227,461.91,0
349,1540.49,27551,0.4071,4,0.1199,627.21,1
364,2785.18,41928,0.1991,8,0.0496,554.49,0
654,1963.44,24267,0.3969,4,0.3154,779.29,0
463,5813.13,13375,0.201,4,0.1193,1168.22,0
440,3037.21,22513,0.5451,8,0.004,1655.49,0
427,7329.95,5403,0.4351,5,0.1099,3189.12,0
697,2427.31,5897,0.4648,2,0.4396,1128.32,0
762,10719.75,1163,0.328,4,0.1704,3516.11,0
486,4460.8,37078,0.0614,0,0.0324,274.04,1
489,1986.44,18379,0.3235,8,0.042,642.69,0
687,3548.94,48759,0.3843,9,0.09,1364.01,0
728,2426.52,31030,0.1991,9,0.0379,483.18,0
583,2391.0,30870,0.2736,6,0.1646,654.12,1
536,4323.87,30482,0.5563,0,0.289,2405.44,1
493,5957.65,32058,0.4088,3,0.1348,2435.42,1
586,11204.36,27871,0.1038,1,0.2724,1162.58,0
435,4289.92,27379,0.0681,2,0.0748,292.09,1
470,15006.66,3251,0.5036,3,0.098,7556.95,0
458,12864.15,44860,0.2999,1,0.148,3858.12,0
500,9511.78,24674,0.1234,9,0.0345,1174.07,0
786,4272.41,7590,0.125,0,0.0453,534.21,0
803,2107.5,32432,0.2861,3,0.1639,602.89,0
670,2483.11,41426,0.4074,8,0.3511,1011.63,0
402,5672.75,23127,0.2109,8,0.1376,1196.53,0
424,3691.03,39015,0.2413,8,0.013,890.68,0
612,2135.05,8715,0.2125,2,0.1604,453.7,1
757,4107.97,4817,0.2808,0,0.0297,1153.59,0
529,1570.34,30493,0.209,0,0.0036,328.14,0
496,6795.46,18454,0.0918,2,0.0624,623.74,0
722,1805.72,5600,0.2272,9,0.0659,410.3,0
470,5467.44,25690,0.1833,7,0.0105,1002.33,0
681,7800.35,43750,0.3472,3,0.1109,2708.0,0
472,2069.22,34762,0.4381,7,0.2172,906.48,1
752,4424.55,38499,0.0711,6,0.0223,314.57,0
649,7539.59,23452,0.1955,7,0.0417,1474.05,0
793,2707.85,8670,0.4933,1,0.0918,1335.91,0
303,2211.33,22151,0.5001,7,0.0081,1105.84,1
392,3142.83,18341,0.3045,8,0.0053,957.13,0
305,4736.02,30604,0.1338,9,0.0502,633.71,1
587,4925.3,9287,0.3768,5,0.0393,1855.74,0
445,2061.08,19538,0.3149,2,0.1368,649.09,0
723,3946.78,18015,0.0673,6,0.0625,265.74,0
756,2749.44,45644,0.1511,8,0.1742,415.47,0
501,8881.25,16852,0.2107,7,0.0192,1870.99,0
511,3005.03,47258,0.7702,7,0.2456,2314.41,1
305,8798.07,22258,0.379,6,0.2818,3334.27,1
675,3738.42,39330,0.1687,4,0.1081,630.84,0
746,6687.07,42508,0.7112,1,0.0169,4755.94,0
405,4353.89,3248,0.1854,4,0.1079,807.39,0
700,5391.05,7192,0.3343,4,0.0121,1802.42,0
395,3512.47,28410,0.6404,1,0.0949,2249.25,1
687,7347.64,10895,0.4381,9,0.1487,3218.79,0
751,3714.86,7406,0.376,0,0.0322,1396.75,0
715,3945.99,34924,0.5469,4,0.069,2157.99,0
803,4416.58,48086,0.3513,5,0.016,1551.33,0
753,8630.98,42303,0.1962,6,0.052,1693.79,0
590,5807.94,6295,0.098,1,0.015,569.34,0
833,3217.97,13264,0.8755,5,0.0165,2817.29,0
492,5938.53,29038,0.2782,7,0.2993,1651.99,0
449,5613.66,39922,0.5949,5,0.0439,3339.68,1
814,12195.71,10136,0.5773,2,0.0123,7040.54,0
692,8865.89,14213,0.2642,2,0.0139,2342.09,0
615,5670.22,13072,0.3954,6,0.0406,2241.91,0
375,3171.21,44010,0.4882,1,0.038,1548.1,0
569,7548.82,37053,0.3704,2,0.0779,2795.79,1
524,4924.63,28431,0.826,6,0.2954,4067.63,0
829,18371.47,43290,0.1834,8,0.0818,3369.15,0
412,2637.45,3003,0.4904,0,0.182,1293.37,1
550,1832.03,20999,0.4564,4,0.0465,836.15,1
532,1789.82,32279,0.232,1,0.0031,415.19,0
382,5586.94,43747,0.3745,4,0.0182,2092.49,1
424,12704.63,11438,0.8906,5,0.1908,11314.95,1
474,1507.74,15227,0.6947,7,0.0866,1047.44,0
368,6675.17,4672,0.2479,6,0.0063,1654.59,0
346,5780.86,8458,0.434,4,0.0739,2509.09,0
555,6771.62,19539,0.2978,4,0.0698,2016.72,0
329,3256.53,4479,0.2396,1,0.077,780.21,1
580,8370.24,15887,0.5844,5,0.1805,4891.54,1
536,1682.95,1051,0.3097,2,0.0297,521.18,1
547,7133.03,3159,0.4686,5,0.0523,3342.88,0
667,2742.83,5390,0.4538,2,0.1704,1244.79,0
794,4091.45,21035,0.3127,1,0.0686,1279.58,0
324,8418.21,29491,0.3919,7,0.1291,3299.35,1
789,2766.3,17080,0.947,3,0.1724,2619.68,0
793,2319.29,35880,0.5959,4,0.1095,1382.12,0
613,6074.19,46520,0.0937,8,0.039,569.39,0
674,4549.09,48361,0.4231,3,0.0343,1924.69,0
324,4389.51,23149,0.3858,0,0.1731,1693.56,1
633,2687.0,16339,0.6185,5,0.0529,1661.97,0
654,1642.01,30305,0.4773,4,0.0991,783.76,1
415,3612.36,2354,0.5326,9,0.02,1923.97,0
347,1950.7,6620,0.4208,2,0.0345,820.89,1
398,10957.38,4754,0.0547,4,0.0082,598.98,0
758,1668.5,17593,0.346,7,0.0645,577.31,0
822,3760.08,17167,0.2431,0,0.0689,914.17,0
704,1714.64,23555,0.3301,3,0.0088,565.92,0
513,1901.69,34005,0.1301,2,0.0762,247.46,1
802,5801.93,42295,0.4474,3,0.0008,2595.63,0
747,5666.41,41843,0.2529,1,0.0099,1432.78,0
557,1634.44,9691,0.3144,1,0.2007,513.87,0
420,1504.53,10756,0.1009,1,0.0169,151.77,0
353,1828.39,37308,0.3428,2,0.0,626.84,0
630,7258.76,10327,0.3179,8,0.0803,2307.46,0
540,5013.83,29520,0.4341,4,0.1053,2176.66,0
829,1655.46,44308,0.1539,3,0.3169,254.78,0
782,4178.48,41025,0.3041,3,0.2125,1270.74,0
486,6479.59,29900,0.0856,2,0.2401,554.54,1
561,9628.75,17533,0.1839,8,0.2513,1770.81,0
663,12374.61,32881,0.1987,9,0.0809,2458.93,0
790,3086.66,28782,0.8546,0,0.4488,2637.77,1
730,2083.95,45488,0.1375,5,0.0241,286.61,0
538,2581.6,2624,0.1797,3,0.0638,463.98,0
603,7487.5,41429,0.3565,7,0.2008,2669.37,1
597,15729.19,21812,0.5584,6,0.0407,8783.35,0
375,4012.39,8529,0.3761,2,0.166,1509.13,1
632,2957.41,21653,0.1758,4,0.303,519.87,1
773,3742.8,28860,0.2608,3,0.0586,976.03,0
582,2954.3,14654,0.4606,3,0.0278,1360.89,0
371,2685.48,3108,0.3097,9,0.2016,831.67,1
562,5103.15,4947,0.1409,7,0.01,718.82,0
311,1563.44,8899,0.3598,8,0.0013,562.49,1
440,2702.0,14372,1.0387,3,0.0446,2806.59,1
316,5831.53,38682,0.037,1,0.1138,215.74,1
362,1630.35,31373,0.32,0,0.0725,521.67,1
552,1847.47,40435,0.0958,9,0.2165,176.99,0
764,2889.14,3263,0.2824,3,0.1906,815.95,0
675,9908.54,27188,0.6951,7,0.0942,6886.98,0
819,7290.74,37583,0.1829,4,0.3922,1333.14,0
389,1589.62,30295,0.513,1,0.0314,815.47,1
474,4286.31,1577,0.0724,3,0.0938,310.17,0
375,2784.61,16029,0.1221,3,0.0283,340.04,1
699,5683.84,36531,0.2989,9,0.018,1699.12,0
370,6614.12,31066,0.2825,4,0.0015,1868.75,0
479,9447.09,18613,0.3084,1,0.1821,2913.43,1
423,4080.6,49413,0.1453,6,0.0694,593.1,0
680,22275.89,20560,0.2214,4,0.1077,4931.58,0
592,17145.31,9945,0.4052,3,0.2075,6946.84,0
494,10053.94,30418,0.3801,7,0.056,3821.51,0
527,4921.44,18071,0.556,1,0.0424,2736.54,1
730,3530.03,47622,0.3597,0,0.0118,1269.61,0
735,3312.66,18130,0.1746,5,0.0457,578.29,0
760,1548.8,21721,0.2764,9,0.1781,428.16,0
320,2646.33,3712,0.3562,9,0.0195,942.55,1
363,6574.87,18091,0.1674,7,0.1622,1100.51,0
464,5201.65,16857,0.3364,6,0.2832,1749.84,0
326,11427.91,42394,0.7504,8,0.3576,8575.54,1
610,1705.27,46836,0.6127,0,0.1906,1044.88,1
584,2174.98,48487,0.446,2,0.0423,970.0,0
580,7728.21,35301,0.3077,8,0.1361,2378.3,1
463,3275.83,17553,0.7716,4,0.0045,2527.75,0
523,2003.82,18404,0.0486,5,0.0727,97.38,0
445,24063.8,8093,0.2747,6,0.1549,6610.59,0
329,7690.56,14156,0.0695,2,0.0839,534.67,0
344,3602.0,14785,0.0417,6,0.2784,150.23,1
770,8434.28,49359,0.2771,2,0.2497,2336.73,0
333,6065.29,26271,0.5173,5,0.0638,3137.81,1
726,7742.11,15694,0.5206,7,0.0884,4030.85,0
520,8254.06,37114,0.3903,6,0.033,3221.89,0
833,1854.14,5013,0.2912,4,0.1767,539.91,0
666,5401.75,33799,0.3583,5,0.2039,1935.27,0
849,1527.23,25752,0.5086,3,0.0384,776.77,0
415,1677.71,12156,0.3667,1,0.1525,615.16,1
538,10872.8,11304,0.6739,6,0.0241,7327.58,0
634,4499.41,41645,0.3426,3,0.0199,1541.72,0
740,6825.74,39938,0.5075,5,0.0256,3463.9,0
447,8793.03,13078,0.7029,9,0.0799,6180.43,0
308,13450.01,27078,0.0564,1,0.1081,758.33,1
587,9641.02,3315,0.1531,1,0.0169,1476.24,0
687,4141.26,28220,0.3019,5,0.1,1250.28,0
349,3137.71,32731,0.9381,7,0.2243,2943.44,1
816,2171.28,33833,0.4739,0,0.1187,1028.93,1
577,3545.45,13420,0.377,9,0.0024,1336.62,0
599,3325.94,19312,0.2366,6,0.0428,787.05,0
434,4780.06,22395,0.49,5,0.0702,2342.09,1
446,5880.59,41301,0.2342,4,0.0114,1377.18,1
789,16826.47,47972,0.6072,9,0.0442,10216.47,0
777,6713.5,16317,0.1669,7,0.0682,1120.67,0
458,5628.47,49225,0.4498,0,0.0896,2531.82,0
683,3132.43,17968,0.2503,4,0.0232,783.96,0
462,1640.45,23854,0.6685,5,0.1489,1096.57,1
740,2859.41,6244,0.3132,3,0.0247,895.49,0
488,7351.8,31929,0.4971,9,0.1121,3654.8,0
714,2419.02,41922,0.2322,9,0.0419,561.69,0
638,6481.79,25054,0.4255,1,0.0214,2758.03,0
480,4967.91,19588,0.0903,7,0.0722,448.65,0
587,2254.28,45590,0.2914,4,0.1501,656.89,1
486,2713.21,35660,0.2564,9,0.0305,695.77,0
437,4243.13,8018,0.3761,5,0.2517,1596.03,1
429,3667.72,11621,0.5367,8,0.0753,1968.64,1
493,7530.48,1973,0.5497,1,0.1963,4139.84,1
615,6803.13,44602,0.259,4,0.0443,1761.94,1
443,4918.66,40383,0.157,0,0.0372,772.45,1
315,8410.06,38097,0.1267,2,0.0282,1065.92,1
601,4808.26,35245,0.4429,5,0.1111,2129.6,0
722,14840.43,26346,0.5403,7,0.2474,8018.26,0
544,2479.64,41097,0.6839,4,0.0852,1695.71,0
406,6508.9,7444,0.3606,3,0.119,2346.92,1
387,3347.79,25881,0.2269,4,0.163,759.52,0
428,2808.28,25846,0.7117,3,0.0635,1998.68,1
640,2295.69,12406,0.4736,1,0.0289,1087.28,0
303,4716.35,40611,0.1845,0,0.1041,870.1,1
626,2470.68,26439,0.2618,7,0.0622,646.84,0
709,2394.33,6972,0.2897,0,0.0863,693.65,0
605,20139.31,49063,0.4868,1,0.6613,9804.44,1
524,7972.85,38873,0.1953,4,0.0368,1556.94,1
647,7017.7,11931,0.4649,7,0.0711,3262.36,1
620,7820.69,8702,0.559,9,0.0052,4371.77,0
480,15385.13,20298,0.7254,2,0.0889,11160.32,0
685,4906.48,22540,0.495,8,0.0741,2428.78,0
407,2495.1,33040,0.2719,5,0.0106,678.51,0
830,9428.09,47904,0.0959,2,0.0268,904.33,0
709,6930.53,32000,0.5342,9,0.1403,3702.42,0
595,3639.85,30805,0.3187,6,0.0969,1159.94,1
470,4066.54,3599,0.4052,6,0.0158,1647.77,0
630,3619.03,23100,0.1937,6,0.2716,700.84,0
792,12133.74,31509,0.0573,3,0.0087,694.91,0
494,3183.52,36003,0.0718,5,0.0349,228.43,0
311,14740.05,20183,0.455,2,0.0004,6706.98,1
494,11143.88,39241,0.2983,3,0.207,3323.76,0
789,5482.65,1018,0.3361,2,0.0972,1842.55,0
481,4968.31,1858,0.3689,2,0.1793,1832.77,1
615,3348.71,26992,0.4833,0,0.0182,1618.31,1
329,1574.03,33580,0.5175,4,0.2488,814.59,1
395,2046.14,6380,0.6366,2,0.0852,1302.49,1
680,7113.46,36800,0.5383,0,0.0025,3829.18,0
743,4051.15,19915,0.2072,8,0.0451,839.41,0
597,2149.31,41239,0.3321,3,0.2365,713.83,1
660,2725.89,38487,0.4077,8,0.0624,1111.45,0
673,13313.52,13943,0.1205,1,0.1737,1604.39,0
602,3329.98,38631,0.6108,1,0.0016,2034.07,0
720,11030.06,37806,0.4773,3,0.0601,5264.2,0
545,2953.28,19836,0.5291,3,0.0267,1562.45,0
536,4634.21,36614,0.1305,4,0.2898,604.76,1
833,1582.76,41832,0.1457,0,0.0314,230.65,0
484,4451.53,12394,0.4154,4,0.0511,1849.01,0
767,5552.77,7622,0.2731,9,0.1093,1516.71,0
662,2567.89,46063,0.2398,1,0.1026,615.7,0
582,4959.89,26280,0.0513,4,0.099,254.2,0
635,5667.05,12782,0.7858,9,0.1489,4453.05,1
461,6144.75,2159,0.2488,9,0.0464,1529.03,0
459,7491.65,5626,0.6628,5,0.0299,4965.62,1
773,2992.03,24440,0.0704,2,0.1952,210.59,0
621,4855.25,37490,0.3188,3,0.0128,1548.04,0
311,17477.06,12630,0.4939,4,0.2425,8632.07,1
723,10636.79,45042,0.0965,5,0.1115,1026.6,0
372,13702.06,48656,0.3545,8,0.0409,4857.06,1
500,3451.93,7589,0.2501,8,0.0154,863.39,0
821,7684.5,49241,0.3634,5,0.0439,2792.22,0
804,5369.26,24233,0.5901,0,0.0507,3168.58,0
338,1845.44,36011,0.5978,5,0.2984,1103.14,1
359,8448.64,9177,0.5131,9,0.2275,4335.32,1
620,6021.67,35528,0.3303,2,0.1426,1989.2,0
734,2387.16,49970,0.2069,4,0.0733,493.9,0
707,1832.39,39210,0.5113,4,0.0612,936.99,0
685,8756.56,27372,0.2189,9,0.0044,1916.99,0
377,1828.75,24508,0.4307,3,0.059,787.57,1
493,1883.2,15965,0.4406,2,0.0471,829.68,0
584,3730.33,4236,0.5569,0,0.1734,2077.51,0
826,2079.17,16611,0.1688,6,0.3627,350.89,0
823,11298.29,23282,0.1317,7,0.0489,1488.21,0
455,4041.66,42003,0.8556,4,0.0255,3457.92,0
639,4867.99,16829,0.3948,7,0.1793,1921.71,0
424,12030.25,9680,0.2499,3,0.0568,3006.49,0
579,4522.33,12340,0.6715,7,0.103,3036.93,1
427,3245.29,32093,0.5395,2,0.1147,1750.84,1
613,7881.25,22107,0.3275,7,0.1178,2580.77,0
631,3839.68,10148,0.2484,5,0.085,953.71,0
449,3033.66,44074,0.4207,8,0.0284,1276.35,0
753,6638.27,18499,0.5478,4,0.0615,3636.26,0
335,7969.99,19165,0.234,0,0.0878,1865.1,1
719,7775.41,44786,0.3845,7,0.0812,2989.54,0
321,16708.09,26226,0.3285,2,0.1212,5488.98,1
505,7679.6,19260,0.1452,4,0.2917,1114.99,0
655,7377.55,25916,0.2473,1,0.0134,1824.29,0
739,9293.24,44910,0.5574,6,0.0977,5180.26,0
395,1500.74,31480,0.3762,4,0.0105,564.62,0
463,3300.37,33191,0.0943,6,0.0702,311.24,0
447,6851.59,10546,0.2551,6,0.0877,1747.87,1
829,5162.35,37044,0.3533,4,0.0528,1824.05,0
593,2281.98,22921,0.6149,4,0.5388,1403.19,1
494,2948.09,49776,0.3639,8,0.0214,1072.87,0
779,3142.67,37940,0.237,2,0.0402,744.95,0
422,4855.73,46951,0.0925,7,0.1009,449.22,0
699,8625.61,13836,0.2583,0,0.1061,2228.07,0
751,12282.02,9989,0.3161,3,0.1797,3882.08,0
403,7046.66,14740,0.4009,1,0.027,2825.16,1
761,8904.77,31180,0.1206,2,0.1604,1073.65,0
695,4040.24,14102,0.6383,5,0.06,2578.9,1
636,3475.71,16357,0.331,3,0.0923,1150.47,0
441,3494.99,49381,0.3943,0,0.1039,1378.02,1
616,5328.85,31255,0.5726,4,0.145,3051.23,0
826,2030.64,37094,0.1295,2,0.2479,263.02,0
700,4965.19,26221,0.4577,1,0.0572,2272.51,0
609,5876.09,1719,0.598,3,0.0128,3514.0,0
794,3811.49,18906,0.0851,3,0.3425,324.53,0
408,13744.68,24140,0.3166,2,0.1552,4352.18,1
671,5248.15,2069,0.6702,4,0.0125,3517.15,0
505,2493.84,8749,0.1927,4,0.4308,480.67,1
342,4109.68,13935,0.2969,7,0.217,1220.01,1
544,6000.7,38655,0.6184,9,0.1335,3711.09,1
586,3064.05,45035,0.2489,6,0.0528,762.64,0
654,1831.97,31720,0.12,8,0.1251,219.82,0
775,5002.86,28937,0.4579,6,0.1889,2290.84,0
382,13316.07,19540,0.1652,1,0.2824,2199.86,1
409,4154.91,8944,0.4347,2,0.1672,1806.06,1
489,10962.49,49702,0.1873,5,0.0778,2052.94,1
550,8707.81,13747,0.5185,0,0.2081,4515.05,1
590,2137.92,11505,0.1609,7,0.0772,344.04,0
500,6426.33,47217,0.5168,6,0.0395,3320.89,0
625,3787.02,12697,0.2892,5,0.0018,1095.06,0
810,2652.04,37907,0.2821,4,0.0057,748.08,0
708,6145.42,16221,0.3109,9,0.0749,1910.9,0
807,6929.44,8087,0.4022,4,0.0312,2787.25,0
371,2293.3,22462,0.3242,7,0.0625,743.57,1
546,11334.37,23789,0.0793,7,0.1163,899.25,0
643,7063.58,34400,0.2642,2,0.0545,1866.17,0
353,12334.73,3199,0.4263,8,0.1474,5258.74,1
827,3025.47,48316,0.4393,2,0.031,1328.95,0
831,12709.55,45023,0.0914,9,0.0672,1161.03,0
492,3338.74,22737,0.1027,7,0.1965,342.77,0
357,1721.92,7073,0.3583,6,0.0095,616.89,0
736,7258.26,17744,0.7237,8,0.1132,5252.72,0
410,6362.94,11559,0.3842,8,0.0344,2444.71,1
428,5144.33,33695,0.1856,0,0.0435,954.57,1
625,4192.54,49865,0.9303,0,0.2273,3900.41,1
307,1630.78,9401,0.231,2,0.026,376.7,1
328,5419.02,12659,0.1936,6,0.2198,1048.98,1
411,3657.14,42890,0.1876,2,0.0584,685.97,0
430,4785.83,14894,0.5521,2,0.0997,2642.39,1
487,3743.72,30160,0.2762,3,0.2149,1034.1,1
774,15032.19,30272,0.3432,7,0.0237,5159.29,0
663,5206.46,25512,0.3289,0,0.1063,1712.55,0
503,7032.98,34645,0.156,3,0.0683,1097.23,0
511,12517.23,47543,0.745,3,0.012,9325.53,0
575,5082.03,22179,0.4327,7,0.0149,2199.23,0
372,1548.54,11691,0.2113,6,0.3071,327.26,1
542,1639.57,17110,0.3498,3,0.1655,573.46,1
401,6347.19,36291,0.0828,7,0.0211,525.24,1
470,2808.94,46311,0.792,2,0.1342,2224.63,1
487,4964.1,30845,0.7553,9,0.1529,3749.32,1
740,2403.98,40038,0.3808,6,0.0177,915.5,0
385,2760.21,25967,0.2009,8,0.0642,554.49,0
775,4309.89,29478,0.0674,5,0.2534,290.48,0
351,16347.69,6088,0.1008,3,0.0101,1647.12,0
410,5331.27,41332,0.284,3,0.0875,1513.94,1
342,12504.76,8066,0.7403,0,0.2572,9257.03,1
510,14313.96,40313,0.0747,5,0.0177,1068.91,0
499,2433.33,3321,0.6404,2,0.0139,1558.23,0
325,2991.18,46900,0.2611,2,0.2455,780.99,1
598,7378.57,25533,0.0827,0,0.2258,609.95,1
376,9562.53,25509,0.8968,6,0.056,8575.27,1
436,4429.44,42098,0.7464,8,0.0606,3305.93,1
319,21478.69,9294,0.3472,2,0.0001,7458.11,0
739,1546.56,47321,0.1682,6,0.271,260.09,0
510,2924.37,39101,0.1596,8,0.0403,466.86,0
734,5403.76,26059,0.1677,2,0.0155,906.2,0
506,4034.16,32248,0.2763,8,0.4385,1114.83,0
738,1995.92,41626,0.5712,1,0.0966,1140.04,0
341,3334.12,21703,0.1279,2,0.2695,426.5,1
710,1603.11,39157,0.2232,3,0.0473,357.75,0
822,5617.23,4205,0.1144,6,0.0646,642.35,0
726,10430.09,35929,0.3815,8,0.0846,3979.22,0
574,10146.92,18848,0.3544,0,0.028,3596.26,0
747,6309.82,34411,0.0642,8,0.1232,405.34,0
668,4007.72,15986,0.3642,9,0.0617,1459.71,0
519,4370.02,12628,0.3852,4,0.0302,1683.28,0
531,2088.99,39119,0.769,3,0.1626,1606.45,1
627,3168.23,5553,0.659,5,0.0393,2087.9,1
742,2331.68,7518,0.0698,9,0.1732,162.65,0
351,8385.95,39491,0.4015,4,0.0054,3367.06,1
675,11348.85,8946,0.5536,4,0.0712,6283.29,0
562,4579.45,1610,0.5728,4,0.3283,2623.3,0
566,6704.34,5302,0.2661,7,0.1373,1783.85,0
658,2018.0,35311,0.1552,9,0.2012,313.2,0
616,5251.43,35234,0.158,7,0.0724,829.76,0
623,6353.28,42876,0.5981,9,0.1686,3800.1,1
720,3911.53,15656,0.2885,3,0.203,1128.61,0
345,2615.01,40004,0.0262,8,0.031,68.63,0
568,9894.48,47487,0.7425,7,0.0737,7346.46,0
680,6933.3,19656,0.4621,5,0.0015,3203.66,0
417,10704.64,42811,0.515,1,0.4341,5513.39,1
415,8323.85,5536,0.3284,8,0.1469,2733.16,0
559,20073.33,43974,0.2573,5,0.0116,5165.39,0
374,2353.63,20856,0.0931,7,0.1844,219.14,0
779,1862.97,37410,0.234,5,0.1007,435.85,0
604,3143.94,45830,0.357,4,0.0415,1122.27,0
306,2052.47,17447,0.0785,6,0.0145,161.14,0
665,4462.05,46823,0.1172,3,0.1208,523.15,0
822,5509.89,34327,0.3848,9,0.0072,2120.07,0
647,4953.74,35501,0.2331,2,0.0119,1154.72,0
737,2700.32,9861,0.3664,6,0.0549,989.38,0
514,11079.86,21278,0.1663,1,0.221,1842.13,1
728,1585.6,2542,0.5403,9,0.091,856.75,0
797,3210.92,43231,0.1219,2,0.0564,391.43,0
839,6577.5,3415,0.0362,0,0.0911,238.23,0
666,7325.65,44751,0.5679,0,0.2375,4160.28,1
612,3652.23,13905,0.3349,1,0.0027,1223.08,0
837,1568.22,22601,0.199,0,0.1108,312.02,0
353,5349.8,39155,0.587,1,0.1341,3140.33,1
840,1760.69,22563,0.3918,0,0.0022,689.88,0
766,1956.51,41955,0.247,2,0.0016,483.29,0
463,5702.15,7643,0.7408,8,0.1396,4224.24,0
633,2998.71,49435,0.339,8,0.0063,1016.61,0
846,3211.03,25044,0.1587,7,0.0989,509.47,0
647,4168.41,12246,0.1726,8,0.0404,719.5,0
572,16873.42,3458,0.6314,3,0.2815,10653.66,0
713,14960.49,7028,0.3302,7,0.0407,4939.79,1
799,3653.21,39215,0.1409,4,0.0271,514.91,0
392,2734.26,35716,0.3472,3,0.2283,949.25,1
378,2941.54,7306,0.6196,3,0.0357,1822.45,1
516,2752.17,42019,0.1961,1,0.0175,539.73,1
657,4539.25,41860,0.0437,9,0.1397,198.45,0
806,5234.36,28678,0.3322,8,0.3205,1739.07,0
480,4183.82,25908,0.3421,8,0.0215,1431.1,0
545,3596.96,13363,0.475,0,0.1332,1708.42,1
543,2449.4,15066,0.3686,3,0.1279,902.85,0
805,4135.03,49897,0.5106,8,0.1,2111.2,0
721,3168.75,49544,0.2723,3,0.0746,862.92,0
619,4620.01,33711,0.4358,1,0.212,2013.24,0
386,5998.05,1189,0.4452,1,0.0641,2670.46,1
516,5512.98,12752,0.3468,9,0.1652,1911.91,0
789,3983.23,8482,0.5373,8,0.0619,2140.04,0
818,4748.2,17679,0.5082,3,0.1157,2412.96,0
577,2841.09,25552,0.4758,0,0.0566,1351.92,0
468,1598.16,1799,0.3508,0,0.2757,560.7,0
629,5423.52,26381,0.4817,0,0.1753,2612.7,0
740,2664.45,10934,0.0391,7,0.124,104.13,0
690,5921.99,20084,0.3433,0,0.2152,2033.02,0
795,6997.6,42556,0.3063,4,0.1658,2143.58,0
680,11404.31,10909,0.3001,8,0.3299,3422.16,0
605,14192.05,26931,0.1042,3,0.0059,1478.13,0
812,1542.33,46183,0.5993,8,0.11,924.32,0
487,20073.24,26868,0.3134,4,0.0877,6291.84,0
815,6095.65,44558,0.3995,8,0.0995,2435.01,0
726,5625.96,14846,0.2763,1,0.0087,1554.68,0
801,1561.32,23257,0.484,7,0.0188,755.69,0
559,9399.85,29013,0.1894,6,0.0436,1780.33,0
812,2128.92,38482,0.3616,6,0.1189,769.89,0
370,8764.13,23875,0.0412,2,0.0582,361.41,0
777,1562.74,25717,0.2812,9,0.0526,439.43,0
477,5653.43,12408,0.0423,1,0.156,239.18,0
756,3782.31,36607,0.3706,9,0.034,1401.79,0
488,2396.41,37281,0.1334,0,0.3119,319.77,0
590,1955.19,28326,0.5099,0,0.0651,996.98,1
819,3820.19,14601,0.0753,6,0.0544,287.83,0
591,2026.39,2135,0.3398,8,0.0101,688.57,0
582,4165.61,23741,0.0481,0,0.0217,200.52,0
843,5425.63,12913,0.4848,9,0.1941,2630.11,0
676,8526.75,11101,0.54,3,0.0481,4604.12,1
455,6040.89,19631,0.1924,1,0.0567,1162.04,1
807,1769.69,7548,0.3815,7,0.0332,675.19,0
712,2969.4,38284,0.0999,8,0.2946,296.5,0
827,2858.59,37870,0.1324,2,0.0785,378.4,0
654,11361.94,49985,0.5761,2,0.0299,6545.09,0
486,9593.21,28215,0.3091,6,0.0149,2965.52,0
330,3349.08,38279,0.3614,8,0.0232,1210.26,0
559,1795.25,20215,0.1868,6,0.0906,335.3,0
720,10481.32,26582,0.3442,6,0.2162,3607.86,0
828,10263.82,15024,0.2016,1,0.0685,2069.17,0
603,9217.09,12413,0.4733,0,0.2261,4362.01,1
338,8959.43,17319,0.501,1,0.3014,4488.58,1
788,4117.66,20446,0.0477,5,0.0561,196.34,0
841,2281.29,46483,0.3115,9,0.1072,710.7,0
577,4096.43,41743,0.209,7,0.1438,856.35,0
502,4229.6,33036,0.2591,7,0.1256,1096.02,0
365,4192.84,13621,0.6572,5,0.0363,2755.71,1
407,4595.46,11511,0.5193,1,0.0041,2386.3,1
567,2691.78,20923,0.3359,8,0.39,904.08,0
521,3324.35,11558,0.4266,9,0.2921,1418.13,0
829,3777.96,33235,0.0649,3,0.2617,245.37,0
389,2062.21,1526,0.5837,4,0.155,1203.66,0
554,3930.55,2753,0.3653,0,0.0413,1435.96,0
754,8152.82,27248,0.1073,8,0.003,874.94,0
552,8542.43,15656,0.1413,9,0.3144,1207.2,0
556,3621.15,24266,0.6396,0,0.0388,2316.02,1
682,4425.96,11220,0.4475,6,0.0831,1980.57,0
741,1636.92,19038,0.4485,8,0.0316,734.12,0
389,5988.74,13741,0.2911,2,0.107,1743.04,1
689,3574.13,5841,0.5033,1,0.2527,1798.97,0
343,3858.59,37809,0.2641,9,0.1016,1018.9,1
318,9775.52,31575,0.2346,7,0.066,2292.89,1
400,3978.36,42733,0.024,3,0.0312,95.57,1
656,1585.68,15418,0.6254,0,0.2245,991.66,1
841,2532.45,38185,0.3412,7,0.0789,864.12,0
332,4082.16,42745,0.057,5,0.1051,232.59,0
528,3709.34,28881,0.2634,5,0.3542,976.93,1
823,9375.04,15587,0.4784,3,0.2171,4485.25,0
454,4624.75,23268,0.3966,5,0.1488,1834.22,0
722,6180.03,1448,0.0136,1,0.2801,84.23,0
545,4034.41,38353,0.1111,5,0.0457,448.18,0
704,3816.82,46519,0.3503,1,0.1269,1337.08,1
840,3864.43,9108,0.6231,5,0.2264,2407.94,0
460,3616.78,49302,0.5926,8,0.0361,2143.3,1
416,4593.82,12443,0.5956,6,0.0204,2735.94,1
570,2653.09,23435,0.4465,3,0.3164,1184.5,0
786,10367.66,34062,0.1583,0,0.013,1641.71,0
471,3120.37,2238,0.0325,8,0.0164,101.31,0
573,2138.44,16321,0.1146,0,0.102,244.98,0
558,1906.14,17074,0.4084,4,0.0411,778.41,0
434,1554.06,14049,0.2079,6,0.0807,323.07,0
721,3698.65,36584,0.4286,9,0.2149,1585.19,0
720,2331.1,2098,0.1636,9,0.3577,381.35,0
485,1587.54,15679,0.4942,5,0.1524,784.54,0
663,4436.04,35505,0.5292,2,0.0085,2347.39,0
677,6057.47,36533,0.2166,7,0.0553,1312.32,0
822,1858.61,47998,0.3246,6,0.0973,603.37,0
495,3971.57,12434,0.1357,8,0.0805,539.05,0
397,6944.51,45859,0.166,0,0.2607,1152.48,1
321,18519.98,34178,0.2889,7,0.0038,5350.32,0
749,5900.74,28575,0.1364,3,0.031,804.58,0
471,2623.3,20329,0.3167,6,0.0096,830.91,0
682,6542.93,38554,0.2643,6,0.0464,1729.08,0
433,5144.51,42837,0.1209,3,0.1324,621.96,0
725,2452.01,19493,0.0309,7,0.043,75.67,0
324,9118.21,22830,0.1269,0,0.0108,1157.51,1
802,3730.3,39603,0.1814,4,0.1606,676.78,1
484,14578.33,35754,0.2207,3,0.1165,3217.45,0
384,6633.52,9126,0.1804,3,0.0688,1196.71,1
443,5637.63,42838,0.1209,2,0.1106,681.42,0
711,6713.01,41068,0.3298,0,0.0005,2214.05,0
523,4101.09,23093,0.1779,4,0.0622,729.68,0
519,4314.62,49316,0.2656,7,0.0442,1145.88,1
478,9120.81,36171,0.2908,9,0.1125,2652.25,0
732,6069.36,9262,0.5041,5,0.0251,3059.29,0
564,10601.57,44270,0.3683,0,0.0206,3904.9,0
728,10359.28,21785,0.3709,4,0.1499,3842.61,0
715,16501.32,40469,0.0915,5,0.2898,1509.38,0
752,6318.75,4295,0.2268,8,0.0594,1433.06,0
496,4291.04,16687,0.2825,8,0.1322,1212.18,0
352,2227.58,46643,0.456,4,0.1045,1015.86,0
779,6388.28,3121,0.319,2,0.0633,2038.03,0
742,2878.86,4582,0.4011,5,0.1176,1154.78,0
629,2830.43,48245,0.4141,7,0.2015,1172.12,0
550,2588.75,31280,0.1808,4,0.0627,468.05,0
422,9821.67,43589,0.3504,7,0.0687,3441.3,1
686,9598.74,39468,0.3518,0,0.1095,3376.45,0
638,5487.51,41000,0.069,7,0.1239,378.43,0
647,4062.07,38056,0.7873,1,0.004,3198.18,1
328,5960.36,32672,0.4183,6,0.0936,2493.14,1
334,5238.12,2085,0.1496,1,0.0503,783.47,0
817,3649.6,16891,0.1782,2,0.1207,650.35,0
695,3409.76,16600,0.5405,4,0.0434,1842.93,0
593,3430.21,33458,0.1627,9,0.1601,558.14,0
648,5057.95,9645,0.199,6,0.2069,1006.45,0
446,5672.74,42578,0.2615,8,0.1691,1483.34,1
366,3904.04,42596,0.5311,4,0.0138,2073.41,1
819,15355.46,5874,0.4382,0,0.2136,6728.47,0
421,1850.28,14767,0.4304,2,0.0601,796.27,1
639,3205.0,27825,0.66,4,0.0617,2115.36,0
474,3672.53,11913,0.3025,2,0.0401,1110.98,0
750,1568.26,17215,0.0271,7,0.117,42.53,0
435,3316.25,19733,0.3607,7,0.119,1196.31,1
315,2779.22,15332,0.3733,0,0.0135,1037.38,1
632,4321.17,5432,0.4468,7,0.2531,1930.65,0
494,3140.37,23559,0.5129,3,0.0889,1610.59,1
795,6681.17,27570,0.0653,5,0.1519,436.23,0
308,4352.85,41033,0.4714,9,0.0294,2051.77,1
633,2055.96,7103,0.185,7,0.0247,380.4,0
632,7046.16,44780,0.1842,1,0.0377,1298.21,0
626,1918.02,16900,0.4612,7,0.3641,884.56,0
314,8806.63,3031,0.5071,6,0.0213,4466.13,1
525,12219.15,18633,0.451,3,0.1468,5511.16,0
724,3057.06,24192,0.5401,4,0.1015,1650.98,0
707,11922.48,20940,0.2796,5,0.1559,3332.98,0
412,7800.3,42287,0.2061,2,0.1926,1607.6,1
727,11726.59,9988,0.3927,1,0.0917,4605.47,0
300,5889.69,39067,0.1391,1,0.0534,819.01,1
565,2574.89,13952,0.4532,3,0.2497,1167.03,1
790,10497.06,28369,0.1567,6,0.1157,1644.92,0
507,2314.66,36862,0.2102,0,0.2108,486.46,1
668,2458.42,3977,0.3368,0,0.2632,828.09,0
605,2764.67,39493,0.5435,3,0.1116,1502.69,0
311,2951.04,2268,0.2546,8,0.1253,751.32,1
644,4390.14,49929,0.5384,4,0.1911,2363.64,0
764,6499.47,17756,0.5516,0,0.2438,3584.8,0
793,11926.03,21764,0.0501,2,0.0283,597.7,0
667,1870.38,41385,0.5354,5,0.074,1001.32,0
719,13848.7,16032,0.1146,2,0.0035,1586.75,0
470,11669.62,30478,0.1369,5,0.0852,1597.09,0
433,1722.05,46702,0.0789,5,0.1236,135.84,0
726,3287.16,12885,0.2581,4,0.1481,848.41,0
324,8209.65,10796,0.4245,9,0.2356,3484.94,1
829,5282.64,40047,0.5301,4,0.2686,2800.32,1
489,7540.07,33863,0.4032,8,0.107,3039.92,0
440,6578.08,16478,0.3878,2,0.064,2550.66,0
614,4246.83,33117,0.1839,9,0.0037,780.8,0
743,1668.37,21753,0.5625,6,0.1018,938.47,0
618,5010.86,21325,0.2209,3,0.3135,1106.91,0
740,1699.14,8021,0.643,1,0.0708,1092.62,1
391,5202.6,16185,0.6333,9,0.1609,3294.82,1
478,7945.98,6868,0.4911,2,0.1252,3902.04,0
355,5017.83,14071,0.361,2,0.278,1811.46,1
454,24765.75,9041,0.5821,2,0.1831,14417.09,1
410,3934.24,17515,0.412,2,0.0112,1620.87,1
436,7026.46,45075,0.2821,9,0.1568,1981.96,0
531,5901.01,41058,0.6019,5,0.3806,3551.68,1
767,20538.74,49263,0.9569,5,0.098,19653.81,0
780,6496.15,26966,0.3932,8,0.0719,2554.06,0
367,2216.65,40284,0.3986,7,0.0647,883.52,1
548,13950.66,43109,0.4254,9,0.0292,5934.86,0
622,5907.8,45470,0.8977,6,0.1493,5303.44,0
817,1744.69,23290,0.4016,1,0.0201,700.66,0
731,5786.73,31702,0.0986,9,0.0742,570.83,0
786,10086.41,29223,0.6206,1,0.0013,6259.61,0
728,4941.93,34575,0.138,0,0.0346,682.18,0
568,3247.94,46799,0.079,6,0.1422,256.74,0
836,8379.46,45168,0.4519,6,0.0828,3786.57,0
447,7602.45,22661,0.1828,0,0.1711,1389.85,0
417,4642.65,17439,0.2776,5,0.0043,1288.96,1
666,2170.65,37432,0.0875,6,0.0087,190.01,0
365,2655.99,34511,0.665,0,0.1964,1766.33,1
669,6865.04,32147,0.1364,5,0.1035,936.17,0
474,8061.28,30114,0.1457,9,0.2265,1174.36,0
794,2809.94,7030,0.2899,8,0.041,814.69,0
413,3335.37,25515,0.1064,0,0.1647,354.82,1
410,1823.24,48429,0.5169,1,0.0671,942.49,1
738,6499.54,48743,0.343,1,0.0589,2229.51,0
446,1514.34,31333,0.2592,9,0.1253,392.51,1
334,1690.64,1079,0.0684,2,0.0151,115.59,1
608,1517.41,48577,0.2273,3,0.0643,344.98,1
837,5646.15,30048,0.2642,6,0.0255,1491.85,0
313,3660.93,45900,0.5194,2,0.0496,1901.32,1
673,2912.71,3966,0.1488,6,0.1222,433.39,0
727,11253.67,49302,0.4276,4,0.0498,4812.4,0
532,2356.75,4728,0.2657,4,0.1518,626.29,0
739,3473.04,38304,0.1521,6,0.2341,528.29,0
801,12774.48,39581,0.4561,6,0.1495,5827.06,0
574,3728.22,25794,0.3004,6,0.175,1119.98,0
375,4735.97,1947,0.0723,8,0.1528,342.37,0
738,1834.99,13565,0.2734,0,0.0116,501.69,0
588,7745.76,16844,0.2118,0,0.0873,1640.21,0
839,3697.98,1594,0.095,2,0.0239,351.2,0
552,7948.07,22414,0.5332,5,0.0874,4237.56,0
425,2671.03,31690,0.58,1,0.0434,1549.3,1
476,3696.04,17524,0.2534,8,0.0074,936.57,0
336,7677.39,28469,0.1324,0,0.0419,1016.42,1
709,16079.87,20439,0.4117,4,0.0001,6620.85,0
426,1745.91,27206,0.3389,6,0.0963,591.71,1
782,8194.97,47785,0.1007,9,0.1581,825.48,0
467,2930.64,37973,0.3802,2,0.2323,1114.19,0
593,4700.64,22555,0.635,1,0.123,2984.77,1
642,2870.48,8782,0.1976,2,0.061,567.17,0
609,5301.93,3660,0.2823,6,0.1562,1496.89,0
827,3246.6,49781,0.5974,0,0.266,1939.59,0
839,3123.55,40624,0.2957,7,0.0511,923.58,0
718,1654.71,7089,0.2139,2,0.0647,353.91,0
743,2135.8,6318,0.3251,4,0.179,694.4,0
535,11459.43,27605,0.4733,9,0.0473,5423.4,0
738,26955.75,30400,0.2757,4,0.0542,7430.85,0
513,7565.99,16405,0.7537,5,0.0764,5702.24,0
384,2852.04,31209,0.2337,6,0.1287,666.52,0
384,3559.64,9062,0.1809,0,0.0172,643.8,0
788,6880.66,18424,0.4817,5,0.1821,3314.37,0
364,15332.79,42274,0.1881,1,0.1735,2884.04,1
363,3931.34,24987,0.2237,9,0.1701,879.4,0
642,8576.61,45419,0.3029,2,0.0501,2597.89,0
651,16266.56,21556,0.5357,4,0.2476,8714.53,0
457,9769.2,28601,0.3863,0,0.1473,3773.83,1
790,2530.68,20330,0.329,6,0.1461,832.65,0
762,1532.26,16730,0.2912,0,0.0539,446.26,0
524,4209.74,4236,0.515,7,0.0441,2168.11,0
612,4531.69,4680,0.6418,5,0.1247,2908.62,0
765,2398.83,31312,0.5893,0,0.1505,1413.68,0
387,2840.07,49151,0.2532,6,0.2095,719.02,1
602,7295.29,22191,0.6731,9,0.0368,4910.19,0
734,4042.13,45066,0.2048,2,0.2549,827.83,0
434,3027.12,18921,0.2314,6,0.0924,700.36,0
349,5398.07,37640,0.4202,7,0.0776,2268.42,1
731,5730.95,35635,0.1897,9,0.1564,1087.22,0
639,7368.21,49588,0.2657,2,0.0217,1957.41,0
646,2181.77,37688,0.6412,4,0.0028,1398.88,0
646,6911.71,6693,0.534,9,0.1745,3690.51,0
544,5159.45,21266,0.2424,1,0.0575,1250.75,0
408,1737.18,44716,0.5358,1,0.0022,930.71,1
832,7510.34,27488,0.3981,0,0.0054,2989.65,0
389,3432.07,25122,0.071,2,0.193,243.8,1
595,3104.19,42224,0.2023,3,0.402,628.13,1
411,3877.37,30004,0.2492,2,0.0717,966.16,1
476,3199.66,7331,0.3912,7,0.1291,1251.63,1
642,3151.68,22566,0.6683,0,0.022,2106.24,0
400,8102.66,46875,0.3665,4,0.1108,2969.48,0
700,2031.86,43262,0.5157,6,0.2918,1047.89,1
327,15607.05,47621,0.4154,8,0.1099,6482.6,0
836,4738.11,43154,0.3793,0,0.1236,1797.07,0
357,2308.09,41899,0.3924,8,0.2813,905.68,1
797,2062.64,45564,0.4647,8,0.0576,958.47,0
596,5081.15,21778,0.0925,3,0.0367,470.19,0
433,5509.57,34926,0.3096,9,0.1616,1705.51,0
630,1717.93,21751,0.4914,4,0.205,844.16,1
548,2613.58,18528,0.2287,5,0.0277,597.78,0
849,7848.0,1068,0.4642,3,0.1578,3643.0,0
374,1703.59,4717,0.8047,5,0.0951,1370.87,0
467,9226.53,16218,0.1713,4,0.0498,1580.94,1
802,5793.68,44968,0.118,2,0.0855,683.83,0
654,3779.64,26402,0.0613,2,0.1225,231.85,1
524,3201.24,49623,0.5938,8,0.0491,1900.85,0
830,1577.75,32643,0.295,4,0.0958,465.4,0
445,8476.79,43129,0.3763,2,0.0914,3189.71,0
540,2115.97,49460,0.5524,7,0.0709,1168.85,0
643,2981.6,30152,0.5195,7,0.0603,1548.86,0
334,4867.58,12526,0.2065,2,0.1415,1005.02,1
300,2629.41,27916,0.7123,6,0.078,1873.0,1
452,4249.78,43975,0.4071,8,0.1439,1730.23,0
728,8129.11,27028,0.6141,2,0.03,4992.22,0
807,4043.58,27709,0.3795,7,0.0467,1534.66,0
425,13401.94,42999,0.2815,0,0.0229,3772.94,0
790,9022.38,16063,0.2213,2,0.0658,1997.06,0
781,3120.1,5723,0.3366,3,0.0132,1050.22,0
644,3543.05,5213,0.0986,2,0.0231,349.31,0
520,3701.92,23797,0.4308,8,0.1003,1594.85,0
324,5435.92,37234,0.4037,9,0.4797,2194.69,1
827,2851.95,20410,0.3549,4,0.2362,1012.17,0
481,15427.35,24382,0.514,2,0.0551,7929.47,0
798,5252.96,46217,0.5707,2,0.1732,2997.67,0
341,3539.32,3747,0.5007,1,0.067,1772.24,1
780,5642.66,24655,0.1112,9,0.1934,627.4,0
738,3512.79,31348,0.3346,5,0.3039,1175.43,0
701,8310.51,13454,0.774,8,0.0401,6432.19,0
845,4855.85,13587,0.1617,6,0.1743,785.08,0
644,1671.51,23555,0.3686,1,0.0113,616.15,1
344,2278.01,29071,0.4393,8,0.184,1000.63,1
320,9509.74,21239,0.3465,2,0.0162,3295.4,1
369,4810.37,32602,0.2853,6,0.216,1372.52,1
347,13510.5,3203,0.2491,9,0.0319,3366.05,1
790,1800.71,14635,0.6058,6,0.3358,1090.83,1
586,2899.71,2144,0.551,3,0.0435,1597.68,0
309,2360.42,33699,0.4665,3,0.1091,1101.11,1
841,4728.31,20083,0.1716,1,0.0446,811.15,0
573,3430.2,27127,0.1923,1,0.0696,659.48,0
680,2184.45,13213,0.2344,1,0.0822,512.0,0
628,5617.3,17944,0.6268,4,0.0164,3520.77,0
778,4574.06,2187,0.1639,2,0.1799,749.7,0
314,2784.88,4133,0.3357,9,0.1048,934.84,1
815,4113.95,4411,0.1153,6,0.0048,474.48,0
490,6977.57,35457,0.1297,6,0.1553,904.98,0
467,2419.02,38175,0.413,5,0.0074,999.06,0
820,2886.37,36191,0.3502,7,0.1746,1010.87,0
436,3199.27,7728,0.1647,3,0.4489,526.8,1
453,6993.14,34744,0.2574,8,0.2872,1800.04,1
687,9007.25,23881,0.3109,9,0.1563,2800.45,0
508,3388.91,13801,0.0631,9,0.0125,213.75,0
571,2907.44,11548,0.5036,4,0.1228,1464.16,1
442,10309.03,33886,0.1862,3,0.0247,1919.8,1
368,30947.12,35310,0.3095,2,0.1146,9576.62,0
546,5938.94,20427,0.1605,8,0.3712,953.48,0
560,19912.93,1972,0.4623,3,0.0764,9205.3,0
378,5814.84,34683,0.0596,8,0.0302,346.43,0
824,6788.93,7621,0.1809,0,0.2747,1227.8,0
629,3468.38,27013,0.2271,4,0.0077,787.64,0
488,3769.35,15530,0.4134,0,0.2062,1558.44,0
394,2122.57,8354,0.3937,8,0.0592,835.56,0
307,8420.78,47529,0.2672,6,0.0135,2250.27,1
366,12198.02,38359,0.4399,9,0.0119,5365.53,0
795,5406.69,24223,0.3272,8,0.1086,1769.26,0
490,3184.23,42232,0.1676,4,0.1358,533.71,0
665,2169.02,13550,0.7865,9,0.0041,1705.89,0
820,2732.39,23660,0.4497,8,0.01,1228.66,0
416,2679.69,32029,0.3018,3,0.0873,808.66,0
566,5302.78,31268,0.0573,2,0.0484,303.65,0
784,13104.41,48119,0.3452,1,0.2438,4523.05,0
808,1697.9,27340,0.6648,3,0.0559,1128.75,0
597,1504.09,5290,0.4163,2,0.1437,626.08,0
463,5166.98,31138,0.4707,8,0.1532,2432.01,0
675,2836.64,7446,0.5193,7,0.0505,1473.09,0
567,9999.37,14432,0.3296,0,0.0335,3295.44,0
848,3085.53,2522,0.4549,1,0.1247,1403.59,0
373,2868.48,34329,0.249,2,0.2648,714.36,1
807,2756.16,4540,0.2113,5,0.0129,582.32,0
372,2125.93,13328,0.1253,4,0.0598,266.33,0
607,4984.6,35247,0.668,4,0.0001,3329.88,0
498,2236.72,7677,0.2625,5,0.0292,587.13,0
429,3710.98,42616,0.577,7,0.1156,2141.12,1
786,3971.95,26947,0.1891,0,0.0289,751.11,0
450,1582.82,46534,0.4054,4,0.1735,641.73,1
505,1567.8,14520,0.2456,5,0.1276,385.01,0
478,4437.65,45711,0.333,9,0.114,1477.86,0
496,6263.37,23805,0.2933,5,0.0354,1837.21,1
388,12899.09,31444,0.258,8,0.0484,3328.27,1
733,2289.51,21143,0.4278,9,0.0381,979.37,0
482,1935.95,11292,0.0813,6,0.0255,157.36,0
508,1713.97,43844,0.338,3,0.0414,579.35,1
792,3791.1,17017,0.3252,6,0.0532,1232.88,0
429,5403.6,26323,0.2387,6,0.0248,1289.59,0
312,8844.18,42423,0.2936,5,0.2537,2596.95,1
405,6090.94,42713,0.2408,7,0.1198,1466.61,1
674,2434.6,23320,0.3422,7,0.1322,833.22,0
398,3977.88,9774,0.4539,9,0.014,1805.36,0
491,11147.21,3205,0.2219,5,0.0296,2473.2,0
624,3082.5,13342,0.2194,1,0.2372,676.19,0
766,4262.44,5027,0.4347,4,0.1471,1852.98,0
666,14234.55,17327,0.8403,0,0.0784,11961.14,0
617,6807.7,22200,0.2916,9,0.0171,1985.28,0
443,7009.19,8188,0.423,9,0.1509,2964.63,0
683,2663.2,3808,0.2887,9,0.186,768.8,0
515,3642.51,14851,0.1525,8,0.068,555.51,0
660,1843.72,16354,0.0867,3,0.0545,159.84,0
623,5230.96,16058,0.2879,0,0.1233,1506.1,1
314,1938.06,15620,0.3057,2,0.142,592.52,1
516,8729.35,32230,0.6643,9,0.0191,5798.86,0
791,8239.96,37681,0.494,1,0.0942,4070.3,0
846,4550.89,18803,0.6703,8,0.0601,3050.38,0
482,2108.72,3167,0.1395,6,0.1653,294.17,1
569,1603.65,3144,0.4598,9,0.0683,737.39,0
766,7872.46,3167,0.2367,9,0.0288,1863.37,0
818,5166.57,43520,0.4276,5,0.4792,2209.18,1
841,6464.34,43136,0.4136,3,0.0593,2673.65,0
766,2948.51,26844,0.3079,3,0.1283,907.82,0
604,4349.18,29163,0.6124,6,0.0616,2663.35,0
443,7000.22,23920,0.4709,7,0.1738,3296.17,0
410,3983.78,18550,0.3674,3,0.0552,1463.8,0
531,5179.03,37343,0.3458,6,0.0771,1791.01,0
799,7737.42,19254,0.3733,2,0.1839,2888.08,0
572,2469.41,41011,0.5722,8,0.1617,1412.99,0
472,1772.81,21147,0.6774,2,0.0229,1200.9,0
306,4535.64,13926,0.7624,2,0.2025,3457.91,1
454,1756.56,34823,0.5953,9,0.1351,1045.65,1
821,7319.27,24991,0.1879,1,0.0805,1375.08,0
845,6580.61,42851,0.5825,2,0.0074,3833.24,0
847,10038.55,28563,0.5943,7,0.0555,5965.64,0
817,5581.74,31688,0.3603,1,0.4506,2010.85,1
514,1778.25,30023,0.3532,0,0.232,628.13,0
433,2667.58,35130,0.3319,4,0.1184,885.44,1
584,8099.62,1925,0.1762,7,0.0454,1427.22,0
425,2231.52,17321,0.1829,5,0.0357,408.04,1
738,6295.68,11769,0.3393,1,0.0443,2136.24,0
451,7561.23,37748,0.1836,8,0.0542,1388.41,1
630,3102.58,41028,0.5796,3,0.0708,1798.2,0
837,3056.19,17151,0.3313,2,0.0013,1012.5,0
682,4764.0,11597,0.1075,3,0.0686,512.28,0
414,9401.37,35187,0.3756,2,0.041,3531.01,1
781,2513.93,44835,0.2407,7,0.026,605.13,0
583,12838.41,1059,0.4515,0,0.0419,5797.11,0
374,5156.36,36292,0.3249,0,0.0855,1675.13,0
465,20877.0,21181,0.3607,8,0.1144,7529.43,1
488,1875.55,28235,0.1965,6,0.0204,368.47,0
377,2041.27,29672,0.191,8,0.0164,389.96,1
320,8509.58,2578,0.444,2,0.169,3778.49,1
483,9502.7,46366,0.4267,2,0.0996,4054.96,1
521,3858.46,48295,0.4109,1,0.0495,1585.45,0
627,6508.05,17047,0.1927,1,0.0779,1253.89,0
478,9586.42,33160,0.1441,8,0.0777,1381.44,0
411,1676.34,34475,0.3281,1,0.03,549.96,1
358,4912.8,25549,0.3618,3,0.2688,1777.55,1
626,9182.39,6277,0.1844,3,0.1762,1692.9,0
490,3531.02,2780,0.0827,8,0.0304,292.13,0
499,2940.34,47579,0.2914,2,0.1289,856.81,0
611,7852.79,46913,0.6443,9,0.1613,5059.47,0
334,3136.61,15662,0.211,1,0.216,661.71,1
678,1512.72,32516,0.1349,2,0.1261,204.1,0
686,14332.99,33161,0.3351,8,0.052,4802.62,0
536,5087.16,45499,0.5735,4,0.3573,2917.69,1
818,8348.5,32886,0.0497,4,0.1128,414.88,0
582,8478.78,9800,0.4865,6,0.1773,4125.08,0
300,1774.87,6439,0.3929,0,0.2818,697.38,1
763,2249.47,5307,0.1545,9,0.3869,347.64,0
529,2990.76,3364,0.1029,4,0.0,307.64,0
471,3046.77,17568,0.298,8,0.0811,907.88,1
386,5800.98,39092,0.1057,5,0.107,613.25,0
422,5403.45,6483,0.0952,7,0.3122,514.45,0
597,4229.54,1245,0.208,9,0.3701,879.69,0
783,2449.29,9430,0.0975,7,0.0982,238.9,0
464,3424.96,9183,0.1985,0,0.0826,680.03,0
682,4637.49,39692,0.3769,7,0.002,1747.88,0
508,4024.34,31086,0.2228,5,0.5224,896.7,1
731,2044.62,33726,0.4878,3,0.1175,997.4,0
688,5693.7,14901,0.134,2,0.204,762.68,0
523,1803.43,4907,0.374,4,0.1258,674.47,0
302,3400.51,34044,0.2465,4,0.2491,838.25,1
671,6451.9,29604,0.0881,6,0.3328,568.59,0
745,1580.91,38869,0.182,8,0.0569,287.66,0
415,4875.72,15537,0.2068,0,0.0533,1008.54,1
569,3128.99,13501,0.3197,8,0.0477,1000.2,0
746,1535.48,38371,0.3981,2,0.0275,611.21,0
667,2344.78,47154,0.2877,5,0.1314,674.51,0
552,12817.23,37821,0.4879,5,0.101,6253.41,1
616,4445.46,24196,0.4598,3,0.0255,2043.81,0
714,25051.6,7073,0.5875,1,0.0607,14717.81,0
394,4476.22,11561,0.1108,4,0.0032,495.96,0
323,4640.49,19101,0.1382,2,0.0034,641.21,1
349,3489.29,46516,0.7518,3,0.1286,2623.1,1
801,2984.49,32426,0.5658,5,0.0124,1688.7,0
797,2658.98,30341,0.3403,6,0.0662,904.74,0
634,3182.85,8313,0.1826,1,0.0152,581.12,0
378,3963.64,31773,0.2213,2,0.1695,877.34,1
326,2352.73,29003,0.3779,6,0.0216,888.99,1
570,2518.92,27420,0.1656,4,0.1667,417.08,0
546,2767.32,6714,0.4216,3,0.0121,1166.77,0
686,3885.97,28139,0.153,3,0.1232,594.73,0
660,5731.57,27098,0.1695,8,0.1776,971.69,0
787,9255.83,43294,0.2325,8,0.1145,2152.4,0
651,2853.84,14582,0.1023,9,0.016,291.92,0
555,2312.03,44583,0.3641,6,0.0737,841.85,1
521,3404.71,14760,0.509,0,0.3818,1732.88,1
300,10491.75,7255,0.6547,0,0.022,6868.63,1
845,1539.64,17622,0.3737,2,0.0321,575.35,0
745,6031.18,36983,0.2808,2,0.0519,1693.48,0
378,4093.92,41309,0.7216,6,0.1653,2954.02,1
535,2202.4,30715,0.5408,1,0.0365,1190.99,1
633,3048.66,37415,0.3664,7,0.2076,1117.1,0
648,2519.31,22792,0.31,0,0.0942,780.92,0
397,9909.44,43576,0.3488,7,0.0684,3456.23,0
381,4130.14,23724,0.3342,8,0.2923,1380.34,1
801,4812.15,4652,0.3637,4,0.366,1750.11,0
776,5102.53,27297,0.3293,3,0.1767,1680.44,0
849,5582.35,33422,0.4292,5,0.0115,2396.08,0
313,4237.19,15028,0.1846,5,0.117,782.23,1
691,1572.14,14803,0.2952,7,0.1354,464.09,0
646,3130.21,7307,0.0476,7,0.0519,148.98,0
609,2312.74,32325,0.4954,0,0.1082,1145.73,1
685,6059.52,32574,0.3069,8,0.3484,1859.45,0
508,1733.5,20262,0.4904,9,0.1078,850.13,0
656,4818.65,2535,0.1452,0,0.035,699.6,0
393,2446.09,15932,0.2654,2,0.5222,649.22,1
392,13391.65,16749,0.3176,6,0.1289,4253.35,0
639,3135.13,9727,0.2825,4,0.1386,885.76,0
744,3073.48,18332,0.3489,5,0.0545,1072.23,0
321,11775.83,30534,0.6857,7,0.0241,8074.68,1
590,3660.66,11834,0.2714,3,0.0041,993.47,0
784,14672.49,21325,0.3066,3,0.0391,4498.59,0
605,1597.87,10213,0.1608,7,0.1553,256.91,0
427,2963.12,49205,0.2936,2,0.1305,869.87,1
572,5888.77,2403,0.3994,5,0.2011,2352.0,0
741,10360.38,8506,0.2734,3,0.087,2832.54,0
802,2685.04,30659,0.6316,5,0.0607,1695.91,0
429,12164.42,8591,0.4931,3,0.0189,5998.43,0
431,5106.81,13996,0.1247,1,0.2017,636.81,1
781,7957.97,38828,0.3695,9,0.1462,2940.58,0
689,3524.73,48830,0.4468,2,0.0943,1574.77,0
624,2453.94,35370,0.1411,7,0.1247,346.26,0
368,11187.07,14472,0.3032,0,0.2451,3391.38,1
747,12320.37,30098,0.2501,9,0.1003,3081.75,0
827,4253.24,3196,0.3294,5,0.1003,1401.01,0
464,1526.06,12091,0.1427,8,0.0557,217.75,0
787,1965.16,16040,0.2511,0,0.0426,493.45,0
725,4904.15,49784,0.4612,3,0.0294,2261.76,0
564,1596.26,7023,0.3683,6,0.056,587.94,0
641,3522.77,21543,0.4922,5,0.1607,1734.0,0
577,2946.0,29377,0.5946,5,0.0449,1751.77,0
738,6511.93,37635,0.3822,8,0.0922,2488.75,0
456,1728.73,43337,0.3422,7,0.0643,591.5,0
721,4183.44,41409,0.4245,4,0.1395,1775.8,0
550,4961.58,6004,0.0796,1,0.0141,394.94,0
829,5341.92,10963,0.1274,2,0.1742,680.3,0
626,3577.84,14796,0.2655,9,0.059,949.93,0
396,2951.74,41972,0.4423,2,0.1137,1305.53,0
812,6089.02,8077,0.3261,3,0.0151,1985.92,0
515,9024.17,30848,0.2766,1,0.3057,2495.76,0
431,6231.69,13526,0.7304,7,0.0098,4551.92,0
559,12259.02,4261,0.4983,7,0.0573,6109.2,0
424,6552.96,18046,0.1717,7,0.1055,1125.44,1
381,7286.19,14397,0.443,9,0.2513,3227.82,1
582,2235.23,26269,0.4314,4,0.007,964.33,0
358,3675.74,37158,0.6051,9,0.1788,2224.15,1
843,4154.78,26757,0.2537,5,0.1656,1053.89,0
460,2684.43,16299,0.6125,5,0.2555,1644.23,1
583,4507.68,2902,0.1376,6,0.1381,620.39,0
405,2874.43,43399,0.0962,0,0.0043,276.52,0
404,6152.63,49330,0.3277,9,0.0453,2016.49,1
738,4041.69,47308,0.4091,2,0.0411,1653.59,0
527,3955.92,4846,0.0734,2,0.0252,290.25,0
617,17952.28,13359,0.1169,6,0.0452,2098.32,0
763,3493.25,3520,0.2913,5,0.276,1017.75,0
771,3299.52,41832,0.118,8,0.0883,389.47,0
355,3034.45,21098,0.5868,8,0.183,1780.47,1
312,10505.64,40451,0.3995,8,0.1738,4197.53,1
739,4246.46,24136,0.5424,3,0.0709,2303.47,0
317,5165.31,36885,0.0607,2,0.053,313.39,1
412,2297.8,31720,0.6453,3,0.2018,1482.79,1
528,4614.32,22157,0.3043,2,0.3548,1404.09,1
470,2784.39,49372,0.3903,6,0.2023,1086.83,1
594,6746.78,20674,0.0815,2,0.2028,549.98,0
488,8647.76,33357,0.4328,0,0.1413,3742.89,0
725,6518.41,13578,0.2387,7,0.001,1555.71,0
378,6740.95,3251,0.2538,5,0.1654,1710.67,0
481,4373.65,14513,0.7917,4,0.0557,3462.52,0
798,6480.82,38429,0.1623,7,0.1886,1051.73,0
370,3697.48,28105,0.2852,7,0.4573,1054.48,1
547,5716.34,47871,0.1772,2,0.0084,1013.04,0
445,2699.23,21990,0.4267,2,0.0612,1151.84,1
595,1789.24,26499,0.194,9,0.2974,347.13,0
769,3634.15,7421,0.4801,6,0.0161,1744.74,0
805,3977.94,25591,0.1531,2,0.1248,609.16,0
492,2685.05,27979,0.1532,8,0.0285,411.32,0
367,6703.54,21835,0.1329,7,0.251,890.69,1
793,1805.58,38693,0.0204,7,0.3591,36.8,0
351,2507.96,13202,0.3213,8,0.1117,805.72,0
662,7022.28,36414,0.4094,7,0.0348,2874.65,0
773,3798.79,26666,0.197,3,0.0064,748.33,0
820,6386.97,20290,0.3336,6,0.0161,2130.64,0
730,4852.56,19130,0.3809,5,0.1678,1848.46,0
597,13540.36,38077,0.1803,0,0.0086,2441.66,0
734,5143.18,20396,0.282,4,0.0099,1450.32,0
497,1559.92,18952,0.2164,1,0.3376,337.57,1
427,3240.88,28122,0.2669,8,0.0006,865.04,1
831,2117.55,30381,0.3408,2,0.2105,721.69,0
710,11841.58,46435,0.45,6,0.377,5329.07,0
364,1939.32,41078,0.0721,1,0.0057,139.73,1
540,3462.18,24267,0.2757,6,0.0139,954.44,0
668,2525.25,48735,0.3629,3,0.0469,916.3,0
835,9002.01,43007,0.1617,5,0.0303,1455.91,0
683,2975.95,8088,0.1708,8,0.0127,508.23,0
730,20760.35,32818,0.1218,7,0.1681,2527.81,0
382,1657.53,13822,0.5795,8,0.0784,960.57,0
585,2049.13,37589,0.4793,4,0.007,982.11,0
833,2517.71,2436,0.452,4,0.2749,1138.09,0
758,8166.28,46665,0.1063,3,0.0372,868.14,0
511,9931.93,28281,0.2327,8,0.0986,2311.17,0
425,1796.53,23481,0.0886,9,0.0719,159.25,0
712,1631.99,31469,0.3338,7,0.1162,544.76,0
798,6959.02,19867,0.2922,5,0.0217,2033.42,0
724,2072.49,41487,0.205,9,0.0041,424.86,0
842,2070.86,23766,0.3876,5,0.0817,802.76,1
457,1590.48,30737,0.4746,5,0.0927,754.82,1
411,1704.36,22213,0.4792,5,0.0568,816.76,1
701,2724.34,29355,0.1581,6,0.1136,430.61,0
421,1768.86,23537,0.3771,5,0.0442,667.02,0
572,3341.03,3794,0.1779,7,0.0049,594.34,0
593,8653.66,45296,0.4754,6,0.0392,4113.73,0
697,3080.0,33324,0.5157,1,0.1347,1588.3,1
770,6705.37,31858,0.5303,9,0.0348,3556.0,0
506,1894.47,43850,0.2236,3,0.3505,423.52,1
409,5807.89,14018,0.1477,6,0.1482,858.08,0
739,3023.56,18481,0.4113,1,0.0571,1243.72,0
577,7041.23,16584,0.2149,3,0.011,1513.33,0
781,2085.9,10850,0.3969,1,0.4175,827.91,0
413,10626.56,26701,0.4311,1,0.2073,4580.86,1
776,2611.33,42223,0.2909,6,0.1708,759.66,0
620,3242.49,44952,0.1437,1,0.3018,465.82,1
478,13497.41,46975,0.4261,3,0.0533,5751.28,0
518,4955.57,1160,0.5394,6,0.0308,2673.13,0
827,3321.38,26832,0.3223,5,0.2913,1070.38,0
791,13451.23,32210,0.3359,3,0.035,4518.0,0
360,3096.41,23290,0.4308,8,0.4133,1334.07,1
353,1898.71,30441,0.4354,4,0.1239,826.75,1
837,24540.0,25886,0.4601,1,0.051,11290.51,0
364,2747.05,33394,0.2183,6,0.145,599.7,0
470,9122.16,9418,0.3995,9,0.0859,3644.66,0
572,2223.89,8081,0.1977,1,0.0934,439.62,0
834,6757.44,38180,0.4024,7,0.058,2719.25,0
690,4473.13,11114,0.1316,6,0.0775,588.67,0
626,17333.64,19722,0.5609,8,0.4023,9722.36,0
407,4719.27,22972,0.2706,5,0.0037,1276.85,0
461,1601.33,18985,0.394,6,0.1008,630.87,0
751,5204.13,6888,0.5139,9,0.3148,2674.29,0
505,2128.1,4718,0.3091,8,0.0332,657.82,0
315,7908.68,33147,0.4817,6,0.1847,3809.47,1
626,9267.58,44382,0.2208,8,0.0321,2046.11,0
301,4131.84,19309,0.5812,7,0.0481,2401.23,1
309,7615.52,20299,0.7359,4,0.0906,5604.52,1
733,2127.13,42211,0.1792,6,0.2588,381.12,0
424,4209.71,23036,0.4866,6,0.1801,2048.4,1
380,3503.13,20885,0.3546,0,0.0081,1242.38,1
784,5279.97,30346,0.2292,3,0.2464,1210.1,0
449,1681.99,48971,0.3464,4,0.138,582.61,1
639,7079.29,27691,0.4309,5,0.3281,3050.59,0
428,1829.74,41042,0.1541,6,0.0068,282.0,0
737,5773.94,49527,0.3268,4,0.0118,1886.75,0
800,1574.52,18986,0.1241,1,0.1518,195.34,0
357,8632.5,28846,0.2188,4,0.0516,1888.57,1
497,2268.03,48872,0.3668,4,0.0795,832.0,0
510,4398.53,42401,0.6114,6,0.176,2689.21,0
344,2712.5,9192,0.493,2,0.0076,1337.21,0
396,6629.86,40269,0.2982,0,0.0021,1976.83,1
578,3050.61,39487,0.1341,5,0.1895,409.01,0
834,6658.26,10412,0.2221,6,0.0589,1479.06,0
709,2841.17,16963,0.1434,9,0.05,407.38,0
760,7084.94,34623,0.3535,7,0.111,2504.21,0
690,1624.33,2017,0.7825,6,0.3911,1270.98,0
343,2832.46,6279,0.2061,6,0.0913,583.9,1
326,4261.67,11412,0.1147,6,0.323,488.95,1
396,1684.43,8712,0.417,0,0.0197,702.33,1
847,2323.35,16817,0.2687,8,0.0291,624.37,0
518,12405.08,29080,0.1376,8,0.0835,1707.41,0
484,16560.32,7624,0.5843,6,0.1715,9675.78,0
368,6884.45,30126,0.2317,8,0.0005,1595.09,0
429,2662.48,17579,0.2706,3,0.093,720.4,1
633,2707.22,16131,0.3912,6,0.0486,1059.09,0
453,5651.47,38462,0.4433,1,0.0993,2505.31,1
846,2000.44,47815,0.0575,5,0.0283,114.93,0
378,13349.92,38419,0.0741,1,0.0815,989.84,0
712,2518.6,24375,0.2365,9,0.3037,595.53,0
845,33169.31,27093,0.1964,2,0.0842,6514.83,0
468,4238.6,46494,0.3639,0,0.0021,1542.23,0
814,7403.65,33525,0.2043,6,0.0309,1512.69,0
613,1508.75,30030,0.0923,1,0.0181,139.24,0
331,10283.77,45067,0.3638,2,0.1712,3741.51,1
586,2758.85,6207,0.3582,0,0.1841,988.2,1
342,5909.72,11897,0.1426,2,0.0135,842.5,1
300,8066.92,27639,0.2875,3,0.0899,2319.59,1
569,2217.21,3792,0.0415,6,0.1345,92.02,0
479,3837.24,1420,0.0571,5,0.101,219.08,1
817,4223.58,30224,0.4853,0,0.029,2049.74,0
402,2996.56,20198,0.1955,3,0.0802,585.85,0
309,4129.24,36608,0.4905,8,0.0129,2025.53,1
389,3028.24,47205,0.6375,2,0.1367,1930.36,1
525,3289.82,18415,0.2617,5,0.0506,861.1,0
425,5926.55,41407,0.2693,1,0.0266,1595.9,1
508,5505.14,18875,0.1757,4,0.0889,967.3,0
396,2557.25,5975,0.0699,8,0.0856,178.68,0
373,10610.9,27461,0.1247,1,0.0235,1323.25,1
490,9444.93,22331,0.4288,2,0.0846,4049.76,1
355,4345.92,17893,0.3429,1,0.001,1490.14,0
331,3771.35,19243,0.5179,1,0.1878,1953.1,1
826,3391.91,16535,0.4071,5,0.172,1381.0,0
583,6413.99,6061,0.7226,5,0.2315,4634.52,0
793,5954.9,2858,0.4457,4,0.0283,2653.82,0
486,2373.52,26489,0.2616,1,0.0277,620.84,0
797,5952.36,14678,0.5235,0,0.0737,3116.15,0
741,2663.72,35833,0.5226,2,0.038,1391.97,0
429,1574.93,48159,0.1208,2,0.1533,190.29,1
591,6305.35,20350,0.3401,8,0.0548,2144.52,0
413,5640.23,14346,0.0887,3,0.0482,500.23,1
498,3616.02,49005,0.1547,8,0.2473,559.5,0
312,4483.54,7773,0.3363,0,0.1959,1507.68,1
570,13262.64,30465,0.214,2,0.0331,2838.3,0
514,5117.45,10788,0.7618,0,0.2888,3898.3,1
743,5790.42,33343,0.1905,5,0.0263,1103.14,0
811,1764.18,47862,0.4592,0,0.0287,810.03,0
746,2226.06,38210,0.443,1,0.0397,986.11,0
373,2932.15,10247,0.1857,8,0.091,544.48,1
836,4600.72,46963,0.559,0,0.0874,2571.92,0
400,7495.0,42983,0.5138,3,0.0987,3851.04,0
475,3049.96,36972,0.2258,5,0.0052,688.69,1
726,3262.6,17959,0.5924,1,0.0979,1932.87,0
416,2683.67,24807,0.4305,0,0.1062,1155.29,1
465,2675.39,35133,0.7518,3,0.0428,2011.27,1
340,13393.05,25218,0.067,2,0.0211,897.7,1
728,5536.45,22734,0.1554,6,0.0469,860.61,0
643,2177.94,23828,0.0439,6,0.2909,95.71,0
723,6624.11,18400,0.0189,9,0.0196,125.1,0
665,6620.84,21002,0.0957,6,0.142,633.64,0
419,5892.09,33793,0.6442,8,0.0623,3795.65,0
528,2078.81,37492,0.4831,8,0.077,1004.34,0
429,3596.94,33217,0.2457,3,0.2366,883.6,1
651,1951.58,37226,0.3597,8,0.1273,701.97,0
617,8284.79,28932,0.3813,6,0.048,3158.6,0
636,5758.84,44327,0.4184,5,0.1118,2409.22,1
572,4330.64,31875,0.2186,8,0.1011,946.86,1
416,3180.38,26046,0.1742,3,0.2453,554.02,1
667,2314.59,24664,0.069,0,0.0676,159.66,0
393,1950.2,25453,0.521,5,0.2049,1015.98,1
467,15426.24,5746,0.1866,0,0.1711,2878.94,0
640,2390.82,24973,0.279,9,0.0913,667.02,0
451,1746.97,14217,0.0774,8,0.2024,135.3,0
573,14545.75,24362,0.1469,4,0.0644,2137.36,0
795,4684.72,42835,0.4286,1,0.1617,2008.02,1
400,7871.44,10133,0.1574,7,0.0327,1239.09,0
381,1679.01,36809,0.1514,9,0.148,254.15,1
828,4847.57,41533,0.3831,5,0.1091,1857.05,0
372,3531.39,6404,0.6724,2,0.1507,2374.59,1
313,7413.01,34339,0.0722,1,0.2029,535.42,1
732,1656.73,29725,0.4158,9,0.2342,688.88,0
456,3554.59,9796,0.493,3,0.0369,1752.26,0
431,7919.26,46380,0.5112,0,0.328,4048.27,1
637,4458.42,49073,0.2808,0,0.0616,1251.91,0
703,4694.38,22364,0.0278,4,0.0311,130.37,0
675,1908.86,42341,0.6119,9,0.0063,1168.08,0
406,2067.78,2236,0.1662,8,0.0802,343.66,1
564,6020.41,3380,0.0944,4,0.0809,568.14,0
504,5996.29,40945,0.1758,5,0.1086,1053.89,0
378,16972.67,15538,0.126,9,0.0271,2138.67,0
454,6478.53,12971,0.2285,8,0.0396,1480.23,0
546,4218.9,44065,0.2661,2,0.0637,1122.67,1
830,9288.82,35285,0.3878,3,0.0687,3602.2,0
837,1941.37,18917,0.097,1,0.0023,188.35,0
453,3886.23,39655,0.5329,3,0.0601,2071.13,1
453,2853.71,12486,0.416,7,0.0512,1187.04,0
391,1942.11,38410,0.6087,1,0.2601,1182.23,1
732,7267.26,26446,0.1789,3,0.3239,1300.26,0
637,4359.87,22703,0.0809,7,0.1406,352.88,0
779,4754.65,45191,0.3943,6,0.3389,1874.92,0
430,3619.05,12399,0.7413,8,0.0591,2682.77,0
749,3967.24,39829,0.3458,1,0.0192,1371.95,0
572,1993.27,13685,0.5641,3,0.0844,1124.43,0
476,5970.18,23241,0.1951,8,0.0241,1164.56,0
348,3765.69,5487,0.4139,5,0.0289,1558.58,1
654,8288.0,13018,0.1423,8,0.0832,1179.56,0
607,2374.05,31825,0.4233,8,0.037,1005.04,0
345,2417.93,8750,0.288,6,0.2025,696.38,1
601,5651.12,18684,0.1788,6,0.1829,1010.32,0
707,8983.3,44118,0.373,7,0.0647,3351.0,0
488,4056.14,15410,0.1819,1,0.273,737.65,0
428,6692.46,16105,0.4541,9,0.1831,3039.26,1
836,30732.46,19913,0.6004,6,0.1223,18453.21,0
565,20028.37,37028,0.1434,5,0.1211,2872.33,0
417,6955.58,48342,0.6008,6,0.0687,4178.68,0
763,6881.94,47480,0.1552,5,0.0261,1068.06,0
443,2638.05,18711,0.7457,2,0.0585,1967.12,0
741,8671.99,25967,0.0195,4,0.0934,169.45,0
499,3577.46,37023,0.1164,2,0.1248,416.43,0
456,14580.04,37005,0.5359,5,0.0489,7813.79,1
786,1839.74,27622,0.1977,2,0.3299,363.73,0
433,3789.67,46201,0.2454,1,0.1287,930.02,1
447,4746.29,10497,0.3099,3,0.0159,1471.01,0
635,3577.83,17350,0.4063,8,0.1335,1453.84,0
370,2445.82,49709,0.5706,0,0.0059,1395.71,1
532,5095.66,23696,0.3301,7,0.1268,1681.9,0
633,7141.0,28470,0.399,4,0.1796,2849.42,0
389,5640.73,31889,0.1445,1,0.1222,815.17,0
633,2568.64,11224,0.3427,8,0.1444,880.32,0
498,6761.23,42724,0.3578,1,0.0937,2418.92,1
460,2687.69,6465,0.307,2,0.1245,825.08,0
837,2270.47,17882,0.4251,0,0.0722,965.28,0
420,6193.36,33203,0.1506,0,0.2609,932.67,0
600,8900.62,28944,0.1058,1,0.1273,942.04,0
735,4127.57,30837,0.1556,1,0.1066,642.16,0
367,4531.95,3944,0.1768,5,0.0487,801.39,0
758,2942.43,25336,0.1055,7,0.1171,310.55,0
813,4229.76,39624,0.2721,3,0.0312,1150.89,0
697,2066.18,45764,0.5705,2,0.077,1178.68,0
585,13978.91,32796,0.501,1,0.1486,7003.62,0
439,7944.97,29789,0.3496,0,0.1,2777.94,0
581,5910.16,46420,0.2578,7,0.1333,1523.84,0
756,4590.44,25222,0.6053,6,0.007,2778.58,0
386,7784.12,39845,0.2955,1,0.4375,2300.19,1
378,4230.87,1135,0.4047,6,0.0391,1712.05,1
504,2926.55,16773,0.1365,5,0.2213,399.41,0
636,2199.2,43060,0.3242,7,0.165,713.03,0
553,5671.79,27447,0.4047,5,0.0195,2295.48,0
603,12104.36,5033,0.3723,3,0.2447,4506.97,0
679,2167.14,21497,0.0548,7,0.0243,118.67,0
429,2293.89,15178,0.1795,0,0.1717,411.82,0
575,3773.86,7546,0.286,9,0.158,1079.37,0
482,8078.17,9396,0.5844,0,0.0607,4720.69,0
567,2892.12,21978,0.6662,3,0.0385,1926.66,0
621,2671.65,44331,0.4438,0,0.0014,1185.7,0
811,5369.98,13882,0.4554,4,0.2309,2445.55,0
377,4568.16,17945,0.0251,8,0.0407,114.75,1
638,1748.44,22784,0.3444,8,0.1287,602.21,0
808,1840.01,4314,0.4491,8,0.1988,826.28,0
537,5620.22,19595,0.1133,5,0.2035,636.74,0
433,4002.88,19755,0.2688,0,0.0626,1075.96,0
491,15658.69,33311,0.6958,9,0.0645,10895.62,0
655,6039.42,46695,0.2391,4,0.0882,1444.26,0
577,1540.5,31598,0.0808,9,0.0962,124.5,0
317,4123.55,36449,0.4117,1,0.3253,1697.53,1
823,3640.8,36574,0.5672,0,0.139,2064.88,1
479,1951.39,45729,0.6945,4,0.1938,1355.17,0
422,11766.66,19639,0.337,4,0.0411,3965.5,0
545,8039.25,46370,0.272,0,0.0845,2186.53,1
672,2545.91,32023,0.2528,6,0.0427,643.52,0
350,2682.75,10092,0.1964,2,0.0888,527.0,0
370,1630.17,7382,0.4108,5,0.1217,669.62,0
779,2907.99,43710,0.4758,1,0.0328,1383.7,0
318,5014.27,4159,0.4911,8,0.3529,2462.28,1
383,3684.73,6656,0.1912,1,0.0443,704.57,0
454,15428.17,2452,0.4158,1,0.1169,6414.62,0
656,1730.86,43203,0.4321,0,0.0503,747.89,0
742,5080.37,19706,0.674,0,0.0405,3424.05,0
368,9316.44,10862,0.0811,3,0.0676,755.13,1
822,4121.41,11219,0.2218,6,0.0055,914.12,0
442,1511.87,24481,0.1991,3,0.0715,301.07,0
491,2612.52,35536,0.7287,4,0.2376,1903.83,1
686,3064.88,7096,0.3986,5,0.026,1221.56,0
677,15024.93,38953,0.4694,4,0.2124,7053.41,0
834,11211.38,12855,0.5578,4,0.0284,6254.04,0
592,13417.11,44262,0.3827,3,0.1906,5134.76,0
308,8489.25,15460,0.4967,8,0.0202,4216.86,1
570,3233.28,34937,0.6891,4,0.0431,2228.0,0
686,10952.59,22094,0.3545,8,0.466,3882.8,0
392,17500.03,40358,0.3575,3,0.3269,6255.81,0
828,3223.57,28924,0.4698,8,0.0083,1514.57,0
453,2707.43,18789,0.0954,4,0.259,258.27,1
704,4666.71,1123,0.3418,7,0.0689,1595.14,0
448,2328.85,49394,0.5147,0,0.1863,1198.72,1
566,1632.67,6909,0.3789,3,0.1112,618.66,0
721,13162.6,32854,0.2642,3,0.0395,3477.64,0
771,11900.77,4896,0.3466,1,0.008,4125.31,0
846,2210.07,41834,0.3261,2,0.163,720.78,0
825,3595.24,43141,0.3684,7,0.0339,1324.66,0
802,8612.29,18111,0.2725,7,0.1397,2347.19,0
313,5827.02,8039,0.2648,0,0.041,1542.85,1
663,3508.7,45844,0.1723,1,0.0769,604.55,0
418,6952.98,25099,0.2276,3,0.0954,1582.78,1
537,10593.95,4670,0.1359,5,0.332,1439.34,0
845,11923.33,44335,0.3335,2,0.1775,3976.37,0
468,3404.73,16029,0.4253,6,0.1298,1448.16,1
821,2262.52,32811,0.4768,2,0.0931,1078.7,0
815,11259.99,16793,0.3112,7,0.0809,3503.72,0
696,1888.49,42318,0.0245,5,0.014,46.29,0
405,6616.06,49106,0.4117,7,0.2258,2724.14,1
384,2105.61,21126,0.601,6,0.2572,1265.41,1
513,3473.17,20228,0.0798,4,0.0509,277.23,0
420,3621.09,19595,0.2606,4,0.0166,943.79,0
431,2191.5,1972,0.2054,2,0.1894,450.1,0
496,11739.28,1360,0.2299,3,0.0427,2699.26,0
318,1510.69,3632,0.3576,7,0.1169,540.15,0
311,10470.05,36958,0.1507,4,0.1522,1578.06,1
380,10110.78,38716,0.0968,8,0.0028,978.96,0
629,3024.83,16346,0.321,2,0.049,971.01,0
691,6373.43,49322,0.2415,9,0.039,1539.2,0
606,2665.74,19008,0.3009,2,0.2438,802.23,0
566,7188.08,13120,0.6442,7,0.076,4630.25,0
746,4794.11,31283,0.2428,7,0.0367,1163.85,0
740,2927.99,8818,0.3651,6,0.0352,1069.12,0
301,3544.87,6119,0.5038,5,0.0505,1785.98,1
819,6183.3,31579,0.1822,6,0.0128,1126.88,0
608,10961.99,46721,0.0472,6,0.0217,517.69,0
821,2060.39,48668,0.4252,5,0.1462,876.06,0
768,4888.59,30837,0.4069,8,0.0111,1989.2,0
511,2670.67,1975,0.1252,4,0.3807,334.25,1
411,7965.29,17265,0.5292,4,0.1399,4215.6,0
307,1791.3,5318,0.5393,5,0.247,966.04,1
776,6171.28,36081,0.1119,9,0.0077,690.82,0
759,2269.23,42515,0.1725,3,0.0608,391.41,0
552,5129.18,44069,0.0534,9,0.222,274.05,0
825,8724.06,48816,0.1229,9,0.1962,1071.89,0
737,7127.31,14134,0.3828,8,0.0088,2728.06,0
535,7092.54,40432,0.1774,1,0.1316,1258.01,0
605,4417.96,47150,0.0566,2,0.0325,250.02,0
777,10356.3,11841,0.2721,8,0.0242,2817.97,0
319,5047.95,27135,0.2113,0,0.1646,1066.62,1
515,11480.7,13427,0.2159,4,0.1086,2478.69,0
434,4663.24,41251,0.153,2,0.0069,713.39,0
428,4320.6,35131,0.5863,2,0.0315,2533.02,1
709,2505.93,37727,0.4624,0,0.05,1158.72,0
721,4647.96,26165,0.2741,7,0.2764,1273.84,0
593,2106.01,2749,0.1105,2,0.1711,232.79,0
545,9651.36,34308,0.3569,3,0.1529,3444.77,0
385,6006.71,8634,0.523,4,0.0834,3141.77,0
674,21728.05,11614,0.4209,4,0.006,9144.45,0
745,1886.47,25866,0.1255,1,0.1013,236.66,0
677,2601.29,11282,0.3436,6,0.1614,893.75,0
689,9887.44,21319,0.5052,5,0.3159,4995.44,0
350,3511.79,37726,0.206,6,0.0663,723.32,1
541,4011.71,16412,0.6794,9,0.2623,2725.7,0
593,9383.12,37627,0.0385,9,0.0589,361.49,0
565,4451.1,9050,0.1596,2,0.0971,710.35,0
419,2360.09,25583,0.3788,7,0.2242,894.05,1
547,10403.61,19041,0.3636,5,0.0121,3782.56,0
369,1626.22,7185,0.3526,6,0.2157,573.48,1
356,10530.3,21812,0.3839,8,0.299,4042.08,0
681,1707.36,26832,0.5134,7,0.3123,876.64,1
338,5884.65,18423,0.5426,7,0.0143,3193.29,1
742,1797.51,48156,0.5459,2,0.0543,981.33,0
317,6399.6,42644,0.0564,0,0.1082,360.95,1
651,1638.25,37786,0.2157,0,0.1987,353.32,1
597,8892.25,30665,0.2564,9,0.1911,2280.27,0
582,4009.02,10989,0.333,1,0.1277,1335.11,1
409,1892.45,19208,0.7601,7,0.0906,1438.48,1
479,6407.87,24054,0.2202,9,0.1078,1411.22,0
843,4187.81,31477,0.2937,5,0.134,1229.78,0
324,2347.57,31374,0.5527,5,0.0534,1297.48,1
356,1563.19,42220,0.3509,0,0.0063,548.49,1
479,3665.13,4571,0.6211,1,0.0548,2276.45,1
531,1858.08,20576,0.1747,4,0.0794,324.54,0
642,1895.61,10680,0.391,2,0.0204,741.27,0
776,2744.24,26706,0.3447,1,0.0306,945.97,0
754,5481.97,15318,0.3327,8,0.0504,1823.9,0
531,4519.33,21659,0.0863,9,0.2263,390.11,0
588,1785.93,6029,0.1578,6,0.2375,281.8,0
512,15322.35,49436,0.6294,0,0.0675,9644.28,0
557,10227.45,3774,0.0576,0,0.1314,588.75,0
829,2700.24,17972,0.3245,2,0.0517,876.16,0
528,2021.98,15048,0.3915,9,0.0763,791.59,0
525,12917.13,34372,0.6949,5,0.0994,8975.73,0
734,3973.21,44188,0.6389,1,0.4639,2538.48,1
701,2991.03,42133,0.4052,7,0.1434,1212.06,0
387,4196.19,15689,0.1309,3,0.1055,549.24,1
841,7426.72,17737,0.2511,7,0.1542,1864.48,0
608,2237.54,17014,0.5325,6,0.0193,1191.42,0
642,7335.39,22818,0.2328,1,0.196,1707.54,0
735,7036.34,34201,0.9157,8,0.317,6443.27,1
476,4600.45,12144,0.2478,4,0.0685,1139.83,1
438,9534.96,32001,0.3139,5,0.0702,2993.05,0
493,2066.92,1867,0.201,1,0.023,415.37,0
485,5120.21,28182,0.3416,2,0.123,1748.96,1
517,3886.57,15340,0.2734,9,0.0333,1062.57,0
463,3694.75,12837,0.8701,7,0.2082,3214.62,1
460,2664.41,48059,0.3101,4,0.1946,826.35,0
824,3362.64,9787,0.3826,9,0.0711,1286.62,0
341,1957.83,1393,0.2152,0,0.2227,421.24,1
509,2659.27,13056,0.1637,8,0.1642,435.29,0
574,2769.63,44160,0.4909,0,0.0029,1359.59,1
578,6601.42,45957,0.4927,8,0.0643,3252.58,0
550,1699.07,29429,0.6328,9,0.0158,1075.24,0
609,5712.94,46909,0.4624,5,0.1925,2641.84,0
439,2501.08,32899,0.3729,6,0.0566,932.54,0
845,1841.63,33221,0.2696,0,0.2257,496.42,0
829,2931.31,21754,0.2866,9,0.2719,840.09,0
356,2516.85,45389,0.5178,0,0.0148,1303.15,1
411,4712.14,21905,0.4357,4,0.0333,2053.25,0
304,3268.78,25083,0.612,1,0.2225,2000.47,1
709,15024.84,42098,0.72,9,0.1145,10817.17,0
713,14747.21,30621,0.1343,4,0.2379,1979.81,0
481,3845.9,21577,0.5652,4,0.008,2173.86,1
312,7840.69,37728,0.1717,5,0.1458,1346.25,1
638,1553.43,1663,0.1845,8,0.0224,286.66,0
558,4674.63,48301,0.5342,5,0.0204,2497.36,1
389,6939.38,20216,0.3813,9,0.0278,2645.66,0
549,2478.2,48259,0.3611,0,0.0189,894.82,1
554,1752.49,10265,0.2264,4,0.0217,396.77,0
407,2178.03,5574,0.3515,1,0.1208,765.55,0
784,3832.5,23755,0.1394,7,0.0169,534.42,0
557,4323.89,32241,0.395,6,0.0457,1707.72,1
581,3417.86,23676,0.2774,5,0.0164,948.21,0
387,3819.09,22561,0.2498,1,0.0083,953.97,1
503,4041.29,25737,0.2091,2,0.0711,845.1,1
315,7368.92,24390,0.0903,8,0.0166,665.07,1
450,1944.81,27076,0.3643,8,0.0271,708.48,0
553,7360.49,6546,0.5043,6,0.0758,3711.75,0
487,6167.06,22280,0.4984,1,0.0272,3073.6,1
628,6913.93,33953,0.6583,6,0.1566,4551.44,0
843,6804.09,22037,0.0687,0,0.0937,467.57,0
696,4043.98,41576,0.295,8,0.094,1192.95,0
816,2449.99,29564,0.3575,8,0.0385,875.91,0
758,4576.91,34597,0.5708,5,0.0521,2612.36,1
629,14178.63,20903,0.0864,9,0.0044,1225.45,0
468,5052.03,31806,0.5312,0,0.0773,2683.72,1
665,1544.43,47328,0.2155,7,0.0555,332.76,0
477,1746.27,25392,0.4698,5,0.0746,820.49,1
661,21270.09,29087,0.1074,8,0.0324,2283.6,0
339,1798.66,45288,0.3612,8,0.1252,649.68,1
715,1688.56,45308,0.6168,6,0.0327,1041.49,0
654,3241.79,23293,0.076,3,0.0705,246.33,1
554,15436.21,11677,0.5442,0,0.1004,8400.7,0
442,3034.86,13803,0.3345,2,0.2177,1015.28,0
310,3609.75,47656,0.6461,5,0.1983,2332.41,1
325,5521.33,47002,0.2483,0,0.0182,1370.73,1
720,1597.63,2225,0.6718,3,0.2494,1073.26,0
520,10621.87,6774,0.169,7,0.0412,1794.91,0
795,4431.24,14043,0.2513,7,0.0759,1113.38,0
536,4015.52,17163,0.1182,5,0.0011,474.5,0
536,9385.27,3844,0.2702,5,0.2663,2535.68,1
518,13736.95,8347,0.3436,2,0.0131,4720.7,0
786,3702.6,21804,0.1425,6,0.0594,527.6,0
760,2257.1,37764,0.277,7,0.0121,625.12,0
443,8264.96,28246,0.2568,1,0.1894,2122.46,0
488,3565.1,43458,0.0972,4,0.1859,346.36,1
554,12467.19,2688,0.303,5,0.0586,3777.86,0
367,13474.86,48055,0.6839,0,0.1627,9215.15,1
635,1987.9,18251,0.3193,4,0.0146,634.82,0
708,14044.94,13504,0.4463,2,0.3064,6268.68,1
599,3337.17,40720,0.1657,2,0.0592,553.05,0
656,5656.69,28584,0.3564,5,0.0791,2015.87,0
555,1641.47,45484,0.6478,0,0.0456,1063.34,1
652,10288.73,49531,0.6723,4,0.2742,6916.8,0
820,5604.39,39852,0.0737,4,0.1933,413.16,0
823,5626.3,14219,0.1632,4,0.1161,918.29,0
583,10798.35,43972,0.1784,2,0.1884,1926.74,0
611,4339.93,25815,0.2414,5,0.0313,1047.47,0
398,3614.04,49865,0.3927,0,0.0253,1419.17,1
496,9543.51,25623,0.6864,9,0.3144,6551.07,1
781,6925.71,37817,0.3811,0,0.1491,2639.13,0
525,13401.81,4457,0.4923,1,0.0354,6597.84,1
664,12761.78,28855,0.3376,3,0.3982,4308.95,0
667,3427.18,37258,0.0987,9,0.1103,338.32,0
374,3869.49,16470,0.5691,8,0.0139,2202.19,0
341,2682.78,49957,0.5705,9,0.009,1530.53,1
721,5822.87,46930,0.2693,7,0.1622,1568.17,0
480,3313.64,19281,0.3553,9,0.1125,1177.25,1
844,7669.0,12728,0.042,1,0.0071,322.04,0
370,2018.39,46680,0.4886,0,0.079,986.25,1
404,1995.02,39723,0.6452,3,0.2076,1287.14,1
499,2414.91,11162,0.1959,4,0.1575,473.02,0
400,1852.23,30272,0.1895,1,0.0046,350.92,1
606,5370.67,36488,0.1901,9,0.0118,1021.22,0
676,2137.64,44341,0.4338,5,0.0231,927.25,0
698,2197.24,12338,0.223,7,0.0076,490.05,0
520,1557.32,23296,0.1963,4,0.1474,305.75,1
481,7594.69,12675,0.6131,3,0.5036,4656.42,1
606,8191.56,25070,0.4021,6,0.1386,3294.04,0
821,2207.06,21080,0.3724,4,0.0552,821.98,0
695,6880.98,48139,0.5043,7,0.3794,3470.32,0
303,3773.43,14936,0.1779,6,0.3746,671.42,1
580,2595.62,11019,0.4506,4,0.1826,1169.65,0
514,5384.94,42182,0.2529,7,0.0215,1361.61,0
719,2286.42,2746,0.4425,0,0.1083,1011.81,1
400,7156.86,23768,0.154,7,0.0449,1102.04,0
820,1695.14,9325,0.2064,2,0.0766,349.92,0
608,14289.53,45763,0.2592,0,0.0549,3703.71,0
809,1798.36,5486,0.3497,8,0.1835,628.83,0
362,4964.75,17485,0.1402,5,0.0104,696.19,0
525,10799.09,15328,0.1955,7,0.1095,2111.41,0
404,1547.9,20112,0.1296,9,0.0314,200.64,0
724,4260.72,45001,0.183,3,0.1537,779.5,1
554,3223.17,33280,0.1638,1,0.2693,527.86,0
728,4973.17,27576,0.323,5,0.1865,1606.41,0
733,2521.93,43528,0.0975,1,0.2915,245.84,0
506,1768.4,16702,0.3138,0,0.067,554.91,1
327,5433.28,22320,0.3362,6,0.0191,1826.87,0
635,3657.24,19437,0.697,6,0.3333,2549.03,0
368,5396.59,1193,0.1662,5,0.1035,897.0,0
812,2445.62,26317,0.1937,1,0.0145,473.81,0
466,3154.44,29482,0.2942,4,0.1501,928.07,0
667,4799.24,20343,0.1007,0,0.0424,483.46,0
550,5096.88,30144,0.3064,1,0.1181,1561.84,0
469,3362.87,12612,0.5145,4,0.016,1730.07,0
389,2814.31,20307,0.367,4,0.0013,1032.77,1
745,2779.17,20623,0.2834,6,0.3634,787.52,0
593,2268.03,21249,0.1506,4,0.0133,341.55,0
449,3074.57,9229,0.4612,5,0.1079,1418.11,1
431,2389.78,27274,0.5226,1,0.1689,1248.85,1
732,5518.47,38334,0.1673,4,0.3351,922.99,1
358,4867.21,7595,0.2319,7,0.022,1128.57,0
498,3428.88,29602,0.2273,0,0.0167,779.42,0
514,3077.09,39377,0.1213,9,0.2746,373.13,0
771,2585.21,38876,0.5548,6,0.1543,1434.32,0
546,4566.82,35551,0.3509,7,0.0882,1602.66,0
681,11548.43,43926,0.4794,4,0.0288,5536.48,0
538,6129.67,25678,0.1439,3,0.0239,882.06,0
666,6956.8,23214,0.5182,0,0.1316,3604.83,1
467,8692.19,39599,0.4831,8,0.069,4199.56,1
350,3233.21,33809,0.5634,1,0.0015,1821.72,1
679,1759.76,44954,0.1785,4,0.1483,314.13,0
773,5397.36,28794,0.0939,6,0.2886,506.92,0
379,2336.33,23593,0.2819,7,0.0021,658.51,1
666,4866.99,29864,0.1821,9,0.2809,886.23,0
760,6880.77,45329,0.7664,3,0.1364,5273.25,0
838,7623.21,43636,0.4002,9,0.0167,3051.15,0
751,2937.22,4689,0.2614,0,0.1004,767.84,0
763,4373.31,41363,0.1984,6,0.1622,867.71,0
777,5380.51,15687,0.2933,9,0.3737,1577.91,0
719,8347.67,21381,0.1348,8,0.0053,1125.0,0
513,7231.68,34093,0.214,0,0.3193,1547.55,1
668,19183.18,24589,0.0938,0,0.1513,1799.14,0
413,1532.47,2120,0.5186,6,0.186,794.74,1
802,3801.38,17491,0.1003,8,0.1289,381.11,0
610,2683.1,44638,0.2236,4,0.0549,599.84,1
768,2010.85,40062,0.44,3,0.3532,884.68,0
343,11199.7,6193,0.388,5,0.0153,4345.59,1
714,26283.28,24608,0.2387,8,0.0964,6274.18,0
545,2296.71,16213,0.4758,1,0.2111,1092.73,0
383,1656.77,49379,0.2059,4,0.2313,341.05,1
506,2786.63,15230,0.6481,3,0.1578,1805.94,0
450,8703.89,19423,0.2742,2,0.0413,2386.34,0
827,2891.94,18187,0.4022,4,0.0643,1163.07,0
464,1734.34,11040,0.3,6,0.0293,520.29,0
444,1715.68,1766,0.3362,2,0.1708,576.74,1
336,3730.43,30949,0.4531,2,0.0686,1690.21,1
632,12242.75,47464,0.232,5,0.0448,2839.91,0
702,2847.04,4527,0.3151,4,0.1616,897.08,0
713,3728.58,12021,0.1086,2,0.1315,404.75,0
344,1930.05,18872,0.0918,0,0.0041,177.25,1
701,4221.5,37897,0.3499,9,0.1376,1477.3,0
505,6270.12,12758,0.8268,1,0.037,5183.83,1
361,2765.15,19757,0.4013,2,0.0578,1109.59,0
719,2907.95,26412,0.8526,3,0.1432,2479.24,0
767,8880.01,15312,0.3655,4,0.0317,3245.55,0
318,1541.67,23119,0.0421,9,0.1478,64.94,0
664,5547.58,12804,0.3961,8,0.148,2197.25,0
599,3502.74,47545,0.2148,3,0.0105,752.29,0
306,2917.46,11983,0.4114,8,0.215,1200.23,1
727,5787.03,30999,0.1868,4,0.159,1081.12,0
416,8699.21,31557,0.3813,2,0.3477,3317.16,1
806,4769.33,40758,0.4424,6,0.3127,2110.0,0
845,1626.35,29788,0.3872,7,0.1506,629.65,0
624,3975.14,32950,0.2772,8,0.1873,1102.06,0
354,3985.24,4983,0.3801,8,0.1822,1514.97,1
341,4639.28,4768,0.4532,5,0.169,2102.33,1
596,5946.29,2504,0.486,8,0.1104,2889.73,0
530,1578.03,3450,0.316,2,0.0131,498.69,0
752,4288.72,12236,0.3889,1,0.1115,1667.91,0
693,5049.92,9002,0.0822,4,0.0011,415.12,0
821,3182.44,10891,0.5605,6,0.0117,1783.72,0
657,5914.88,39787,0.2315,6,0.0361,1369.16,0
743,2536.0,14898,0.2405,5,0.0684,609.93,0
427,3027.22,11472,0.2056,2,0.1247,622.49,1
704,14660.99,16264,0.0454,5,0.0508,665.9,0
691,3211.27,18691,0.1838,0,0.1136,590.08,0
492,3201.66,44487,0.1339,2,0.0789,428.72,0
377,5122.2,33632,0.5376,1,0.0426,2753.59,1
384,15658.44,34743,0.4162,3,0.0509,6516.89,0
329,17817.14,44016,0.3482,7,0.0749,6204.55,0
348,4966.75,14002,0.2823,2,0.045,1402.22,0
444,1504.35,47981,0.5016,5,0.2847,754.64,1
368,10736.69,44386,0.8249,9,0.0406,8856.71,1
357,4878.09,29250,0.3169,0,0.0767,1545.81,1
778,3322.8,44388,0.0746,3,0.0615,247.93,0
744,8568.93,22323,0.4131,4,0.0404,3539.45,0
595,3542.19,4733,0.5493,4,0.1,1945.77,0
470,1638.55,42319,0.1861,0,0.0329,304.87,1
446,8383.09,3223,0.6049,8,0.0346,5071.11,0
783,4657.39,17868,0.4635,4,0.2319,2158.72,0
605,3150.83,35196,0.3321,8,0.2733,1046.4,0
745,2655.49,3080,0.3759,6,0.0095,998.17,0
520,5103.61,14776,0.2759,4,0.188,1408.02,0
677,2433.03,1695,0.0965,8,0.0625,234.83,0
565,3065.37,33969,0.8132,4,0.1912,2492.69,1
394,5548.24,13049,0.6209,9,0.1824,3444.79,1
561,10032.87,16628,0.3588,8,0.0056,3600.19,0
370,4544.76,9265,0.4178,4,0.2295,1898.61,1
518,7193.6,25671,0.1426,0,0.0892,1025.47,0
832,7259.8,13460,0.3364,6,0.0349,2442.07,0
391,5866.79,4477,0.3836,4,0.107,2250.34,0
426,2628.59,3202,0.7755,4,0.0096,2038.51,1
379,9563.27,49310,0.3852,5,0.0657,3683.86,1
537,3792.76,24874,0.0836,5,0.0152,317.2,0
671,1680.87,48392,0.258,6,0.0084,433.7,0
785,2622.1,42217,0.1839,7,0.206,482.29,0
324,7302.02,12850,0.1504,0,0.0333,1098.11,1
455,1786.56,40085,0.6931,9,0.1263,1238.19,0
816,2137.69,21809,0.1303,2,0.0044,278.59,0
829,6239.65,6350,0.5324,5,0.0524,3321.98,0
356,10424.81,3806,0.1832,0,0.091,1910.16,1
318,5517.56,8163,0.2948,4,0.1124,1626.48,1
683,2505.61,29832,0.0157,4,0.2614,39.33,0
492,1719.57,1185,0.2253,9,0.4414,387.41,1
536,5319.36,41838,0.0843,8,0.0956,448.27,0
686,1694.23,25718,0.3575,1,0.2201,605.61,0
725,5294.45,12545,0.392,6,0.0003,2075.18,0
576,2522.56,26215,0.2462,8,0.1494,620.94,0
526,10901.06,29325,0.515,7,0.0469,5614.29,0
622,4078.13,19458,0.4491,0,0.0181,1831.4,0
452,2514.09,17006,0.1774,0,0.2085,446.0,1
536,9173.25,29544,0.3079,1,0.0077,2824.17,0
354,2672.31,33969,0.344,0,0.0508,919.33,1
735,2964.59,12284,0.3349,7,0.1263,992.78,0
408,8689.77,39478,0.0379,6,0.1196,329.38,0
483,2977.26,28655,0.1904,5,0.0373,566.81,0
667,3611.64,30143,0.297,1,0.0699,1072.82,0
497,3208.79,16698,0.0545,8,0.0239,175.0,0
670,1995.0,35870,0.6513,0,0.0516,1299.26,0
672,1658.69,10102,0.2889,0,0.1949,479.16,0
796,6657.26,2571,0.679,1,0.0432,4520.29,0
500,5644.1,38893,0.5367,6,0.1363,3029.37,0
808,2827.18,40465,0.5776,9,0.1212,1632.96,0
621,2901.63,22553,0.2172,0,0.1339,630.29,0
574,13102.11,19543,0.2543,2,0.0545,3332.12,0
510,19083.25,29901,0.2394,9,0.0362,4569.04,0
803,4065.52,15034,0.5427,7,0.1268,2206.51,0
417,7987.09,28120,0.533,6,0.0765,4256.82,0
341,6837.63,2329,0.3663,7,0.1827,2504.6,1
614,2911.4,42420,0.0465,5,0.1242,135.37,0
628,1741.39,26382,0.2211,7,0.0049,384.96,0
316,2115.2,4699,0.3272,4,0.0129,692.02,0
582,8787.9,39795,0.3349,8,0.0906,2943.3,0
557,6755.36,11667,0.2991,9,0.3297,2020.6,0
318,5866.56,38591,0.2447,0,0.0464,1435.35,0
828,2060.03,43115,0.5142,6,0.1954,1059.31,0
722,5585.83,24459,0.0447,5,0.0395,249.79,0
765,7416.31,7959,0.493,7,0.1134,3656.21,0
672,9381.68,30581,0.3414,1,0.1505,3202.77,0
380,1553.28,47384,0.6593,0,0.1061,1024.03,1
847,6114.07,7210,0.2866,0,0.1286,1752.38,0
723,1577.13,13517,0.1174,1,0.1301,185.1,0
728,6408.6,13620,0.7052,4,0.0096,4519.61,0
687,5538.25,37744,0.3682,6,0.0002,2039.07,0
503,2142.31,23804,0.1402,8,0.1079,300.38,0
495,7311.82,31568,0.369,3,0.0343,2698.12,0
584,1783.18,18991,0.2895,8,0.0559,516.22,0
495,8503.98,9912,0.4565,2,0.0814,3881.98,0
606,2714.86,33527,0.2645,5,0.1517,718.19,0
313,6169.94,31863,0.195,8,0.1607,1202.96,1
445,11791.77,45827,0.2359,0,0.0899,2781.27,1
356,3161.01,34458,0.525,3,0.0794,1659.56,1
509,4295.81,21407,0.5686,4,0.2538,2442.39,0
828,3987.91,13344,0.6185,5,0.0177,2466.53,0
643,2186.06,37205,0.4088,7,0.2867,893.62,0
578,5069.44,3355,0.224,1,0.1558,1135.8,0
508,6934.75,31893,0.4783,5,0.0895,3317.16,0
634,11449.63,1749,0.1496,6,0.058,1712.94,0
587,9109.94,20435,0.3877,5,0.0194,3532.34,0
551,4353.56,46733,0.5806,3,0.1155,2527.5,1
564,6577.85,46615,0.4876,5,0.0602,3207.41,0
570,7953.45,39526,0.7324,3,0.1286,5824.71,0
718,4220.83,19088,0.4174,8,0.1069,1761.78,0
510,1990.6,45405,0.1414,0,0.0632,281.39,1
664,3804.52,39842,0.1926,8,0.0843,732.89,0
375,8892.76,47146,0.4687,3,0.0342,4168.03,1
620,5131.72,25403,0.4022,2,0.2813,2063.99,0
732,6656.07,48297,0.4398,4,0.0192,2927.48,0
408,2319.58,39042,0.0614,2,0.0285,142.34,0
821,14834.65,47775,0.1612,0,0.0111,2390.72,0
346,3570.6,40177,0.3797,7,0.0444,1355.72,0
678,5741.05,40056,0.4594,8,0.0531,2637.6,0
395,1576.21,23713,0.4558,5,0.0518,718.51,1
402,2044.74,1885,0.5146,1,0.1022,1052.29,0
445,7593.67,34632,0.3375,5,0.0636,2562.76,0
326,15264.26,40685,0.0301,5,0.0787,459.43,0
829,3042.98,12686,0.2075,5,0.4742,631.46,0
381,1651.56,4054,0.1923,9,0.2638,317.59,1
727,3290.57,9977,0.1436,8,0.1164,472.58,0
778,1570.49,26032,0.2402,3,0.03,377.21,0
461,2354.62,49967,0.3401,1,0.0084,800.85,0
701,7084.93,9536,0.45,7,0.0786,3187.93,0
807,12564.1,16070,0.2287,5,0.0221,2873.3,0
337,1866.05,17937,0.6504,9,0.003,1213.66,1
810,4764.88,22500,0.368,0,0.0632,1753.48,0
692,2671.48,41451,0.2169,5,0.1002,579.54,0
793,2098.92,11011,0.4313,1,0.1035,905.36,0
499,2488.62,49039,0.1394,3,0.011,346.84,0
554,4948.75,9896,0.0517,1,0.3601,256.09,0
478,1769.41,30799,0.3801,3,0.2718,672.51,1
846,3778.19,15582,0.3093,6,0.109,1168.49,0
688,2081.16,40958,0.1893,7,0.0113,393.93,0
697,2773.54,42912,0.9503,2,0.0172,2635.72,0
457,2346.61,1814,0.2112,0,0.0395,495.6,0
303,10081.49,10740,0.5102,9,0.0051,5143.58,1
466,6424.16,25719,0.2214,0,0.2513,1422.34,0
767,9613.86,36545,0.2747,9,0.0803,2640.7,0
708,3434.55,21150,0.3803,6,0.2812,1306.0,0
711,3004.09,5958,0.1899,0,0.3797,570.46,1
503,3415.93,4825,0.3396,2,0.058,1160.15,0
493,1574.89,15800,0.1516,4,0.1037,238.69,0
534,6659.64,10999,0.3183,4,0.0859,2120.0,0
449,3221.73,21854,0.3281,3,0.0328,1056.92,1
458,3003.57,46732,0.797,7,0.1671,2393.92,0
578,5146.62,28315,0.3866,2,0.1261,1989.58,0
703,3792.58,40540,0.2565,7,0.0365,972.97,0
610,17320.43,10481,0.4448,5,0.085,7703.81,0
367,3261.8,49505,0.3342,3,0.1163,1090.04,1
762,5306.59,18246,0.4735,9,0.0907,2512.71,0
387,2993.84,23601,0.3111,2,0.1094,931.28,1
516,20166.05,11677,0.1722,9,0.2521,3473.3,0
300,3855.95,30552,0.4067,9,0.3025,1568.28,1
434,5521.9,23322,0.1737,1,0.0963,959.41,1
650,2042.0,3355,0.1114,5,0.3145,227.54,0
439,6782.39,10157,0.1319,0,0.0522,894.64,0
432,2754.52,36163,0.0964,9,0.0399,265.53,0
477,3881.28,26914,0.5369,7,0.192,2084.02,1
657,10086.88,34292,0.1021,4,0.0504,1030.0,0
679,15600.59,1561,0.7302,6,0.0979,11392.22,0
749,3710.57,9167,0.2421,6,0.0513,898.23,0
762,8702.46,17184,0.5105,9,0.0156,4442.7,0
407,1719.3,25497,0.2229,5,0.2261,383.19,1
421,9024.3,24800,0.1728,4,0.0183,1559.67,0
316,5471.72,38432,0.2973,1,0.0382,1626.72,1
495,4183.24,2205,0.0604,2,0.0002,252.74,0
626,10327.78,13039,0.274,2,0.0781,2829.45,0
617,8966.03,46161,0.3769,4,0.0423,3379.67,0
778,2909.28,36006,0.5794,1,0.0268,1685.5,0
551,7771.04,18544,0.4329,0,0.05,3364.17,0
802,1919.18,13987,0.5648,3,0.008,1083.96,0
418,8421.09,6239,0.8606,9,0.0275,7247.4,0
797,6001.33,45785,0.1643,2,0.0816,986.13,0
785,1867.87,24358,0.467,2,0.0941,872.37,0
344,6096.43,18138,0.1634,9,0.1422,996.27,0
613,4974.95,23984,0.1586,5,0.0936,789.06,0
478,5111.03,29428,0.8425,8,0.0418,4305.79,0
717,2874.83,10096,0.2059,9,0.1651,591.93,0
377,2739.7,48582,0.4247,9,0.0446,1163.59,1
625,7250.94,25536,0.08,1,0.0193,580.22,0
656,2687.23,47059,0.8601,4,0.0431,2311.39,1
715,3864.26,3621,0.3044,1,0.0062,1176.1,0
814,6247.01,36958,0.3408,5,0.0262,2129.27,0
513,1831.86,4948,0.2871,0,0.1444,526.01,1
373,5111.01,2287,0.2519,0,0.0565,1287.44,1
808,5060.31,24902,0.5123,8,0.1208,2592.41,0
631,6110.95,48358,0.5881,9,0.0586,3594.12,0
392,3347.69,22164,0.4466,4,0.1094,1495.07,1
818,3883.94,16668,0.8599,8,0.0157,3339.91,0
568,3101.73,2772,0.1426,7,0.0465,442.22,1
675,8104.55,33238,0.8133,8,0.0204,6591.6,0
303,2059.86,39968,0.0754,8,0.0275,155.39,0
437,14682.37,16762,0.5421,7,0.1631,7959.45,0
530,5529.64,36906,0.2271,2,0.108,1256.02,0
828,10218.17,8213,0.0544,6,0.2196,555.86,0
351,3722.12,15941,0.7126,3,0.206,2652.46,1
624,3115.54,31345,0.382,7,0.0091,1190.18,0
576,10739.48,36184,0.7496,6,0.001,8050.1,0
835,1916.44,16964,0.2758,8,0.0789,528.46,0
785,1998.21,27855,0.4848,7,0.0596,968.82,0
815,2922.97,18968,0.1753,2,0.0738,512.53,0
451,14353.06,2046,0.3189,4,0.0823,4577.83,0
782,5510.32,15909,0.7483,2,0.0168,4123.43,0
558,4731.48,14578,0.276,8,0.1068,1306.08,0
623,6387.95,24368,0.3885,0,0.0654,2481.44,0
467,3661.53,29599,0.2772,6,0.0047,1015.13,0
609,7176.49,6719,0.3065,8,0.1273,2199.89,0
778,3498.43,16960,0.2153,2,0.2312,753.11,0
355,8503.16,24606,0.4934,6,0.086,4195.15,1
772,2744.05,49366,0.3403,6,0.0843,933.81,0
595,2800.41,16624,0.6128,1,0.2744,1716.11,1
760,4455.79,40179,0.2221,4,0.0207,989.52,0
623,3753.82,41842,0.2897,9,0.0529,1087.47,0
440,5677.81,11352,0.6159,6,0.0745,3497.24,1
561,3312.06,31885,0.2866,1,0.0383,949.31,0
719,2548.32,16003,0.1164,9,0.1848,296.65,0
540,4038.07,10223,0.1377,9,0.0443,555.94,0
654,4792.63,32433,0.4801,1,0.0347,2301.01,0
479,2115.4,13718,0.3294,5,0.0234,696.85,0
365,4754.2,2315,0.1927,1,0.0545,916.34,1
647,3038.28,22553,0.2104,9,0.0567,639.13,0
470,3493.3,25682,0.06,0,0.0365,209.52,0
773,2810.23,20464,0.6825,2,0.0081,1918.05,0
833,12218.45,42704,0.4593,0,0.1114,5612.38,0
666,6099.66,32419,0.0595,5,0.1021,362.68,0
406,2717.74,14767,0.7397,3,0.0988,2010.31,1
738,5642.9,7466,0.3385,1,0.1146,1910.23,0
526,9050.59,32028,0.4557,6,0.0213,4124.0,0
743,3554.19,48953,0.2627,6,0.0335,933.55,0
741,8586.83,38858,0.4241,7,0.0371,3641.94,0
695,2170.91,5240,0.2051,6,0.0511,445.36,0
383,8421.48,32459,0.4201,0,0.1003,3538.28,1
312,4608.67,26396,0.2457,2,0.0993,1132.42,1
792,2509.13,17795,0.1333,0,0.2581,334.47,0
567,3591.2,25689,0.1573,1,0.2963,564.86,0
824,19189.06,15910,0.358,0,0.1151,6869.07,0
419,7621.69,3446,0.3273,8,0.1192,2494.73,0
652,4923.48,4346,0.4249,6,0.1048,2091.9,0
356,1989.41,46179,0.1479,8,0.0524,294.31,1
339,3663.84,41517,0.3632,7,0.0046,1330.75,1
635,2720.95,5142,0.6361,9,0.0189,1730.73,0
472,1794.59,17070,0.1969,1,0.0472,353.32,0
846,4625.33,47955,0.0962,0,0.0981,444.94,0
558,10299.6,8087,0.6079,4,0.0406,6261.33,0
816,6003.11,24752,0.2912,6,0.069,1748.32,0
822,2649.02,16635,0.4146,1,0.1154,1098.3,0
416,4909.37,23218,0.7821,3,0.2219,3839.65,1
483,12975.29,32873,0.5858,6,0.2235,7601.54,1
415,6633.72,49575,0.0794,8,0.1817,526.4,0
461,6177.95,43965,0.5178,5,0.1851,3198.72,0
842,15287.9,46039,0.4618,6,0.0226,7059.76,0
536,7915.28,15724,0.4173,7,0.0237,3303.19,0
365,2087.62,32351,0.1818,7,0.3675,379.5,1
369,3208.6,32433,0.2169,8,0.0014,695.87,0
746,14925.74,10261,0.1282,9,0.0659,1912.91,0
715,4191.07,14479,0.2498,1,0.011,1047.1,0
831,1973.5,16804,0.2902,6,0.0434,572.72,0
740,3954.42,28245,0.6014,1,0.1534,2378.13,0
763,6276.0,46101,0.5621,6,0.0177,3527.54,0
695,25543.77,13827,0.2312,8,0.2544,5905.78,0
694,3065.69,43368,0.3572,3,0.081,1095.14,0
625,4386.9,45700,0.1461,4,0.0395,641.06,0
390,9970.43,13040,0.3174,4,0.1353,3165.0,0
369,3255.68,20477,0.2807,1,0.206,913.85,1
465,1962.82,17127,0.5968,2,0.1164,1171.34,0
513,13398.69,22182,0.1278,9,0.1263,1712.25,0
634,4181.17,27049,0.5103,0,0.0496,2133.78,0
668,4294.92,25527,0.5159,2,0.0294,2215.93,0
348,5382.99,13473,0.3887,4,0.0191,2092.38,1
351,1514.17,17709,0.3995,8,0.0128,604.9,1
588,12202.21,34974,0.4602,0,0.2916,5615.81,0
538,3294.23,43464,0.3934,5,0.1136,1296.02,1
432,3522.9,14714,0.3902,1,0.1995,1374.61,1
465,2265.17,35208,0.4024,5,0.0329,911.53,0
673,3400.24,32945,0.4016,9,0.0196,1365.46,0
672,8017.41,22568,0.1728,5,0.234,1385.41,0
777,7937.59,10147,0.2555,0,0.0477,2027.84,0
778,12482.81,17267,0.302,4,0.0122,3769.31,0
599,3564.89,42514,0.4382,9,0.0358,1562.15,0
381,6433.9,32452,0.3347,1,0.0876,2153.27,0
386,4330.91,6136,0.5418,0,0.2659,2346.45,1
524,8019.03,33579,0.3628,8,0.0014,2908.93,0
315,6486.71,32516,0.074,5,0.0416,479.82,0
657,3334.85,12446,0.245,0,0.0162,816.89,0
462,3141.95,46099,0.3513,9,0.1361,1103.91,0
813,2663.78,25524,0.0801,8,0.1258,213.47,0
649,4936.96,14188,0.143,8,0.2069,705.9,0
763,14779.52,39587,0.2311,6,0.143,3415.56,0
674,2392.91,41837,0.3385,8,0.1045,810.02,0
391,1900.4,46537,0.449,0,0.4759,853.25,1
480,2008.61,6560,0.7911,2,0.0381,1588.99,0
600,7613.25,46621,0.3827,7,0.0015,2913.8,0
488,3223.78,44227,0.2437,2,0.1863,785.73,1
613,2516.3,37397,0.3805,7,0.0896,957.39,0
792,3240.67,12657,0.2217,2,0.1812,718.43,0
427,5646.28,39082,0.3691,3,0.0536,2083.87,0
818,4665.57,19840,0.1272,3,0.0717,593.55,0
725,6943.9,42430,0.7971,4,0.0408,5534.88,0
486,3156.45,41397,0.2791,9,0.1043,880.88,0
849,3906.13,12324,0.2552,9,0.1121,996.86,0
752,1930.2,26247,0.2622,3,0.4759,506.18,1
770,1803.46,18558,0.1593,6,0.1998,287.22,0
523,3981.49,20943,0.2556,3,0.1417,1017.6,0
453,2935.83,40460,0.1948,0,0.0491,571.83,0
650,5295.26,42986,0.4115,4,0.2404,2179.21,0
446,1675.82,45514,0.245,7,0.3154,410.53,1
648,2019.37,16372,0.389,5,0.0141,785.58,0
481,9515.58,13631,0.1847,3,0.2787,1757.72,1
478,4841.72,2472,0.3171,3,0.1358,1535.31,1
338,6479.94,27955,0.8927,0,0.0108,5784.46,1
302,8879.94,48367,0.1263,9,0.0896,1121.32,0
363,3993.25,31802,0.0654,0,0.0577,261.07,1
328,7226.18,5872,0.041,2,0.1417,296.06,1
671,4474.27,28547,0.6138,3,0.0218,2746.32,0
822,2507.97,44341,0.4247,3,0.0577,1065.22,0
396,3147.88,14691,0.3773,1,0.0513,1187.66,0
741,4196.13,45250,0.1805,8,0.1594,757.45,0
502,3024.37,5753,0.8319,7,0.0022,2515.83,1
710,3135.05,2833,0.2179,2,0.0088,683.11,0
320,3146.29,39696,0.3571,1,0.0167,1123.62,1
401,2024.26,9645,0.1849,0,0.3507,374.26,1
345,1853.76,40584,0.2584,9,0.029,479.08,0
365,1690.45,31441,0.491,8,0.0427,829.94,1
463,1970.44,41024,0.4677,4,0.0932,921.56,0
410,3184.59,44317,0.1941,7,0.0921,618.24,0
637,5104.35,16062,0.5875,3,0.0216,2998.85,0
422,2333.74,10635,0.1934,1,0.0154,451.45,1
746,10257.34,21064,0.1104,4,0.0799,1131.93,0
590,8109.01,10940,0.3287,7,0.3363,2665.68,0
711,4440.27,36169,0.2282,5,0.1519,1013.41,0
580,6652.46,14111,0.4331,7,0.3429,2881.33,1
342,3324.9,45131,0.2854,2,0.1437,948.84,1
785,1649.88,46200,0.3391,4,0.0418,559.5,0
350,10887.52,30739,0.5719,1,0.1188,6226.24,1
509,2046.92,43746,0.3044,2,0.1779,623.06,1
425,13321.23,18793,0.3956,6,0.1179,5269.44,0
791,4893.43,19146,0.0967,0,0.1328,473.0,0
808,2958.62,34677,0.4504,7,0.0888,1332.6,0
557,4236.94,1760,0.6802,4,0.0666,2881.78,0
487,4285.65,24022,0.2449,1,0.0153,1049.54,0
529,1594.25,6612,0.5329,2,0.0463,849.53,0
488,3256.87,37008,0.3869,3,0.1448,1260.19,0
714,6886.23,28265,0.2779,1,0.1576,1913.36,0
309,4353.96,1530,0.0596,9,0.004,259.28,0
413,2620.07,10551,0.4208,4,0.2039,1102.57,0
375,3132.53,29394,0.4797,6,0.0196,1502.75,0
801,9452.69,43987,0.2363,8,0.0104,2233.85,0
384,4482.39,49984,0.2994,0,0.0089,1342.07,1
348,4506.09,3560,0.5144,9,0.1326,2317.74,1
794,14525.01,19561,0.13,5,0.2934,1888.43,0
686,3047.84,6103,0.5331,5,0.0042,1624.77,0
688,4112.18,25090,0.656,0,0.0183,2697.67,0
517,8179.16,18921,0.473,1,0.0272,3869.11,0
645,7190.38,43233,0.049,7,0.0691,352.48,0
529,2735.89,3781,0.1267,5,0.0472,346.73,0
554,2155.21,18330,0.2548,0,0.2044,549.13,0
535,6325.3,6257,0.1046,9,0.1153,661.32,0
325,2691.77,35956,0.4534,9,0.2193,1220.55,1
560,11738.99,39831,0.0357,5,0.0145,418.74,0
570,2053.59,16615,0.3144,9,0.206,645.72,0
422,3032.75,1881,0.2117,6,0.0792,642.0,0
556,1725.38,2847,0.0716,1,0.1108,123.58,0
720,6360.21,40367,0.2751,3,0.1097,1749.93,0
558,10375.28,23110,0.3664,6,0.0014,3801.84,0
346,5541.03,38336,0.5291,5,0.0489,2931.87,1
824,12606.58,17314,0.5543,7,0.1605,6988.44,1
507,2050.18,31118,0.7022,5,0.108,1439.54,1
610,1867.29,40931,0.3443,1,0.1466,642.83,0
448,8790.84,44924,0.3308,0,0.214,2908.06,1
737,9238.21,23966,0.0127,4,0.0727,117.15,0
454,8612.36,45023,0.2989,9,0.0873,2573.87,0
389,7917.1,12320,0.4253,9,0.0516,3367.12,0
657,3299.1,3216,0.8855,8,0.0965,2921.25,0
473,2480.85,26564,0.1079,1,0.1313,267.77,1
516,12069.28,39469,0.4718,6,0.4585,5693.86,1
755,2966.9,25401,0.3022,8,0.4856,896.7,1
498,3532.7,12780,0.5716,3,0.0679,2019.14,0
785,6310.01,11694,0.0705,3,0.2396,444.62,0
832,2888.91,5809,0.3317,9,0.0388,958.33,0
499,8339.91,17562,0.2934,4,0.2843,2446.77,0
670,1790.43,48160,0.5347,5,0.0172,957.38,0
747,7765.18,33441,0.7094,6,0.1474,5508.85,0
