age,income,credit_limit,transaction_amount,num_transactions_30d,account_age_months,num_prev_disputes,merchant_category,country_match,time_of_day_hour,is_weekend,card_present,distance_from_home_km,is_fraud
59.0,121894.0,60831.094518204154,2074.0,77,95,4,travel,1,1,0,0,9.232621936865014,1
72.0,149302.0,26344.76122783888,2384.0,51,13,1,travel,1,16,0,0,70.80506652616347,0
49.0,39289.0,11152.588421441977,327.0,50,28,4,electronics,1,19,0,1,2.5968245732579103,0
35.0,140359.0,38232.88779588186,1512.0,19,84,0,travel,1,3,1,1,40.314109032701744,0
63.0,32927.0,7303.110250329882,2052.0,1,225,3,travel,1,12,0,1,17.47263534854264,1
,73330.0,13143.537696439536,4608.0,40,208,4,online,1,17,0,1,7.1744833956537635,1
41.0,91707.0,11580.470770766871,2032.0,32,62,1,food,1,2,1,1,73.88063261877117,1
59.0,145279.0,66079.82291477667,128.0,22,93,3,online,1,18,1,0,12.257754005673142,0
39.0,,13396.973953726354,719.0,66,87,1,electronics,1,4,0,1,12.659215259826226,1
43.0,132439.0,39567.238229851195,3567.0,40,24,2,travel,1,0,0,0,16.08447701357226,0
31.0,129646.0,60515.747512422386,4150.0,38,98,1,food,1,8,0,0,44.18715544654332,0
31.0,,20525.809550318958,4419.0,48,7,3,travel,1,23,0,1,53.89137949556337,1
44.0,75601.0,11506.5104274093,3260.0,55,166,2,travel,1,7,0,1,0.8879645253397104,0
73.0,102465.0,33420.80279237093,427.0,75,37,3,electronics,1,2,0,1,13.84499620542875,0
56.0,27539.0,7625.574177228855,2613.0,55,68,3,travel,0,1,0,1,28.19118013842492,0
60.0,127263.0,53308.48909183644,3864.0,51,226,2,retail,1,0,0,1,20.17163016440263,1
44.0,136487.0,53188.03109036485,1111.0,60,170,1,food,1,11,0,0,107.78186826018555,0
23.0,47669.0,17931.28014311156,4431.0,8,86,0,food,1,21,0,1,77.48980181745075,0
42.0,95968.0,22669.3627085339,3438.0,68,133,0,retail,1,12,0,1,49.16029916512008,0
73.0,45644.0,19261.10580413743,2271.0,75,192,0,electronics,1,9,0,1,20.62768988004703,0
22.0,43745.0,5291.242890318882,4179.0,72,178,0,travel,1,16,0,1,60.31082344736055,0
44.0,145852.0,23897.84444947378,3644.0,9,234,4,travel,1,10,0,1,92.77907646491236,1
64.0,53228.0,12468.622229627315,518.0,2,87,0,food,1,4,0,1,45.172473911046865,0
50.0,143358.0,18740.18445472401,2389.0,70,15,2,electronics,1,8,0,0,76.73077887516054,0
58.0,59521.0,11546.937757256952,3174.0,59,223,0,electronics,1,12,0,1,69.1360300108194,0
22.0,147788.0,63853.34139011853,697.0,19,123,3,electronics,1,19,1,1,42.40092563510679,0
41.0,122239.0,58589.2278911686,4762.0,28,201,0,travel,1,22,1,1,18.711639001675508,0
53.0,51928.0,11519.756452256866,1302.0,72,107,1,electronics,1,10,0,1,68.4781866933606,0
32.0,43322.0,8915.94146416178,3915.0,14,181,2,retail,1,22,1,1,11.583765067778492,1
42.0,82714.0,17531.81633516438,3085.0,24,153,2,online,1,3,0,1,75.59023675112692,0
64.0,112896.0,23830.949634224347,3219.0,44,89,4,electronics,1,20,0,1,81.62168812854375,0
45.0,87292.0,9983.766985351183,334.0,56,125,3,online,1,10,1,1,86.33929951408483,0
69.0,,23538.32692662216,2003.0,51,113,2,travel,1,8,0,1,32.01976476462596,0
47.0,67891.0,12592.372211740467,,32,213,1,electronics,1,6,0,1,10.689420358318598,0
62.0,106912.0,28652.590227276472,4822.0,50,137,0,food,1,15,0,1,5.252672588453328,0
48.0,31588.0,3281.195700808676,2780.0,41,166,2,travel,1,22,0,0,68.00429134264847,1
36.0,115536.0,51203.47975358483,4382.0,66,150,1,retail,1,22,0,1,108.6926154969185,0
35.0,31304.0,12285.659804326693,2593.0,25,107,0,retail,1,4,0,1,52.611015440393075,1
67.0,32345.0,15483.629583077374,3567.0,61,87,4,online,1,5,0,1,7.7835953379774585,1
71.0,54300.0,22406.688208145788,3597.0,66,177,2,online,1,18,0,1,136.58880884970537,1
64.0,,11274.130241041305,161.0,42,68,2,food,1,0,0,1,225.95886634747217,0
72.0,116006.0,23102.51874105981,964.0,65,221,1,food,1,15,1,1,28.403197034163075,0
23.0,113553.0,43046.41194863963,4364.0,36,15,3,retail,1,17,1,1,45.17184601929689,0
57.0,40352.0,9912.27147888947,2381.0,76,65,4,electronics,1,23,0,0,75.08043931556983,1
71.0,58365.0,19055.355757760586,4974.0,9,54,3,retail,1,12,0,1,66.66418721825245,0
27.0,44446.0,4555.847822896999,1201.0,36,158,2,retail,1,0,1,0,171.76955697388823,0
41.0,27336.0,3410.2830164549887,697.0,38,93,3,food,0,9,0,1,6.101777111138118,1
29.0,87032.0,27340.857062768588,319.0,33,20,0,online,1,6,0,1,43.46139652528949,0
59.0,100415.0,32778.333751237,1512.0,42,33,4,food,1,4,0,0,58.871642869766326,0
38.0,122852.0,49212.19885308771,3137.0,61,233,3,food,1,12,1,0,,1
24.0,123876.0,18926.534373495153,4578.0,46,236,0,food,1,21,0,1,103.6171906004404,0
45.0,32521.0,9927.79082674168,3377.0,61,100,1,retail,1,15,0,1,190.8351721045059,0
34.0,96707.0,17192.479340022124,3405.0,18,214,3,electronics,1,23,0,1,35.88003261595035,0
70.0,48481.0,6655.396429007601,823.0,70,77,4,retail,1,19,0,1,88.82212874710865,0
29.0,43474.0,11485.75766039542,855.0,15,135,0,travel,1,21,0,1,27.868066019053416,0
46.0,71760.0,11864.415146748299,1174.0,48,136,3,food,1,13,0,1,27.436229954174284,0
73.0,80718.0,15232.51908629103,4772.0,72,156,1,food,1,10,0,0,14.607827699711425,1
22.0,69629.0,15807.303136693416,1777.0,13,173,3,travel,1,18,0,1,85.2526608695067,0
40.0,70232.0,14310.146464398464,364.0,43,107,0,food,1,22,0,1,212.77888351424826,0
48.0,111544.0,15062.513471139555,1882.0,60,201,3,food,0,1,1,0,14.808683097997491,1
67.0,92169.0,12531.896148989563,2034.0,57,217,4,food,1,7,1,1,2.8884258321507232,0
27.0,75669.0,13416.09600054171,2827.0,71,120,2,travel,0,12,0,1,84.51679275348893,0
64.0,103021.0,12385.563241111866,3842.0,17,208,0,retail,1,6,0,1,48.409480549919316,0
28.0,134153.0,47031.73542428753,4285.0,50,74,0,food,1,11,0,1,160.56870237350188,0
67.0,94184.0,20243.03178706977,75.0,32,11,0,electronics,1,7,0,1,14.533608187924957,0
55.0,72945.0,15456.927847565956,4925.0,22,31,0,travel,1,15,1,1,3.6838156205249093,0
34.0,38140.0,8878.965976891346,4276.0,55,12,3,online,1,17,0,1,33.907240142304005,0
37.0,108457.0,39599.65820478552,4100.0,57,124,4,travel,0,18,0,1,4.467032908370986,1
56.0,39357.0,17641.915069418297,2531.0,13,223,1,retail,1,3,1,1,15.176347175368853,1
70.0,136672.0,55165.57169849768,2591.0,47,78,4,travel,1,11,1,1,6.732478638845292,1
60.0,93673.0,36627.238233150136,1400.0,62,179,0,online,1,15,0,0,12.68865539605048,0
24.0,146673.0,43086.14334625334,1140.0,54,172,3,electronics,1,20,0,1,5.610566047554221,0
22.0,90633.0,34215.97161785097,2496.0,29,96,3,online,1,21,0,1,153.85362384344552,1
26.0,101943.0,32734.40163377903,844.0,22,50,0,travel,1,16,1,1,16.325491273715432,0
74.0,121111.0,22587.227087679483,236.0,65,117,3,online,1,3,1,1,29.340140191939927,1
62.0,103258.0,18941.167070482166,3525.0,29,17,0,travel,0,19,0,1,114.43993203511474,0
24.0,37924.0,8288.5481874953,4547.0,48,163,4,electronics,1,23,0,1,56.5549540045162,1
74.0,94286.0,43778.976254023924,2453.0,5,129,2,electronics,1,23,0,0,48.12163959215876,0
49.0,118269.0,37723.782302747924,737.0,35,157,3,retail,1,21,0,1,61.13454336008179,0
38.0,,19678.10754003739,3696.0,74,179,0,electronics,1,23,0,1,88.25264150913684,0
,82326.0,19644.91858426284,3632.0,71,64,0,food,1,8,0,0,105.05134914575764,0
64.0,115023.0,30260.976435690485,1046.0,46,132,3,online,1,4,0,1,51.4505340180546,0
54.0,145101.0,21797.976410337524,1842.0,35,87,1,online,1,16,1,1,110.36705244794926,0
30.0,55651.0,9378.194279093512,2750.0,45,156,0,travel,1,16,0,1,38.32865683587044,0
56.0,95202.0,41026.59949302349,502.0,13,16,3,electronics,1,1,0,1,16.23742142958654,0
34.0,73777.0,24636.75589204426,1558.0,10,63,0,retail,1,1,0,0,106.0451490650121,0
51.0,41994.0,9869.135348930036,1153.0,66,76,1,retail,1,20,1,1,38.98678624740352,0
68.0,92263.0,38855.68443822243,3967.0,70,181,2,retail,1,22,0,0,118.29626332437759,0
35.0,84634.0,16808.98627750602,3417.0,72,85,1,food,1,6,1,1,2.049840799958076,0
28.0,125158.0,61379.12019656172,649.0,25,109,4,electronics,1,3,0,1,25.334687879799162,0
34.0,35800.0,8517.78814292515,182.0,44,17,3,retail,1,12,1,1,147.63844629635287,0
43.0,62823.0,14758.65442905703,4364.0,60,168,1,food,1,19,1,1,14.360781913009687,0
60.0,133575.0,30022.953112826162,3969.0,47,141,2,online,1,10,0,1,141.96741535856822,0
41.0,88878.0,13229.010924927547,526.0,40,180,0,travel,1,2,1,1,153.84978585781414,0
36.0,43708.0,6313.83297423504,532.0,7,58,3,electronics,1,1,0,0,106.91387175724635,1
65.0,37819.0,13586.173720418406,1927.0,46,224,1,electronics,1,15,0,1,41.46759804295424,0
38.0,99905.0,44961.967296628674,2896.0,23,165,2,online,1,2,0,1,52.05578522046827,1
67.0,88870.0,36988.42309913745,2174.0,46,79,1,electronics,1,23,0,1,101.86394970986734,0
73.0,34283.0,5363.336658333592,1939.0,13,204,4,electronics,1,14,1,1,74.78249395119401,0
44.0,55573.0,17685.1541017402,3955.0,21,61,3,electronics,1,16,1,1,49.72529763472704,1
46.0,103707.0,14750.932983439763,2219.0,1,113,0,electronics,1,15,0,1,201.59499622280444,1
45.0,55933.0,6606.686120484104,3793.0,19,121,2,food,1,19,0,1,57.86665011910045,0
65.0,30774.0,11157.247374682733,2600.0,60,207,1,food,0,6,0,0,185.41737146405205,1
61.0,97055.0,30481.183898138563,4944.0,33,34,3,travel,1,15,0,1,2.9550518665493692,1
49.0,35983.0,4778.8833059857425,4086.0,4,70,1,electronics,1,4,0,1,7.480737430054381,1
35.0,121468.0,13844.400152977041,1103.0,3,17,3,online,1,1,1,1,30.024648600016018,0
65.0,121334.0,60169.841865843286,3890.0,52,20,4,retail,1,0,0,1,24.296851590936935,1
21.0,43133.0,4831.2640478343665,2504.0,28,201,1,travel,1,21,0,1,76.33183710796554,0
45.0,39939.0,11095.505559428131,2589.0,70,59,4,retail,1,12,1,1,8.754231916784045,1
27.0,25781.0,7781.9332293644,2498.0,70,69,2,retail,1,15,0,1,186.6837564784593,0
29.0,139586.0,20506.86668434917,2795.0,55,215,4,electronics,1,4,0,0,18.92163068042419,1
44.0,81700.0,13694.93891940993,2768.0,57,161,3,online,1,2,0,1,28.011623329395075,0
21.0,52624.0,12667.754662935356,1584.0,16,102,2,retail,1,14,0,1,16.061600327954682,0
64.0,31823.0,12877.824563498954,2383.0,24,120,1,retail,1,15,1,1,43.29932588078395,0
28.0,43489.0,13169.903015982774,4000.0,69,206,1,travel,1,10,0,0,3.020881871908737,0
44.0,143555.0,50985.101440580154,4855.0,41,145,3,online,1,18,0,1,8.10697981212478,1
31.0,,24703.491101813495,1103.0,77,57,0,online,1,17,0,0,68.48124428614216,0
71.0,144664.0,58907.495317660076,1199.0,47,83,0,retail,0,20,0,0,10.320503473866617,1
37.0,54118.0,14814.510222562569,2699.0,76,225,1,online,1,8,1,1,13.427607853525789,0
28.0,125417.0,34938.262602383096,4105.0,69,129,3,travel,1,7,1,0,78.74753358222468,0
55.0,106816.0,37119.5032724848,1885.0,31,13,0,travel,1,21,1,1,4.897247197096345,0
55.0,47263.0,17305.16233820107,3416.0,30,238,4,travel,1,18,0,1,28.76588043450527,1
53.0,38565.0,11580.466741956492,1797.0,18,155,1,electronics,1,21,0,1,1.1666754131686048,0
25.0,45354.0,16234.21435982024,3942.0,44,198,4,retail,1,4,0,1,21.294162287418505,0
62.0,67951.0,7434.722611172971,1617.0,27,187,3,online,1,16,0,1,60.02916153977833,0
59.0,116179.0,31583.16188186858,3758.0,26,6,4,travel,1,4,0,1,4.721209005347559,1
61.0,48648.0,10292.711809929,58.0,60,97,0,retail,1,13,0,1,109.61243094928193,0
48.0,75729.0,11485.800625526203,3871.0,18,94,0,retail,1,6,1,0,120.11974265457337,1
27.0,66971.0,9363.791803726594,2190.0,56,110,2,electronics,1,8,0,1,5.546040335748883,0
29.0,43658.0,14899.465426562061,3056.0,31,227,1,online,1,16,0,1,234.06173788284784,1
28.0,46253.0,14312.5384429799,2843.0,59,151,3,online,1,2,0,0,17.657597377476623,1
32.0,89166.0,17961.032550439304,1407.0,2,138,1,travel,1,7,0,1,4.392495757676607,0
54.0,73563.0,21214.099669392996,3836.0,39,51,4,travel,1,21,0,1,0.25399979272793816,0
53.0,,14844.646303648167,4584.0,61,147,3,retail,0,12,0,1,26.256615214110248,1
68.0,113664.0,20232.600301029932,841.0,63,51,3,online,1,15,0,1,49.68694265105061,0
43.0,76578.0,27632.192997109214,2707.0,18,220,0,online,1,20,0,1,20.186773981661748,0
44.0,104025.0,42896.55441922523,4787.0,17,87,4,travel,1,9,1,1,90.61363127974657,0
57.0,128850.0,53677.03089744581,2745.0,39,68,0,food,1,17,0,1,63.04590479067688,0
55.0,57658.0,19660.682199479925,91.0,71,84,0,retail,1,2,0,1,21.551572884820512,0
64.0,31852.0,9703.884852158255,,54,211,2,online,1,11,0,1,66.2711904272002,0
60.0,119986.0,14926.601224258126,2073.0,76,42,0,electronics,1,15,0,1,141.0786443154687,0
42.0,27551.0,5927.116045864238,831.0,35,219,1,electronics,1,17,1,1,4.885933815108926,0
47.0,96947.0,13311.654780321296,172.0,11,57,3,food,1,16,0,1,18.271656409712758,0
55.0,86001.0,41756.002263483846,3749.0,61,226,0,travel,1,6,0,0,31.11821658616129,0
21.0,74159.0,11422.863425582476,2407.0,44,196,1,travel,1,18,1,0,34.456774682831174,0
55.0,147775.0,23748.944476298642,1942.0,68,166,4,travel,1,22,0,0,39.06566791861702,1
57.0,76707.0,34965.40146491083,2738.0,25,62,3,electronics,1,22,0,1,17.878546299014328,1
67.0,58243.0,27815.186005807733,3545.0,48,7,4,travel,1,7,0,0,55.01964054021642,1
34.0,46800.0,19016.31961447751,3456.0,32,112,1,,1,16,0,1,51.793777797724296,0
23.0,100939.0,10312.127036238251,2800.0,4,199,4,food,1,20,1,1,43.11635417263815,0
21.0,82828.0,8327.403572316103,2717.0,38,178,4,retail,1,6,0,1,6.038471370662717,0
25.0,32239.0,8099.736286871051,3943.0,63,180,4,online,1,0,0,0,32.40562115518637,1
46.0,31710.0,4989.826873218161,3395.0,47,26,0,food,1,7,0,1,22.020446235978028,0
34.0,46384.0,4979.529127023876,932.0,1,154,0,electronics,1,18,0,1,33.76914222688097,0
59.0,46038.0,13149.680898721836,2185.0,3,19,0,food,1,19,0,1,127.4667775763165,0
47.0,65846.0,31423.341478663777,1592.0,62,9,3,online,1,19,0,1,32.74744017902096,0
29.0,112983.0,25932.742812480563,574.0,64,61,1,retail,1,9,0,1,0.7039721838130875,0
35.0,92821.0,33829.19556497202,3268.0,17,20,0,online,1,11,0,1,28.887169816975604,0
35.0,62991.0,22733.082851666233,2607.0,78,106,4,electronics,1,23,1,1,85.92029637874427,1
46.0,104057.0,20856.356938834546,2510.0,62,237,4,online,1,0,0,1,75.72023473495877,1
62.0,138193.0,49772.98656428651,4576.0,35,50,4,food,1,23,0,1,36.014622459320485,1
,31971.0,5912.511796770481,997.0,13,208,4,travel,1,20,0,1,14.368706850725921,0
71.0,54139.0,8056.0437454556795,3646.0,35,81,2,food,1,3,1,1,31.282713544698197,0
52.0,110445.0,42030.21078945599,233.0,43,150,3,electronics,1,3,1,1,41.471514288702075,1
59.0,,7268.816342078335,360.0,2,141,1,retail,1,8,1,1,447.9550706014134,0
69.0,105257.0,52498.36944842392,1938.0,56,140,1,online,1,14,0,1,51.66624632916472,0
72.0,109742.0,19027.173362811383,358.0,77,10,0,retail,1,23,1,1,59.25181682779916,0
52.0,62711.0,21174.792142128084,4287.0,51,65,2,electronics,1,14,0,0,33.809994387615134,1
24.0,31530.0,8341.256094655577,4742.0,54,224,1,online,1,6,0,1,21.885694051898547,0
50.0,36116.0,5437.428812641229,1027.0,16,158,3,food,1,11,0,1,83.81976346914314,0
57.0,90794.0,10090.62389783347,2236.0,18,8,4,food,1,2,1,1,34.15314237380219,0
43.0,25282.0,8825.767024370964,4877.0,7,149,0,electronics,1,19,1,1,261.90939597281374,1
59.0,104473.0,44161.053184696546,4134.0,45,22,3,online,1,8,1,0,30.543401788221164,1
65.0,26898.0,11749.214905283361,2429.0,36,18,1,food,1,13,1,1,3.521138431974318,0
35.0,29135.0,8539.042815238594,1903.0,41,194,2,electronics,1,12,0,1,57.37617960041778,0
63.0,31629.0,12998.955588604671,3050.0,42,176,0,electronics,1,23,0,0,2.3882107054162525,0
49.0,134472.0,49638.839893788645,2078.0,7,172,1,retail,1,11,0,1,14.41755460208794,0
56.0,110120.0,42913.96342728182,1135.0,15,9,0,food,1,0,1,1,21.82753379040583,0
33.0,144798.0,43010.7403032433,3127.0,60,195,1,online,1,18,0,1,67.25447043616313,0
52.0,114087.0,40314.31808360142,4171.0,40,54,4,food,1,15,1,1,34.08424880745789,0
27.0,90031.0,38012.021410066394,4052.0,37,26,2,food,1,11,0,0,1.4532116905119783,0
71.0,58380.0,15129.391267607602,4443.0,66,213,4,food,1,9,0,1,47.966416670215075,0
42.0,137507.0,58081.79628863954,2180.0,55,94,1,electronics,1,1,0,0,26.50350052663695,0
48.0,42071.0,14169.796237191465,456.0,77,220,3,travel,1,17,0,0,127.44635163806541,0
22.0,45074.0,7498.529108995528,,56,100,4,travel,1,12,1,1,34.61360928800211,0
62.0,115724.0,12715.019764263134,3372.0,44,26,3,retail,1,23,0,1,61.71733031573163,0
65.0,92843.0,22755.953008743392,2728.0,57,34,1,food,1,5,0,1,12.350587980821546,0
73.0,64901.0,20682.555361104303,3493.0,6,8,2,travel,1,11,0,1,71.55905622565709,0
26.0,36205.0,15782.778340610921,2954.0,32,138,3,retail,1,21,0,1,63.81916662549685,1
48.0,80661.0,12179.34897831696,4386.0,74,48,1,electronics,1,3,0,1,117.21292902851337,0
48.0,149661.0,62869.97288026885,605.0,18,183,3,food,1,0,0,1,1.7203412955639603,0
64.0,30906.0,13759.463031101488,1996.0,68,107,4,online,1,10,1,0,29.665155412352323,0
64.0,27591.0,4422.147381536002,2760.0,73,54,1,,1,22,0,1,56.83991968802905,0
40.0,87987.0,38770.39174904813,1084.0,7,206,4,retail,1,7,0,1,5.000072837236194,0
50.0,88370.0,43882.90071610702,3979.0,8,168,0,electronics,1,1,0,0,26.432855459626587,1
31.0,105685.0,41294.88474373319,4315.0,64,119,1,online,0,1,0,1,142.49215536904555,1
48.0,135454.0,56065.47699276877,4231.0,7,143,3,electronics,1,15,0,1,28.62924416634085,0
45.0,130487.0,64952.00600718189,4597.0,41,81,0,retail,1,0,0,1,211.35307198059112,1
59.0,79400.0,27170.084516704028,3590.0,40,146,4,online,1,3,0,1,2.9259171987560038,1
53.0,50150.0,11191.200823245963,3017.0,3,96,4,online,1,5,0,1,63.26223797248485,0
21.0,56852.0,24731.321191556766,979.0,17,102,3,electronics,1,20,0,1,43.496155490333486,0
47.0,67870.0,23469.059887885767,590.0,66,151,0,online,1,19,1,1,34.71135588732505,0
72.0,144796.0,48141.509029239845,2834.0,79,62,2,,1,13,1,0,176.76056136386504,0
33.0,77756.0,15664.274501819824,4011.0,52,46,3,food,1,19,0,1,6.943015476651883,1
61.0,140357.0,56498.42363033809,1221.0,22,87,4,online,1,14,0,1,113.16771499501748,0
23.0,144052.0,19110.933768879437,239.0,4,99,1,electronics,0,6,0,1,58.759616723739704,1
59.0,81481.0,38272.833926167914,4294.0,6,39,0,food,1,6,0,1,14.987467725465587,0
26.0,26283.0,6053.7472077722605,3195.0,38,143,2,online,1,17,1,1,115.97087107240662,0
28.0,58691.0,8868.788858758933,511.0,26,53,1,food,1,22,1,0,28.04413481909495,0
47.0,26125.0,7235.230270920277,2142.0,11,216,0,online,1,1,0,1,84.16157733491522,0
29.0,92065.0,10770.49687828109,58.0,17,192,3,retail,1,19,0,1,24.619539469639705,0
57.0,51170.0,19129.92894421533,3576.0,31,191,3,retail,1,14,0,1,95.1672417675375,0
53.0,33438.0,15417.66674330873,3065.0,77,220,0,electronics,1,0,0,1,,1
71.0,45095.0,19612.050122764424,698.0,35,80,2,travel,0,20,1,1,7.6020323347369345,1
,41154.0,6212.105324109639,396.0,16,16,0,retail,1,16,0,1,52.44300986060237,0
64.0,33004.0,4967.381043641433,979.0,79,104,1,travel,1,19,0,1,10.619130592142064,0
44.0,34752.0,14782.590051893132,3470.0,18,231,1,food,1,12,0,1,26.5448377263038,0
35.0,80426.0,37776.22971569208,1015.0,62,70,3,food,1,11,0,1,9.334288361206793,0
74.0,133896.0,38062.33901415395,3062.0,27,194,0,travel,1,23,0,1,1.1131043635162177,0
52.0,51819.0,15524.373722941775,3427.0,35,141,3,electronics,1,21,0,1,11.905660700978684,1
52.0,127168.0,28905.898911575998,2312.0,45,108,2,online,1,14,0,0,38.433641180854636,0
44.0,117051.0,53574.95054281261,2293.0,35,47,1,travel,1,23,1,1,32.84664215695586,0
61.0,49217.0,17617.774515909554,1617.0,28,9,4,travel,0,4,1,1,34.80729315950618,1
72.0,113708.0,24481.404134618853,4376.0,9,191,4,travel,1,6,0,1,14.23013283260402,1
69.0,57994.0,12730.44552956811,132.0,76,34,0,travel,1,7,1,1,,0
69.0,40036.0,18275.634450069752,1290.0,15,209,0,travel,1,22,0,1,60.914285149177076,0
72.0,102275.0,10785.267917987156,3737.0,21,219,4,electronics,1,13,0,1,22.155843029863075,0
32.0,122756.0,28122.249264652488,268.0,52,157,0,retail,1,3,1,1,106.50310616122852,0
59.0,74416.0,23942.802715758928,957.0,35,165,1,online,1,20,0,1,51.64448827625537,0
22.0,34587.0,5509.258944651737,4968.0,51,171,2,retail,1,13,1,0,62.42049600890266,0
23.0,,6841.975083991797,534.0,55,86,2,travel,0,9,0,1,16.24081583356715,0
69.0,120665.0,51416.62739641697,897.0,77,115,3,retail,1,21,0,1,0.03059111403371145,0
57.0,25645.0,11739.300218756387,217.0,44,64,1,electronics,1,15,0,1,100.26333451176987,0
69.0,55930.0,24018.7228460971,3392.0,65,152,0,food,1,10,1,0,86.41793792063186,0
37.0,106835.0,49092.30168003582,2804.0,25,199,0,retail,1,21,1,1,6.5733555527607095,0
,147232.0,47297.51268914646,158.0,47,34,3,online,1,13,0,1,23.428643460064915,0
22.0,55090.0,23407.919954143177,447.0,56,176,3,,1,13,0,0,54.1378291273565,1
22.0,112489.0,28529.1289399906,2212.0,38,12,0,food,1,1,0,1,52.793570259169364,0
48.0,77142.0,28273.094148086395,3759.0,11,151,0,electronics,1,21,1,1,98.43091920386115,0
74.0,136979.0,67877.78090166254,3171.0,67,207,1,travel,1,12,0,1,7.556737710720254,1
43.0,51475.0,9795.233833847635,3911.0,15,97,3,food,0,2,1,0,28.100660904992314,1
57.0,43888.0,11233.568026089179,4463.0,1,121,1,online,0,17,0,0,5.114064064401553,1
52.0,68732.0,20071.046534910725,3255.0,7,141,0,food,0,21,0,0,24.68165073509006,1
53.0,106623.0,16548.550109015592,4561.0,1,87,4,online,1,3,0,1,0.7611362787415168,1
21.0,71305.0,9441.883247684349,2833.0,49,102,4,travel,0,20,1,0,114.27315822425874,1
39.0,71037.0,30680.10930195569,4734.0,73,96,0,online,0,20,0,1,37.437645568381726,1
22.0,34346.0,16854.19181165451,3280.0,29,173,3,electronics,0,18,1,1,94.79012958559068,1
73.0,25587.0,6700.980083283791,495.0,26,114,4,retail,1,15,0,1,3.0887013472785485,0
,37763.0,5100.268305687478,209.0,45,227,3,electronics,1,3,0,1,12.903452287769351,0
46.0,84165.0,10632.118735408949,4476.0,71,193,4,electronics,1,18,1,1,15.013379964191195,0
52.0,132481.0,60481.19091872749,1992.0,12,47,3,food,1,22,1,1,24.44435991279484,0
26.0,94615.0,27015.01409519378,1481.0,32,58,4,travel,1,14,1,0,81.19367337457093,0
52.0,61116.0,13935.115791610859,4353.0,20,237,3,retail,1,0,0,1,24.433467649576983,1
24.0,145987.0,42421.560641770484,4893.0,51,133,1,online,0,15,0,1,11.448872375027188,0
31.0,110751.0,25176.098716508863,2321.0,36,121,3,food,1,14,0,0,3.3599166498861863,0
37.0,116353.0,34395.61182574701,3383.0,67,205,1,travel,1,15,0,1,4.141465701961492,0
58.0,115301.0,51173.18484841402,2088.0,1,118,1,retail,0,21,1,1,71.36565332452646,1
44.0,120648.0,40648.79032635989,1531.0,27,5,0,electronics,0,19,0,1,29.42161285589371,0
25.0,50556.0,19103.16645527649,614.0,40,188,1,travel,1,0,0,1,64.76442101836656,0
72.0,84042.0,20663.261188834447,3858.0,14,96,2,travel,1,16,0,1,57.33036013442139,1
54.0,43099.0,17041.44594316994,3352.0,69,21,1,travel,1,4,0,1,7.272244540248403,0
26.0,134089.0,49163.30731775606,,79,152,3,electronics,1,4,0,0,7.709330184841226,1
42.0,70096.0,10361.92711777126,4607.0,6,128,1,online,1,6,0,1,70.39470125454847,0
31.0,96986.0,31913.935900907236,3885.0,33,124,3,food,1,12,0,1,63.87527926074297,1
,38230.0,7749.121545568821,2943.0,55,146,3,online,1,11,0,1,23.743232594725725,0
36.0,54009.0,22772.26120849629,558.0,19,21,2,retail,1,3,1,1,4.029181961393831,0
53.0,95969.0,25947.626377545486,848.0,77,54,1,food,0,3,0,1,0.608589920076328,1
29.0,58866.0,29307.831227382565,3825.0,29,138,1,retail,1,22,0,0,16.994891325336454,0
26.0,130400.0,17864.822842896352,857.0,61,152,4,electronics,1,20,1,1,0.4632531013295883,0
36.0,109246.0,45024.553045164546,4719.0,70,104,4,online,1,20,1,1,13.07295408519312,0
49.0,101975.0,37677.79371118457,4517.0,79,111,0,travel,1,5,1,0,27.1933376486101,0
23.0,66855.0,27209.953727656644,4783.0,24,213,3,food,0,23,1,1,6.472174563771111,1
40.0,106557.0,23763.480967230622,4264.0,23,217,2,travel,1,14,0,1,5.506245582311974,1
56.0,31416.0,9324.953535375,4478.0,10,116,4,retail,1,20,0,1,113.37896815476792,0
39.0,97516.0,40820.52992375086,2282.0,54,188,1,travel,1,18,0,1,44.030500034137056,0
46.0,80915.0,15617.932739240594,3330.0,41,57,0,travel,1,5,0,0,136.25144135583886,1
23.0,43058.0,8198.814954930313,2568.0,49,128,2,electronics,1,11,1,1,21.21910791178358,0
39.0,101637.0,32566.56629601482,4708.0,17,151,1,electronics,1,13,0,1,56.527588942340266,0
40.0,65718.0,20334.820527817225,4321.0,56,150,1,online,1,17,0,1,11.451270442513174,0
52.0,57602.0,12263.753128290304,2006.0,45,196,3,retail,1,11,1,0,48.161297518969576,1
27.0,99658.0,21848.049272001117,3683.0,30,162,3,electronics,1,23,0,0,6.9393004132646485,1
72.0,103112.0,21770.868187422155,1574.0,44,120,4,electronics,1,23,1,1,0.10414033565366114,0
61.0,83067.0,33941.57698161135,4028.0,74,70,4,online,1,14,0,1,134.06929478338608,0
53.0,52516.0,18945.690342351278,1850.0,55,156,1,food,1,18,0,1,40.472183403547476,0
60.0,112969.0,48911.83471706914,3301.0,19,95,1,online,1,7,1,1,130.82416647029683,0
59.0,26089.0,12788.546334273808,2897.0,29,99,4,travel,1,8,0,0,20.310633650915154,1
38.0,62346.0,18059.498886149308,736.0,2,167,4,travel,1,4,1,0,19.8589319829877,1
60.0,99663.0,12625.064921004501,1254.0,36,42,1,electronics,1,4,0,0,25.595894484650504,0
21.0,35487.0,4231.360727836761,3470.0,19,151,2,electronics,1,5,0,1,61.21574612894839,0
31.0,25155.0,5490.481625151032,3728.0,7,70,1,online,0,22,1,0,41.71349535050644,0
48.0,148950.0,70456.00663361902,1075.0,26,208,2,online,1,2,0,0,129.75052459539845,0
,92494.0,28607.027322590442,4781.0,79,2,2,retail,1,4,0,1,1.288505827503495,0
70.0,101229.0,21127.97089451016,292.0,38,152,1,travel,0,0,0,1,61.58363612013679,1
43.0,129648.0,33665.27062990587,1091.0,3,145,0,online,1,10,1,1,20.048338742338384,0
51.0,63547.0,21570.269316097845,3895.0,66,109,4,,1,20,0,1,9.936796028466652,1
50.0,53795.0,19429.670743810093,2891.0,71,65,3,,1,19,1,0,35.707880344641005,1
,80296.0,12973.248383011258,2594.0,43,70,1,online,1,0,0,1,35.166319082274946,0
55.0,46447.0,22796.776112197516,2980.0,62,69,2,electronics,1,6,0,1,7.367668372855469,0
27.0,61598.0,19582.551855074333,1162.0,71,121,1,online,1,14,1,0,11.275821727113334,0
36.0,66814.0,10307.75170598934,3507.0,24,109,4,electronics,1,16,0,1,26.226341648030527,0
46.0,115751.0,52950.769684027335,957.0,39,60,2,electronics,1,7,0,0,26.28101066551854,0
68.0,100330.0,13028.389516079638,4770.0,68,178,3,travel,0,1,1,1,19.103897090376286,1
72.0,146347.0,67772.44297569178,1727.0,44,93,3,travel,1,12,1,1,8.040440306689717,0
69.0,123745.0,61702.50685499205,76.0,5,12,3,online,1,11,0,1,0.21916358076782635,0
22.0,112960.0,42944.31041308747,646.0,55,103,0,online,1,4,0,1,175.72120848711748,0
21.0,88278.0,36033.21591278787,323.0,30,175,2,food,1,12,1,1,143.67505036819318,0
68.0,80077.0,18811.779694322762,3407.0,29,195,2,retail,1,5,1,0,33.048559160218325,0
32.0,137782.0,65671.13676935475,574.0,26,112,0,retail,0,14,1,1,265.4360981057477,1
25.0,147046.0,45861.527944148416,1611.0,26,65,2,online,1,22,0,1,55.98990621748754,0
57.0,127932.0,50271.56750004736,835.0,37,155,0,travel,1,21,1,1,3.56714962909273,0
52.0,,23482.15431822559,3680.0,53,48,1,food,1,20,0,1,6.262188591570214,0
29.0,34528.0,16921.20568419294,1035.0,30,88,4,retail,1,21,0,0,123.9129460707229,0
61.0,118812.0,51479.07040638564,2261.0,3,62,3,online,1,10,0,1,,0
55.0,75100.0,16612.645909740182,4767.0,43,44,0,travel,1,3,0,1,92.63398773446457,0
39.0,134869.0,65629.81880394513,814.0,7,147,0,travel,1,0,0,1,114.271479505171,0
68.0,33179.0,11654.051170852188,2461.0,49,187,0,travel,0,14,0,1,29.70510930989782,1
36.0,73781.0,34843.59301908958,4641.0,73,136,1,electronics,1,11,0,1,2.4871433501109426,0
23.0,80267.0,29734.268842816233,1401.0,41,55,0,travel,1,8,0,1,10.430012784909088,0
,107379.0,23934.30499369855,,77,108,4,online,1,10,0,1,3.444569580155189,0
44.0,48952.0,12140.576202335651,4042.0,79,47,4,food,1,4,0,0,10.458324709181497,1
74.0,78798.0,25230.230036863,3290.0,54,2,3,online,1,23,0,0,26.426820772581866,1
53.0,123696.0,51458.270336636466,4733.0,69,222,1,travel,1,6,0,0,6.289319452424722,0
44.0,135434.0,30769.65954329077,4854.0,27,222,4,food,1,7,0,0,9.120072867616557,1
72.0,75939.0,25203.58201002577,3559.0,8,113,2,retail,1,0,0,0,29.51344754777732,1
31.0,54516.0,12988.436859924443,4210.0,32,167,2,retail,1,0,1,1,20.78872466260859,1
69.0,81526.0,34755.1665929127,4151.0,64,173,2,online,1,2,1,1,31.523468616399956,1
28.0,35449.0,10162.91767839203,1364.0,10,160,0,food,1,7,1,1,28.033369462633793,0
56.0,75290.0,9839.584653501492,1846.0,13,193,0,online,1,10,0,0,51.70841100297302,0
58.0,111661.0,18582.736240459933,2902.0,63,166,2,food,1,0,0,1,138.38169000899134,0
60.0,97954.0,12189.578644805386,2506.0,35,205,3,food,1,13,0,1,5.706853551012912,0
40.0,47746.0,14310.48738415999,2593.0,61,11,3,online,1,0,1,1,5.2269398518973675,1
55.0,92990.0,13254.322112164658,2568.0,54,138,0,food,1,5,0,1,95.80022945561744,0
68.0,83810.0,12207.428331136107,3628.0,8,112,2,travel,1,20,0,1,35.30115651317226,0
45.0,143362.0,68300.42426224872,1569.0,29,187,3,food,1,5,0,1,72.7083266630597,0
55.0,108297.0,48632.07054058012,1517.0,41,90,0,food,1,2,0,1,12.130458125299041,0
45.0,40223.0,11296.01167341743,4081.0,30,55,2,online,1,9,1,1,88.26441897794972,1
49.0,97237.0,48066.40079340459,2073.0,21,148,1,retail,0,11,1,1,128.75029348009178,1
38.0,27597.0,2761.759047170316,3652.0,76,209,2,electronics,0,9,1,1,50.4591066019366,1
66.0,90677.0,31337.22606260101,2010.0,11,17,2,food,1,21,0,1,5.5957095113839666,0
38.0,27659.0,9585.814783171423,1304.0,2,68,4,electronics,1,1,1,1,112.83033159146343,0
22.0,111516.0,31556.487927354585,4075.0,50,133,4,food,0,23,0,1,78.62823979279587,1
74.0,99567.0,25765.867528459494,2762.0,41,188,1,online,1,21,1,1,69.4905822788487,0
55.0,40037.0,11296.569838094834,1763.0,66,151,1,online,1,12,0,1,1.870982624966547,0
36.0,71738.0,19081.172705393645,4220.0,3,174,2,food,1,15,0,0,80.21319733967567,0
61.0,128965.0,50579.6849434019,1613.0,51,52,3,online,1,12,0,1,7.422158876502283,0
56.0,96678.0,14902.157096938863,1332.0,68,138,1,online,1,3,0,1,12.57626242346742,0
53.0,37109.0,6644.5775347665,2451.0,25,174,2,food,1,3,1,0,43.03509546531653,1
24.0,47010.0,8095.464766691133,1108.0,30,156,0,retail,1,10,1,1,15.392931040734553,0
53.0,33787.0,6925.937463796867,1515.0,11,97,4,food,1,22,0,1,54.13914283757604,0
34.0,133400.0,41367.78922618529,1136.0,17,171,3,retail,1,13,0,1,46.83365844300745,1
41.0,33472.0,4836.151676361943,306.0,26,154,2,,1,2,0,0,5.722843562217646,0
68.0,140111.0,62667.127254996725,3059.0,23,183,0,retail,1,18,1,1,53.35780025201762,1
40.0,48383.0,10593.197187719126,2235.0,56,48,4,online,1,21,0,1,128.82144114232773,0
28.0,86709.0,14308.302542169675,4364.0,52,29,0,retail,1,0,0,1,8.783778827474892,0
27.0,94785.0,35094.00633210779,3797.0,48,27,2,retail,1,4,0,1,45.44863135001469,1
23.0,138253.0,15931.518126703077,2106.0,20,146,1,food,1,16,0,1,20.917288333251012,0
37.0,59518.0,20711.5156176722,3619.0,2,104,4,retail,0,0,1,1,30.773363576304625,1
53.0,78909.0,29928.55598650077,,31,60,0,online,1,18,0,1,16.913705486526165,0
68.0,43351.0,8061.838620858266,185.0,27,202,1,food,1,18,0,1,21.85790095489492,0
32.0,94624.0,11050.72339421218,2512.0,2,106,3,retail,1,3,1,1,1.4669002291847697,1
71.0,78330.0,19226.736385664193,4009.0,78,69,2,food,1,18,0,1,199.6392554493823,0
42.0,147477.0,20563.852517356027,1677.0,4,202,2,electronics,1,5,0,1,49.01479270774276,0
42.0,40282.0,5904.984296216546,4381.0,13,114,4,,1,14,0,1,34.727967910067775,0
66.0,109866.0,22160.465781568597,2555.0,35,21,0,electronics,1,3,0,1,24.202316360730762,0
50.0,132945.0,29006.89329580181,685.0,72,152,3,electronics,1,23,0,1,38.75850291310606,0
58.0,46778.0,14594.181044920006,1833.0,66,102,4,food,1,0,1,1,23.91033906149738,0
58.0,49264.0,18294.51913896818,1366.0,6,131,4,online,1,23,1,1,22.307162484230744,0
65.0,84675.0,28544.651767273157,3082.0,31,232,0,online,1,16,1,1,31.176069364566978,1
,30075.0,4792.274857592887,3269.0,10,95,3,online,1,10,1,1,16.14702263575912,0
74.0,100948.0,17043.496321611092,556.0,21,190,0,travel,1,16,0,1,9.925589709676292,0
28.0,73454.0,33165.04658971549,2093.0,74,105,2,electronics,1,22,0,0,40.664814202707525,0
47.0,53365.0,17255.08851735857,2050.0,23,229,1,food,1,0,0,1,92.50082756689366,0
47.0,,22398.75665795378,4544.0,3,125,2,online,1,8,1,1,8.292587253780058,0
54.0,73200.0,18198.881851445924,1762.0,32,2,2,online,0,13,0,1,1.6641047963604085,0
41.0,36002.0,12448.051627017008,1625.0,20,66,4,food,1,14,0,0,14.172003799655084,0
50.0,38947.0,12052.74762603157,1859.0,74,231,2,electronics,1,23,0,0,194.9075914627086,0
53.0,104222.0,23726.0753424273,2652.0,29,113,3,food,1,0,0,1,88.23389744488573,1
48.0,119840.0,34509.86327380243,1610.0,52,170,2,travel,1,1,0,1,45.300445264998736,0
67.0,141219.0,42506.403653849,3406.0,46,236,3,travel,1,17,1,1,132.4293705161916,0
53.0,103610.0,18681.752277815787,4412.0,34,162,0,food,1,17,0,1,29.464510247961595,0
25.0,,11300.207447534633,3615.0,61,42,4,electronics,1,5,1,1,204.55928555800256,1
68.0,81307.0,33869.56103378826,3809.0,72,20,3,online,1,19,0,0,17.57030281256467,1
39.0,29493.0,13753.037018488229,628.0,71,97,2,travel,1,7,1,1,13.741961432078737,0
24.0,149023.0,36349.338080960464,1142.0,70,68,4,travel,1,0,1,1,50.81221141808676,0
55.0,75085.0,16728.10552386565,2125.0,11,173,4,electronics,1,14,1,1,23.75313768914789,0
69.0,59228.0,10547.255065305384,2349.0,63,236,3,travel,1,9,0,1,49.223867224149934,1
37.0,104676.0,38876.2966278673,2749.0,21,75,3,travel,1,3,0,1,18.191849247639606,1
64.0,76875.0,17622.815826239872,4286.0,3,125,1,electronics,1,9,0,1,48.106035296624206,0
48.0,56655.0,28049.880055065812,1497.0,10,170,1,food,1,10,0,1,16.130673959553434,0
50.0,68472.0,15767.315906769201,1567.0,27,47,4,online,1,4,0,1,2.6158524290382923,0
49.0,74437.0,19179.0219657434,2123.0,12,5,1,online,1,8,1,1,121.59819991311731,0
66.0,74416.0,25400.68701812591,,7,217,2,travel,1,4,0,0,107.36683730838274,0
73.0,84711.0,35635.691264211455,2441.0,17,49,0,online,1,10,0,1,176.6761595321759,0
,31816.0,9156.882342654673,1592.0,65,124,4,food,1,2,0,1,63.03195100483292,1
55.0,102175.0,27491.452100954728,1318.0,64,37,0,travel,0,3,1,1,57.39871630960732,0
61.0,89307.0,44497.671201940626,4927.0,26,162,1,online,1,9,1,1,40.93586825902273,0
57.0,137728.0,14350.907282768907,611.0,15,201,3,retail,0,6,0,0,6.730451015837738,1
44.0,71733.0,32855.58734606657,1630.0,33,198,4,retail,1,0,0,0,10.488870805204833,1
49.0,120028.0,19163.230022357926,4890.0,62,146,1,retail,1,5,1,1,17.087183519405187,0
69.0,141450.0,58612.65212790033,4776.0,47,206,2,retail,1,7,0,1,110.43487011939355,0
66.0,36240.0,12581.535891531936,110.0,35,19,4,retail,1,16,0,1,9.49568670484966,0
73.0,123234.0,29174.283352428753,4281.0,65,206,4,travel,1,23,1,0,128.11520637558925,1
51.0,117493.0,52818.9760596124,247.0,72,40,3,electronics,1,6,1,1,36.98948459976749,0
55.0,123344.0,12971.211651234991,,76,17,4,electronics,1,0,0,1,62.86334098899593,1
53.0,96363.0,18374.13652235835,2928.0,25,188,3,travel,1,8,0,1,5.840427906475596,0
72.0,57762.0,18874.14467878628,2552.0,57,99,1,,1,10,0,0,15.669385732191405,1
41.0,33259.0,8002.677610797164,2013.0,32,93,2,food,1,18,0,1,159.12551711080945,0
52.0,75139.0,25859.16184828953,1547.0,63,42,2,electronics,1,1,0,1,15.472527930366741,0
43.0,39849.0,4369.206838856786,764.0,12,209,4,retail,1,22,0,1,17.585913883037747,0
53.0,106768.0,15650.434835868595,3378.0,63,123,4,travel,1,10,0,0,11.007239158429256,0
23.0,131108.0,19776.133545023655,2268.0,77,107,1,retail,1,2,0,1,6.909894062976959,1
38.0,114709.0,20155.91509575181,3675.0,1,72,3,electronics,1,16,0,0,13.280222103404176,1
45.0,79869.0,22661.437138119418,4245.0,51,65,2,online,1,9,0,1,51.40679078622446,0
62.0,88095.0,35313.01111451637,,70,109,3,online,1,2,0,1,30.382222621606953,0
51.0,142886.0,66044.12895852358,279.0,8,53,1,travel,1,21,0,0,40.34445123010792,0
74.0,95910.0,41639.231751824824,3470.0,68,228,2,food,1,2,0,0,6.526214710648888,1
23.0,111710.0,19968.737662424643,3418.0,5,135,2,retail,0,20,0,1,81.00382691402878,0
60.0,48567.0,13426.84354807405,515.0,39,238,0,travel,1,6,1,1,76.64576980231517,0
66.0,60292.0,10838.369620823038,1139.0,23,133,1,food,1,1,0,1,1.0913191537360682,0
44.0,99813.0,20540.390174800927,2089.0,68,24,1,retail,1,0,1,1,24.186072043955555,0
70.0,122136.0,36814.08565357429,3155.0,52,28,0,electronics,1,6,0,1,3.562481622756058,0
52.0,76631.0,9750.805069435302,3252.0,4,62,3,online,1,19,0,1,78.53629417591584,0
67.0,34885.0,6532.904595144535,4918.0,47,235,0,food,1,10,0,1,66.83135920111916,1
42.0,84659.0,40141.1719032397,371.0,21,17,1,retail,1,22,0,1,116.13331604429797,0
43.0,79306.0,22716.927482229654,3730.0,56,229,3,,1,5,1,1,13.485818586711709,0
22.0,91314.0,25399.410093257367,1466.0,66,20,2,retail,1,22,1,1,30.467504145171848,0
47.0,90087.0,9533.624508031386,4077.0,59,3,0,travel,1,3,1,1,10.196949575330127,1
62.0,54165.0,10776.66291976612,4205.0,7,165,3,online,1,18,0,1,23.19987983901455,0
22.0,83929.0,37475.7231438194,1691.0,49,218,3,online,1,20,0,1,36.93267852564094,0
46.0,92028.0,15262.969998315508,1062.0,16,143,3,retail,1,18,0,1,2.7402774854190755,0
37.0,,13302.498790694422,2519.0,17,51,0,retail,1,13,0,1,62.74057513401634,0
60.0,74812.0,7910.049491888839,4737.0,75,176,2,travel,0,2,0,1,,1
,75500.0,21995.73154645079,691.0,34,136,3,travel,1,3,1,1,88.29260428799954,1
29.0,104151.0,11290.847714656898,3942.0,33,141,0,food,0,7,1,1,15.857638343875525,0
63.0,83643.0,35786.14073883308,2139.0,26,176,1,food,1,17,0,1,116.81800777276081,0
74.0,69900.0,30052.91133893942,4859.0,66,3,0,food,1,3,0,1,332.04900057477744,0
,67946.0,28204.17229055713,4026.0,63,193,0,retail,1,10,0,1,125.8498676467638,0
59.0,32851.0,7008.61721085685,3312.0,41,73,0,food,1,15,0,0,75.22968356361068,0
49.0,41288.0,17955.940106376973,729.0,58,159,3,retail,1,2,0,1,83.6638480126839,1
62.0,,15859.962652105385,84.0,79,105,0,online,1,6,1,0,42.63578716244278,0
46.0,92580.0,23100.861887562838,1303.0,10,118,1,electronics,1,1,0,1,10.545550178616926,0
55.0,32368.0,11333.072054282646,1932.0,15,154,3,online,1,0,0,1,56.51144619513926,0
70.0,110436.0,11588.758305089386,4167.0,42,209,1,retail,1,0,0,1,62.37064066716647,1
45.0,121136.0,19040.683547617886,4979.0,57,184,4,retail,1,5,0,1,211.28582389976543,1
44.0,71403.0,28341.094202388507,329.0,17,34,0,electronics,1,18,1,0,38.968087345973686,0
33.0,116170.0,22962.7016338222,2159.0,60,137,3,travel,1,6,0,1,15.829393429132141,0
27.0,34168.0,11589.910208355486,1462.0,9,62,3,travel,1,23,1,1,57.54886391993382,0
56.0,111497.0,28324.813962783737,4979.0,36,120,0,travel,1,4,0,1,194.0645544477481,1
65.0,74879.0,33090.70076428396,1565.0,73,115,2,food,1,20,1,1,9.752951246520972,0
40.0,84871.0,40820.075774096455,4217.0,36,13,2,travel,1,17,0,0,19.72610399242449,0
,134632.0,61045.6346039742,3042.0,48,69,1,food,1,23,0,1,39.03131011912041,0
28.0,136623.0,28451.466214009302,470.0,51,169,0,food,1,12,1,0,9.329410393832335,0
66.0,114388.0,20322.760905777304,896.0,70,77,0,travel,1,0,1,0,1.1235618590289165,0
36.0,123646.0,35829.39074265176,3543.0,74,1,4,,1,9,1,1,20.54774163861218,0
34.0,57174.0,5885.129095963109,,68,89,2,electronics,0,8,0,1,100.26154786851049,0
32.0,124751.0,13762.999027629916,1125.0,22,47,2,electronics,1,16,1,1,2.2220726413022467,1
,117491.0,37751.768215978365,1085.0,77,4,0,food,1,0,1,1,28.01209185714722,0
43.0,31581.0,9732.625053177559,3886.0,6,228,1,electronics,1,0,0,0,71.81642725253404,1
35.0,135155.0,67284.59149122423,4625.0,26,191,0,food,1,6,1,1,153.07501421515684,0
48.0,96853.0,17504.894912194428,4917.0,75,180,1,retail,1,3,0,1,211.595572340307,1
54.0,89046.0,18097.84899040923,1934.0,3,10,2,food,1,22,0,0,27.40642184937552,0
22.0,74678.0,10859.395235056976,936.0,52,28,4,food,1,20,0,1,150.172392489529,0
52.0,133392.0,62296.35885749293,4662.0,74,121,3,electronics,1,11,1,1,1.803072056242837,1
43.0,136250.0,56015.71282298557,2291.0,60,126,2,retail,1,15,0,1,68.50470248339413,0
42.0,51649.0,22154.097107053887,1065.0,63,134,1,online,1,13,0,0,51.46541812688932,0
71.0,113668.0,52412.94170013992,4684.0,65,155,0,online,1,22,0,1,14.352237618245745,0
45.0,107325.0,33266.456430140235,551.0,52,140,2,online,1,9,0,1,35.39461798602178,1
42.0,39567.0,11097.644402452313,2171.0,76,62,4,retail,0,13,0,1,6.9374626870999085,1
42.0,105404.0,24470.233156100257,2261.0,14,180,1,travel,1,6,0,1,102.6291349560837,0
69.0,114906.0,38572.31779050187,1062.0,72,176,0,retail,1,3,1,1,22.150412131743533,0
72.0,133069.0,37487.04879296996,4579.0,68,67,3,electronics,1,1,1,1,49.180919681295535,0
,121019.0,33961.106290168034,2754.0,28,174,1,food,1,23,1,1,8.644882260622126,0
26.0,86944.0,41278.502473696055,3879.0,71,225,0,food,1,17,1,0,11.543972608759557,0
35.0,143428.0,70797.86881201084,4491.0,10,74,3,electronics,1,15,0,1,,1
74.0,103002.0,43115.99402789019,4167.0,57,95,0,electronics,1,8,0,1,69.93583893029184,0
63.0,53803.0,21666.642211822196,4620.0,66,143,3,food,1,4,0,0,163.4714562008188,1
57.0,43230.0,16091.211733484222,4535.0,50,199,3,travel,1,8,0,1,17.53827660588054,1
53.0,42862.0,7133.520128287626,4685.0,14,36,3,travel,1,7,1,0,8.990009502802373,1
28.0,68355.0,8451.571354382146,1570.0,16,142,0,travel,1,23,0,1,34.96515079264616,0
73.0,56259.0,21169.728704782825,3772.0,54,112,3,electronics,0,19,1,1,34.127009923642454,1
64.0,124075.0,48577.160210593865,1174.0,43,206,1,food,1,15,0,1,9.61535314702237,0
64.0,112445.0,13357.251193612132,2732.0,42,131,4,food,1,19,1,1,66.06646584432585,0
25.0,55795.0,26291.758961607433,2368.0,22,113,4,food,1,17,0,1,22.45341821570061,0
59.0,139604.0,19049.839131613906,480.0,68,110,3,retail,1,3,0,1,10.312185015819868,1
24.0,33770.0,7238.944410181402,1426.0,19,114,4,retail,1,15,1,1,20.172112364316337,0
26.0,36093.0,13316.726205337458,1478.0,66,67,4,online,0,3,0,1,41.46652714290918,1
,71571.0,12020.28058164911,818.0,39,126,3,retail,1,5,1,1,64.81736909458101,0
52.0,25193.0,3077.7369910101856,181.0,73,86,3,travel,1,2,0,1,32.8784707114229,1
72.0,125311.0,29129.61908145951,4136.0,19,19,1,travel,1,17,0,1,37.2846935142175,0
50.0,42569.0,17299.55758800405,4152.0,16,227,2,travel,1,14,1,1,7.479899217852545,0
67.0,142082.0,37718.717627033504,4235.0,54,204,0,travel,1,7,0,1,123.07372187543852,0
55.0,36190.0,13071.43601753933,2409.0,25,182,3,online,1,17,1,1,132.05991959714382,0
60.0,87824.0,29144.18703798555,1655.0,18,69,3,travel,1,23,0,1,57.51000612424967,0
72.0,67752.0,7377.33863767885,67.0,23,10,4,electronics,1,22,0,1,0.8894346867579891,1
36.0,57327.0,28400.71273494769,1139.0,11,233,1,electronics,1,2,0,1,38.50942656359928,0
33.0,67070.0,7818.432766846536,1363.0,39,161,4,electronics,1,5,0,0,49.6071805943474,1
70.0,110925.0,54033.90746946329,777.0,68,141,3,retail,1,21,0,1,261.5724183864976,0
62.0,65197.0,20859.497934729465,3905.0,25,128,3,food,1,20,0,1,276.9170696739285,1
50.0,27261.0,13228.771294728313,692.0,63,99,4,online,1,23,0,0,97.45970914375695,1
39.0,143424.0,20925.768096931974,3464.0,30,179,3,electronics,1,14,0,1,3.297962736480522,1
37.0,118905.0,35215.30998950138,2018.0,45,32,2,electronics,1,11,0,1,153.17528456391824,0
39.0,51512.0,8643.797912081765,3152.0,61,203,0,travel,1,4,0,1,47.42278192369834,0
48.0,31716.0,3818.2876798575135,1800.0,51,112,0,electronics,1,6,0,1,80.69408117527999,0
46.0,111795.0,38794.16696735645,1487.0,9,230,0,travel,0,21,0,1,26.144307156977952,0
57.0,53933.0,9875.853297090764,895.0,76,24,2,travel,1,14,0,1,19.258826359636743,0
46.0,132225.0,44305.7952972283,,2,35,3,food,1,6,0,1,31.110596747001768,0
,29378.0,4258.217500278921,4502.0,5,83,4,retail,1,12,0,1,7.942431486497236,1
43.0,65583.0,15267.367502388379,1548.0,62,70,1,travel,1,2,1,1,22.085670984118867,1
29.0,137082.0,56567.3017292221,2083.0,69,168,3,travel,1,22,1,1,97.46190895936134,1
32.0,110371.0,30332.22540689764,322.0,52,182,2,food,1,12,0,1,1.934468002883042,0
73.0,54033.0,18970.887201259113,820.0,5,109,2,travel,1,2,0,1,,0
21.0,49000.0,17590.1756386127,2245.0,59,172,0,online,0,1,1,1,6.683207766111295,1
21.0,,21875.100879745874,2867.0,68,190,3,retail,1,22,0,1,25.79823553911759,0
67.0,100868.0,23196.52497048364,2773.0,9,234,0,online,1,3,1,0,290.2393062767755,1
54.0,67604.0,25345.97168513141,2042.0,22,99,1,electronics,1,16,1,1,9.51917416109247,0
52.0,93336.0,45234.949186584374,1517.0,27,196,0,retail,0,5,0,1,7.860923594607515,0
74.0,120074.0,47080.69525187466,4555.0,10,33,1,electronics,0,10,0,1,123.28799409729834,1
68.0,120655.0,35707.62894735179,2580.0,61,205,2,travel,1,5,1,1,106.87494280313679,0
45.0,98869.0,34830.26120778903,1904.0,51,56,0,food,1,21,1,1,1.638576932662679,0
60.0,30410.0,12038.502768390446,2715.0,10,164,0,online,1,1,0,1,69.65707953500976,0
65.0,108375.0,37379.65444282937,606.0,6,182,4,electronics,1,16,0,1,53.27808165917909,0
73.0,81044.0,8644.98985138821,2157.0,62,235,2,travel,1,2,0,0,72.99506660036889,1
21.0,88315.0,15712.06857929894,625.0,5,147,4,online,0,11,0,1,34.110604835366665,0
36.0,121055.0,51349.9920140073,957.0,70,171,1,online,1,13,1,0,237.6789765582734,0
59.0,96344.0,20141.70158586961,4661.0,63,12,1,electronics,1,1,1,1,2.241867823203317,0
25.0,31796.0,12483.899661426327,4383.0,56,11,2,travel,1,21,0,1,13.352916334218179,0
42.0,111716.0,27800.312786376646,3774.0,59,70,1,food,1,21,1,0,25.254272090066664,0
,79245.0,24467.189433950483,2023.0,63,140,2,electronics,1,4,0,1,29.87166698149618,0
23.0,68056.0,8655.996357003736,3707.0,59,219,1,online,1,9,0,0,127.14844707982374,0
32.0,42709.0,7366.884994748818,500.0,51,41,3,online,1,9,0,1,41.04952352382119,1
46.0,144664.0,69855.17661221861,4360.0,50,153,0,retail,1,20,0,1,2.308008546596958,0
36.0,83557.0,38106.60613274552,2438.0,4,106,3,travel,1,8,0,1,26.200859509287966,0
71.0,42543.0,15354.19601719132,4997.0,48,3,2,retail,1,20,0,1,26.934719807321084,1
57.0,62418.0,17717.83859184918,551.0,32,3,2,food,1,12,1,1,168.32666677275435,0
42.0,119611.0,44292.49360179625,1297.0,51,84,3,electronics,1,9,1,1,45.71427356532269,0
49.0,128291.0,44573.95303926021,1643.0,52,156,0,online,1,5,0,1,50.482163739383054,0
34.0,138504.0,45349.104644104475,4930.0,74,151,0,travel,1,10,0,1,62.45775470439444,0
48.0,128001.0,15829.989750242088,2936.0,34,176,4,online,1,3,0,1,73.49234612094129,1
25.0,121038.0,42741.06495569899,1362.0,36,195,1,retail,1,13,1,1,50.39989267760585,0
67.0,41724.0,17005.367975874975,4386.0,70,170,4,retail,1,16,0,1,13.5375999923985,0
69.0,28828.0,14345.754376049059,1308.0,43,216,0,electronics,1,19,0,1,103.59189189866757,0
50.0,141656.0,14793.337378519813,4878.0,16,107,3,travel,1,1,0,1,65.86077074352485,1
66.0,42087.0,16501.024051794582,3977.0,59,168,1,travel,0,9,0,0,67.71469121350002,1
72.0,37605.0,12361.354890309018,4433.0,53,134,3,,1,2,0,1,283.56681798460704,1
25.0,,13681.043521619134,2268.0,19,20,4,retail,1,6,1,1,81.10755287027705,0
32.0,30482.0,4603.637624513811,4657.0,41,139,2,retail,1,6,1,1,88.34887566222272,0
36.0,90333.0,23814.855492653707,2083.0,47,96,3,retail,0,0,0,0,151.21226232474797,1
46.0,117541.0,28415.63938614933,711.0,54,124,4,online,1,7,0,1,8.192696884704194,0
46.0,113296.0,25053.366040694233,1929.0,55,155,4,food,1,22,0,1,34.43061159786222,0
68.0,75952.0,29799.90766022733,2470.0,19,21,4,retail,1,0,1,1,43.44257680100764,1
,30463.0,11584.780621953012,4272.0,62,236,2,food,1,7,0,1,19.969857464881855,0
59.0,137164.0,46033.3407037223,4274.0,59,114,2,food,1,13,0,1,91.44296494735862,0
56.0,95448.0,45382.27163969031,4334.0,65,13,2,travel,1,13,0,0,71.86246387939029,0
53.0,29648.0,7113.79311287759,376.0,68,86,1,electronics,1,1,0,0,63.80622485845139,0
50.0,58623.0,11579.260397753544,537.0,28,35,2,online,1,7,0,1,293.0119863969156,0
57.0,84156.0,30494.879686843564,4896.0,18,47,2,food,1,18,0,1,15.013473007079812,0
43.0,60634.0,10885.356708351397,3728.0,26,214,2,online,1,9,0,0,66.48762106840992,0
30.0,69602.0,15730.34452839229,3619.0,19,156,3,travel,1,6,0,1,40.08168161076445,0
74.0,139598.0,26501.420571829512,3945.0,55,149,2,retail,1,12,0,1,18.7702620438876,0
25.0,74334.0,9489.584521114828,4629.0,57,238,1,food,1,21,0,1,8.752614347056083,0
56.0,93648.0,40362.24086267902,2163.0,6,146,4,electronics,1,20,0,1,113.11240259465731,1
54.0,47054.0,9496.260282654339,1918.0,1,159,3,travel,1,14,0,1,45.249674671440765,0
72.0,95028.0,27483.14303507223,3022.0,8,188,0,online,1,10,0,0,87.12956529426413,1
51.0,47207.0,5538.613641806522,4238.0,51,125,2,retail,1,13,1,1,39.41081771059924,0
30.0,105650.0,40119.08584383669,3032.0,25,110,4,online,0,10,0,1,12.421598797664817,1
39.0,124821.0,28986.48194754941,3493.0,47,37,4,electronics,0,1,0,1,20.59042019938549,1
52.0,106554.0,42397.270918845454,2730.0,55,21,3,food,1,1,0,1,24.026044510533275,1
21.0,46386.0,12290.491345144976,1780.0,64,14,0,electronics,1,11,0,1,180.4753485563748,0
25.0,108276.0,19305.853615670167,4123.0,10,217,1,online,1,14,0,1,0.28246025677165715,0
65.0,84518.0,25800.812641725246,1787.0,56,91,4,online,1,16,1,1,212.25612738489713,0
24.0,77781.0,11838.410061263883,4222.0,12,232,4,electronics,1,13,0,0,196.76876580017532,1
36.0,77780.0,21484.054341968615,807.0,33,60,4,electronics,1,15,0,1,277.9943742134525,0
44.0,86440.0,19615.154187290744,3225.0,71,124,4,electronics,1,7,1,0,32.36933519832858,0
36.0,69199.0,32162.57650681217,3798.0,17,23,3,retail,0,23,1,1,165.94719852192347,1
22.0,86035.0,10700.301029296857,2986.0,61,223,0,online,1,16,1,1,25.175884746383208,1
69.0,33210.0,12540.327328980677,3747.0,10,111,4,travel,1,4,1,1,1.3323160761246446,1
48.0,69363.0,12006.767650554608,1721.0,31,124,1,retail,1,11,1,1,12.702513201635204,0
52.0,,11380.901486644796,762.0,60,157,1,retail,1,5,0,1,145.2911461799661,0
47.0,103279.0,27493.450767594844,2479.0,70,175,2,retail,1,17,0,1,0.6930152559241018,0
40.0,85348.0,39533.70873919012,3979.0,17,30,4,travel,1,4,0,1,39.482258172684034,1
44.0,80284.0,15818.461405388392,1402.0,50,115,4,electronics,1,5,0,1,3.930605971114424,0
32.0,132628.0,18106.84154555781,2615.0,37,90,4,online,1,8,1,1,16.871395146171505,1
70.0,134835.0,30671.705101624902,687.0,62,212,4,food,1,14,0,1,4.61085520409492,0
55.0,97124.0,13779.019584917258,115.0,72,38,4,food,1,9,0,1,98.13757599747781,0
53.0,93847.0,14212.057767175991,3297.0,77,83,1,online,1,16,1,1,44.710651105487756,0
53.0,47432.0,15630.752625260588,4763.0,29,27,0,travel,1,18,1,1,116.19373878680537,0
71.0,89089.0,11079.176927160304,1956.0,32,217,0,food,1,11,0,1,58.29423911167309,0
63.0,80398.0,9034.51240091197,,11,104,2,retail,1,8,1,1,177.07322397814124,0
57.0,124291.0,47947.19723434786,1792.0,6,230,1,food,1,14,0,1,35.655011744046604,0
32.0,28321.0,6928.98294919729,4551.0,35,116,4,online,1,13,0,1,50.90379646404504,1
23.0,106348.0,15968.167056129583,3267.0,33,215,0,retail,1,0,0,0,42.93752189599862,1
21.0,62383.0,12566.750193816471,2007.0,18,221,3,food,1,16,0,1,33.10766745692568,0
53.0,138816.0,49534.35224185225,4879.0,37,15,3,online,1,0,0,0,93.52694252420709,1
60.0,103682.0,21795.472941719094,1571.0,13,187,3,travel,1,22,1,1,51.71503686795648,1
30.0,148053.0,44091.4344549807,4016.0,74,3,4,online,1,20,1,0,80.80104284112657,1
,104190.0,15490.773603140797,1685.0,64,10,4,travel,1,21,1,1,77.17406750081443,0
64.0,77893.0,26112.651085600435,1132.0,1,207,2,retail,1,12,0,0,10.600609314713765,0
49.0,60820.0,13771.537892538929,3991.0,63,120,2,online,1,7,0,1,52.51447347260082,0
33.0,146262.0,51306.86286841566,1311.0,34,208,2,electronics,1,12,0,1,11.135183602597365,0
32.0,91262.0,38636.4934995319,953.0,10,145,3,electronics,1,15,0,1,43.77189428074349,0
51.0,28760.0,9912.380408662475,4560.0,7,128,4,electronics,1,1,0,1,56.57248172019139,1
66.0,47190.0,10301.53099154361,955.0,56,211,3,electronics,1,12,0,0,294.53702674855793,0
22.0,92411.0,18694.512481511996,610.0,37,11,2,electronics,1,17,0,1,1.550905199941386,0
71.0,48377.0,11173.557488259206,2710.0,29,176,4,travel,1,2,1,0,4.783844027796045,1
70.0,71737.0,11897.452703218858,4830.0,12,133,1,online,1,12,0,1,4.007748418835042,0
55.0,94569.0,16310.19630521422,1427.0,17,69,0,retail,1,18,1,1,,0
43.0,,20813.82203800336,1534.0,48,64,0,electronics,1,12,0,1,86.18309113279675,0
37.0,107909.0,27397.34303933675,3776.0,26,14,2,electronics,1,18,1,0,92.91302222787485,0
46.0,28744.0,7887.298188128367,260.0,12,50,3,retail,1,3,0,1,66.7761833502227,0
28.0,49995.0,16879.30121240509,1554.0,21,154,1,retail,1,18,0,1,113.59224353740882,0
49.0,41977.0,14098.453906390609,,42,72,4,electronics,1,17,0,1,19.493857515799625,0
46.0,122938.0,15607.071132465006,3133.0,61,69,3,travel,1,5,1,1,4.6142434675936945,0
30.0,59542.0,25758.84060004691,907.0,58,135,2,retail,1,18,0,0,2.995623384880111,0
46.0,35651.0,6093.847579594665,4886.0,54,127,3,online,1,3,0,1,95.57200808638204,0
54.0,124239.0,48357.37879646992,235.0,34,16,2,online,1,3,1,1,65.54752659900517,0
71.0,103931.0,42514.8873868594,1219.0,7,183,0,travel,1,23,0,1,59.96838885643749,0
61.0,120344.0,46447.94781227403,4908.0,35,78,0,food,1,6,0,0,20.75125840118156,1
27.0,127112.0,42149.2026435162,4847.0,15,101,3,travel,1,6,0,1,23.894144552540357,1
24.0,41715.0,4415.26572575882,2188.0,65,56,1,electronics,1,22,0,1,158.63961948090238,0
73.0,69409.0,16946.221019774126,2689.0,25,105,4,food,1,15,0,1,3.2965608763464314,1
70.0,49306.0,16859.48516166057,2895.0,59,132,2,electronics,1,15,0,1,74.30169894714524,0
65.0,44086.0,11241.071132816416,2816.0,79,228,4,online,1,4,0,1,18.526620381318082,1
31.0,39376.0,17537.75373683477,713.0,6,48,0,retail,1,14,0,1,1.991885330182915,0
49.0,86350.0,19301.030590575716,2554.0,52,17,1,electronics,1,22,1,0,67.85039353399121,0
56.0,96425.0,20964.136945130533,2380.0,79,111,1,online,1,3,0,0,20.09197585156356,1
45.0,128358.0,26492.972755994957,3291.0,21,164,4,travel,1,23,0,1,64.03324745460009,1
41.0,61636.0,14368.112655707037,4720.0,71,70,0,electronics,1,12,0,1,61.49092785903157,0
56.0,111120.0,35887.535853837,338.0,32,80,4,online,1,18,0,1,38.26298229975452,0
30.0,139889.0,53550.36500019939,4238.0,53,93,3,retail,1,6,0,1,75.11290670430543,0
57.0,76649.0,27978.967330704058,4940.0,59,228,1,electronics,1,11,0,1,43.49879145228706,0
29.0,59610.0,25220.2236996384,130.0,69,38,1,online,1,8,0,1,16.888233271760377,0
44.0,35058.0,15929.149141659487,974.0,62,101,3,electronics,1,16,1,1,66.234626341036,0
55.0,149876.0,63911.86502010085,,4,62,0,retail,1,1,0,1,44.47511534895738,0
69.0,99637.0,10718.765262404228,3685.0,18,121,1,electronics,1,15,0,0,0.6404483685384801,0
55.0,103033.0,40632.833803328824,2086.0,56,48,2,electronics,1,6,0,1,115.95817684087551,0
68.0,95194.0,17454.755604409384,342.0,24,10,2,online,1,17,0,1,39.44367036066243,0
56.0,101917.0,15610.750931467788,3378.0,66,233,0,food,1,6,1,1,101.48583471534639,0
38.0,89200.0,31701.279841633153,1326.0,13,36,3,electronics,1,0,0,1,107.16673152344198,0
69.0,130848.0,29819.903053082428,1206.0,62,157,4,food,1,2,0,1,29.436354454275754,0
59.0,131022.0,16095.641991648887,3180.0,54,206,0,travel,1,20,0,1,35.42928685205863,0
52.0,71619.0,11104.661579150497,1439.0,15,4,4,electronics,1,10,0,0,26.871690775982838,0
44.0,,5018.588337399221,365.0,69,44,0,food,1,21,0,1,29.84067399187222,0
43.0,44539.0,20545.37085532237,4244.0,3,56,2,travel,0,14,0,1,112.75987129402205,0
52.0,85058.0,9343.38258782723,1536.0,37,42,3,online,1,2,0,1,,1
57.0,87068.0,16001.557975861646,3907.0,37,228,2,electronics,1,23,0,0,6.76382722958617,0
32.0,102313.0,27266.937552208747,38.0,3,114,3,online,1,12,0,1,47.11990174318853,0
69.0,124932.0,30312.067557475093,1023.0,63,237,4,travel,1,3,0,1,274.9194612338582,1
33.0,55373.0,25731.298792916456,2712.0,35,141,0,online,1,22,0,1,,0
43.0,58154.0,6752.585340098625,837.0,52,174,1,online,1,21,0,1,77.05897817052814,0
45.0,31031.0,9460.913837570635,4456.0,28,210,1,retail,0,7,1,0,73.28018612046856,1
,118533.0,44117.00885256065,2034.0,18,161,3,travel,1,21,0,1,21.56357683950753,0
61.0,96975.0,45838.064399092546,308.0,36,21,3,online,1,3,1,1,23.2487588726729,0
50.0,47785.0,16636.276113092805,1875.0,33,208,2,food,1,17,0,1,64.38156710755955,0
37.0,103928.0,43805.869667292194,4026.0,64,79,1,travel,1,6,1,1,,0
69.0,143696.0,19181.975467450076,2121.0,26,185,2,retail,1,10,0,0,42.26490911904314,0
40.0,53669.0,13652.09504498958,764.0,48,69,4,electronics,1,3,0,1,62.397243025920304,0
68.0,119475.0,29818.433556754637,779.0,40,70,1,online,1,12,1,1,75.15827172080559,0
45.0,142154.0,64611.16604881844,3745.0,17,230,4,food,1,8,1,0,15.839520479402594,1
42.0,27282.0,4380.083317761867,1248.0,40,67,0,retail,1,8,0,1,7.9376989054511045,0
33.0,59624.0,9584.824455759697,,7,48,2,travel,1,22,0,1,17.25105901717643,0
39.0,73438.0,16995.261364525308,2223.0,57,204,3,online,1,20,0,1,35.416931942188334,1
69.0,114900.0,13993.259536979855,1916.0,8,228,1,retail,1,18,1,1,20.938256932569246,0
56.0,92534.0,16006.828933495006,1574.0,56,161,2,retail,1,2,0,1,42.00848815273009,0
32.0,56705.0,27563.38502149437,1228.0,31,36,3,food,1,11,0,1,2.747404785165945,1
61.0,63244.0,17156.426037183795,4611.0,59,161,0,electronics,1,10,0,1,35.64203267528815,0
39.0,99964.0,35268.06726029618,1367.0,58,159,1,electronics,0,19,1,0,22.94210018463795,1
32.0,62437.0,24378.183479880438,3849.0,12,149,4,electronics,1,10,0,1,38.25007369629159,0
29.0,102872.0,25387.221544657892,1470.0,48,27,0,travel,1,16,0,1,27.455229781539657,0
27.0,99878.0,15869.698295189446,3995.0,31,219,3,retail,1,20,1,1,16.71952978162646,1
48.0,144006.0,26300.16232881351,1426.0,63,72,1,travel,1,13,0,0,117.22658674384184,0
34.0,130368.0,29372.769607544404,2863.0,74,101,1,retail,0,15,1,1,10.213942477158893,1
51.0,97982.0,34727.50238518071,4866.0,39,190,0,food,1,23,0,0,57.18554191589139,0
72.0,75583.0,19599.5954967192,4938.0,76,96,1,food,1,9,0,1,129.27705924685407,0
39.0,63392.0,6511.998931713969,1438.0,20,128,3,travel,1,3,0,0,38.682078477228345,1
67.0,32461.0,10042.228253790083,4388.0,48,26,0,travel,1,9,0,1,104.53867070722507,0
36.0,125123.0,58633.308054252746,4484.0,71,66,4,food,1,19,1,1,6.668083404757807,1
73.0,35516.0,15088.299373033698,4303.0,54,140,0,online,1,11,0,1,34.04006233582837,0
25.0,104285.0,44851.36714072426,3072.0,78,22,0,electronics,1,8,0,0,30.534625859357593,0
55.0,42514.0,17771.838624202825,3081.0,75,17,4,electronics,1,14,0,1,0.40759720139722233,1
32.0,146251.0,33563.48279054003,565.0,71,7,3,food,1,8,0,1,29.28260795141458,0
45.0,125962.0,51150.33827494829,365.0,29,107,2,electronics,1,6,0,1,23.02482875265144,0
,61268.0,9635.28402815047,1573.0,74,68,2,online,1,23,0,0,55.402644730509024,0
41.0,115486.0,41931.4027937243,3510.0,73,128,4,online,1,11,0,1,139.29770497641047,0
56.0,125424.0,44729.6383631595,1050.0,48,37,3,retail,1,19,1,1,4.484808250236063,0
73.0,61788.0,6810.76269846261,2696.0,74,38,1,travel,1,23,1,1,19.83590277152844,0
43.0,100749.0,41829.78119566111,,56,96,4,electronics,1,13,0,1,29.355171283643077,0
36.0,86049.0,39694.33847813236,4785.0,17,139,2,online,0,21,0,0,30.365484268153057,1
59.0,87493.0,18108.085983744048,,9,1,3,travel,1,15,0,0,74.54047745111909,1
65.0,61027.0,25933.807489963296,1789.0,34,153,0,travel,1,18,0,1,29.295032153007767,0
73.0,118547.0,15762.292298527349,85.0,45,42,3,retail,1,22,0,1,1.3768493991695279,0
62.0,67849.0,23067.787686062027,4336.0,9,180,3,travel,1,2,0,0,61.91166836551489,0
59.0,125127.0,36819.714127472835,3329.0,7,152,2,travel,1,10,0,0,108.06716671552847,1
34.0,42858.0,13644.67631622285,2359.0,16,181,2,food,1,22,0,1,,0
51.0,109162.0,51358.764899239555,2783.0,19,235,1,retail,1,20,0,1,43.50716971369004,0
25.0,104003.0,46648.059863765804,2272.0,6,184,1,retail,1,19,0,1,8.892763613540364,0
55.0,77395.0,32044.1198608284,3239.0,11,63,4,electronics,1,18,0,1,12.464491829742567,0
43.0,64758.0,13565.46588893438,2126.0,76,81,0,travel,1,7,0,1,13.405100236177937,0
49.0,79312.0,36858.46363134053,402.0,61,8,1,electronics,1,19,1,1,28.171073821621267,0
63.0,,6950.153849277506,1118.0,42,187,2,online,1,7,1,1,131.65540768233754,0
31.0,141758.0,62562.297232376266,4372.0,13,173,3,travel,1,2,1,1,36.88471844983129,1
38.0,107279.0,24809.773760809076,620.0,12,27,4,online,1,9,1,1,10.66570378926141,0
67.0,40434.0,4913.091859896254,2785.0,74,52,1,food,1,12,0,1,15.46828943343233,0
,89047.0,32746.39255027437,4008.0,20,146,3,travel,1,8,1,1,24.226635732702107,0
29.0,72775.0,14010.058713277465,682.0,50,91,3,electronics,1,5,0,1,,0
30.0,100769.0,19894.667512901236,3687.0,36,86,1,electronics,1,14,0,1,28.99388493991521,0
64.0,139682.0,31067.912109266905,40.0,69,16,0,travel,1,15,1,1,24.915615820520873,0
37.0,91677.0,11503.07137213129,1410.0,37,66,0,electronics,1,4,0,0,41.589276765692084,0
58.0,108555.0,18546.71485537659,4081.0,12,5,4,travel,1,20,1,1,,0
27.0,110920.0,11320.03499671614,626.0,40,82,0,retail,1,12,0,1,4.10951119516849,0
66.0,133439.0,37117.90043473403,4644.0,54,131,4,electronics,1,18,1,0,1.235864279376253,1
33.0,70734.0,9457.287946513112,2796.0,2,219,2,travel,1,1,0,1,14.468118399039618,1
60.0,126665.0,47253.77688716939,880.0,50,118,1,travel,1,5,0,0,4.803084984178867,0
62.0,113503.0,22047.860191522268,4206.0,41,81,3,electronics,1,0,0,1,20.499313548034742,0
29.0,65603.0,31320.81782845589,3614.0,45,208,4,retail,1,14,1,1,74.1256265302517,1
,101708.0,45616.10420778486,1422.0,9,70,0,electronics,1,14,0,1,62.99089765912227,0
47.0,106926.0,23072.102854148256,2749.0,62,115,4,travel,1,13,0,1,47.199494649988374,1
22.0,93803.0,38767.48371726418,950.0,47,7,4,retail,1,6,0,1,95.69643783119122,0
25.0,64332.0,27102.940482758528,350.0,5,50,0,online,1,4,0,0,,0
49.0,116703.0,57724.25004259762,2918.0,76,142,0,food,1,19,0,0,108.16453387722227,0
57.0,46312.0,15706.066188318946,4143.0,1,166,1,electronics,1,15,0,1,25.477918825585693,0
58.0,118376.0,15718.710321671262,669.0,44,232,3,travel,1,16,1,1,25.615779850136743,0
39.0,109526.0,39290.797734156324,2043.0,22,207,1,retail,1,10,0,1,,0
28.0,,17499.594967520705,1570.0,38,111,1,retail,1,14,0,1,,0
68.0,96442.0,34269.72255503251,3467.0,19,47,0,online,1,19,0,1,185.4347206696614,0
65.0,139332.0,31051.286976662403,1666.0,31,112,0,electronics,1,15,0,1,7.454404525740806,0
21.0,142961.0,63456.36126506779,2985.0,67,161,3,retail,1,2,0,1,20.842917601535007,0
42.0,65379.0,31629.632739776753,1059.0,42,43,4,online,1,5,1,1,19.231703455633877,0
72.0,42297.0,7913.13446457475,463.0,26,91,1,travel,1,20,0,1,3.880752119519066,0
37.0,27011.0,3653.531177371562,1714.0,13,29,3,online,1,22,0,1,8.259072372862601,1
27.0,141130.0,25094.891692427267,2794.0,58,128,1,electronics,1,12,0,1,2.2947805214832364,0
45.0,145234.0,62192.22775706602,828.0,18,185,4,online,0,0,0,1,17.29413335706824,1
65.0,69014.0,25580.581130982784,4878.0,67,229,1,retail,1,20,0,0,100.7414976714265,0
24.0,137094.0,48588.70974025609,22.0,3,133,2,retail,1,13,0,1,20.733532903581224,0
56.0,36738.0,9578.230479060014,3989.0,55,221,3,food,0,1,1,1,6.601873001593766,1
26.0,119333.0,39514.87812974967,930.0,58,96,0,online,0,1,0,1,51.879698048871006,0
51.0,72498.0,16177.903333656435,4930.0,63,188,1,travel,1,14,0,1,284.2124067395074,1
39.0,36120.0,10506.586747430705,2428.0,52,117,3,electronics,1,17,0,1,13.219361784308237,1
64.0,141517.0,59044.46023437205,1324.0,24,70,3,food,1,8,0,1,16.395420926579344,0
74.0,33767.0,16630.134008511435,3687.0,72,130,1,online,1,2,1,1,178.50516431023613,0
59.0,47852.0,22633.783988647683,2027.0,9,70,0,travel,1,3,0,0,9.847985944475901,1
47.0,104239.0,49362.000806540054,,37,110,0,food,1,14,1,1,35.791532555991616,0
30.0,25929.0,6764.603688340311,4802.0,53,171,1,retail,0,4,0,1,13.698961535390525,1
46.0,102487.0,29466.6473933998,2444.0,24,132,3,electronics,1,19,0,1,134.67179897352707,1
39.0,143387.0,54810.27703166366,2878.0,21,56,0,online,1,19,0,0,199.55605577951718,0
59.0,116575.0,54659.30960503139,2525.0,40,221,1,travel,1,4,0,1,84.28837610065916,0
23.0,139149.0,21818.243677833292,1448.0,62,187,1,retail,1,9,0,1,18.90104465783599,0
,120040.0,26612.477333526633,4174.0,70,89,1,food,1,15,0,1,25.83275203247604,0
33.0,42438.0,6607.543036353928,3553.0,69,137,3,electronics,1,11,0,1,13.87376256412107,1
70.0,73515.0,25348.222831987747,3185.0,14,131,0,food,1,13,0,1,110.70946861164953,0
48.0,30744.0,6841.167139324182,1791.0,42,218,3,food,1,21,0,1,122.9960372914604,0
40.0,108820.0,25076.822604167297,2273.0,50,176,2,travel,1,10,0,1,27.13909672957492,0
48.0,67417.0,8654.07649632044,1979.0,61,171,0,retail,1,18,1,0,53.4332222662748,0
28.0,130284.0,31257.532046616125,221.0,4,219,3,online,1,5,0,1,9.049313221169143,0
61.0,32069.0,14270.660198344578,517.0,72,100,0,travel,1,9,1,1,28.540805179325325,0
59.0,67359.0,13015.720614461901,341.0,75,224,2,electronics,1,19,0,1,49.91560715658986,0
21.0,44799.0,16937.381319497894,560.0,17,129,4,food,1,2,0,1,24.339435167991784,0
23.0,123746.0,43540.19566910844,951.0,57,57,1,electronics,1,21,0,0,22.127168900187463,0
33.0,118762.0,52895.86362365316,737.0,48,181,3,travel,1,14,0,1,0.04997457961465903,0
48.0,145906.0,22311.242115988953,4985.0,44,144,2,travel,1,10,0,1,81.55695029703392,0
,95188.0,46740.73325812959,2872.0,45,51,2,online,1,21,0,0,110.06356311627985,0
45.0,114859.0,38253.95746222014,3253.0,33,112,0,food,1,1,0,1,174.44167785579222,1
53.0,147521.0,73493.43697134175,658.0,31,203,0,travel,1,23,0,1,63.51834297409557,0
58.0,132674.0,61641.121895810364,2747.0,47,218,1,electronics,1,5,1,1,39.79137703780618,0
73.0,,9430.345442262116,2757.0,6,104,0,online,1,16,0,0,15.686555749133582,0
,72093.0,8828.855111983821,1019.0,72,127,3,electronics,1,17,0,0,363.1840939713033,1
64.0,62226.0,12585.559300204068,1560.0,71,55,3,food,1,3,0,1,44.54977535334353,1
65.0,97127.0,30208.969814546665,813.0,34,1,3,online,1,22,1,1,57.15236391170963,0
52.0,139650.0,23550.373064261512,4090.0,53,90,4,online,1,8,0,0,57.349097570995355,1
65.0,116369.0,19431.749203925523,4319.0,14,156,3,online,1,9,0,1,93.29779858657457,0
67.0,102362.0,29177.000267511074,4274.0,16,53,0,retail,0,20,1,0,0.4859810851979508,1
41.0,51417.0,5825.9157094459615,3411.0,43,186,0,online,1,1,1,1,12.438899986020893,1
36.0,43693.0,6499.562396032998,4251.0,73,73,3,electronics,1,10,0,1,54.76100246667185,1
74.0,104674.0,27879.347936475006,4621.0,74,188,2,electronics,1,10,0,1,112.75919313523221,0
41.0,145956.0,18281.275611343182,3171.0,12,187,2,food,1,10,1,1,57.81293585413493,0
31.0,140598.0,36372.98697101381,4558.0,70,108,2,travel,1,0,1,1,26.67838813678606,1
57.0,,14480.125318968901,4165.0,19,150,1,travel,1,13,0,0,22.43602616468162,0
56.0,78161.0,21924.67992902748,537.0,41,8,4,retail,1,0,0,1,66.96061766206337,0
55.0,146316.0,65501.27537431606,3308.0,53,177,3,online,1,20,0,0,,1
39.0,27169.0,8477.406736520206,1033.0,29,42,1,retail,1,22,0,1,46.7046620814585,0
40.0,109092.0,31330.369845061883,3744.0,70,155,2,food,1,8,0,1,17.227933883516908,0
38.0,47052.0,12435.076565667474,442.0,59,167,3,food,1,23,0,0,129.61667720718748,1
67.0,96849.0,41359.30262616447,1186.0,64,211,1,travel,1,0,1,1,40.134704806337716,0
61.0,98851.0,45275.996144795,410.0,24,25,0,food,1,20,1,1,78.14975272986858,0
69.0,33036.0,14578.687284958392,2114.0,16,38,2,online,1,21,0,1,12.059537726276998,0
34.0,56778.0,20974.851045257645,3060.0,52,85,1,electronics,1,21,0,1,21.082833486875945,0
35.0,,7747.234919373485,2243.0,6,152,0,food,1,3,0,1,103.80416589647061,1
51.0,48173.0,10152.362816135485,2455.0,37,24,2,retail,1,0,0,0,2.5702981914608647,1
21.0,55403.0,6561.112766869039,4710.0,4,60,4,online,1,18,0,0,35.904310579250144,1
73.0,,23616.481499802285,2845.0,38,211,2,food,1,9,0,1,32.86058132843028,0
74.0,96675.0,35220.57914314751,2523.0,41,178,4,food,1,14,0,1,69.56136317670813,1
74.0,31344.0,12491.999298365698,1783.0,14,111,4,online,1,19,0,1,16.556888453309398,0
23.0,43800.0,9838.736877480651,1106.0,71,66,4,food,1,3,1,1,12.363284608107207,0
36.0,50372.0,22076.10368966172,938.0,51,142,3,electronics,1,19,0,1,130.2743458745662,0
43.0,86516.0,17635.535077329092,1961.0,65,53,3,travel,1,13,0,0,42.39769650618235,0
,45538.0,4583.741364554693,1983.0,52,160,4,online,1,4,1,1,5.529238488324801,1
32.0,88918.0,22279.82625496603,1564.0,30,106,0,retail,1,14,0,1,10.723821119535799,0
30.0,39973.0,13123.319471350818,2788.0,57,96,4,food,1,14,0,0,337.36946262143704,1
52.0,96155.0,28027.44624706993,4431.0,79,220,1,travel,1,15,0,1,10.883490247524803,0
36.0,125240.0,55710.566438517206,1004.0,30,176,4,retail,1,15,1,0,47.14142718208681,0
28.0,84500.0,12012.698665318443,622.0,42,39,3,retail,1,3,0,1,27.247401284090255,0
58.0,,16076.46881267451,2603.0,11,168,3,electronics,1,8,0,1,108.40231439579757,1
32.0,130455.0,39813.788432354595,605.0,27,42,1,travel,1,0,0,0,70.35927185632228,0
44.0,67261.0,14296.809349552743,851.0,24,111,1,online,1,4,0,1,45.43490597491196,0
48.0,135659.0,58182.95740963387,4449.0,39,104,2,travel,1,8,0,0,0.5398530421906464,0
73.0,52716.0,21146.467897394556,868.0,72,77,0,travel,1,19,0,0,,1
,28236.0,11100.804805400632,454.0,18,204,0,retail,1,4,1,1,29.409409650671602,0
48.0,40848.0,18401.084140941934,1798.0,77,8,0,electronics,0,3,1,1,134.10278987285383,1
56.0,27352.0,10643.04175847994,4327.0,45,207,3,electronics,1,15,0,1,34.21323859596539,0
46.0,26932.0,5190.779867384405,3464.0,12,26,0,travel,1,1,0,0,59.2452035522125,0
28.0,,19111.254232993822,3962.0,49,140,2,travel,1,15,0,1,3.5905194983486224,0
70.0,33556.0,7485.710242443841,4697.0,31,43,2,food,1,17,1,1,68.3543315226256,1
48.0,111836.0,22017.137678503885,1040.0,22,179,0,retail,1,1,0,1,20.624186403300175,0
48.0,30498.0,3940.385430501134,1305.0,44,110,1,online,1,15,0,1,21.643794806377866,0
57.0,,19880.571606953534,2073.0,64,219,2,online,1,0,1,0,6.315354383999559,1
61.0,75098.0,28867.700096202774,1457.0,77,210,1,electronics,1,15,1,0,7.94141380784526,0
56.0,89386.0,17322.98812455062,2055.0,25,237,3,retail,1,2,0,0,10.274947851610417,0
47.0,137169.0,54833.5281380143,4629.0,51,100,2,electronics,1,14,1,1,19.890189200032225,0
74.0,34569.0,16148.436595064413,2860.0,7,63,1,,1,10,1,1,111.26727526222835,0
37.0,141127.0,20211.021073565644,3834.0,6,49,0,travel,1,9,0,1,22.963886949347586,0
29.0,81882.0,15807.701289754365,2078.0,24,115,3,retail,1,16,0,1,,1
53.0,95393.0,38167.15117214852,3771.0,19,155,4,retail,1,3,1,1,4.318624722647596,1
73.0,25340.0,5316.399642667746,2285.0,9,137,4,food,0,16,0,0,44.7140857566293,1
40.0,68949.0,24122.882545155193,1818.0,36,167,0,travel,1,3,0,0,32.878504026130244,0
33.0,107302.0,14213.8334453622,1321.0,40,65,3,travel,1,18,0,0,190.74015740755746,0
48.0,87443.0,24561.076552100294,4065.0,24,199,3,electronics,1,0,1,0,93.60763712779048,1
68.0,116668.0,46158.12720842954,2461.0,48,218,3,retail,1,13,1,0,30.332859446945264,0
49.0,99027.0,37096.06649509767,1099.0,63,71,3,,1,23,0,1,74.61447925152817,0
33.0,25138.0,10709.512986715372,1682.0,69,7,4,travel,1,10,1,0,10.723980921218173,0
,25358.0,11435.972410561264,,53,200,1,food,1,6,1,1,41.31522671634655,0
55.0,144619.0,59188.70990741615,4542.0,54,80,3,retail,1,16,1,1,3.8774897215773145,1
,100250.0,36955.668491850935,4934.0,42,67,1,travel,1,3,0,1,21.39236394564432,0
38.0,110376.0,12438.160702674502,4364.0,45,237,3,food,1,9,0,1,12.800268066175963,0
71.0,124931.0,39226.6685902861,2013.0,14,138,2,online,1,16,0,1,63.45398596180316,0
25.0,55654.0,6404.611672964487,4208.0,29,199,2,travel,1,3,0,1,33.67611974935901,1
,50879.0,21533.372986818445,4874.0,6,213,2,online,1,18,0,1,69.52927350826641,0
45.0,106532.0,24320.170015907283,1134.0,7,181,3,electronics,1,17,1,0,36.210786170365154,1
22.0,80778.0,26250.567992998964,1231.0,37,101,1,online,1,16,0,0,4.522743613820649,0
30.0,62772.0,13293.736332408862,2870.0,53,95,4,travel,0,5,1,1,66.4706886874288,1
50.0,83478.0,34476.418821031264,2283.0,18,87,0,online,1,6,0,1,89.55676240107454,0
70.0,89353.0,40619.96410521357,3000.0,38,185,4,retail,1,5,0,1,116.9267953795255,1
65.0,51762.0,13430.013114182646,2520.0,59,91,3,travel,1,11,0,1,42.43066321002862,1
25.0,38283.0,17042.40319631248,246.0,1,214,2,food,1,8,0,1,70.03698147215715,0
53.0,88922.0,18391.737525212797,1154.0,68,103,2,online,1,17,0,0,,0
74.0,64420.0,20219.1426658101,3263.0,44,126,1,retail,1,1,1,1,8.465316760118439,1
,80568.0,35732.27635169789,3792.0,47,155,3,electronics,1,16,0,1,8.969534048057149,1
38.0,110090.0,25359.510803428948,776.0,35,182,4,electronics,1,20,0,1,3.676165160403045,0
52.0,45219.0,21778.234873826383,2691.0,60,113,3,online,1,0,0,1,19.2767740865047,1
67.0,82169.0,12222.786712749805,2675.0,52,4,3,electronics,1,22,0,1,32.07601292701528,0
69.0,125455.0,13462.579548864991,1769.0,8,88,2,food,0,8,0,1,308.2397979327915,0
31.0,99965.0,46149.25620819154,3501.0,41,151,4,travel,1,5,0,0,28.193157190692048,1
41.0,71840.0,9156.688070425258,2825.0,3,176,0,retail,1,1,0,1,64.7756462136121,0
46.0,,24837.783918949834,3523.0,69,211,2,online,1,5,1,1,59.11008067727918,0
,130209.0,62573.07360057498,505.0,14,170,4,electronics,1,8,0,1,11.438087082235468,1
42.0,109754.0,16990.837184050535,3190.0,26,3,1,travel,1,2,1,1,3.0144263358873395,0
47.0,102988.0,32444.70617233039,3940.0,70,91,2,food,1,15,0,1,39.48364761353612,0
69.0,83342.0,14498.850972602697,2082.0,58,3,1,electronics,1,23,1,1,60.249598227078785,0
33.0,139516.0,37845.39884818809,347.0,40,156,2,electronics,1,14,0,1,317.4581489102951,0
53.0,43951.0,5474.978342439563,3959.0,51,191,3,retail,1,11,0,1,22.205961168348974,0
54.0,26307.0,4987.013652465952,3118.0,5,81,4,food,1,22,0,1,113.34379713966598,1
61.0,105388.0,25852.637386754894,1827.0,77,159,1,food,1,7,1,1,24.057876639331184,0
55.0,115768.0,31889.33752339411,146.0,32,138,2,online,1,5,0,1,58.46435325742127,0
21.0,60428.0,29670.0575564188,2565.0,1,177,1,retail,1,2,0,1,45.59662843854189,0
41.0,133707.0,56577.61675498723,4425.0,77,214,2,online,1,22,0,1,2.7216896245463436,0
68.0,117021.0,46219.079637331306,925.0,54,94,2,retail,1,3,0,1,4.081571578920168,0
26.0,143418.0,45150.35651106579,3548.0,11,126,0,food,1,9,0,1,1.0491347410503293,1
48.0,100774.0,43937.373730856845,2110.0,53,113,0,retail,1,13,0,1,23.168014029222594,0
37.0,63975.0,15080.771364429647,2917.0,8,149,0,retail,1,20,0,1,68.48190229933567,0
25.0,142850.0,54791.49530386729,2924.0,25,100,1,retail,1,23,0,1,,0
51.0,26140.0,13005.005246554167,1992.0,40,53,3,travel,1,14,0,1,46.55156313033433,0
25.0,49842.0,11256.893631659272,3880.0,32,87,2,,1,6,0,0,17.042032816571982,0
58.0,51421.0,19005.562264507396,4538.0,28,230,4,food,1,6,0,1,79.72564827609952,1
23.0,26708.0,11690.784556712733,3577.0,78,204,0,retail,0,7,1,0,80.07253203998319,1
73.0,,23316.151667013448,1008.0,3,89,1,food,1,9,0,0,74.67494323092106,0
43.0,44595.0,17265.983340989536,2157.0,79,54,1,travel,0,18,1,0,37.20450195485262,1
57.0,101021.0,21562.242412609008,,62,185,1,retail,1,18,0,1,16.743345997179723,0
73.0,53308.0,12288.17957433496,405.0,27,20,4,online,1,1,1,1,82.89046973129483,0
57.0,69789.0,7558.372921559736,3608.0,45,113,4,travel,1,14,0,1,10.295923053862367,1
,80690.0,32627.355815325653,4520.0,25,49,0,travel,1,0,0,1,17.10758887814789,0
30.0,51086.0,5981.958206112339,948.0,61,234,4,travel,1,9,0,1,10.163842024197503,0
39.0,41859.0,18663.29316452653,1646.0,44,135,0,retail,1,5,1,0,56.075138463312705,1
37.0,32684.0,4819.721409394331,2734.0,46,29,4,electronics,1,21,0,1,57.95571288129421,0
41.0,116088.0,19589.92021633407,2520.0,14,48,4,online,1,12,0,1,52.85096853058152,0
34.0,26207.0,7616.031688440177,4646.0,8,221,4,online,1,9,0,1,26.85860545720543,1
29.0,71099.0,28094.923855232963,1659.0,48,13,0,food,1,11,0,1,5.277527085661304,0
66.0,92496.0,14392.459188837556,3700.0,14,3,2,retail,1,23,0,1,121.051308545337,0
21.0,91093.0,25144.25777641302,3445.0,65,2,0,travel,1,5,0,1,35.43649454143385,0
71.0,54689.0,16031.56133848569,3211.0,7,16,2,electronics,1,5,0,1,26.125699611610585,0
65.0,73651.0,13619.11991781337,4189.0,79,94,1,retail,1,0,0,1,44.436805236443575,0
33.0,38893.0,5687.064777695924,4376.0,49,102,1,retail,1,11,1,0,10.708598071205673,0
24.0,122808.0,53368.47228400817,2301.0,55,134,0,electronics,0,22,0,0,7.109799912888332,1
21.0,91418.0,27515.561908005,4493.0,13,45,2,travel,1,22,0,1,,0
69.0,128065.0,13543.19319452422,223.0,73,71,2,retail,1,9,1,0,12.888088726098118,0
60.0,85011.0,35805.99736223529,3247.0,56,133,2,online,1,13,0,1,14.004898201384874,0
52.0,63635.0,31328.62552302284,3872.0,56,56,1,online,1,14,0,1,111.51856500903851,0
54.0,81115.0,27771.381336410668,68.0,15,199,0,electronics,1,22,1,1,37.8319580421122,0
48.0,120071.0,36199.40789822859,2940.0,57,226,3,travel,1,23,0,1,33.03100486959824,0
51.0,103405.0,46673.536927265704,4948.0,58,127,2,electronics,1,3,0,1,58.47528295436335,0
,97702.0,46995.31815430587,2981.0,35,32,2,retail,0,0,1,1,151.35920040013102,1
59.0,103518.0,41595.060984156364,1537.0,16,49,3,online,1,7,1,1,5.950358481606431,0
46.0,131233.0,36506.549731127925,132.0,8,13,0,food,1,2,0,1,89.6483800690721,0
54.0,128651.0,43341.05009815566,3729.0,45,158,2,electronics,1,13,0,1,43.85580626176577,0
74.0,97805.0,37202.493350234174,1446.0,40,25,0,food,1,16,0,1,7.900886333567832,0
74.0,83954.0,14919.417351954095,1172.0,54,213,2,food,1,1,0,1,17.630540592502513,0
23.0,53064.0,14798.510229413228,3310.0,14,60,4,online,0,14,0,0,32.92389977110319,1
70.0,147813.0,63844.64824066242,3355.0,59,59,2,electronics,1,5,0,1,58.749372494812214,1
32.0,104063.0,37659.37357631739,2496.0,53,213,4,food,0,4,1,1,13.8936514042643,1
21.0,27454.0,7261.078584493697,571.0,27,156,0,retail,1,13,1,1,38.2728647725253,0
74.0,45878.0,16761.298534210222,3991.0,47,58,2,travel,1,18,0,1,57.70703652424445,0
64.0,76098.0,11208.395645556022,1747.0,6,20,1,travel,1,8,0,1,29.777503692695685,0
25.0,87154.0,22712.249100468493,914.0,55,162,1,online,1,7,0,1,99.39819341692206,0
50.0,37991.0,15851.79851430179,3564.0,44,133,3,electronics,1,2,0,1,101.80343565595389,1
50.0,93344.0,17567.66889059331,4500.0,18,210,1,electronics,0,17,0,1,31.809165392581324,1
37.0,129946.0,22660.581624422484,1736.0,16,188,4,travel,1,7,1,1,180.45853624975848,0
68.0,61593.0,29584.809488093102,2933.0,12,231,1,retail,1,15,0,1,3.9297136966448853,0
67.0,61304.0,11277.425713661716,3541.0,20,171,1,travel,1,14,1,0,0.16840219100957488,0
43.0,55386.0,11319.094581001684,3916.0,45,57,1,travel,1,20,0,0,23.955711354025926,0
35.0,80220.0,39135.03624756239,944.0,64,185,2,electronics,1,14,0,1,45.951857663520435,0
57.0,138613.0,54597.36362005841,84.0,59,203,3,food,1,15,0,1,49.604643495602524,0
41.0,94338.0,35833.21509294944,304.0,22,54,0,retail,1,0,0,0,32.35572992221173,0
34.0,119289.0,52626.79416145166,30.0,47,209,3,electronics,1,9,1,1,6.669902260963934,0
22.0,46083.0,6743.290039487277,3252.0,29,112,4,travel,1,18,1,1,9.346459087931272,0
31.0,43354.0,16577.810672275853,1048.0,45,173,2,food,1,4,0,1,95.57716981671742,0
71.0,47190.0,14226.626189679837,4665.0,77,86,2,retail,1,17,0,1,101.21401692617873,0
59.0,31142.0,13442.763695891475,1119.0,9,37,1,online,1,2,0,0,56.02733562412363,0
,53398.0,16193.300597313617,3781.0,24,84,1,retail,1,3,1,1,54.56465282769194,1
54.0,76971.0,26793.338911772975,381.0,15,48,4,retail,1,3,1,1,45.52563882617336,0
58.0,66862.0,19463.317622130307,4923.0,36,118,2,travel,0,10,0,0,11.340380646219554,0
70.0,123668.0,36019.983103321654,1184.0,13,182,0,travel,1,8,0,0,27.952733542294816,0
54.0,78410.0,31927.61039193128,1174.0,44,48,3,online,1,0,0,1,59.519054818428806,0
38.0,44503.0,15639.536211202418,1102.0,71,112,2,online,1,15,0,1,38.52866186631481,0
50.0,73456.0,25952.392694968345,,72,110,0,online,1,8,0,1,0.9377558431526594,0
35.0,125167.0,35060.90306149624,2021.0,78,6,0,electronics,1,10,0,1,153.4762681552973,0
47.0,107035.0,33442.421976194906,855.0,76,162,3,electronics,1,5,1,0,93.15720540519851,0
71.0,130388.0,51931.85402444392,2001.0,36,191,0,travel,1,16,0,1,15.092093484554022,0
54.0,33016.0,14209.306154159636,530.0,61,78,4,travel,0,11,0,1,47.915429240518606,1
72.0,27384.0,10368.254974525025,4476.0,40,176,0,online,1,21,1,1,128.3531789660386,0
58.0,87320.0,41008.02135440202,4206.0,27,23,4,electronics,1,7,0,1,5.046905010290295,0
53.0,40072.0,17156.010744093855,4766.0,1,126,0,food,1,15,0,1,34.96122860716262,0
44.0,127239.0,41320.29470062933,252.0,34,84,1,electronics,1,4,0,1,30.46264353158464,1
35.0,136431.0,50283.34075874308,2810.0,68,13,0,travel,1,20,0,1,26.399013452256508,0
50.0,105018.0,49413.417050284064,4617.0,21,47,4,electronics,1,0,0,1,90.26917548939758,0
62.0,65510.0,22775.679431345103,2906.0,33,44,0,travel,1,16,0,0,23.953925823730618,0
71.0,73933.0,31785.480833997135,2612.0,7,105,0,online,1,23,1,1,3.2890090233988305,0
37.0,46826.0,17584.296256441896,2283.0,65,160,0,online,1,20,0,1,3.4052566124333237,0
25.0,93026.0,29840.372769604386,1551.0,3,154,4,online,1,7,1,1,,0
49.0,146668.0,28854.769778071604,2775.0,51,181,0,food,1,9,0,1,26.30926762772553,0
24.0,136628.0,36944.07563597296,2124.0,79,14,3,food,0,17,1,1,,1
30.0,50518.0,24607.17280997986,4501.0,54,180,3,travel,1,14,0,1,11.390374399557583,0
37.0,49045.0,17808.54128904187,4717.0,74,121,4,retail,1,19,0,1,51.98913732486552,1
30.0,75876.0,24717.225551440475,3093.0,59,36,1,food,1,12,0,1,58.09173934378544,0
37.0,117446.0,55573.40953671527,1867.0,6,8,3,travel,1,9,0,1,14.732120240828822,0
40.0,115102.0,38513.67160838897,779.0,29,168,2,electronics,1,8,0,1,45.88429223716421,0
44.0,76919.0,23878.19649365929,1432.0,17,214,3,online,1,12,1,0,57.738237965606444,0
25.0,124441.0,50239.86085029868,416.0,60,150,2,online,1,2,0,1,31.425460356095194,0
54.0,52103.0,20063.106698422373,2982.0,22,16,4,online,1,21,0,0,20.527646252317968,0
26.0,143805.0,25491.45000366987,1882.0,24,91,1,travel,1,22,0,0,48.26768780745647,0
73.0,61188.0,17654.16428185653,2704.0,51,120,2,online,1,2,1,1,190.48931467656953,0
22.0,30845.0,8914.395533508043,2279.0,50,188,2,food,1,0,0,1,27.82964140409331,0
33.0,111698.0,28068.56876146045,4759.0,11,60,3,electronics,1,1,1,1,24.857239750241575,0
63.0,61674.0,18928.823287303225,1191.0,56,10,2,online,1,10,1,1,31.20595971091363,0
63.0,143325.0,38015.94711169718,1449.0,71,153,4,travel,1,13,0,1,3.963979590966124,0
,44337.0,7969.052386673539,3063.0,42,31,4,electronics,1,9,0,0,40.278101500303585,1
31.0,47313.0,12535.418244970795,3343.0,39,21,4,online,1,6,1,1,19.92676279605808,1
71.0,51943.0,6696.012595117405,2907.0,69,219,3,retail,1,22,0,1,6.4725363413933135,1
67.0,102949.0,34005.53151470516,2913.0,48,81,1,online,1,0,0,1,31.39201721235792,0
43.0,25276.0,11158.388951614219,238.0,57,33,3,food,0,6,1,1,0.16948626032524602,0
36.0,76151.0,29707.634704273496,3969.0,21,31,4,electronics,1,14,1,1,25.690273384944934,1
51.0,42611.0,10403.800176298295,1903.0,20,234,3,food,1,10,1,1,5.587671337806012,0
31.0,129641.0,17479.299264899124,1323.0,15,218,4,retail,1,5,0,1,1.2296319286357473,1
74.0,36944.0,6681.6829619913615,1080.0,69,149,0,retail,1,21,0,1,86.99870297713825,0
36.0,77887.0,24783.34246004851,984.0,77,36,0,food,1,6,0,1,123.99524096082403,0
28.0,106442.0,19460.028027782715,1748.0,51,193,2,electronics,1,6,0,1,11.639158699776683,0
24.0,74847.0,23770.602184138384,3295.0,76,132,1,retail,1,0,0,1,38.750221925437714,1
60.0,83653.0,16114.881287429776,767.0,62,68,0,retail,1,9,0,1,16.283609382818813,0
24.0,111072.0,48823.868812178545,3105.0,37,90,4,online,1,20,0,0,34.01919283797462,1
45.0,147589.0,38212.05976202024,330.0,6,132,3,travel,1,14,1,0,28.69105088632925,0
23.0,81622.0,16179.1332763365,2331.0,71,9,3,retail,1,7,1,1,15.670583223142096,0
,52810.0,22440.57823153893,565.0,26,30,2,electronics,0,23,1,1,60.26427988899806,1
23.0,102842.0,24387.49792740887,4949.0,8,115,3,electronics,1,18,0,1,6.761839975669703,1
,147225.0,21288.00993682587,1396.0,73,45,0,online,1,2,0,1,2.726652213159119,0
49.0,35503.0,11650.799269321396,4773.0,4,4,3,electronics,1,22,1,0,72.980994473468,0
52.0,109761.0,36509.32745732723,3057.0,21,69,0,online,1,14,0,1,54.82024102908082,0
70.0,61976.0,23915.191667363943,2437.0,31,237,0,retail,1,3,0,1,34.510188247686436,0
71.0,36590.0,7174.851624437932,2014.0,21,23,1,retail,1,5,0,1,,0
39.0,148421.0,41188.094367764046,1940.0,25,16,2,retail,1,9,0,1,34.39916476886616,0
41.0,35886.0,7641.822057105905,4851.0,15,22,4,retail,1,17,0,1,28.725920784882724,0
25.0,37866.0,5012.7576687026585,4780.0,35,229,0,travel,1,15,1,1,24.952453340563014,1
38.0,91624.0,41289.946114601626,2173.0,49,72,2,travel,1,17,1,1,34.626428885319534,0
48.0,,19577.396089766826,3877.0,43,48,4,retail,1,5,0,1,37.593417689953206,0
62.0,57792.0,12748.061252897205,2436.0,41,190,3,electronics,1,18,0,1,58.86691921138264,1
42.0,34764.0,11811.041089680693,3803.0,37,225,2,online,1,16,1,1,62.10228335281292,0
41.0,145832.0,26323.480300490555,2523.0,57,188,2,food,1,17,0,1,23.710951489984804,0
26.0,145356.0,66296.09375909844,3813.0,42,230,2,online,1,12,0,1,26.682585288118478,0
21.0,111156.0,16224.611801094603,2337.0,47,107,3,food,1,6,1,1,,1
25.0,67727.0,6876.651341522733,627.0,61,208,3,food,1,19,1,1,38.45130392279329,0
61.0,103471.0,31124.416091308365,,14,133,2,retail,1,11,1,1,30.197650355708163,0
32.0,33068.0,11019.948346375793,3318.0,68,208,1,food,1,1,0,1,110.18065544212344,1
46.0,141923.0,47059.69806093658,1002.0,53,7,0,retail,1,11,0,1,59.595833113585286,0
66.0,32295.0,3933.6850786418404,1387.0,34,51,3,travel,1,11,1,1,114.4619197642466,0
54.0,66160.0,14926.855306289399,4391.0,76,65,1,electronics,1,23,0,1,61.74514420130821,1
,36390.0,10905.339870222426,3184.0,24,9,3,food,1,3,1,1,177.009437254057,0
34.0,131752.0,24589.096345904098,4792.0,20,82,2,electronics,1,3,0,1,50.49392680106912,0
46.0,45131.0,20266.091535145595,1315.0,69,45,1,retail,1,17,1,1,165.59088055081318,0
65.0,119754.0,16148.07434006583,4843.0,30,122,4,food,1,15,0,1,8.608852759029286,1
47.0,100969.0,29781.1878764738,3088.0,7,175,0,online,0,13,0,1,2.695239322505923,1
29.0,40038.0,15076.966444284635,2696.0,36,195,0,travel,1,16,0,1,43.27099207729025,0
46.0,77327.0,15828.87092803965,2993.0,38,152,3,travel,1,16,0,0,205.19916065594344,1
67.0,118718.0,41515.24472594854,2533.0,52,220,0,food,1,2,0,1,27.030339596572627,0
42.0,102064.0,44066.546385652524,3592.0,15,10,4,travel,1,5,0,1,11.91561094010086,1
67.0,46281.0,8151.694217749558,1495.0,46,73,1,online,1,22,1,1,36.859284751253504,0
50.0,79189.0,36972.41257840763,2110.0,23,205,1,electronics,1,12,0,1,52.3197750440858,0
63.0,73511.0,23628.15651781704,4591.0,12,48,2,online,0,8,0,1,18.929867205925248,1
68.0,147115.0,32320.10652510021,3725.0,44,163,1,travel,1,20,0,1,62.7228578785483,0
37.0,33605.0,9152.096937688484,2011.0,15,182,3,electronics,1,8,1,1,184.67351287870503,1
46.0,125318.0,28181.10499693703,1397.0,49,87,4,online,1,7,0,1,113.63341565948095,0
56.0,26381.0,10289.763004080325,3193.0,21,111,2,retail,1,16,0,0,17.236286303531152,0
21.0,91634.0,38350.68599655289,1040.0,15,209,3,retail,1,15,1,1,19.779972938894876,0
28.0,44810.0,19410.56981991968,1775.0,14,238,3,electronics,1,15,0,0,23.224242245415194,0
69.0,143343.0,70855.49128014756,4773.0,42,199,3,electronics,1,18,0,1,25.089394238259803,1
55.0,49322.0,20543.28954980857,1230.0,15,16,0,electronics,1,23,0,1,5.285778889428435,0
,66869.0,22772.48056914942,4940.0,63,53,3,retail,1,15,1,1,71.76642391892365,1
35.0,57955.0,13659.304957318333,4981.0,68,40,0,,1,13,0,1,22.73323481335069,0
67.0,86388.0,27457.40464928969,3816.0,27,100,1,electronics,1,19,1,1,105.93822331229441,0
42.0,135252.0,15747.021002499167,2424.0,53,20,0,retail,1,13,1,1,130.82413932666162,0
34.0,35207.0,14009.922573672662,4355.0,52,216,3,electronics,1,13,0,1,1.2367352758323302,0
46.0,112329.0,31270.39616986028,1628.0,63,239,4,electronics,1,13,1,0,223.28376147646526,0
48.0,92628.0,10004.684689453232,1273.0,73,69,4,electronics,1,11,0,1,61.89763717786183,0
43.0,53220.0,6652.6477708736265,881.0,53,45,1,retail,1,5,0,1,36.73933233021781,0
34.0,109050.0,27806.287151905028,844.0,57,6,3,online,1,19,0,1,24.676110450670667,0
44.0,128546.0,42853.201033497506,2832.0,52,220,0,retail,1,12,1,1,36.544335352010485,1
22.0,99085.0,28306.759312768594,928.0,43,197,4,retail,1,15,0,1,19.62433890621099,0
65.0,,17384.086345843098,1734.0,7,177,2,,1,8,0,1,48.73411769115086,0
46.0,95721.0,27961.798698306946,2423.0,42,39,3,food,1,1,0,0,,0
,105807.0,38585.85951153794,1323.0,4,102,3,food,1,21,0,1,48.527130838327025,0
71.0,,9382.521293416019,4508.0,69,130,2,food,1,2,0,1,16.10296963253653,1
27.0,84766.0,12302.706241922742,,5,107,4,retail,1,9,0,1,0.8896087621664637,0
23.0,37449.0,12679.242066710536,2578.0,75,39,2,electronics,1,19,0,0,40.22693298339788,0
67.0,114833.0,33746.6405193388,1148.0,41,118,1,food,1,1,0,1,43.19057805331166,0
43.0,81699.0,9047.924187126868,219.0,4,149,0,travel,1,23,0,1,27.805883586482505,0
66.0,131127.0,33069.279279618124,1074.0,2,168,0,travel,1,9,0,0,3.7516017010799776,0
63.0,106253.0,15135.764734069899,4921.0,67,229,4,travel,0,7,1,0,111.90683792312299,1
67.0,130659.0,40836.52091199017,2230.0,21,82,2,online,1,16,1,1,47.264201132963166,0
65.0,129769.0,33520.76948474178,243.0,70,54,3,electronics,1,21,0,0,6.148697358543306,1
38.0,136041.0,46969.619655346265,802.0,43,110,3,retail,1,0,0,1,35.762541471447825,1
58.0,141185.0,59614.07970283044,3120.0,69,12,3,retail,1,5,1,1,34.38354175237103,1
55.0,71092.0,15630.818428663706,2176.0,9,209,1,electronics,0,6,0,1,3.1151507561644864,1
71.0,88671.0,42991.322271366866,344.0,28,165,1,online,1,14,0,0,46.679437126518415,0
35.0,35350.0,11108.871838308303,1369.0,26,110,3,electronics,1,17,0,1,82.59806739838481,0
45.0,121158.0,42080.15063821305,1224.0,3,38,4,online,1,8,0,1,69.11672145022798,0
57.0,125859.0,46853.39768872722,4429.0,73,143,1,food,1,7,0,0,11.343111236136409,0
48.0,145097.0,53205.997915098684,293.0,49,7,1,food,1,9,0,1,99.1311811557845,0
30.0,93487.0,28456.348742021488,222.0,17,78,0,online,1,3,1,1,20.96873236335167,0
,42622.0,11572.116646356017,1668.0,63,178,0,electronics,1,19,0,1,146.41151204657433,0
37.0,,6075.639283547558,4088.0,55,65,4,food,1,7,0,1,3.7225996397941654,1
59.0,95263.0,10367.885552370515,4857.0,23,102,1,electronics,1,0,1,1,33.29690523821632,0
42.0,78117.0,18996.84185332639,1427.0,34,195,1,food,1,7,1,0,45.45636964515401,0
46.0,128990.0,30114.567313136005,2396.0,69,101,2,electronics,1,22,1,1,14.227688433330577,0
64.0,,12753.903096780134,1804.0,15,44,4,electronics,1,11,1,1,73.78474339302142,1
,127005.0,19729.88134152183,114.0,47,31,4,travel,1,22,0,1,49.294860982475036,0
37.0,126084.0,49836.883288946956,4875.0,3,171,2,online,1,14,1,1,0.91377100523453,0
,48782.0,21599.975232645796,3903.0,28,77,2,retail,1,12,1,1,46.871708196141135,0
40.0,141276.0,67174.73953084086,3855.0,3,48,0,online,1,15,0,1,33.81236304530096,0
45.0,53454.0,15872.893828935232,3700.0,4,82,4,electronics,1,22,0,1,10.909616549476391,1
24.0,92904.0,35335.690764619525,3302.0,31,127,4,electronics,1,17,0,0,273.0209610285127,1
30.0,40592.0,17950.612481003576,388.0,45,209,2,online,1,0,1,1,113.7301119485517,0
,47173.0,12610.118633445205,3303.0,59,209,3,electronics,0,16,0,1,17.301426294502996,1
61.0,58204.0,13024.024925055739,3339.0,45,189,3,food,1,15,0,0,38.94297962017783,1
65.0,60596.0,28764.304474599237,4818.0,75,203,0,electronics,1,22,0,0,19.026587681772813,0
38.0,59324.0,18169.198286438514,3448.0,37,84,3,online,1,4,0,1,74.69303241544239,1
67.0,147258.0,44015.64513263981,234.0,65,10,3,online,1,19,0,0,133.20030206826755,0
56.0,136668.0,23420.308434055936,747.0,9,29,3,online,1,20,0,1,22.22292369466278,0
,86202.0,12349.471426500999,245.0,17,48,1,travel,1,9,1,1,81.88781836571256,0
42.0,114400.0,49974.8100272455,4288.0,65,226,0,travel,1,5,0,1,34.498366354175744,0
54.0,,17282.663523750365,721.0,3,209,2,travel,1,11,0,1,25.2569711538287,0
67.0,138365.0,31869.587427140406,1898.0,26,190,3,travel,1,9,0,1,139.37241066207943,0
28.0,55750.0,9850.717647802943,4728.0,53,116,1,travel,1,21,0,1,35.70880622309428,0
60.0,101112.0,32578.176397004707,1269.0,31,234,3,travel,1,16,0,1,31.500216044382345,0
69.0,41566.0,13865.07567097134,758.0,26,13,1,travel,1,1,0,1,55.80334723062216,0
64.0,32190.0,5884.249609631369,3996.0,23,172,0,online,1,18,0,1,15.138716219502374,0
39.0,113607.0,50050.96112028268,3561.0,30,47,3,retail,1,19,0,1,19.6367888544769,1
62.0,63333.0,8467.986040699408,519.0,10,103,1,travel,1,5,0,1,134.4460931710436,0
,146929.0,35621.06036416687,1833.0,72,192,4,online,1,12,0,1,56.74252857273972,0
57.0,105905.0,39412.94453580797,4890.0,64,91,4,retail,1,8,0,1,87.6184234626638,0
26.0,114571.0,24019.59768125186,2951.0,22,53,1,travel,1,11,0,1,15.811743363991893,0
72.0,145263.0,62618.532727804755,4242.0,15,218,3,retail,1,17,0,1,39.24012327414484,1
46.0,26589.0,10527.83825659125,2144.0,56,92,3,retail,1,7,1,1,177.71090224156183,0
54.0,149467.0,62119.85100243039,1787.0,74,77,0,food,1,17,1,1,19.187913207151606,0
65.0,50235.0,7416.826731906737,1232.0,20,204,0,electronics,0,22,0,0,8.746039089672283,0
26.0,25159.0,3930.310077295946,3677.0,47,44,2,food,1,21,0,1,35.75798523293235,0
57.0,37145.0,7970.926795409024,1787.0,53,156,0,retail,1,1,0,1,24.53653502537977,0
53.0,105909.0,32538.513795563398,1314.0,53,2,3,online,1,7,0,1,8.69251097266718,0
73.0,56921.0,22723.229240722678,4869.0,1,101,2,travel,1,9,1,1,109.7095812858868,0
42.0,129859.0,56438.32597732807,711.0,2,57,0,electronics,1,8,1,1,234.01576084387278,0
41.0,41237.0,15741.5701696505,2999.0,58,57,1,travel,0,23,1,1,42.033912005411516,1
26.0,132507.0,62468.934792392116,161.0,19,34,4,online,0,17,1,0,74.51096613359435,1
26.0,33244.0,13147.915693468794,1335.0,62,215,0,electronics,1,7,1,1,97.96337750391919,0
68.0,39743.0,8843.101853289761,1311.0,78,58,0,food,1,18,0,1,60.362576343660955,0
24.0,122102.0,25156.981992123357,3732.0,72,180,1,retail,1,2,0,0,2.25803052714171,0
50.0,71101.0,26910.091763543118,1721.0,12,237,3,online,1,8,1,1,8.577047746458764,0
31.0,136645.0,24206.41954343694,816.0,26,157,1,retail,1,12,0,1,3.6817452653721965,0
50.0,146534.0,20087.748834908834,4340.0,27,35,0,retail,1,8,0,0,0.49643668974316757,0
51.0,109227.0,34175.943180767,2732.0,29,75,3,travel,1,19,0,1,18.263907189366652,1
44.0,124532.0,53381.467187085145,4666.0,15,176,2,online,1,11,1,1,24.908301489186186,0
29.0,81378.0,11437.835528205023,1335.0,46,33,0,retail,1,22,0,0,13.789633769595047,0
23.0,96126.0,40061.1381564753,4143.0,1,115,1,food,1,12,0,1,3.3393001396099997,1
71.0,81071.0,34425.081585913744,1169.0,60,75,2,electronics,1,7,1,0,37.736566530216336,0
51.0,96121.0,28154.763664735223,2879.0,57,73,4,online,1,14,0,1,15.96340637952029,1
60.0,99763.0,12263.279383030478,4526.0,3,78,2,travel,1,12,1,1,79.49087167050195,0
57.0,118814.0,20178.887434433283,1252.0,18,9,1,online,1,20,0,1,0.40426095487398644,0
56.0,129350.0,49537.23547687839,357.0,52,231,2,travel,0,12,0,1,92.42507948374708,0
44.0,37237.0,14325.490135051194,1841.0,60,48,1,electronics,0,16,1,1,154.7816957407263,0
51.0,40649.0,18671.79743211617,1579.0,34,67,0,food,1,14,0,1,62.96283642133712,1
26.0,62713.0,20888.098523551023,3945.0,60,221,3,retail,1,21,0,1,66.14608820712195,1
22.0,98463.0,14734.293498880665,1928.0,26,211,4,online,1,18,0,1,135.57453935886232,0
40.0,70409.0,10460.380832679833,3242.0,72,164,3,travel,1,2,0,1,11.727371787821182,1
48.0,73766.0,28654.61978911338,3768.0,19,224,3,electronics,1,13,0,1,260.7500155035279,1
31.0,71154.0,12346.205624435039,2365.0,22,199,3,retail,1,9,0,1,74.24636751055486,1
24.0,32016.0,7407.036062290095,1407.0,33,119,1,electronics,1,16,0,1,64.83561109540716,0
35.0,104563.0,30834.039631910437,2790.0,38,220,1,food,1,7,1,0,22.399629290929532,1
26.0,73688.0,8098.749719532572,1834.0,35,172,4,retail,1,17,0,1,39.45840403792649,0
74.0,114678.0,22881.4273522367,2501.0,67,210,1,retail,1,11,0,1,53.05394630009433,0
69.0,137056.0,36067.08727342951,4070.0,10,188,1,,0,16,0,0,48.42433500867476,0
50.0,79238.0,16786.92904190587,414.0,15,191,1,travel,1,22,0,1,61.03639255203566,0
58.0,83608.0,12921.4601355633,1731.0,11,133,1,retail,1,10,1,1,4.298690631109876,0
71.0,114081.0,44629.0465526592,2835.0,24,215,0,electronics,1,8,0,1,21.975539504068582,0
22.0,141572.0,60204.77593497679,3855.0,77,119,4,travel,1,21,1,0,28.458061504979277,0
35.0,56897.0,11549.612522259806,4220.0,4,86,1,retail,1,23,0,1,15.097792855751246,0
31.0,75961.0,31126.371691915767,3202.0,13,218,4,electronics,1,23,0,0,9.474999224453521,1
28.0,93703.0,23821.310258038524,74.0,73,106,2,electronics,1,22,0,0,7.478827517894121,0
46.0,69757.0,21113.65228504107,1309.0,57,76,0,online,1,14,0,1,22.81556135545969,0
71.0,51917.0,22968.103122091128,4930.0,37,40,1,electronics,1,8,0,1,34.00579296876818,0
65.0,47736.0,19093.5155818079,1425.0,48,19,0,food,1,11,0,1,3.2523426569749256,0
64.0,52990.0,22364.2567804977,3603.0,71,47,0,retail,1,10,0,1,146.3645326500756,0
25.0,87551.0,13547.47247192085,978.0,1,65,2,retail,1,16,1,1,72.4602858840317,0
26.0,83161.0,10635.274868703511,378.0,60,195,4,retail,1,5,1,0,65.62465110453739,0
46.0,104623.0,47850.57318854899,242.0,12,219,0,electronics,1,7,0,1,9.489097320579983,0
74.0,,12756.685391421888,2252.0,21,146,3,electronics,1,9,0,1,46.2919041582636,1
24.0,60205.0,12953.218407274055,3093.0,11,178,2,retail,1,14,0,1,37.72187679480953,0
39.0,146156.0,56983.08229515649,930.0,44,30,3,travel,1,3,1,1,202.1887870021362,0
40.0,105811.0,45981.888275884485,698.0,58,126,2,travel,1,17,0,1,68.85122696528322,0
53.0,148768.0,66201.14242822658,4282.0,44,66,3,food,1,10,0,1,42.8730193188376,1
40.0,80103.0,18135.227598221634,1479.0,78,5,3,online,1,8,0,1,95.12762453643428,0
69.0,95812.0,42242.069450325915,4735.0,34,93,0,food,1,8,0,1,8.42651104986814,0
32.0,66627.0,7753.622364731805,4269.0,25,97,0,retail,1,7,0,0,0.7666744536502446,1
67.0,131122.0,15716.885633272504,3632.0,4,170,2,retail,1,2,0,1,58.59679766745266,0
21.0,128032.0,44735.36383861494,2110.0,64,212,4,retail,1,20,1,1,5.174305907348545,1
46.0,44008.0,5511.674036814784,2275.0,16,94,0,online,1,17,0,1,6.132887136991053,1
34.0,96274.0,22127.96923565892,3799.0,10,106,0,electronics,1,13,0,1,68.26202318757943,0
58.0,57402.0,21187.21564901837,833.0,66,133,1,online,1,2,0,1,15.772183828289736,0
57.0,78384.0,18412.93135212579,3441.0,35,178,0,food,1,16,0,1,49.527984098865254,0
31.0,30793.0,5291.466427953949,4161.0,6,85,4,electronics,1,3,1,0,124.69147264863467,1
56.0,127827.0,27168.382375884405,4223.0,19,58,1,electronics,1,20,1,1,19.024568091334114,0
33.0,30571.0,8652.514192891182,807.0,59,79,3,food,1,17,0,0,12.240335478555911,1
63.0,121867.0,35360.23921384263,789.0,53,212,3,electronics,1,14,0,1,5.633966298819713,0
23.0,41209.0,17027.56261343474,2860.0,8,8,1,travel,1,18,0,0,6.989682925539752,1
53.0,138550.0,55428.49197509443,2902.0,78,159,1,food,1,21,0,1,3.2121386639689784,0
26.0,115930.0,32776.5552328771,1903.0,10,12,1,food,1,5,0,1,4.586161864696091,0
70.0,68148.0,29867.015402553232,3316.0,67,149,2,travel,1,14,1,1,28.282096959148785,0
30.0,,7284.742771827918,2912.0,38,94,4,online,1,6,0,0,19.346770784258492,1
25.0,27224.0,5503.095842652646,4813.0,29,190,4,online,1,11,0,0,61.304243250494636,1
43.0,131693.0,56784.7817632008,3728.0,15,91,3,online,1,15,1,1,102.10407340177422,1
30.0,73695.0,18512.008270621744,31.0,23,236,3,electronics,1,8,0,1,76.80314688663702,0
64.0,145779.0,71792.166583763,1510.0,46,218,3,travel,1,19,1,1,37.81896847705454,0
22.0,134988.0,38674.23918675179,852.0,28,33,0,food,1,4,0,0,5.40388331255418,0
33.0,133944.0,55824.41003290337,1770.0,26,154,3,food,1,10,1,0,61.853610432039716,0
60.0,57441.0,14987.667505617932,3651.0,10,218,1,food,1,1,0,0,22.535839078569456,1
22.0,131966.0,35628.36643863707,201.0,47,100,3,electronics,1,21,0,0,4.477113973813807,0
40.0,64129.0,16234.465340874962,405.0,4,168,1,electronics,1,15,0,0,92.4058277960059,0
21.0,125252.0,48551.463848088075,4672.0,55,193,2,online,1,3,0,1,20.640842088649865,0
57.0,87368.0,27871.01699782144,4336.0,66,187,0,,0,4,0,0,12.310939460795383,1
29.0,135395.0,64652.63495548813,883.0,67,15,0,online,1,6,1,1,102.57267031112885,0
37.0,117122.0,23466.110261242968,2631.0,7,114,4,online,0,5,1,0,116.20773693537913,1
29.0,69760.0,9782.102476056432,4345.0,55,129,2,food,1,23,0,1,20.697866043879664,0
31.0,48478.0,12473.612109855902,99.0,31,11,1,electronics,1,21,0,1,21.909856624382314,0
35.0,96854.0,33577.837034568336,2289.0,74,55,2,online,1,9,1,1,43.330825023598706,0
44.0,119230.0,52976.22289937379,466.0,19,2,0,travel,1,13,1,1,66.10807620254712,0
58.0,110716.0,26403.413802279665,2290.0,28,65,1,travel,1,7,0,1,3.261562152399452,0
55.0,,18075.735022489233,4459.0,28,223,2,electronics,1,13,1,1,44.98934083871083,0
50.0,123538.0,29658.937862498573,1014.0,19,172,0,food,1,13,0,1,152.68932572662683,0
51.0,40372.0,14004.555601860906,4544.0,20,16,1,food,1,19,0,1,15.19693472137463,0
69.0,54796.0,24873.17450619662,354.0,13,150,1,online,1,22,0,1,119.74994133088614,0
25.0,83272.0,16033.445434490204,2721.0,77,106,0,electronics,1,2,1,1,149.95523846460136,0
64.0,143295.0,37499.822442291275,4762.0,43,146,1,travel,1,0,0,0,15.677601024505625,0
70.0,114963.0,57171.798710861185,2472.0,11,175,0,online,0,8,0,1,70.16223364752084,1
34.0,123826.0,55402.577032007095,1126.0,48,209,3,online,1,8,0,1,13.641315607448396,0
73.0,145592.0,47442.01847632953,635.0,15,30,3,retail,1,21,0,1,66.89638799529256,0
31.0,118635.0,36379.54574385278,4389.0,17,10,1,electronics,1,1,0,1,79.83101334979557,0
29.0,136022.0,29086.96528073893,1989.0,54,227,1,online,0,15,0,1,14.198163370050024,0
54.0,79040.0,24256.093265958625,4004.0,50,186,0,travel,1,7,0,1,62.91608963556653,0
32.0,100357.0,44084.08024915227,1688.0,28,62,1,retail,1,5,0,1,83.59347642986832,0
55.0,96368.0,36048.358998221265,232.0,4,85,4,travel,1,22,1,1,22.203452599475256,0
55.0,103356.0,22326.716230545593,753.0,22,208,3,food,0,12,0,1,9.178283077956163,1
21.0,41211.0,7442.111860214859,472.0,39,134,1,retail,1,0,1,1,4.82359391820719,0
60.0,130426.0,26878.635458539375,1578.0,34,67,1,retail,1,18,0,1,42.828231987784534,0
42.0,30842.0,5178.4853157430225,3357.0,44,41,2,online,1,14,0,0,191.0591384925992,0
49.0,88115.0,12182.451972051895,1746.0,42,171,1,food,1,0,0,1,86.56624539751886,0
28.0,91852.0,24584.598357940653,4049.0,40,213,4,online,1,9,0,1,28.620836988371757,1
31.0,70968.0,10313.058529974505,3961.0,12,205,3,electronics,1,0,0,1,38.460488779319455,1
61.0,42508.0,7173.8636015455,674.0,2,18,2,travel,1,11,1,1,16.392428357659274,0
57.0,47005.0,14991.298714951019,1366.0,28,58,0,travel,1,10,1,1,8.900495308259224,0
34.0,79575.0,13196.694881857464,1024.0,74,60,0,online,1,16,0,1,32.89683625608599,0
50.0,105742.0,13276.109747071414,2142.0,67,88,3,travel,1,3,0,1,31.134581807309285,0
55.0,43971.0,9979.462049830456,2678.0,71,27,0,travel,1,22,1,1,36.899900748770015,0
41.0,50599.0,9519.070428469175,1064.0,72,68,4,electronics,1,6,0,1,152.67292714442866,0
57.0,112592.0,34466.89669066515,1774.0,76,22,1,food,1,11,0,1,46.30383545498352,0
25.0,91914.0,12954.987284952442,4468.0,10,152,3,retail,1,12,1,1,46.54127212139294,0
39.0,143062.0,57326.13297100089,,57,40,2,online,1,4,1,0,6.849712662642306,0
34.0,92055.0,42574.830652640674,1422.0,37,109,1,online,1,5,0,1,282.5908133559658,0
46.0,112697.0,44782.8655197365,677.0,77,74,0,electronics,0,1,0,1,74.10612148189848,0
24.0,131239.0,41094.97502460863,3380.0,64,66,0,electronics,1,20,0,1,104.86127478378818,0
45.0,129397.0,57486.83365440655,1404.0,79,168,2,,1,6,1,1,26.74741345149425,1
65.0,148106.0,55979.23262236798,108.0,40,6,4,food,1,13,1,1,34.870622774870036,1
62.0,30355.0,3163.6117287902052,4080.0,60,112,2,online,1,21,0,1,36.915994741938896,0
45.0,79120.0,20384.165155007475,431.0,48,18,3,electronics,1,13,1,0,10.789441887950598,0
38.0,99619.0,43870.29090680241,3660.0,19,81,2,online,1,9,1,1,58.476822747789434,0
60.0,63342.0,15097.156712747803,4167.0,72,102,0,travel,1,3,0,1,116.64021832792835,0
28.0,110992.0,12662.641015977963,1142.0,33,237,4,online,1,2,1,1,8.938741780902134,0
59.0,103860.0,41385.2869040156,1712.0,44,215,4,,1,22,0,0,4.513649430759287,0
60.0,27257.0,11470.162853240061,3630.0,37,110,2,food,1,13,0,1,67.01233208948692,0
34.0,52364.0,8600.131298899123,3200.0,36,30,3,online,1,5,0,1,15.955323132588472,0
52.0,49972.0,15737.991723298983,607.0,21,122,0,travel,0,22,1,1,48.89003107978239,0
71.0,136715.0,24168.77513692026,401.0,2,149,1,food,1,14,0,1,59.49664762794102,0
58.0,51654.0,20025.933872522543,1085.0,31,62,4,electronics,1,7,0,1,19.423819128328038,0
53.0,105769.0,22065.548037466993,2660.0,30,138,2,online,1,4,1,0,84.40906836126581,0
43.0,106423.0,24103.324795422912,2394.0,76,120,3,travel,1,2,0,1,39.92416061634377,0
35.0,54320.0,23791.526707892124,819.0,44,107,3,electronics,1,2,1,1,101.62767181696555,0
53.0,45808.0,13308.549723957549,3319.0,12,141,0,online,1,12,0,0,72.04672619804792,0
45.0,77389.0,28471.550890131595,3748.0,51,76,4,travel,1,1,0,1,101.46618706997492,1
37.0,120690.0,31493.961396677845,1169.0,49,9,0,electronics,1,23,0,1,1.0183698254272004,0
53.0,143581.0,31473.34902509464,1541.0,24,196,1,food,1,0,1,1,13.953051085736657,0
67.0,59773.0,20931.980042305317,4986.0,24,39,1,online,0,11,0,1,4.715970263703937,1
22.0,,8097.151481576426,2692.0,60,24,1,online,1,7,0,1,29.177255199705993,0
34.0,52747.0,13144.54893065813,263.0,11,125,3,food,0,18,1,1,110.34562240591441,1
73.0,101396.0,18617.807777113194,3558.0,13,118,4,retail,1,8,0,0,31.51239970739815,1
60.0,133374.0,50457.783168302005,3195.0,72,34,0,electronics,1,13,1,0,94.76043881392098,0
60.0,132692.0,63384.783671128695,1241.0,74,231,0,food,1,17,1,1,19.81374127265479,0
71.0,108692.0,54150.83125423222,2433.0,72,61,1,online,1,9,0,1,20.743212559659042,1
59.0,82505.0,23110.53529819338,3585.0,64,169,4,electronics,1,8,0,1,112.95795514764637,0
,110896.0,22291.44403564926,4271.0,20,133,4,electronics,1,5,0,1,27.740368665395863,0
26.0,43135.0,11954.077956611129,1583.0,72,79,2,retail,1,0,0,1,77.97658232753332,0
26.0,115887.0,50863.704044940074,2918.0,73,50,4,online,1,4,1,1,13.501509247149762,1
23.0,147118.0,26834.657366887604,4722.0,71,132,4,travel,1,9,1,1,148.60159758546445,1
27.0,121035.0,58198.25887912465,1635.0,78,51,0,retail,0,12,0,0,42.73371205089761,0
71.0,,11837.31537596302,4008.0,28,52,4,retail,1,21,0,1,71.21509279032803,0
,48554.0,24001.284352380044,3893.0,2,122,4,travel,1,22,0,1,4.688931150539383,1
62.0,87491.0,38097.39207169355,3525.0,43,167,0,travel,1,3,0,1,33.9291109065425,0
72.0,80621.0,34137.2060133987,3413.0,8,8,4,,1,0,0,1,115.65121852378857,1
35.0,139667.0,31727.01682875728,4608.0,13,113,0,electronics,1,20,0,0,104.7942515099334,1
67.0,83283.0,8620.697017063765,4690.0,35,45,2,food,1,1,0,0,,1
49.0,110140.0,27849.247431237716,1968.0,23,88,3,food,1,23,0,1,18.098623922817055,0
53.0,41923.0,9253.401681747644,4019.0,46,28,0,retail,1,3,0,1,29.28823610346359,0
72.0,72591.0,8344.973972306003,2745.0,15,119,0,electronics,1,16,0,1,9.4530999926353,1
50.0,87261.0,26365.57105918557,4501.0,2,107,4,travel,1,9,1,1,65.4663532205313,1
59.0,,13060.62622565473,3184.0,61,27,0,retail,1,22,0,1,10.198428326552325,0
47.0,79336.0,28070.86876989665,411.0,76,193,1,online,1,11,1,1,21.281326607506237,0
56.0,99083.0,34527.90174478254,984.0,64,162,1,electronics,1,1,0,1,54.42527229394377,1
49.0,85948.0,12745.972744819146,233.0,52,81,2,online,1,2,1,1,32.89762656879948,0
58.0,134819.0,66167.30718529805,4623.0,36,101,0,,1,13,1,1,67.07963453212903,0
53.0,58002.0,10137.158708185123,245.0,67,62,4,retail,1,14,0,1,162.47693464273632,0
57.0,105098.0,29228.76378188837,3508.0,69,62,4,electronics,1,12,0,1,6.195841633265583,0
47.0,141236.0,41699.5077457628,4221.0,67,166,3,online,1,8,1,1,61.81924163910971,0
53.0,98016.0,41678.86525269568,3244.0,47,26,2,electronics,1,1,1,1,13.090590970755619,0
24.0,51672.0,7218.156675761035,235.0,2,121,4,food,1,18,1,1,26.76246742489368,0
42.0,29213.0,7930.094131407535,2287.0,44,24,3,online,1,15,1,1,1.6707417378620792,0
22.0,35293.0,12401.990837658537,4287.0,64,39,4,online,1,10,0,0,7.303765975135991,1
30.0,124977.0,23253.50164948384,1351.0,78,124,3,electronics,1,11,0,0,19.266750916455855,0
25.0,80860.0,28380.821717689858,4046.0,28,21,1,food,1,0,0,0,20.926438768942095,0
30.0,87507.0,41081.555575782986,219.0,54,94,1,online,1,1,1,1,114.9222918085363,0
53.0,82134.0,40985.461674294595,3737.0,74,175,4,retail,1,15,0,1,67.7035399489366,1
74.0,27100.0,3061.7696724109246,3938.0,67,115,2,electronics,1,1,0,1,179.10533953698416,1
58.0,135153.0,26251.482324781162,4999.0,36,176,0,electronics,1,18,0,1,45.6986098795662,1
33.0,86997.0,19498.015261012122,2813.0,63,121,2,online,1,9,1,1,13.834715124375377,0
51.0,53172.0,13806.133205143895,1119.0,25,13,2,food,1,18,0,1,19.849186092313854,0
67.0,45132.0,8886.62001444629,2036.0,48,229,0,online,1,9,0,1,19.271061032052067,0
56.0,142861.0,25914.2993560666,403.0,39,131,1,travel,1,15,0,1,19.76294304946923,0
,43199.0,20814.208575437435,853.0,47,160,1,online,0,12,0,0,55.8842775868606,1
44.0,61609.0,28796.578970035534,1534.0,21,163,0,travel,1,15,1,1,37.83715296919855,0
72.0,67965.0,8074.038132270752,613.0,30,19,3,retail,0,17,0,0,24.341148480414738,1
35.0,33016.0,7776.100288522267,591.0,31,142,2,electronics,1,23,1,1,8.072432107026229,0
49.0,64779.0,16975.9472634934,1949.0,26,176,4,electronics,1,7,1,1,1.119395623443139,0
28.0,127797.0,24997.836194681426,142.0,22,214,1,food,1,23,0,1,12.348423555905077,0
25.0,56881.0,19996.46770143377,2848.0,21,81,4,online,1,17,0,1,5.6848362735199585,0
49.0,107594.0,38319.850421776195,3395.0,1,123,0,retail,1,12,0,1,76.95946535107849,1
67.0,49472.0,21777.65807354894,3780.0,37,68,4,travel,1,6,0,1,5.967222829021829,0
24.0,131882.0,52271.12834127173,2278.0,77,173,4,food,1,20,0,1,64.40908510689893,0
32.0,125462.0,39775.133899121094,985.0,46,232,2,retail,1,22,1,1,24.36023127177245,1
65.0,76813.0,27762.884226968814,1823.0,9,19,0,retail,1,23,0,1,3.8104992086655263,0
22.0,125368.0,26276.570225794036,3273.0,17,64,4,travel,1,17,1,1,83.76020585843344,1
47.0,61021.0,20577.652707199257,1553.0,47,101,1,travel,1,5,0,1,43.331067982334744,0
51.0,79131.0,23398.316758246347,2845.0,59,66,0,electronics,1,8,0,0,13.443769129420655,0
71.0,49087.0,7526.89194686347,2748.0,54,207,1,online,1,5,1,1,112.53815472777309,0
71.0,37828.0,7452.785957832247,1367.0,12,66,3,food,1,17,0,1,2.315723040879768,0
56.0,86610.0,18766.427906798628,4144.0,64,75,4,online,1,16,0,1,11.271032609443182,1
56.0,121664.0,57148.47966635297,1326.0,6,45,0,food,1,11,0,0,69.72578878730508,0
46.0,148619.0,28557.8327835566,171.0,53,87,1,retail,1,2,0,1,61.786579273903165,0
63.0,26401.0,5694.631311336824,1919.0,16,202,4,travel,1,4,1,1,17.073252560824763,0
47.0,110179.0,27295.927479649425,1137.0,5,67,2,travel,1,6,0,1,3.201592494671457,0
25.0,40193.0,14690.424757428074,3880.0,73,197,1,retail,1,9,0,1,97.62390884898754,0
40.0,117389.0,17290.85466156484,,46,3,1,retail,1,9,0,1,,0
31.0,69864.0,33644.97133026607,3135.0,14,166,3,food,1,18,1,1,10.889981211092964,0
30.0,45307.0,20217.274107533398,1973.0,44,205,2,retail,1,3,0,0,36.28990562873652,0
60.0,127518.0,42193.97567918213,,63,170,3,food,1,9,0,1,120.52366184429957,0
58.0,44611.0,16488.9013214779,976.0,52,211,2,online,1,17,0,0,2.22615937061643,0
26.0,68791.0,7337.536190944345,899.0,26,168,1,travel,1,2,0,0,72.57986416346381,0
28.0,36950.0,8704.603779650071,3071.0,53,178,3,travel,1,20,0,1,42.48691839306964,1
43.0,101240.0,42345.05670086576,3639.0,29,163,4,travel,1,2,0,1,27.708330782234363,1
67.0,133647.0,17506.8467993724,3199.0,19,24,2,online,1,4,0,1,68.14460593350304,1
46.0,102403.0,21804.213425872153,2758.0,47,88,1,online,0,15,0,0,168.8122027505431,1
66.0,27745.0,9270.124200854187,1676.0,8,17,0,electronics,1,19,0,1,13.016720027371075,0
63.0,80243.0,16254.440232658475,3076.0,23,40,2,food,1,12,1,1,7.753651548990338,0
32.0,28866.0,13670.683280662277,1451.0,35,202,2,food,1,10,1,1,122.02444164790936,0
46.0,57245.0,8725.480528156642,1077.0,53,194,4,electronics,1,12,0,0,55.27475768521716,0
33.0,69724.0,29211.40968430478,4233.0,58,172,2,travel,1,18,0,0,28.81142783661123,0
60.0,96354.0,29212.555303980025,2933.0,5,151,2,food,1,5,0,1,42.57896717429508,0
38.0,76374.0,30559.705068989333,4263.0,16,6,4,food,1,23,1,1,68.44510538608316,1
45.0,139397.0,31264.813848252335,3866.0,17,194,4,travel,0,12,0,1,74.14728971538408,1
53.0,142480.0,43569.79141496771,836.0,32,149,3,retail,1,3,1,1,126.22033892974387,0
67.0,149577.0,66222.84444221742,4617.0,52,119,1,retail,1,21,0,0,27.82976174847332,1
60.0,55116.0,15804.58132450761,3995.0,20,120,1,electronics,1,4,0,1,17.365299216980148,0
63.0,106029.0,25859.194895393593,2102.0,66,35,3,online,1,18,1,1,51.03595449377584,0
32.0,118574.0,37287.03550781277,3189.0,1,113,1,food,1,4,1,1,26.869423938622962,0
64.0,45447.0,17585.494014897504,4548.0,58,29,2,food,1,20,1,1,45.143861566406976,1
56.0,55431.0,15377.963921731001,3911.0,44,7,3,electronics,1,13,0,1,27.23513451603298,0
68.0,42908.0,20404.933299761862,2372.0,6,221,3,electronics,1,3,0,1,,0
24.0,54336.0,11844.07051806588,2234.0,50,53,1,food,1,11,0,1,31.689862815051946,0
25.0,65992.0,19149.91771932504,1736.0,72,165,0,travel,1,5,0,1,58.707404451575215,0
57.0,80350.0,32362.654971233926,2016.0,20,23,1,travel,1,18,0,1,80.29316735749936,0
28.0,94561.0,35521.69177534776,276.0,14,97,0,online,1,9,0,1,,0
62.0,142254.0,63367.95770822005,847.0,5,136,3,food,1,0,0,1,9.030424658906314,0
69.0,76955.0,38379.2801997259,4594.0,41,76,0,food,1,22,0,1,26.78048722637764,0
48.0,86240.0,23348.904910115412,4807.0,40,238,2,food,1,22,1,1,77.15768536676299,0
51.0,45093.0,6514.150648827553,696.0,34,176,4,,0,15,1,1,26.624537223787918,0
29.0,31155.0,3494.542706628897,3371.0,45,10,0,electronics,1,3,0,1,59.62375676292865,0
74.0,71607.0,27980.48984718025,366.0,71,207,4,retail,1,8,0,1,35.38398151468523,0
71.0,58487.0,26296.07503753314,3825.0,71,117,2,food,1,17,0,1,13.802375864051712,0
49.0,138194.0,26019.8620408012,881.0,27,24,4,retail,1,16,1,0,79.51866709308123,0
34.0,80668.0,13179.474505614136,1983.0,78,218,2,travel,1,14,0,1,4.398598496240308,0
60.0,45963.0,5739.953048718135,4657.0,78,175,4,online,1,18,1,1,37.21047589733751,0
61.0,75124.0,32234.29371643337,1820.0,44,234,4,travel,1,6,1,1,11.715978187027035,0
42.0,77870.0,17485.924663774218,4428.0,33,181,1,food,1,17,0,1,3.4710211012566057,0
31.0,81547.0,21257.570605552603,2651.0,33,39,0,travel,0,5,0,1,34.95161691726462,1
43.0,89110.0,26831.027829733026,2238.0,44,195,4,electronics,1,18,1,1,34.613593781047776,0
21.0,78554.0,34232.36374403883,3401.0,20,66,3,retail,1,20,0,1,61.362225380580746,1
66.0,45936.0,16552.269946259352,4188.0,36,6,1,food,1,11,0,1,68.27572685648529,0
57.0,141895.0,49099.33826146965,2360.0,7,21,0,electronics,1,2,1,1,65.05934603374963,1
41.0,29426.0,5010.330885321052,4367.0,32,73,1,retail,1,0,0,0,26.344255565866447,1
46.0,113839.0,34752.309632942124,4889.0,67,74,0,electronics,1,4,1,1,49.941486320970405,0
66.0,135816.0,52445.6752916545,2749.0,39,36,2,travel,1,0,1,0,43.01268291497555,1
56.0,52606.0,25740.34480508082,2740.0,24,131,4,food,1,7,1,1,27.371174509680724,1
74.0,72832.0,13150.729725050749,1328.0,70,233,3,travel,1,6,0,1,45.46733167476449,0
43.0,53151.0,5517.995503550465,1545.0,54,216,1,online,1,14,0,1,147.10756277110357,0
21.0,104303.0,13571.966171448477,4794.0,38,214,1,food,1,10,0,1,10.714997553952523,0
74.0,36308.0,9089.380522330921,2453.0,74,206,1,travel,1,17,1,1,118.1019459090815,0
71.0,134781.0,57715.63126714075,1782.0,75,170,1,food,1,13,1,1,2.746865444561861,0
60.0,87522.0,9002.235712208138,3219.0,32,173,4,retail,1,8,0,1,18.43659639932277,0
35.0,148523.0,41986.29913887346,4944.0,45,44,0,food,1,4,0,1,16.99406946200274,1
41.0,70671.0,16373.922726716677,887.0,61,91,4,food,1,22,0,1,49.22380913326852,0
67.0,115306.0,13951.182425903677,2880.0,70,161,2,retail,1,3,1,1,7.033552501610552,0
29.0,119108.0,33361.497453200835,3210.0,53,60,4,travel,1,11,1,0,107.00104325800814,1
73.0,131984.0,26647.5013556518,4154.0,51,214,4,food,1,0,1,1,88.17359075630739,1
29.0,27204.0,6549.470013430386,3757.0,76,93,2,electronics,1,23,1,0,52.7870977061493,0
30.0,117769.0,45016.74353165656,2846.0,56,211,4,food,1,12,1,1,30.662654823489426,1
,112265.0,34647.26848350589,302.0,27,83,0,travel,1,0,1,0,135.12033936453864,0
73.0,56131.0,8411.733934718244,1661.0,38,198,3,retail,1,2,0,1,88.81790056203468,1
46.0,77428.0,37518.96201436861,4641.0,62,237,2,travel,1,21,0,1,34.588920695552666,0
61.0,58870.0,20861.42671093292,4416.0,18,83,1,online,1,7,1,1,60.51184488523277,0
55.0,128547.0,52234.73540545658,546.0,64,77,0,food,1,23,0,1,41.8427895403225,0
72.0,129918.0,17108.28560911501,2696.0,77,26,3,food,1,17,0,1,44.32958706863537,1
,74067.0,8800.889196586088,243.0,30,214,0,retail,0,15,0,1,20.096772442356635,0
46.0,83585.0,9008.726116006426,2662.0,49,21,0,food,1,19,0,0,31.00269944268652,0
31.0,132011.0,23170.255360160074,2384.0,41,228,1,electronics,1,19,0,1,4.067088388787308,0
58.0,137217.0,36467.2508438955,2282.0,13,120,3,electronics,1,15,0,1,22.107649529183128,1
22.0,46607.0,22107.119439802143,976.0,34,130,0,travel,1,1,0,1,59.50818212068981,1
27.0,49968.0,14132.142821676924,899.0,25,175,1,retail,1,16,0,1,153.1107333459776,0
38.0,123934.0,26782.390491695623,3873.0,66,108,2,online,0,9,0,1,164.9285823356025,1
47.0,36908.0,11986.762534761494,3410.0,18,158,1,travel,1,6,1,1,40.565337131225355,0
54.0,51423.0,7444.704724570108,44.0,5,27,4,retail,1,9,0,0,46.649246871862,1
47.0,134151.0,46121.4299136838,4552.0,19,71,1,retail,1,18,0,1,10.272622383647462,0
37.0,99707.0,32641.357948172594,3533.0,42,148,1,travel,1,19,0,1,59.42271017157999,0
63.0,103257.0,43037.22986014935,1773.0,18,50,1,travel,1,8,0,1,3.6639661536858283,0
64.0,86215.0,42648.408974224694,3301.0,32,95,0,food,1,21,0,0,16.751661630176375,0
71.0,80835.0,16195.24283446872,2498.0,21,23,3,online,1,16,1,1,55.185766445723964,1
74.0,74429.0,22616.18799074924,2710.0,10,141,1,electronics,1,8,1,0,18.575662421800548,0
44.0,107152.0,49669.898407157554,1568.0,37,81,1,food,1,8,0,1,2.5566061116900127,0
45.0,133048.0,55091.97749707608,4700.0,49,132,4,retail,1,4,0,1,89.15101120115636,1
,,14748.126062016154,2286.0,13,142,4,online,0,23,0,1,18.577103350424938,1
72.0,71169.0,34029.36197257365,4016.0,55,20,2,online,1,6,1,1,3.259215139612801,0
26.0,32659.0,4013.6172694261913,4449.0,17,124,2,travel,1,10,1,1,3.8866278170276956,0
73.0,85614.0,40444.00633122927,1113.0,9,13,4,online,1,7,0,1,14.501494573741894,0
44.0,133905.0,16095.776950807885,1429.0,44,3,3,online,1,13,0,1,9.80171423134776,0
53.0,102240.0,32606.574815314132,1488.0,78,218,2,retail,1,1,1,0,74.42745585013031,0
69.0,57793.0,26363.8014831307,3924.0,46,218,3,food,1,9,1,0,19.407104586197725,1
,138688.0,28443.296888251985,3752.0,8,210,4,online,1,20,0,0,81.65984296775436,1
63.0,71473.0,20648.506786042926,2966.0,37,224,2,travel,1,23,1,0,9.548703976308959,0
42.0,121762.0,27972.57319259013,1392.0,19,206,1,food,1,15,0,1,33.95029995671092,0
46.0,114388.0,55004.335354611874,2584.0,63,175,4,travel,1,15,0,1,58.24355580271623,1
48.0,122618.0,52659.310214973804,,46,131,2,online,1,18,1,0,52.77632587791792,0
70.0,113330.0,43473.456511447446,,71,129,3,food,1,10,0,1,45.95591251826473,0
41.0,131956.0,44211.962658313314,1904.0,26,90,3,online,1,5,1,1,129.39456745081614,0
69.0,143452.0,61431.413344851084,2253.0,46,152,2,retail,1,5,0,1,12.972560178557796,0
27.0,80751.0,20745.48234802718,1876.0,46,35,3,,1,6,0,1,34.03319158596811,0
37.0,103915.0,28994.44040933857,38.0,75,14,2,travel,1,15,0,1,107.7050433212148,0
40.0,79254.0,31067.622561017037,715.0,14,195,2,retail,1,12,0,1,4.054742018291325,0
61.0,32006.0,7780.719581591447,1030.0,63,141,3,electronics,1,2,0,1,2.875537996960675,0
69.0,143171.0,17976.604709603092,2073.0,72,175,0,travel,1,23,1,0,13.283133603185012,0
40.0,141682.0,18380.950422478552,1456.0,3,50,1,online,1,23,0,1,50.12256257519133,0
74.0,99218.0,14500.226567979733,3674.0,28,78,4,travel,1,8,1,0,15.047121952651827,1
42.0,90344.0,40462.59579046395,2997.0,29,213,1,electronics,1,23,0,1,10.550861401396858,0
48.0,58840.0,16998.321156598027,3612.0,18,154,4,travel,0,2,1,0,30.698533044404996,1
60.0,57430.0,22119.33378858729,3695.0,35,3,4,retail,1,5,0,1,47.54385893237473,0
69.0,48091.0,12367.261143429969,3378.0,77,179,1,travel,1,16,0,1,14.288043092415412,0
27.0,57983.0,11798.634745600295,3591.0,76,40,2,food,1,2,0,0,17.883142067704057,0
21.0,48989.0,11702.33883868208,2772.0,47,196,3,electronics,1,1,0,1,47.53884316893144,1
52.0,100451.0,41955.664307782565,4047.0,5,164,0,travel,0,11,0,0,145.69694448915104,1
33.0,133088.0,46592.30545927362,582.0,75,51,0,electronics,1,23,0,1,56.156786372064985,0
50.0,43990.0,20897.709568139246,4098.0,59,235,0,retail,1,5,1,1,76.3708144172167,0
43.0,115270.0,42866.82793062066,624.0,75,1,1,food,1,9,1,1,22.849244677312416,0
71.0,105360.0,34565.73468866982,4060.0,59,104,1,online,1,10,1,1,15.89018432984516,0
39.0,144469.0,49708.66288886982,335.0,47,239,2,travel,1,15,0,1,30.281339783747907,0
52.0,61081.0,29132.495957668092,3750.0,13,161,0,retail,1,15,1,0,82.28767793420437,1
50.0,36033.0,14963.797642354808,368.0,78,135,2,electronics,1,23,1,0,30.467849799695358,1
49.0,133272.0,14608.80951451996,3787.0,33,117,0,electronics,1,17,0,0,93.77621261862039,0
69.0,41241.0,12935.482083332916,2381.0,62,116,1,retail,0,21,0,1,224.46714505664937,1
65.0,149932.0,56274.78188799982,1731.0,79,52,3,travel,1,22,0,0,3.7376140615995466,0
49.0,147451.0,58903.63573773274,1359.0,16,120,3,online,1,23,0,1,2.323675678286259,0
50.0,30939.0,5731.661611781556,3706.0,44,139,3,travel,1,8,0,0,8.101817175312991,0
36.0,138000.0,61668.18996571464,3906.0,58,155,3,food,1,20,0,1,24.2554309269918,1
60.0,72562.0,34999.356178129696,4270.0,6,142,4,travel,1,18,1,1,7.023036349275616,1
39.0,60063.0,11693.432565984165,1606.0,15,86,0,food,1,1,0,0,102.26726512710174,0
38.0,145373.0,65860.68276226183,1637.0,4,208,3,electronics,1,23,0,0,1.170916606671203,0
21.0,125000.0,17348.938125804772,2512.0,56,46,4,food,1,0,1,1,18.974718048809116,1
34.0,101721.0,12438.722030591543,3818.0,64,76,4,online,1,15,1,0,10.209627409101191,1
71.0,52045.0,7894.681070539037,202.0,68,238,4,retail,1,21,1,1,134.0747930746135,0
67.0,141634.0,17434.64001969367,2684.0,34,10,2,food,0,17,0,1,55.35455737421241,1
70.0,69769.0,30559.163509648537,3855.0,56,152,2,travel,1,2,0,1,,0
22.0,72118.0,8915.231327216663,2587.0,32,61,4,food,1,23,0,1,179.36799382990677,1
74.0,109703.0,22891.25071406684,101.0,9,238,3,electronics,1,0,0,1,34.368022171045666,0
48.0,,7075.126870717128,4244.0,63,18,0,food,1,5,0,1,13.349489309017596,0
,46625.0,10172.120977251716,490.0,72,86,1,online,0,18,0,1,10.766754976207427,1
70.0,129724.0,17671.494550024723,2926.0,78,137,2,food,1,21,1,1,12.610525447583202,0
50.0,52076.0,19122.374914277283,4445.0,33,145,3,online,1,18,0,1,61.651770959550475,0
58.0,147245.0,22577.18282894499,1085.0,21,230,3,travel,0,10,0,1,2.064320123453039,1
71.0,89805.0,39580.50934798453,2523.0,55,128,1,electronics,1,7,0,1,2.636351507556916,0
24.0,69605.0,29712.73323433114,808.0,76,104,1,retail,1,4,1,1,46.8429077314436,0
21.0,109565.0,11555.237027434929,4580.0,57,186,3,travel,0,19,0,1,51.369096654071114,1
28.0,113509.0,52020.10115526606,3959.0,2,141,1,travel,1,8,0,1,54.72049520179194,0
49.0,64121.0,7154.475413560576,614.0,13,178,3,retail,1,14,0,1,23.251242564861087,1
59.0,90101.0,17647.029948184325,2989.0,4,101,1,food,1,20,0,1,81.98065407342621,1
23.0,56433.0,6374.426484845092,4926.0,50,6,1,food,1,13,0,0,38.13821817228732,0
52.0,68309.0,16007.353102467456,607.0,48,85,3,food,1,3,0,1,5.572597654083669,0
30.0,92468.0,28253.28395986192,1542.0,78,51,4,electronics,1,23,0,1,79.75193085062546,0
30.0,69254.0,28993.73750350975,523.0,30,36,3,travel,1,23,1,1,152.95254897026342,0
39.0,92293.0,21706.632495005037,1887.0,29,71,0,online,1,7,0,1,3.0957017658925587,0
66.0,121258.0,46344.32376472512,3982.0,8,100,1,retail,1,19,1,0,24.82570442938599,0
54.0,62853.0,10999.38705731971,3853.0,12,25,2,travel,1,16,0,1,33.424293772713874,0
53.0,63405.0,25377.178059944534,1709.0,41,139,1,food,0,1,0,1,7.918773924621012,0
43.0,91652.0,17817.024369917377,1039.0,26,44,0,retail,1,19,0,1,101.13754213360228,0
48.0,68527.0,10787.376596223436,4605.0,50,14,2,online,1,15,0,1,16.714206755418655,0
52.0,102227.0,17804.21621887538,726.0,2,237,2,travel,1,9,0,1,76.39486403849108,0
70.0,25492.0,4405.661312582502,4096.0,55,29,3,travel,1,1,0,0,55.584037820350275,1
27.0,118418.0,36134.678580025815,675.0,56,74,4,electronics,1,10,1,0,45.57085915482087,0
49.0,33811.0,14806.480407020963,,14,50,3,travel,1,9,1,1,10.668501451601804,0
28.0,118344.0,15602.713292640436,1089.0,6,5,2,travel,1,18,1,0,12.468185786193384,0
21.0,49272.0,18860.46068992317,237.0,61,200,2,online,1,13,0,1,2.425301476170087,0
23.0,118935.0,43023.37847152506,158.0,12,110,4,online,1,10,0,0,13.768734647564385,0
44.0,97010.0,43558.26421078658,1079.0,13,197,1,retail,1,8,0,0,21.189876957363758,1
43.0,117492.0,23223.35407163102,,19,122,4,food,0,6,0,1,89.53159641579227,1
28.0,72153.0,20206.010653480378,1373.0,44,88,3,online,1,14,0,1,22.816293227540076,0
74.0,133042.0,62573.770220285776,4518.0,59,232,1,retail,1,19,0,1,70.24772574855682,1
67.0,79110.0,28795.832736081975,1765.0,37,57,3,travel,0,16,1,1,28.94115323002048,0
57.0,38979.0,9959.421585972876,529.0,25,26,4,retail,1,2,0,1,76.82524680017367,0
23.0,135059.0,20605.27000641988,3554.0,16,6,1,retail,0,14,0,0,,1
71.0,133101.0,27284.906814630627,2332.0,38,144,4,retail,1,13,0,0,13.711419559494281,1
,53328.0,17730.823593421534,1112.0,43,60,0,retail,1,7,0,0,99.14900559141175,0
48.0,137911.0,53408.403926407205,607.0,14,100,2,online,1,3,1,0,48.619790573742485,1
67.0,37867.0,5671.293435768261,3283.0,6,12,1,food,1,9,0,0,84.99392035811668,0
28.0,84234.0,28625.99024102034,4059.0,23,75,2,retail,1,1,1,1,52.718178530416836,0
54.0,50851.0,16279.46515209173,2615.0,60,3,0,electronics,1,13,0,1,27.57799805729335,1
55.0,56279.0,17197.859433722544,2198.0,12,63,1,travel,1,7,0,1,12.943390274246259,0
52.0,142431.0,53561.07030982643,4835.0,13,236,2,travel,1,22,1,1,3.6304285126176596,0
44.0,121063.0,52659.964131835666,598.0,6,192,2,travel,1,9,0,1,38.341662874276025,0
34.0,98402.0,22553.33232158808,4482.0,63,190,1,travel,1,17,0,1,231.91615879288486,1
52.0,40449.0,18428.76163111928,1417.0,38,229,2,travel,1,14,0,0,66.97851745375975,0
66.0,101221.0,16625.89796114493,4856.0,50,134,2,retail,1,4,0,0,19.82617578305355,1
63.0,114080.0,19303.42522448513,4732.0,52,19,1,food,1,21,1,1,87.78241006388616,0
36.0,30451.0,6294.490443764844,3400.0,40,18,2,electronics,1,12,1,0,73.2634153776668,1
24.0,112178.0,16581.29355362084,3450.0,8,80,2,online,1,17,1,1,16.53892934728289,0
72.0,66316.0,12741.139881627885,1639.0,61,215,3,electronics,1,1,0,0,0.7205414395855929,1
57.0,88064.0,12554.818195310443,1004.0,8,171,3,online,0,12,0,1,6.287381870471206,1
74.0,88761.0,38051.92651361609,4808.0,34,229,0,online,1,13,0,1,104.90316896644853,0
41.0,130490.0,20302.625500514256,2069.0,79,73,3,electronics,1,9,1,0,,1
34.0,63870.0,25478.958000539224,4582.0,60,131,3,retail,1,3,1,1,17.49269876339977,0
51.0,121566.0,14486.478906700933,2996.0,57,126,0,travel,1,14,0,1,16.787304856125594,0
68.0,148749.0,71311.48007894696,410.0,46,72,2,retail,1,7,0,1,78.71922310552102,0
38.0,148765.0,57194.79216842726,2865.0,22,38,2,travel,1,14,0,1,138.81977385361324,0
27.0,149881.0,15395.569399454009,2234.0,40,68,3,food,0,13,0,0,75.51069209457613,1
30.0,,20277.13000400428,3422.0,45,204,0,online,1,20,0,1,46.51677966957263,0
27.0,83627.0,25559.15151516551,66.0,55,172,2,electronics,1,8,0,0,13.897898612266191,0
53.0,91155.0,37532.71284075914,1885.0,51,223,4,food,0,19,0,1,37.30081359267834,1
43.0,124186.0,38373.315483554645,4553.0,5,217,1,travel,1,2,1,1,13.296802594178661,1
