age,income,monthly_expense,credit_score,loan_amount,loan_tenure_months,num_existing_loans,num_late_payments,employment_type,education,years_employed,num_dependents,loan_default
60.0,81250.0,67366.98917144164,546,30362,48,0,2,salaried,bachelors,4.0,0,0
50.0,36673.0,21267.68018916876,447,52842,36,4,0,contract,high_school,24.0,0,1
36.0,142808.0,78409.25263617428,529,51539,36,2,1,contract,bachelors,13.0,0,0
64.0,47056.0,21329.63185168299,673,38717,60,2,0,self_employed,masters,16.0,0,0
29.0,26614.0,22019.878818199264,379,59596,24,2,1,salaried,bachelors,11.0,1,1
42.0,,22712.872047604626,364,28016,60,1,2,salaried,high_school,19.0,2,0
60.0,27415.0,16967.31530504161,387,60200,48,4,0,salaried,high_school,11.0,1,1
40.0,108691.0,49498.16911977761,387,65287,24,4,8,salaried,bachelors,29.0,4,1
44.0,134966.0,61200.948103294395,503,47607,48,0,9,salaried,masters,2.0,4,1
32.0,63884.0,33394.25727976723,681,32621,60,2,4,self_employed,bachelors,29.0,3,1
32.0,36964.0,31394.860143719423,775,17823,24,2,7,salaried,bachelors,20.0,0,1
45.0,57726.0,19062.94176574956,838,34986,60,3,4,salaried,high_school,20.0,3,1
57.0,143133.0,88484.53433570934,513,69325,12,3,7,salaried,bachelors,25.0,4,1
61.0,57044.0,19703.835400630396,373,62771,36,1,6,self_employed,high_school,1.0,0,0
45.0,77149.0,29701.3201321162,360,59973,24,4,3,self_employed,masters,20.0,2,0
24.0,57544.0,31175.015456758825,842,19690,36,0,6,self_employed,bachelors,24.0,4,0
43.0,69976.0,40638.77698310422,518,44107,12,0,5,salaried,masters,20.0,3,0
23.0,52252.0,23112.93150702471,311,62888,24,2,2,salaried,masters,14.0,3,0
45.0,23832.0,11297.593488649496,714,15956,36,0,8,salaried,masters,10.0,4,0
51.0,110811.0,38543.59636486911,331,61227,36,2,9,salaried,bachelors,9.0,1,1
59.0,100437.0,46881.06698648074,459,41533,24,4,8,contract,high_school,17.0,2,1
23.0,123749.0,102910.55217319664,536,61234,36,0,4,unemployed,phd,22.0,4,1
42.0,54148.0,44379.10841654085,480,72594,36,2,7,self_employed,masters,21.0,4,1
54.0,81240.0,39335.03175990076,640,61901,24,4,6,contract,masters,22.0,3,0
33.0,128169.0,78691.87798740192,757,16519,36,4,8,self_employed,high_school,23.0,0,1
43.0,145607.0,116526.0008624202,379,36115,36,2,6,salaried,bachelors,25.0,0,1
46.0,108454.0,32905.06316538269,772,71266,48,2,3,unemployed,masters,20.0,0,1
48.0,132230.0,98627.17867815688,411,6832,48,1,3,salaried,high_school,1.0,3,0
63.0,148933.0,122363.83743303166,591,46368,12,4,7,self_employed,bachelors,6.0,0,1
49.0,105076.0,36800.67857345806,682,74715,48,2,5,salaried,bachelors,6.0,4,0
37.0,97116.0,37758.33441222524,316,76835,48,4,8,salaried,high_school,23.0,1,1
36.0,73459.0,60854.20446040455,792,78366,12,0,9,self_employed,bachelors,6.0,1,0
24.0,58402.0,34786.98070788593,630,42570,36,3,6,salaried,bachelors,25.0,1,0
58.0,77727.0,23925.003994171017,785,11615,36,3,6,salaried,high_school,22.0,0,0
28.0,58578.0,25873.761972963504,705,77298,48,2,3,salaried,bachelors,13.0,1,0
42.0,110453.0,60469.595759710086,416,43311,12,2,2,salaried,bachelors,28.0,0,1
30.0,42318.0,28822.785613210366,414,28434,36,4,7,unemployed,bachelors,24.0,4,1
60.0,95715.0,67310.44507635006,848,20739,60,2,6,self_employed,masters,23.0,4,0
39.0,97787.0,82872.70591644288,846,71202,24,4,3,salaried,bachelors,1.0,3,0
25.0,131435.0,60214.468970052396,635,38649,24,2,3,salaried,bachelors,1.0,3,0
46.0,105029.0,62599.49549352925,635,52445,24,4,0,contract,masters,22.0,2,0
35.0,40466.0,24009.608878227726,446,44470,48,2,6,salaried,phd,25.0,4,1
30.0,115742.0,60545.20649041818,421,79965,24,1,0,salaried,high_school,14.0,0,1
47.0,65475.0,25734.231249632852,380,53621,24,4,9,salaried,bachelors,10.0,2,1
23.0,80142.0,67127.02813767373,674,37926,60,1,9,contract,bachelors,28.0,4,0
41.0,105160.0,80902.159442422,362,42997,36,1,3,salaried,bachelors,9.0,0,1
49.0,,34444.98993370983,803,64940,60,1,2,salaried,masters,2.0,4,0
28.0,42412.0,26795.26467678129,748,45724,48,1,2,salaried,phd,16.0,4,0
29.0,113526.0,48247.82110152782,727,36704,24,0,0,salaried,phd,8.0,0,0
56.0,71001.0,42535.48418168643,726,33391,36,3,3,self_employed,bachelors,29.0,4,0
35.0,77649.0,52974.754726712206,720,68291,24,0,0,salaried,bachelors,14.0,4,0
38.0,80957.0,47225.607414401195,621,7526,24,2,7,salaried,phd,29.0,4,0
57.0,55517.0,46892.8139984503,465,29686,48,2,0,salaried,bachelors,13.0,3,1
61.0,33156.0,21095.10417500229,760,78339,24,3,5,salaried,bachelors,18.0,1,1
25.0,43064.0,21705.786577488045,758,11574,12,3,6,contract,masters,16.0,4,1
23.0,45711.0,33126.01273389117,488,13733,36,3,9,contract,bachelors,21.0,0,1
27.0,50106.0,19729.457032920367,763,55290,36,1,1,salaried,bachelors,19.0,4,0
63.0,85458.0,43710.37382424057,678,77793,12,0,3,salaried,masters,29.0,3,0
25.0,36589.0,17958.88456945102,301,41051,48,2,2,salaried,high_school,16.0,3,1
50.0,109272.0,58733.033693139376,663,20909,24,0,8,self_employed,high_school,15.0,4,0
39.0,106511.0,77750.783071722,371,78432,24,0,6,self_employed,bachelors,19.0,2,1
47.0,121754.0,68948.70184691293,726,33133,36,0,1,salaried,bachelors,7.0,1,0
55.0,27214.0,20048.770087245848,469,56571,48,3,5,self_employed,high_school,26.0,0,1
31.0,116117.0,71652.18908124049,504,55908,48,3,8,self_employed,bachelors,6.0,0,1
57.0,105731.0,51611.33886767789,636,16278,48,2,2,contract,bachelors,11.0,0,0
35.0,130118.0,97001.44779383334,771,56458,24,2,5,salaried,masters,0.0,0,0
52.0,146479.0,63141.13795912046,494,69265,48,2,2,salaried,bachelors,25.0,3,0
36.0,47127.0,19954.07317896373,574,61782,12,0,2,salaried,masters,11.0,1,1
29.0,25141.0,14518.339407514444,306,60415,60,3,3,contract,bachelors,24.0,4,1
35.0,48884.0,21678.444996785915,477,59160,48,1,8,self_employed,bachelors,5.0,4,1
44.0,110421.0,33678.16971749154,541,59399,60,0,7,self_employed,bachelors,15.0,2,1
61.0,22708.0,14909.247137445653,502,30298,24,4,0,salaried,high_school,17.0,4,1
42.0,38375.0,22299.773969451802,842,27191,48,0,0,salaried,masters,18.0,1,0
37.0,35088.0,19124.180991214824,761,61964,36,3,6,salaried,bachelors,22.0,4,1
39.0,77615.0,64562.69369415531,379,38092,24,4,2,self_employed,high_school,2.0,3,1
45.0,130138.0,79925.49567141112,822,67513,12,0,6,salaried,bachelors,28.0,4,0
47.0,65046.0,50403.32372488856,716,56097,12,3,8,salaried,bachelors,2.0,0,1
46.0,30014.0,11306.202664203922,683,35279,60,3,2,self_employed,bachelors,4.0,0,1
62.0,84425.0,51757.89060733606,690,19404,60,1,2,salaried,high_school,2.0,0,0
50.0,23273.0,18092.169419099566,425,75022,36,0,1,salaried,high_school,18.0,0,1
36.0,67135.0,41671.242758242275,793,40198,36,3,9,salaried,bachelors,26.0,3,1
22.0,122842.0,85363.86371821241,346,54997,12,2,0,contract,bachelors,4.0,3,0
46.0,50881.0,25675.771825619107,775,5567,48,3,8,self_employed,bachelors,13.0,3,0
28.0,117022.0,41056.84506049138,763,66032,12,1,5,contract,high_school,20.0,4,1
30.0,98077.0,54123.317984847774,422,7179,12,3,5,salaried,bachelors,15.0,0,1
45.0,28712.0,14843.060748370901,773,7019,36,0,7,contract,masters,27.0,2,0
22.0,94704.0,73573.93713160872,433,23704,60,0,4,contract,masters,24.0,2,1
29.0,72874.0,31641.70251499874,322,23030,36,4,8,self_employed,masters,0.0,0,1
45.0,89087.0,74093.99867063109,534,74445,36,0,4,contract,high_school,29.0,1,1
32.0,32297.0,26708.842770429197,358,78551,36,4,1,salaried,phd,16.0,4,1
38.0,129269.0,56386.802177510996,463,8420,12,2,5,salaried,bachelors,10.0,2,1
29.0,47128.0,23160.045906754338,515,64875,48,1,8,salaried,phd,29.0,3,1
56.0,88368.0,70036.5583402489,482,52653,12,2,2,self_employed,bachelors,8.0,1,1
56.0,114019.0,94823.0144523943,389,21740,24,4,9,self_employed,bachelors,20.0,3,1
54.0,107599.0,58522.182214330525,610,70263,36,3,3,self_employed,bachelors,3.0,1,0
26.0,108499.0,51705.02215024547,556,69559,36,3,9,salaried,bachelors,1.0,1,1
,98958.0,58321.06624984035,832,24465,24,2,7,salaried,masters,27.0,4,0
60.0,52920.0,35894.21052048108,832,56432,36,3,5,salaried,masters,8.0,3,1
62.0,140442.0,63256.6193385611,351,9131,36,4,6,self_employed,phd,21.0,3,1
49.0,31156.0,21966.857025637506,637,15652,36,1,6,salaried,bachelors,24.0,2,1
28.0,31108.0,10216.22638581724,470,69973,24,0,3,contract,bachelors,4.0,0,1
30.0,51845.0,16959.120137554142,366,52147,12,4,5,salaried,high_school,3.0,0,1
29.0,22800.0,11684.047822525137,599,52671,36,4,8,salaried,phd,22.0,2,1
33.0,148832.0,73584.06716642965,531,24171,48,0,2,contract,bachelors,4.0,1,0
55.0,123614.0,58543.37635641734,367,60692,24,0,7,salaried,masters,23.0,2,1
54.0,62712.0,35749.65724607098,805,63541,60,1,6,salaried,bachelors,23.0,2,1
44.0,22610.0,10771.482462835545,327,14470,24,1,3,salaried,bachelors,,3,1
45.0,97603.0,39601.622288932645,350,66344,12,1,9,salaried,phd,17.0,2,1
58.0,53872.0,25331.05895167561,559,49308,24,3,2,unemployed,high_school,12.0,1,1
56.0,30728.0,25694.672172202096,483,55639,60,4,6,self_employed,bachelors,4.0,0,1
61.0,115102.0,60556.58708761758,322,26326,48,0,9,salaried,high_school,25.0,4,1
43.0,115319.0,62801.80799298953,428,9597,60,4,8,self_employed,masters,23.0,2,0
48.0,142049.0,87658.40160266322,590,35788,24,4,9,salaried,high_school,18.0,2,0
56.0,40583.0,34123.705122505,800,70020,60,1,2,self_employed,high_school,22.0,3,0
22.0,105774.0,45787.52337754402,485,54477,24,1,9,contract,bachelors,2.0,3,1
56.0,27263.0,18394.486798695158,778,38071,48,4,8,contract,bachelors,21.0,2,1
58.0,146374.0,101553.04894286198,791,75603,48,1,7,salaried,bachelors,17.0,2,0
35.0,87450.0,55445.78613670449,812,66923,12,3,2,salaried,high_school,5.0,1,0
24.0,109285.0,38109.65611595486,366,75560,48,0,7,salaried,phd,5.0,0,1
22.0,39456.0,26525.46988327907,766,78251,36,4,3,self_employed,phd,,0,1
26.0,111118.0,37252.54185550476,584,62492,60,0,5,salaried,bachelors,4.0,4,1
47.0,85942.0,53961.13037318949,716,36770,60,3,9,salaried,masters,29.0,0,1
35.0,33689.0,23810.36265368281,399,40399,24,1,1,contract,bachelors,0.0,4,1
60.0,52934.0,22022.314104542053,488,62439,48,2,7,salaried,bachelors,7.0,3,0
48.0,53276.0,40643.83974061686,687,49415,12,3,8,salaried,bachelors,27.0,4,1
30.0,136349.0,43180.991066840776,540,17569,12,2,6,salaried,bachelors,24.0,4,1
36.0,149336.0,114107.20079400224,716,7369,12,0,7,salaried,bachelors,0.0,0,0
36.0,121968.0,67470.37750683822,475,5528,36,4,6,salaried,bachelors,20.0,2,1
47.0,39873.0,16733.636160891954,686,35314,48,1,9,salaried,masters,27.0,3,1
63.0,33050.0,12346.752230627853,770,23047,12,3,3,salaried,bachelors,5.0,1,1
34.0,86216.0,71069.48191815501,532,24748,36,1,0,salaried,bachelors,19.0,4,0
53.0,104444.0,35507.41654612948,751,40109,60,2,2,self_employed,high_school,13.0,4,0
60.0,104040.0,42604.52367557354,576,18919,24,2,6,salaried,bachelors,,4,1
53.0,41644.0,20459.79261007597,528,52498,48,4,6,self_employed,bachelors,1.0,2,1
25.0,82021.0,52586.05540065204,470,60808,48,2,2,salaried,bachelors,20.0,1,1
51.0,57125.0,34254.46909801842,512,75441,60,4,0,salaried,masters,,0,1
58.0,86899.0,32074.76161592572,581,79420,48,3,9,contract,masters,29.0,3,1
44.0,62291.0,28613.39520927042,340,33906,48,4,8,salaried,bachelors,3.0,2,1
60.0,55060.0,23748.119883798066,421,76486,48,2,5,salaried,bachelors,12.0,1,1
36.0,21538.0,8991.007300007135,526,71896,48,0,6,contract,phd,6.0,3,1
64.0,56176.0,29555.844335354865,593,26946,36,4,0,self_employed,bachelors,5.0,0,0
50.0,142430.0,97880.35988594632,566,52020,36,1,0,salaried,high_school,2.0,3,0
57.0,61520.0,25813.737414502393,840,79266,24,0,3,salaried,bachelors,8.0,4,0
34.0,45675.0,22913.931806738525,750,27161,48,4,6,self_employed,high_school,13.0,4,1
53.0,38287.0,19717.98053680717,748,32738,60,1,7,contract,masters,19.0,2,1
28.0,20174.0,16886.66871365648,360,8925,12,0,9,salaried,bachelors,10.0,3,1
43.0,,49503.98977700928,801,13463,24,4,8,salaried,bachelors,4.0,4,0
49.0,54998.0,40702.68172690927,446,62153,12,3,0,salaried,high_school,13.0,2,1
23.0,122591.0,53071.164819179605,633,66009,12,1,3,salaried,bachelors,18.0,2,1
,73312.0,24736.97336387867,441,46552,48,3,3,salaried,phd,7.0,2,1
,32112.0,15230.634118766586,343,61271,60,2,2,salaried,high_school,26.0,0,1
49.0,125410.0,56025.2874444732,443,14797,12,4,6,salaried,bachelors,6.0,4,1
49.0,95225.0,55064.7313754172,632,76942,12,4,0,salaried,phd,26.0,4,0
41.0,64814.0,47168.41121972367,796,18965,24,1,8,contract,bachelors,26.0,1,0
51.0,105091.0,81138.40878334494,695,18733,60,4,7,salaried,bachelors,6.0,0,0
32.0,70719.0,54077.06879088016,354,58223,60,2,1,salaried,bachelors,23.0,4,1
49.0,149887.0,74616.97996477308,606,31926,12,4,1,salaried,bachelors,22.0,4,0
46.0,53919.0,36555.9437107811,722,33783,60,0,7,contract,high_school,2.0,1,1
60.0,93155.0,43974.6383187028,716,41394,24,3,0,self_employed,high_school,2.0,3,0
54.0,91569.0,30538.082828676343,624,69796,24,2,6,self_employed,bachelors,17.0,3,1
22.0,61328.0,42062.47703489348,379,33287,24,2,8,salaried,phd,12.0,0,1
48.0,90482.0,27633.66913639075,330,35436,48,3,2,contract,high_school,0.0,2,0
34.0,44618.0,23426.69977797256,411,78567,12,3,6,salaried,bachelors,4.0,1,1
62.0,54675.0,26307.346352000044,771,8188,60,2,5,salaried,bachelors,27.0,1,0
24.0,121794.0,82985.27315950082,373,11765,24,3,6,self_employed,masters,3.0,4,1
60.0,38919.0,28077.529154898653,778,56626,12,1,6,contract,bachelors,15.0,4,1
,24173.0,11294.883799433614,686,15807,12,3,9,self_employed,masters,14.0,1,1
29.0,129369.0,96560.35637744395,732,15204,48,0,0,contract,high_school,28.0,2,0
48.0,46400.0,21420.75572808591,711,62944,60,0,2,contract,phd,26.0,3,0
30.0,70445.0,38426.30323608933,766,47120,60,1,9,salaried,bachelors,17.0,0,0
58.0,90305.0,63200.87444510625,547,27658,24,3,0,salaried,bachelors,16.0,3,1
54.0,57564.0,39207.19304130265,419,42081,24,0,4,salaried,bachelors,13.0,0,1
63.0,65814.0,55484.667750215325,366,39986,12,4,2,contract,masters,13.0,2,1
45.0,99747.0,42276.6251753566,626,55304,60,3,0,salaried,high_school,18.0,1,0
36.0,108791.0,72267.12547253659,769,70592,60,1,1,contract,high_school,28.0,2,0
53.0,47962.0,30471.46002659756,792,63548,24,3,9,salaried,bachelors,5.0,1,0
53.0,104892.0,84260.1788986025,585,44986,36,2,4,salaried,masters,12.0,4,0
45.0,105842.0,40854.92498778728,611,79095,12,2,2,salaried,masters,17.0,0,0
62.0,90533.0,64594.2987292087,608,71151,60,0,5,salaried,bachelors,25.0,4,1
,76184.0,46666.33694400092,396,78598,48,2,8,contract,bachelors,14.0,1,1
60.0,102912.0,46420.127695387106,412,33214,48,1,5,salaried,high_school,28.0,0,1
23.0,126416.0,70911.69025875605,755,43745,36,0,1,salaried,masters,22.0,0,0
24.0,123591.0,59765.78087464936,762,47548,24,1,1,salaried,masters,26.0,4,0
58.0,30578.0,18916.234876756058,431,15681,24,1,7,salaried,bachelors,6.0,0,1
38.0,38624.0,30472.417775658112,420,11984,24,2,7,salaried,bachelors,26.0,1,1
23.0,136164.0,83484.56414362669,496,32579,48,2,5,salaried,phd,18.0,1,1
23.0,59194.0,38324.997256733106,781,59933,24,1,9,contract,masters,29.0,4,1
49.0,129903.0,76033.69587105817,338,32399,48,2,6,salaried,bachelors,16.0,2,0
,20389.0,6690.467431004245,811,36481,36,2,0,salaried,bachelors,8.0,1,0
58.0,119303.0,51070.298426043766,773,5944,12,2,8,self_employed,bachelors,10.0,1,0
53.0,131116.0,74814.91431591933,460,14114,60,3,4,salaried,bachelors,4.0,0,1
54.0,133903.0,63018.68935959696,588,44846,36,1,8,salaried,bachelors,1.0,0,0
22.0,87391.0,34953.77641457169,499,37596,48,4,1,salaried,bachelors,14.0,1,0
40.0,126429.0,72984.05608899842,827,11907,36,1,7,salaried,bachelors,23.0,4,1
23.0,33794.0,16138.16878787716,802,33114,60,0,6,self_employed,bachelors,11.0,2,1
47.0,78002.0,34473.70181054698,547,30009,12,2,3,salaried,bachelors,9.0,0,0
53.0,55531.0,30830.365818734983,682,55241,60,2,2,self_employed,bachelors,9.0,0,0
27.0,72815.0,27182.301288739392,517,40725,48,4,3,contract,masters,19.0,2,0
53.0,24986.0,20245.160187642174,386,23996,60,0,3,salaried,bachelors,10.0,0,1
25.0,52298.0,40647.896374339194,381,11047,36,3,9,salaried,high_school,9.0,4,1
32.0,21481.0,14804.518791260843,361,33767,24,1,9,salaried,bachelors,27.0,0,1
38.0,76408.0,27385.97237610832,799,21347,36,3,7,salaried,masters,6.0,0,1
59.0,89267.0,64873.22918111035,341,29102,48,0,3,contract,masters,13.0,1,0
45.0,141950.0,105664.2484987914,311,9263,12,4,4,self_employed,bachelors,12.0,4,1
26.0,36835.0,26604.835331429193,414,72438,60,0,1,salaried,phd,4.0,4,1
,145355.0,52717.53133721951,517,35540,12,4,3,salaried,high_school,28.0,1,0
27.0,47798.0,31267.031892558756,405,68769,48,3,6,salaried,phd,18.0,3,1
43.0,111649.0,84728.04101634353,827,45843,60,3,2,self_employed,bachelors,9.0,2,0
32.0,84887.0,52421.488993133666,771,32690,36,0,0,self_employed,high_school,7.0,4,0
37.0,39477.0,25878.1231735336,686,7994,36,0,7,self_employed,bachelors,17.0,3,0
54.0,37266.0,20574.5553833654,525,72546,48,2,7,salaried,bachelors,0.0,2,1
30.0,106328.0,62817.415549747355,780,12377,60,4,5,self_employed,bachelors,4.0,4,1
27.0,105988.0,33800.34395464046,707,31467,36,2,6,salaried,masters,10.0,0,1
37.0,147815.0,96291.0755011396,756,5048,48,1,9,salaried,masters,19.0,4,0
50.0,63526.0,21903.50860536808,320,41978,48,1,1,salaried,bachelors,10.0,2,0
24.0,137965.0,74398.73367948191,502,52606,12,0,4,salaried,bachelors,15.0,3,0
41.0,134615.0,62052.171284873955,716,78414,36,3,6,self_employed,high_school,9.0,0,1
57.0,126870.0,76120.14422384801,715,54222,60,1,8,contract,high_school,14.0,2,0
40.0,147426.0,55045.77017446437,747,53115,36,1,0,salaried,bachelors,6.0,2,0
47.0,31889.0,21697.399045039932,811,45647,36,2,2,contract,high_school,14.0,4,1
24.0,44335.0,32686.260069348056,384,59607,36,2,5,salaried,masters,28.0,1,0
40.0,31254.0,12184.213984749938,466,62410,48,1,6,self_employed,bachelors,24.0,1,1
41.0,106610.0,38099.450033421286,683,26996,24,0,5,contract,high_school,15.0,0,0
53.0,31442.0,11949.013795390081,767,59921,24,2,0,salaried,bachelors,5.0,2,0
28.0,66289.0,51865.84992287938,371,51022,12,1,3,contract,high_school,10.0,3,1
62.0,73747.0,43547.9054177103,820,45148,36,3,5,salaried,bachelors,16.0,0,1
54.0,57327.0,31930.769114967152,772,72764,24,2,7,salaried,masters,14.0,0,1
61.0,36199.0,12984.273626827367,557,13888,12,1,9,self_employed,bachelors,15.0,4,1
60.0,92827.0,61011.08449157567,574,44159,48,4,3,contract,high_school,23.0,3,0
39.0,126464.0,98313.08521418135,319,47197,36,2,6,contract,masters,1.0,2,0
61.0,20112.0,15194.660812108308,789,29474,60,4,2,self_employed,high_school,3.0,2,1
22.0,107051.0,68976.18045810708,789,22333,48,2,7,salaried,masters,18.0,2,0
32.0,39581.0,13513.08378608444,625,41355,12,2,0,salaried,bachelors,5.0,0,1
49.0,134228.0,48566.155490080026,828,78903,48,4,3,unemployed,bachelors,17.0,4,1
46.0,79722.0,26078.656088703196,388,71258,60,0,7,salaried,masters,20.0,0,1
44.0,112036.0,49476.61782442266,785,36145,48,1,9,self_employed,masters,10.0,1,1
52.0,117562.0,44040.34837126958,649,54854,12,0,3,salaried,high_school,8.0,1,0
51.0,36523.0,16180.654015776803,383,72664,60,0,1,self_employed,bachelors,2.0,2,1
63.0,86960.0,44504.5566889265,686,40285,60,1,1,salaried,masters,1.0,4,0
56.0,137637.0,112675.2267981594,386,22533,48,3,3,unemployed,high_school,17.0,2,1
28.0,39552.0,25143.476654067017,606,37624,60,0,3,self_employed,bachelors,14.0,2,0
37.0,143396.0,108871.34553448675,453,51996,48,0,1,contract,masters,24.0,0,0
47.0,30808.0,21278.879968670044,739,51947,36,0,6,salaried,bachelors,21.0,2,1
23.0,124347.0,44998.28472437729,563,32956,60,3,5,self_employed,masters,17.0,2,1
22.0,92525.0,65207.56957986229,720,56030,48,2,2,self_employed,masters,18.0,4,0
33.0,43620.0,19685.897267484954,792,63597,36,4,7,self_employed,bachelors,14.0,4,1
26.0,124565.0,81155.25792849257,710,47443,60,4,7,contract,masters,29.0,4,0
58.0,20887.0,10183.020008914606,472,70464,36,3,0,salaried,bachelors,16.0,2,1
,51802.0,43965.38021989973,303,8952,60,0,2,salaried,bachelors,17.0,4,1
30.0,105024.0,46730.77682046827,771,61880,12,4,4,salaried,bachelors,17.0,4,1
62.0,115549.0,52403.98572212285,409,57201,12,3,1,salaried,masters,10.0,3,0
56.0,,48712.18443355915,336,47460,48,1,4,unemployed,masters,17.0,3,1
40.0,138639.0,43470.871587906324,330,27796,24,4,9,salaried,bachelors,22.0,1,1
37.0,138248.0,94448.12255752155,680,36746,12,1,2,salaried,bachelors,2.0,0,0
24.0,101938.0,71247.47689035867,567,5015,24,0,8,salaried,phd,12.0,0,0
41.0,106741.0,81124.03715224989,310,54757,36,4,0,salaried,bachelors,13.0,4,1
45.0,141028.0,117891.1749053976,643,30957,36,3,3,salaried,high_school,26.0,1,0
54.0,142746.0,119418.59935356452,843,26292,24,2,9,salaried,bachelors,3.0,1,0
45.0,46049.0,15467.961175047953,465,36876,48,4,5,salaried,phd,17.0,3,1
32.0,97789.0,73538.46504297598,641,65727,60,4,8,salaried,masters,4.0,1,1
29.0,,39328.227810693585,781,52046,24,4,2,unemployed,masters,13.0,2,0
57.0,27846.0,18268.038990564204,318,19817,24,4,2,salaried,bachelors,24.0,4,1
59.0,110563.0,40973.81411496527,483,14759,24,3,4,salaried,masters,11.0,2,1
61.0,124736.0,82026.76051657076,844,53432,24,3,6,unemployed,bachelors,24.0,0,1
41.0,66220.0,55648.99806807806,309,11412,24,2,4,self_employed,masters,,3,1
56.0,66163.0,53029.658609041144,491,62757,48,3,7,unemployed,bachelors,11.0,2,0
46.0,23765.0,12869.267084715002,619,25504,12,3,4,unemployed,high_school,7.0,4,1
56.0,137126.0,44150.64818165593,774,13507,60,0,6,salaried,bachelors,28.0,2,0
46.0,101486.0,50668.04441938843,726,26050,12,0,5,self_employed,bachelors,29.0,2,0
50.0,65270.0,49247.17260099253,358,9820,24,1,9,salaried,masters,20.0,1,0
,95277.0,65343.30143966314,735,12835,12,2,1,salaried,phd,20.0,3,0
39.0,108278.0,59838.64678722133,396,18587,48,0,2,contract,bachelors,27.0,0,0
23.0,146354.0,48341.581542149564,795,62732,36,2,3,salaried,masters,2.0,4,0
56.0,110239.0,58954.94634528218,577,56921,12,2,4,self_employed,bachelors,21.0,4,1
37.0,124245.0,69324.20199938664,564,50499,60,4,8,self_employed,masters,0.0,0,1
62.0,142332.0,115389.3413593385,308,11840,48,2,5,salaried,masters,2.0,4,1
57.0,123159.0,80373.23788709135,756,70077,36,4,0,contract,masters,10.0,1,0
54.0,42931.0,20238.064250695403,572,36440,48,1,2,salaried,bachelors,17.0,2,0
25.0,109116.0,64261.14525909269,307,40183,24,1,6,salaried,bachelors,6.0,1,1
54.0,140599.0,47287.72062346834,507,7389,36,1,7,contract,masters,8.0,1,1
35.0,75633.0,63146.939351793095,422,60076,60,4,6,salaried,bachelors,3.0,1,1
42.0,100702.0,50152.91373432538,332,71299,36,4,4,self_employed,masters,22.0,0,1
41.0,71913.0,40474.581301627586,812,44023,60,1,9,salaried,phd,23.0,3,1
29.0,139144.0,68932.7983211723,503,55029,24,4,7,salaried,bachelors,9.0,0,1
28.0,114776.0,77517.58148469935,817,44941,60,3,8,contract,masters,17.0,0,0
24.0,45991.0,30548.495556554975,816,58950,48,3,6,self_employed,masters,22.0,1,1
38.0,141049.0,97807.22311780324,742,70363,12,4,8,salaried,bachelors,15.0,3,1
54.0,74845.0,33491.54901116732,638,66742,48,4,0,salaried,bachelors,28.0,0,1
33.0,124092.0,58772.1632405362,737,50215,48,0,8,contract,masters,11.0,3,0
43.0,,22133.29062617486,744,52857,36,0,2,salaried,bachelors,18.0,1,0
43.0,75312.0,49745.871849820935,435,60476,24,2,5,contract,high_school,23.0,0,1
51.0,30561.0,9837.232004677682,686,33173,12,2,7,salaried,masters,21.0,3,1
59.0,36901.0,23200.59172473314,324,14395,60,2,2,self_employed,bachelors,2.0,4,1
59.0,126041.0,98101.83646242163,805,64768,36,1,3,contract,masters,7.0,0,0
29.0,115556.0,91284.3498502663,624,51229,24,3,6,salaried,high_school,26.0,0,1
48.0,82875.0,45330.20241486331,637,31639,12,1,6,self_employed,high_school,28.0,0,0
48.0,45917.0,25374.516098423836,394,67583,48,4,3,self_employed,phd,18.0,3,1
55.0,82120.0,28112.390119740114,844,33924,24,0,8,self_employed,high_school,8.0,2,1
42.0,21988.0,14708.229758692807,445,77969,24,4,2,salaried,masters,26.0,0,1
51.0,133745.0,100535.13764777142,530,35104,24,4,7,self_employed,masters,18.0,4,0
54.0,130041.0,56510.65337571832,794,42594,48,0,7,self_employed,masters,,4,0
49.0,148467.0,78942.20289640341,337,8664,60,4,3,contract,high_school,12.0,1,0
54.0,147400.0,112224.70503156047,724,15528,36,2,6,self_employed,bachelors,1.0,2,0
26.0,34256.0,26802.451307131636,736,33190,60,0,3,salaried,masters,3.0,2,1
40.0,138490.0,60069.89750673595,667,71033,12,4,0,unemployed,bachelors,28.0,3,1
25.0,107728.0,64939.93032482965,644,66161,36,2,0,salaried,bachelors,10.0,1,0
56.0,146155.0,59320.11003714862,459,78177,12,2,0,salaried,bachelors,1.0,3,1
38.0,48230.0,17171.487036947947,849,75179,48,3,1,salaried,high_school,3.0,1,1
49.0,125466.0,100512.85465520386,840,75592,60,2,5,salaried,masters,3.0,2,0
51.0,79778.0,59935.54621994606,443,37899,24,1,9,salaried,masters,19.0,3,0
50.0,,43081.15175950474,644,75979,36,0,4,salaried,phd,0.0,1,0
27.0,42625.0,13930.76538667556,568,22241,24,0,1,salaried,bachelors,24.0,2,1
56.0,52088.0,39797.87994508054,567,51211,12,0,7,self_employed,masters,25.0,2,1
62.0,99650.0,53903.10069018432,468,68472,24,4,8,salaried,bachelors,10.0,0,1
58.0,61167.0,29868.905378650816,332,79248,24,4,6,salaried,bachelors,22.0,3,1
45.0,123937.0,74431.85241602114,676,78757,48,1,8,salaried,bachelors,1.0,0,0
50.0,91291.0,31974.150884811876,513,36346,48,2,3,salaried,phd,18.0,2,0
52.0,85303.0,61090.22132967422,739,47220,60,4,6,salaried,masters,28.0,3,1
56.0,96361.0,59776.5145442182,791,22942,12,2,4,self_employed,phd,7.0,3,0
54.0,108229.0,43575.65277696733,692,54167,48,2,4,unemployed,masters,22.0,4,1
42.0,24117.0,9731.87777900654,788,41373,48,4,2,contract,masters,19.0,1,1
53.0,110265.0,44253.39766111351,328,72143,60,4,8,contract,high_school,3.0,4,1
44.0,148938.0,49350.80187846547,338,7016,36,1,9,salaried,masters,24.0,4,1
54.0,117718.0,73372.3518247248,472,74110,60,3,4,salaried,bachelors,15.0,2,1
24.0,80710.0,61516.47577724267,316,51309,24,0,5,salaried,bachelors,14.0,1,1
39.0,114426.0,35429.037848546504,355,12274,24,4,2,self_employed,high_school,4.0,4,1
46.0,114876.0,37559.00167764601,525,20748,48,4,9,salaried,bachelors,29.0,4,1
63.0,87054.0,53540.269016687955,366,25175,48,2,6,self_employed,bachelors,28.0,3,1
52.0,50949.0,38248.56712110369,496,16826,60,3,8,salaried,bachelors,26.0,2,0
24.0,42547.0,20410.06776736301,322,39129,60,4,8,salaried,bachelors,4.0,4,1
,101882.0,50155.277798630595,536,75009,12,3,9,unemployed,phd,14.0,1,1
45.0,88136.0,55348.57719685671,437,28490,24,0,9,self_employed,masters,22.0,0,1
53.0,131541.0,59300.930706553685,772,46435,60,2,4,contract,bachelors,16.0,0,0
43.0,136883.0,43068.128135596395,528,13520,36,1,6,self_employed,bachelors,2.0,2,1
44.0,84619.0,59603.56608528143,616,66877,12,0,2,contract,bachelors,17.0,0,0
23.0,81842.0,52715.04209622492,500,24798,60,3,5,self_employed,bachelors,10.0,3,1
48.0,114803.0,71110.79202777277,557,59638,48,3,7,contract,high_school,,3,1
63.0,121858.0,86266.47952487707,779,74072,60,0,7,salaried,phd,5.0,1,1
23.0,46990.0,31548.00338137208,477,72309,48,3,1,self_employed,bachelors,26.0,2,1
47.0,36193.0,14956.217738975887,422,34894,48,1,5,self_employed,high_school,11.0,2,1
38.0,50109.0,24747.060029706412,641,67963,24,1,6,salaried,bachelors,21.0,0,0
61.0,39233.0,14491.12355366262,470,59567,24,3,6,contract,bachelors,25.0,4,1
54.0,133557.0,49605.922227578565,358,40326,60,3,2,unemployed,bachelors,16.0,4,1
30.0,101730.0,68353.1663022679,764,60059,60,1,8,salaried,high_school,29.0,4,1
64.0,148133.0,114392.75530620114,559,10079,36,3,1,salaried,phd,13.0,1,1
60.0,,49770.17526741759,672,30838,12,4,2,salaried,bachelors,,2,0
50.0,21306.0,13754.960027579655,394,52109,12,2,1,contract,high_school,9.0,0,1
63.0,23849.0,9569.547853459504,424,30594,60,4,8,self_employed,high_school,15.0,1,1
47.0,32360.0,11588.364848300069,340,47749,24,3,3,salaried,bachelors,17.0,3,1
56.0,131072.0,97919.70139769625,553,41292,36,3,1,salaried,high_school,26.0,3,0
46.0,,37098.963719879976,306,79534,12,2,2,salaried,high_school,19.0,3,1
45.0,114767.0,73457.39435367487,770,56818,60,3,3,self_employed,bachelors,5.0,2,0
34.0,65800.0,48021.11299203293,810,18429,24,2,9,salaried,bachelors,18.0,3,0
28.0,148442.0,101950.33303148331,368,62748,24,1,5,salaried,high_school,2.0,4,1
57.0,56963.0,43232.18500159301,380,53807,24,2,4,self_employed,bachelors,11.0,3,0
41.0,74330.0,24597.108776058023,841,12140,48,2,2,salaried,bachelors,15.0,1,0
22.0,71707.0,50993.45426454989,561,68226,24,4,9,salaried,high_school,2.0,3,1
29.0,38689.0,29711.953280419002,388,19901,60,3,7,salaried,bachelors,15.0,4,1
37.0,49084.0,22449.75883321315,507,33525,36,1,7,salaried,high_school,3.0,3,1
35.0,60387.0,39387.17924404681,512,25491,60,0,6,salaried,high_school,24.0,0,1
33.0,94816.0,44827.97463462149,565,73816,24,2,2,unemployed,bachelors,19.0,4,1
44.0,22642.0,18722.30948801265,592,39980,36,0,0,contract,bachelors,12.0,2,1
36.0,62137.0,19783.362286233692,506,13078,12,3,4,contract,high_school,3.0,3,1
49.0,99832.0,61784.63355204237,632,53704,12,2,0,contract,bachelors,3.0,1,0
55.0,75561.0,29587.945985234626,376,21997,60,0,5,salaried,phd,6.0,3,1
23.0,82260.0,56900.97874283019,587,5868,36,4,6,salaried,masters,20.0,1,0
53.0,35438.0,14059.659925084801,346,31398,60,0,4,salaried,masters,11.0,0,1
44.0,68442.0,29393.155665966064,499,26246,36,4,3,contract,masters,1.0,2,0
43.0,123061.0,70379.07150795612,726,25561,36,1,1,self_employed,phd,15.0,4,0
46.0,22994.0,18467.843162125522,509,21254,60,3,4,salaried,masters,6.0,4,1
43.0,143439.0,59734.153804593036,719,39512,36,0,8,salaried,bachelors,18.0,2,0
43.0,145844.0,55323.29790197178,453,62865,24,2,3,salaried,bachelors,10.0,0,1
63.0,133530.0,95799.3969966078,821,28580,36,3,1,salaried,high_school,0.0,0,0
27.0,119575.0,68796.36931835639,714,75959,36,0,5,contract,bachelors,8.0,3,1
36.0,21813.0,17482.72276101097,652,77144,60,2,7,salaried,phd,4.0,0,1
64.0,113027.0,43022.37195365802,456,47485,12,2,1,contract,bachelors,25.0,3,0
58.0,143489.0,94022.6510930906,560,55621,48,2,8,salaried,masters,16.0,1,1
54.0,104381.0,44683.78698495994,376,55665,36,2,6,self_employed,bachelors,26.0,2,1
29.0,138808.0,53610.18086915222,787,75412,48,0,1,contract,bachelors,0.0,1,0
26.0,75276.0,50878.00796045828,430,55603,36,1,4,contract,bachelors,16.0,1,1
60.0,61243.0,38370.36494738881,754,26038,60,4,4,salaried,bachelors,11.0,1,0
25.0,82912.0,59294.93982525568,462,19325,60,4,6,salaried,bachelors,24.0,1,0
27.0,80272.0,37744.24896506837,314,40892,36,4,4,salaried,masters,12.0,4,1
53.0,122700.0,67041.36723095209,531,6753,60,1,5,salaried,masters,23.0,0,1
51.0,62051.0,32453.25764338834,494,22996,60,2,8,self_employed,masters,10.0,2,1
56.0,98854.0,83160.84892902018,841,73811,36,2,2,contract,bachelors,12.0,2,0
61.0,102736.0,47334.26885076777,658,79283,12,3,2,salaried,masters,12.0,1,1
37.0,141992.0,65621.52911903377,630,50211,36,4,7,salaried,bachelors,5.0,2,0
34.0,142019.0,70299.6201382965,726,67820,12,4,9,salaried,bachelors,25.0,3,0
63.0,85618.0,52272.07882855311,796,5824,60,2,5,contract,masters,21.0,2,0
51.0,21920.0,9618.003004843713,785,18880,12,4,9,unemployed,bachelors,5.0,1,1
40.0,126121.0,101326.80541381594,748,71617,60,2,2,salaried,high_school,19.0,2,0
38.0,97219.0,43372.0267119033,712,16517,12,2,1,salaried,bachelors,20.0,0,0
40.0,96872.0,76790.30385123455,629,26683,12,2,1,self_employed,masters,9.0,1,0
49.0,101132.0,36095.15207518852,446,21876,36,0,1,self_employed,bachelors,18.0,4,1
47.0,22093.0,14605.891881263537,558,61354,12,0,4,salaried,bachelors,2.0,0,1
58.0,32905.0,26285.897166315728,591,78802,60,0,4,contract,bachelors,25.0,2,1
47.0,141759.0,55684.66340084204,442,14982,36,0,0,unemployed,masters,6.0,4,0
44.0,,49954.78968327541,664,79504,12,1,1,self_employed,masters,4.0,0,0
30.0,50981.0,27992.94562853876,389,31598,36,3,1,self_employed,bachelors,7.0,3,1
33.0,93903.0,77013.91720536564,463,19639,48,3,3,salaried,high_school,4.0,0,0
22.0,90821.0,61054.51025038847,780,75210,36,2,6,self_employed,bachelors,11.0,4,1
22.0,129200.0,60190.76297321458,383,74852,48,4,2,salaried,bachelors,3.0,3,1
55.0,123241.0,49735.92531032001,376,14695,48,0,4,salaried,masters,29.0,2,0
53.0,102289.0,47774.514778825556,816,53582,36,3,8,salaried,high_school,18.0,1,0
46.0,136506.0,47935.38895784589,784,36094,60,3,4,salaried,bachelors,27.0,2,1
61.0,104021.0,39437.20934984973,403,65635,60,0,8,salaried,masters,17.0,1,1
22.0,98513.0,35224.627677919096,751,27187,60,1,0,salaried,bachelors,2.0,1,0
37.0,39874.0,21237.647974732983,786,6214,24,1,8,self_employed,masters,6.0,4,1
60.0,70931.0,52316.44339347978,638,28940,48,3,4,self_employed,masters,7.0,3,0
,27674.0,10454.15666366065,777,49406,36,1,7,salaried,masters,14.0,3,1
43.0,70516.0,26209.121616069242,522,48481,60,0,4,salaried,bachelors,20.0,0,1
50.0,141982.0,92840.03101070331,308,20977,60,3,5,contract,bachelors,26.0,2,1
24.0,148408.0,60617.34259335423,352,49839,36,0,7,salaried,phd,16.0,4,1
33.0,114574.0,40523.164878464784,376,62874,48,1,1,unemployed,bachelors,18.0,2,1
47.0,80686.0,31610.089409602384,802,63414,36,0,2,salaried,bachelors,3.0,0,0
37.0,114851.0,92805.61100131398,615,30538,24,1,8,self_employed,bachelors,15.0,0,0
58.0,89212.0,67070.40137146825,464,61241,24,1,4,salaried,bachelors,25.0,4,1
43.0,22426.0,11094.938531456437,578,78501,36,0,4,self_employed,phd,12.0,0,1
50.0,142952.0,94448.58968204199,326,65481,48,1,8,contract,high_school,28.0,4,1
35.0,110009.0,65510.53777150096,369,32740,60,2,9,contract,high_school,11.0,0,0
49.0,88498.0,59507.67868832397,517,68328,24,0,2,unemployed,masters,3.0,3,1
26.0,49943.0,33734.954952096174,664,77105,24,2,3,salaried,phd,11.0,4,0
51.0,86395.0,55794.21137710945,605,55643,48,0,6,self_employed,bachelors,16.0,3,0
26.0,64816.0,28930.994466712807,423,16881,24,1,1,salaried,bachelors,25.0,3,0
33.0,24138.0,7759.245341405097,318,41996,24,1,7,self_employed,bachelors,8.0,4,1
37.0,120728.0,66468.21655085601,556,37177,48,3,4,salaried,bachelors,11.0,2,1
47.0,111176.0,87833.00193240552,595,42177,36,3,0,contract,masters,25.0,1,0
47.0,95945.0,58835.727957710624,321,71126,60,2,2,contract,high_school,14.0,0,1
42.0,24017.0,18200.444606705096,749,61531,60,1,8,salaried,high_school,19.0,0,1
60.0,30451.0,25743.074077131798,849,31119,24,3,4,salaried,bachelors,1.0,2,1
57.0,82956.0,32351.920206772164,347,32915,60,1,7,salaried,bachelors,28.0,1,1
54.0,113863.0,77481.23252909294,482,7708,36,0,0,self_employed,high_school,8.0,2,0
51.0,30278.0,20312.34345346914,734,43749,24,3,6,salaried,high_school,13.0,1,1
58.0,110480.0,92690.01280327844,406,49989,60,2,6,contract,masters,3.0,4,0
44.0,63764.0,53694.4148598715,487,27106,12,3,7,self_employed,high_school,3.0,4,1
31.0,143030.0,96927.60300919622,385,22131,12,1,2,self_employed,phd,26.0,3,1
26.0,21134.0,9171.905257563432,755,51553,12,4,0,self_employed,bachelors,5.0,3,1
57.0,82943.0,61311.939285136454,436,63144,12,4,8,salaried,bachelors,23.0,4,1
55.0,115667.0,41508.956376733484,635,11553,12,1,0,contract,bachelors,4.0,3,0
52.0,74318.0,54206.40598808491,768,22881,24,0,5,self_employed,bachelors,27.0,4,0
31.0,123423.0,98813.42492667097,702,6379,48,3,8,unemployed,bachelors,23.0,2,1
40.0,123998.0,63308.21640647303,839,74306,48,4,1,salaried,bachelors,16.0,0,0
53.0,80128.0,51830.749704022346,371,24726,24,0,3,self_employed,masters,12.0,4,0
22.0,108056.0,57980.52668270007,323,14088,24,1,1,salaried,masters,19.0,4,0
26.0,41869.0,22641.531798013875,784,39314,36,0,3,self_employed,bachelors,16.0,4,0
25.0,122468.0,57646.17612601128,355,60041,48,1,1,self_employed,bachelors,18.0,3,0
37.0,137034.0,98550.9187248344,522,21350,12,3,0,self_employed,masters,26.0,3,0
45.0,25039.0,20404.20874459082,478,22769,24,0,2,self_employed,bachelors,22.0,3,1
37.0,41281.0,33743.624921031784,733,52249,12,3,7,salaried,phd,0.0,3,1
23.0,132935.0,52659.50255766713,749,51365,48,0,4,unemployed,masters,20.0,2,1
49.0,30442.0,23778.520400564852,791,55185,60,1,3,unemployed,high_school,16.0,4,1
53.0,93788.0,66175.6210157118,488,7786,60,1,4,salaried,bachelors,21.0,2,0
48.0,139729.0,61349.49443857938,719,6620,24,0,5,contract,bachelors,24.0,3,0
41.0,47586.0,16036.793074765754,548,41303,36,1,5,salaried,masters,2.0,2,1
45.0,73053.0,32683.802385737454,463,24589,12,2,4,self_employed,bachelors,26.0,4,0
33.0,70489.0,56512.055521371134,554,7882,24,2,5,salaried,masters,26.0,4,1
56.0,103104.0,66836.98975304954,775,67248,36,3,8,unemployed,bachelors,13.0,3,1
54.0,106346.0,74078.5034323148,716,54322,12,2,4,salaried,high_school,11.0,4,0
54.0,87087.0,38443.14474057081,469,29524,48,2,5,salaried,high_school,14.0,2,1
64.0,32625.0,22696.021216595684,616,14745,60,4,3,salaried,bachelors,5.0,1,1
58.0,54397.0,17160.44906735012,473,20861,36,4,2,salaried,bachelors,19.0,4,0
33.0,78671.0,39841.09807631983,769,59261,12,4,5,self_employed,bachelors,21.0,2,1
24.0,136214.0,87819.1193400898,644,7837,24,4,4,salaried,bachelors,1.0,2,0
22.0,111785.0,42517.77251847006,744,79135,12,1,3,self_employed,high_school,3.0,2,0
54.0,86897.0,65403.197884793415,317,59380,24,3,4,unemployed,high_school,12.0,4,1
61.0,46149.0,19810.25267487918,369,54831,60,3,6,contract,masters,12.0,1,1
31.0,80030.0,52720.13160237315,637,43255,60,2,0,contract,bachelors,22.0,3,0
64.0,89906.0,47008.10986520767,826,34520,12,3,0,salaried,bachelors,26.0,3,0
50.0,25283.0,15873.273623453744,755,34541,12,2,0,salaried,masters,21.0,4,0
34.0,27610.0,9914.690366946284,568,70772,24,3,1,salaried,masters,24.0,4,1
33.0,63326.0,19586.860982309634,487,32350,24,0,8,salaried,high_school,26.0,0,1
52.0,34924.0,27948.295434006304,828,49397,36,0,4,contract,bachelors,22.0,1,1
23.0,133143.0,59687.54154150896,733,68865,36,3,8,salaried,masters,16.0,2,1
56.0,130253.0,97796.86375373972,587,60956,36,1,4,contract,masters,5.0,2,1
44.0,96162.0,81703.33797670425,798,32453,12,2,6,salaried,masters,10.0,3,0
38.0,120297.0,50078.100323922255,740,67345,36,3,5,contract,bachelors,18.0,4,1
47.0,20869.0,9304.316508765496,602,17906,12,2,1,salaried,high_school,15.0,1,1
29.0,117088.0,77813.50974801226,386,19988,60,4,2,salaried,bachelors,7.0,3,1
50.0,21014.0,17462.5656841236,737,32723,48,3,4,self_employed,masters,28.0,1,1
47.0,30103.0,24193.71762797228,840,38800,60,1,3,salaried,bachelors,0.0,4,0
31.0,102522.0,59112.29223749015,321,44107,12,4,5,self_employed,high_school,9.0,2,1
47.0,130317.0,96084.11267841936,816,32430,12,3,7,self_employed,masters,1.0,0,1
55.0,116007.0,43463.20804930812,802,37535,48,0,7,salaried,bachelors,18.0,1,0
62.0,53458.0,44775.93974814795,766,73476,24,3,2,contract,high_school,13.0,2,0
28.0,110605.0,91845.75919780266,400,57284,24,0,3,salaried,high_school,2.0,1,1
25.0,102409.0,39944.72536609641,440,61232,24,0,0,self_employed,bachelors,22.0,1,1
32.0,43248.0,20096.598215816615,437,49420,36,3,1,salaried,bachelors,28.0,1,1
50.0,109160.0,38761.10574031127,527,42710,24,3,8,self_employed,bachelors,23.0,4,1
57.0,63516.0,28546.92825638923,580,77497,36,0,9,salaried,high_school,8.0,3,1
46.0,49061.0,36735.6838414747,730,45498,36,2,9,salaried,high_school,22.0,1,1
42.0,44170.0,22441.61020266923,339,36283,24,4,1,salaried,bachelors,7.0,4,1
57.0,28024.0,9769.680134026417,818,71169,24,1,5,salaried,bachelors,10.0,0,0
31.0,102214.0,49903.33188436302,510,77358,48,3,6,salaried,high_school,14.0,3,1
,123792.0,103955.6731418181,601,67457,48,4,5,self_employed,bachelors,5.0,4,0
30.0,105947.0,68476.29832680972,385,30968,36,4,7,self_employed,high_school,1.0,0,1
45.0,63803.0,33744.67427495364,696,67508,48,2,8,salaried,bachelors,0.0,3,0
56.0,39296.0,15388.163584513795,552,68220,36,4,7,salaried,high_school,2.0,4,1
56.0,111829.0,94204.44078489106,832,10738,12,3,4,salaried,high_school,24.0,0,1
57.0,112708.0,84696.3375748158,680,8098,36,4,7,salaried,bachelors,28.0,4,0
39.0,106664.0,48512.12224374368,743,78633,36,3,9,salaried,bachelors,22.0,0,1
60.0,38257.0,12951.43995071305,332,43244,48,3,9,salaried,masters,17.0,1,1
53.0,32855.0,10879.737978201816,559,13253,12,0,8,unemployed,high_school,13.0,1,1
45.0,105178.0,38517.02315478117,533,59333,60,2,7,self_employed,high_school,16.0,3,1
44.0,149876.0,92836.59973078729,814,55969,60,1,1,salaried,bachelors,1.0,0,0
53.0,121121.0,98207.31488690674,607,75423,60,0,1,salaried,masters,18.0,1,0
58.0,143324.0,82154.59029154135,369,49411,12,1,2,self_employed,bachelors,29.0,3,0
33.0,40025.0,30563.891114420112,753,40421,24,3,6,salaried,bachelors,21.0,2,1
34.0,24458.0,13335.422221692148,738,6454,12,0,8,self_employed,bachelors,27.0,1,0
44.0,83610.0,57667.56864390632,663,22522,48,4,7,contract,high_school,8.0,1,0
46.0,90843.0,63819.93329032468,780,43575,36,4,8,self_employed,phd,7.0,4,0
56.0,127237.0,50345.14102641271,443,8192,36,1,5,salaried,bachelors,9.0,2,0
62.0,103961.0,51842.1104889514,323,60268,48,3,0,self_employed,masters,8.0,0,1
51.0,69831.0,45426.195791263715,724,15402,48,1,3,unemployed,bachelors,26.0,3,0
38.0,63427.0,21494.340572020385,474,41527,36,2,5,self_employed,bachelors,26.0,2,1
41.0,113809.0,56773.28997601288,624,57181,24,4,5,self_employed,high_school,,0,1
46.0,58506.0,34760.737665836095,647,32002,24,0,7,salaried,bachelors,6.0,1,1
43.0,25668.0,21764.499658108383,317,17460,24,0,0,salaried,high_school,21.0,3,1
34.0,111470.0,62533.94092403792,343,35482,48,0,1,self_employed,bachelors,23.0,3,1
40.0,67195.0,50317.713586863334,454,21447,36,4,1,contract,bachelors,5.0,2,0
57.0,93233.0,50125.51105373878,676,53228,36,3,5,self_employed,masters,1.0,4,1
33.0,44417.0,32780.40769962979,701,55126,36,4,6,self_employed,bachelors,28.0,0,1
62.0,101982.0,63991.47576435205,524,25545,12,4,1,salaried,bachelors,8.0,2,0
40.0,126133.0,99345.81855266211,516,60114,12,0,4,salaried,high_school,8.0,4,1
33.0,30751.0,16175.591935025028,330,62801,60,4,5,salaried,bachelors,18.0,4,1
30.0,,37942.04585410881,358,18890,12,0,3,salaried,high_school,8.0,4,0
28.0,146649.0,94810.08522173873,652,57482,24,3,0,self_employed,masters,1.0,3,0
49.0,27352.0,14484.5420232696,744,68397,24,2,2,salaried,phd,27.0,0,1
35.0,99052.0,37577.51810323283,534,6740,24,0,9,self_employed,bachelors,29.0,0,1
52.0,108835.0,38250.89592821722,406,35121,24,1,8,contract,high_school,,2,1
40.0,117493.0,36325.23477203148,490,16218,60,2,5,salaried,bachelors,15.0,1,0
37.0,48927.0,38184.77602069909,829,76591,24,3,1,salaried,masters,29.0,2,0
26.0,61094.0,26274.159058570945,544,39722,48,2,8,self_employed,bachelors,21.0,0,1
56.0,121948.0,50770.45378377718,375,54431,48,0,3,unemployed,high_school,13.0,3,1
,74122.0,52242.62877270945,846,56543,48,3,7,self_employed,phd,19.0,2,1
46.0,49493.0,23559.106616768855,566,47000,12,1,9,salaried,masters,23.0,1,0
42.0,112247.0,64915.19922403328,616,76975,36,0,6,salaried,high_school,0.0,2,0
57.0,93539.0,36422.31739527232,420,35921,60,0,2,salaried,phd,12.0,4,0
44.0,,49671.608808244986,324,35614,48,3,7,salaried,bachelors,21.0,1,1
37.0,88814.0,68241.992753622,731,66189,48,3,3,contract,bachelors,1.0,4,0
60.0,27296.0,21156.700851649002,459,22601,24,2,1,contract,bachelors,21.0,3,1
63.0,45398.0,23776.09305071954,413,76543,48,1,4,salaried,masters,13.0,0,1
60.0,55842.0,40167.07619270977,801,25514,24,2,0,salaried,bachelors,0.0,2,1
35.0,33261.0,12610.305642430712,465,72612,24,2,7,salaried,high_school,14.0,2,1
52.0,,18284.427085528747,474,21292,36,0,7,contract,phd,17.0,4,0
26.0,115985.0,36069.60832178443,300,36510,12,3,2,salaried,high_school,8.0,4,1
56.0,126616.0,78835.04107076871,385,33000,24,0,0,self_employed,masters,21.0,0,1
44.0,76704.0,42223.035946675926,619,35383,24,1,3,salaried,bachelors,7.0,2,0
50.0,87173.0,50988.22360572132,700,16785,36,2,8,self_employed,high_school,6.0,0,0
64.0,51781.0,15746.846880669222,681,45910,24,1,8,salaried,high_school,8.0,4,0
32.0,33652.0,17918.937568591427,617,44028,60,3,0,salaried,masters,8.0,4,1
39.0,25103.0,17445.015777843866,549,29855,12,3,6,self_employed,bachelors,10.0,1,1
33.0,45500.0,24728.409891735082,824,29281,60,4,5,self_employed,bachelors,3.0,4,0
30.0,135332.0,95100.5792957551,555,9841,48,1,6,salaried,bachelors,6.0,4,1
31.0,120336.0,51523.11355481163,606,65155,12,0,6,salaried,masters,20.0,0,0
38.0,55529.0,41492.82930177615,443,31918,48,1,7,salaried,bachelors,6.0,1,1
59.0,133499.0,83254.94019311249,690,61313,24,2,7,salaried,bachelors,3.0,1,0
28.0,38452.0,15992.944484603317,468,22443,36,3,9,self_employed,bachelors,11.0,2,1
34.0,69393.0,29852.609189508767,597,37250,60,3,1,contract,masters,25.0,3,0
61.0,51174.0,33028.55704663482,532,6922,48,1,3,salaried,bachelors,26.0,2,1
63.0,84450.0,63883.619255734964,570,36976,24,1,3,salaried,bachelors,26.0,2,1
30.0,55436.0,29303.20794851254,359,16991,60,1,9,salaried,phd,16.0,2,0
48.0,67406.0,29797.849299175963,595,58744,60,2,7,salaried,masters,19.0,1,1
,83059.0,64524.91438211316,766,27733,48,2,2,salaried,high_school,28.0,0,0
,35954.0,24020.779688885235,534,7473,24,0,2,self_employed,phd,25.0,4,0
50.0,102722.0,56132.1305835807,533,13108,36,1,1,salaried,bachelors,2.0,1,0
58.0,139747.0,79424.52372433314,667,33715,48,0,0,self_employed,high_school,8.0,4,0
59.0,32356.0,13341.707252102524,531,37210,60,4,7,contract,bachelors,4.0,4,1
40.0,148128.0,95504.26099243487,790,42317,60,2,8,contract,bachelors,19.0,3,0
29.0,118499.0,58930.545816251964,802,70516,12,3,8,unemployed,masters,15.0,2,1
22.0,22187.0,18805.808744180584,680,38362,24,4,7,self_employed,bachelors,7.0,3,1
43.0,97243.0,54854.867066036466,727,59604,12,3,4,contract,bachelors,20.0,2,1
38.0,55098.0,31253.62882140942,663,9889,36,4,0,salaried,bachelors,15.0,1,0
28.0,112471.0,68744.35401002613,501,78748,48,0,8,salaried,bachelors,18.0,4,1
46.0,41225.0,33153.796425713685,445,36971,60,0,5,salaried,high_school,15.0,3,1
25.0,23606.0,17479.061635909096,756,55551,24,2,6,self_employed,high_school,17.0,1,1
57.0,148664.0,81485.94038303447,434,8201,60,3,7,contract,bachelors,,1,1
27.0,77620.0,53967.99036364463,563,42958,12,4,4,salaried,masters,23.0,2,1
52.0,52828.0,32881.706911274545,363,10681,12,1,5,self_employed,bachelors,27.0,4,1
40.0,146270.0,83491.19051744242,790,51870,48,1,6,self_employed,bachelors,17.0,2,0
60.0,46489.0,18864.01237853442,340,72203,24,2,6,contract,bachelors,13.0,2,1
48.0,34387.0,19090.456960282838,595,33152,24,3,1,self_employed,bachelors,23.0,1,1
31.0,89463.0,38934.317537940326,302,55061,48,1,0,unemployed,phd,15.0,2,1
47.0,91832.0,73756.08136784742,409,62619,12,2,7,salaried,masters,4.0,0,1
,115980.0,56189.26522611848,520,63235,12,2,4,salaried,bachelors,7.0,4,1
60.0,131926.0,108673.41030973132,669,78740,12,3,9,salaried,bachelors,15.0,2,1
24.0,132429.0,78554.28845657388,667,42890,60,1,1,salaried,bachelors,20.0,2,0
34.0,22591.0,14624.270482270227,735,66401,36,1,2,salaried,bachelors,0.0,3,1
49.0,143446.0,85869.24925011885,303,16217,12,1,5,self_employed,bachelors,27.0,4,0
41.0,130431.0,48410.68378837107,543,53351,36,0,9,self_employed,masters,28.0,4,1
49.0,68516.0,34717.171652851444,465,38741,36,1,5,self_employed,masters,10.0,2,1
29.0,111683.0,39595.01439162603,325,25654,24,4,7,salaried,bachelors,29.0,0,1
62.0,82061.0,52734.42750085288,694,66314,48,0,4,salaried,masters,10.0,3,1
60.0,124425.0,67908.77695579805,773,6408,60,0,4,salaried,masters,1.0,0,0
22.0,86736.0,63134.41747179723,316,47903,36,0,6,salaried,masters,29.0,2,1
24.0,101257.0,42655.398722004255,391,6218,60,0,9,self_employed,phd,21.0,4,0
34.0,81753.0,31925.47293612538,782,55572,24,2,4,salaried,bachelors,18.0,4,1
49.0,104774.0,54847.379241848794,842,63798,12,4,8,salaried,bachelors,23.0,0,1
46.0,31087.0,25168.7178944604,504,35105,36,3,5,self_employed,masters,4.0,1,1
54.0,50816.0,35100.237223418895,801,74634,48,1,6,salaried,masters,,2,0
59.0,43408.0,23023.950187756058,699,70063,24,0,7,unemployed,phd,27.0,4,1
27.0,144116.0,84235.75780897173,506,12619,60,3,4,salaried,high_school,25.0,1,1
53.0,125276.0,43385.228053522194,445,16939,12,2,3,unemployed,bachelors,,4,1
42.0,20136.0,16944.781137186175,400,23226,60,3,7,salaried,high_school,29.0,4,1
37.0,37413.0,24936.66306980305,540,30322,48,0,9,self_employed,bachelors,7.0,1,1
42.0,133650.0,61074.33956257503,462,63215,36,4,8,salaried,high_school,3.0,0,1
32.0,79500.0,49464.47203706156,472,21878,48,3,0,contract,high_school,28.0,2,1
,104514.0,37647.542004034156,801,11560,60,0,2,salaried,high_school,12.0,1,0
57.0,76358.0,63469.54599624521,846,43278,60,0,3,salaried,bachelors,26.0,1,0
56.0,86197.0,34145.36788032037,583,41212,48,1,6,contract,bachelors,24.0,4,0
40.0,120776.0,79279.3803313901,658,78079,48,1,5,salaried,high_school,21.0,1,0
41.0,112789.0,49063.20985641688,680,28946,48,4,9,salaried,bachelors,13.0,2,1
39.0,112420.0,78093.53785054162,832,36740,12,1,9,salaried,high_school,0.0,0,0
62.0,52854.0,38438.1640992648,462,12253,60,4,0,self_employed,phd,4.0,0,1
35.0,96240.0,64517.45309073995,606,37813,24,2,3,salaried,bachelors,20.0,0,0
36.0,124523.0,79442.52395914655,638,69331,12,2,5,salaried,bachelors,6.0,2,1
52.0,149494.0,118228.52610219413,354,32632,12,1,2,salaried,masters,22.0,4,0
22.0,110063.0,37778.54043041616,632,53365,12,2,1,self_employed,bachelors,5.0,2,0
24.0,36322.0,17507.317367467538,426,72593,24,3,1,self_employed,masters,14.0,1,1
37.0,133053.0,58085.36671502762,542,38431,48,3,9,salaried,bachelors,14.0,3,1
44.0,26968.0,22745.01829093916,708,42436,60,3,3,salaried,phd,7.0,3,1
32.0,47518.0,24432.062952615775,802,23413,36,2,0,salaried,bachelors,1.0,3,0
33.0,71925.0,50558.742616076124,602,43485,36,3,9,salaried,phd,13.0,0,1
31.0,79848.0,54025.06418706375,763,73232,60,4,1,salaried,masters,28.0,2,0
53.0,131900.0,54955.43337279637,534,21101,24,0,9,salaried,bachelors,15.0,2,1
37.0,,25886.923446981196,337,13831,36,1,1,salaried,bachelors,28.0,0,0
29.0,21700.0,9867.131266005461,438,56897,12,4,3,contract,bachelors,22.0,1,1
59.0,113782.0,59862.98618619978,494,10004,36,3,3,salaried,high_school,9.0,3,0
33.0,121004.0,51896.04863418699,826,50924,60,0,0,self_employed,bachelors,14.0,3,0
45.0,43199.0,13426.608421749592,300,26509,12,1,6,salaried,phd,22.0,0,1
49.0,64589.0,50616.21498036598,395,42170,36,4,6,salaried,bachelors,3.0,3,1
29.0,52115.0,43312.01599932813,712,48555,60,1,9,contract,bachelors,11.0,4,0
49.0,81934.0,39972.62545007447,837,19662,24,2,9,salaried,masters,9.0,2,1
57.0,136335.0,66283.18447355951,728,70930,60,3,9,salaried,bachelors,1.0,3,1
47.0,,18234.029821554243,534,52403,24,4,0,self_employed,high_school,3.0,3,1
29.0,74316.0,50099.23058467805,648,41365,12,4,7,salaried,masters,19.0,4,1
49.0,25520.0,19241.874376727756,780,67188,60,0,9,salaried,masters,27.0,1,1
49.0,129814.0,49411.6954466134,695,31673,48,0,6,salaried,high_school,27.0,1,1
58.0,56455.0,21894.180064437372,650,68471,48,0,6,salaried,phd,5.0,4,1
62.0,135284.0,99372.29231402479,715,22156,48,1,5,self_employed,bachelors,13.0,1,0
57.0,106465.0,68026.86698793819,350,62287,48,3,3,salaried,bachelors,22.0,0,1
48.0,143364.0,46546.46394105701,380,6645,48,1,7,salaried,high_school,2.0,4,0
38.0,61605.0,39575.10404108588,335,64076,24,3,1,salaried,bachelors,14.0,2,1
30.0,34955.0,16425.52045110211,366,55151,60,4,6,salaried,bachelors,25.0,2,1
54.0,64049.0,32203.76261551372,780,72384,12,1,2,unemployed,bachelors,0.0,2,1
41.0,33917.0,24533.93928290641,767,38541,48,1,2,salaried,masters,18.0,3,1
34.0,90293.0,67359.87424359343,441,77847,48,1,6,unemployed,high_school,24.0,4,1
49.0,98581.0,51281.45614677355,655,55955,12,2,2,self_employed,masters,0.0,4,0
50.0,139072.0,114168.94921395168,770,14290,12,3,4,self_employed,bachelors,12.0,1,1
34.0,84925.0,44462.86547714385,738,63942,48,3,7,salaried,phd,7.0,4,0
56.0,127216.0,92169.24118180851,830,35143,24,1,3,salaried,bachelors,17.0,4,0
27.0,90269.0,51104.21423722311,426,29509,12,2,6,contract,high_school,21.0,1,0
39.0,50954.0,40439.27419108345,504,41741,60,1,6,contract,high_school,2.0,4,0
26.0,116671.0,93251.47663185048,328,31898,60,3,1,salaried,masters,22.0,4,0
46.0,,20884.754659745766,744,67948,24,4,7,salaried,masters,17.0,0,0
23.0,61458.0,50092.653935615126,763,66768,36,2,9,salaried,bachelors,19.0,1,1
31.0,109037.0,82218.71338317386,579,48262,24,2,9,contract,bachelors,25.0,0,0
51.0,41113.0,30227.13656864517,450,10506,48,1,8,salaried,bachelors,8.0,3,1
26.0,119977.0,49250.70689079745,539,25605,36,4,5,self_employed,phd,5.0,1,1
54.0,132622.0,98513.68583690365,565,33231,48,3,4,self_employed,phd,19.0,4,1
22.0,145947.0,112024.97722599239,404,18515,60,0,0,self_employed,phd,1.0,4,0
39.0,110226.0,50597.33662104879,732,43622,12,3,0,self_employed,masters,25.0,0,0
53.0,63939.0,52669.30643272474,796,21600,48,3,8,salaried,phd,29.0,0,1
32.0,49345.0,16156.691908236719,739,32892,60,4,3,unemployed,bachelors,24.0,3,1
42.0,144616.0,55308.40211217359,457,74310,24,2,0,self_employed,masters,3.0,3,0
47.0,66313.0,39500.63990418554,471,26801,48,3,9,self_employed,masters,24.0,4,1
46.0,130107.0,80235.1470721707,793,42695,60,2,2,salaried,phd,29.0,2,0
43.0,141866.0,92898.47394466128,610,33853,12,4,5,self_employed,bachelors,17.0,3,0
48.0,112365.0,34758.20491854281,702,9429,48,4,7,salaried,high_school,6.0,4,0
34.0,120598.0,99879.47175723383,762,9606,60,1,9,salaried,bachelors,26.0,3,0
54.0,89166.0,28936.458032202972,666,9478,48,0,1,self_employed,bachelors,10.0,1,0
55.0,67861.0,25697.879945569544,849,45134,12,4,7,salaried,bachelors,4.0,0,0
62.0,117406.0,36126.76364456534,554,74963,48,4,0,self_employed,bachelors,7.0,4,1
56.0,69298.0,42394.58564072779,507,75897,48,2,1,salaried,bachelors,10.0,3,0
22.0,,48764.80716939209,749,30475,60,4,7,self_employed,bachelors,29.0,0,1
42.0,64942.0,43268.96747277863,394,71177,36,3,6,salaried,bachelors,23.0,2,1
27.0,23453.0,17647.4820845493,777,26730,48,1,4,self_employed,high_school,29.0,3,1
49.0,122811.0,37740.392832873426,489,26113,36,1,9,salaried,phd,29.0,4,1
38.0,74935.0,44819.254015368046,783,25011,24,3,1,self_employed,masters,19.0,1,0
26.0,142439.0,78734.53002409996,835,60746,48,4,8,contract,high_school,28.0,0,0
,63370.0,36401.77924389941,722,47853,36,0,4,salaried,masters,19.0,0,0
26.0,123932.0,42101.83846672828,432,41818,24,4,7,salaried,masters,14.0,1,1
59.0,28328.0,19162.17669960424,354,42321,60,1,3,self_employed,high_school,23.0,4,1
24.0,35534.0,20494.988821872696,809,26309,48,0,8,self_employed,bachelors,2.0,2,1
44.0,105280.0,75889.17900236663,840,23688,60,2,9,self_employed,bachelors,6.0,1,0
58.0,104925.0,59483.015878409016,709,33176,24,2,6,self_employed,bachelors,23.0,2,0
58.0,56320.0,21523.24556374996,510,73879,60,4,1,salaried,masters,7.0,4,1
31.0,69170.0,45412.963432459626,592,72592,60,4,2,salaried,bachelors,10.0,3,1
31.0,120546.0,47593.06752348116,414,14416,12,0,1,salaried,high_school,9.0,3,0
40.0,100201.0,78138.4442034937,558,44994,24,0,4,salaried,phd,19.0,4,0
38.0,148935.0,94903.45688617764,421,71422,60,4,1,self_employed,bachelors,8.0,2,1
,141006.0,54493.47994265754,598,13584,36,1,4,salaried,masters,14.0,1,0
35.0,123401.0,102334.71324718112,680,23830,24,2,8,contract,high_school,25.0,4,0
30.0,28640.0,16757.29277845797,800,8591,12,0,1,contract,bachelors,19.0,4,1
22.0,120252.0,40897.00154895864,596,26395,48,1,8,contract,bachelors,23.0,3,1
34.0,111057.0,71604.90002609327,661,59182,60,4,6,contract,high_school,21.0,1,1
25.0,50049.0,21984.493653396275,762,21738,36,3,6,salaried,bachelors,4.0,3,0
22.0,25618.0,19009.360367606005,737,7631,12,0,4,contract,high_school,14.0,2,0
61.0,122540.0,91880.75429214054,426,22905,24,3,7,salaried,bachelors,3.0,2,1
53.0,76053.0,63764.43579014803,496,24056,60,1,6,salaried,bachelors,4.0,0,1
55.0,21920.0,12626.539066031417,520,40447,12,2,5,self_employed,high_school,28.0,4,0
49.0,63937.0,35179.81791053378,390,59418,12,1,1,salaried,masters,14.0,1,0
52.0,89724.0,64099.86487269402,710,42190,36,2,5,unemployed,high_school,26.0,1,1
29.0,32207.0,12008.665335842436,307,31014,48,1,1,self_employed,bachelors,16.0,3,1
60.0,85774.0,51533.32220405029,843,77999,48,0,0,self_employed,bachelors,22.0,3,0
47.0,52972.0,31806.305330772288,767,55278,48,0,8,salaried,bachelors,7.0,1,0
55.0,30799.0,10755.325490190413,619,6780,24,3,4,self_employed,bachelors,27.0,3,1
24.0,91088.0,48266.73390935955,693,64258,12,1,9,salaried,high_school,24.0,0,0
33.0,48916.0,37631.40356369229,568,47192,24,1,9,contract,masters,28.0,4,1
22.0,90463.0,69736.52380857663,490,64300,12,3,3,salaried,bachelors,18.0,0,1
,113500.0,40244.911232611084,360,48923,36,4,7,self_employed,high_school,8.0,2,1
51.0,,20993.78913067842,737,7395,36,1,4,salaried,bachelors,9.0,1,0
51.0,57158.0,25405.73144096214,563,20779,24,1,6,salaried,masters,4.0,0,1
38.0,104607.0,81710.75942807208,394,76028,24,1,2,salaried,bachelors,9.0,0,1
44.0,139639.0,51791.60544239308,769,34722,36,4,7,salaried,high_school,21.0,3,0
36.0,133945.0,93225.4844503633,813,12111,60,0,7,self_employed,bachelors,0.0,3,0
58.0,91696.0,32610.86546082371,493,14984,48,3,2,salaried,bachelors,24.0,3,1
42.0,81510.0,52388.58155244188,781,77328,48,4,8,salaried,bachelors,24.0,2,1
35.0,140076.0,69454.86564527733,635,31924,36,2,7,self_employed,masters,21.0,0,0
23.0,78692.0,57752.26966554051,734,57703,48,2,0,salaried,bachelors,23.0,4,0
,81744.0,35029.735626829286,495,37577,60,4,7,salaried,bachelors,3.0,3,1
60.0,35810.0,23332.39963074995,548,12711,60,4,3,contract,phd,20.0,2,0
59.0,25126.0,10794.767650064527,797,9096,12,0,5,salaried,bachelors,4.0,2,0
55.0,50009.0,34631.890403985635,511,71555,24,2,9,salaried,bachelors,22.0,3,1
59.0,119120.0,92975.89011228202,765,13254,48,3,8,salaried,bachelors,6.0,1,0
55.0,131718.0,48701.54365755821,520,10965,60,1,4,salaried,bachelors,22.0,0,1
39.0,110932.0,86152.85611000202,572,62987,24,1,6,salaried,bachelors,4.0,3,1
51.0,20192.0,12649.609345423427,453,37963,24,0,0,salaried,bachelors,19.0,4,1
36.0,136464.0,50479.50331412266,548,8273,12,0,8,self_employed,phd,7.0,0,0
48.0,56413.0,30189.305277524087,578,20330,24,2,5,salaried,masters,16.0,2,0
55.0,32816.0,12748.135265053834,739,26494,24,3,3,salaried,masters,0.0,4,1
59.0,59082.0,40482.474683508066,575,8212,36,3,5,salaried,bachelors,21.0,0,0
54.0,85048.0,61011.51940278779,813,6080,12,4,4,self_employed,bachelors,17.0,4,0
45.0,143130.0,51267.46077065515,387,37675,12,0,2,unemployed,high_school,11.0,2,1
36.0,70940.0,41030.058632586944,804,27007,48,1,6,salaried,bachelors,2.0,3,0
51.0,52130.0,38995.52229384708,540,51815,24,1,2,unemployed,masters,19.0,4,1
63.0,60142.0,49009.09470472802,535,5639,48,2,1,salaried,bachelors,13.0,3,0
38.0,149564.0,87111.28242175136,427,68593,60,1,3,salaried,masters,15.0,2,0
26.0,56468.0,46453.601959388914,802,8736,24,3,6,salaried,high_school,17.0,2,1
50.0,,35677.73602504898,499,21473,60,3,4,salaried,bachelors,9.0,4,1
,30655.0,15842.650286578097,842,39019,36,0,8,salaried,bachelors,22.0,4,0
31.0,67897.0,52043.846300645775,801,41820,24,2,9,salaried,bachelors,14.0,2,1
38.0,50075.0,28599.86007440385,791,62589,48,1,6,salaried,masters,9.0,4,0
31.0,29359.0,16427.722194215108,320,70807,48,0,8,salaried,phd,0.0,4,1
38.0,149048.0,84908.45275685586,533,23414,24,4,8,salaried,high_school,18.0,4,1
41.0,122197.0,93570.12278041251,715,29220,48,4,1,salaried,high_school,1.0,4,0
45.0,125115.0,94783.10129356536,447,65531,24,1,0,contract,high_school,12.0,0,1
26.0,62056.0,32389.26015797836,328,47425,12,1,3,salaried,bachelors,24.0,2,1
55.0,71831.0,34716.99422889783,660,14387,48,1,3,self_employed,bachelors,15.0,2,0
27.0,79191.0,45183.249683425485,607,32584,24,3,1,self_employed,masters,7.0,1,0
23.0,138592.0,85237.52821821698,461,49783,24,1,2,salaried,bachelors,2.0,3,0
34.0,141948.0,61191.7197058226,360,44809,48,4,2,salaried,bachelors,20.0,1,0
64.0,53272.0,39244.16640013292,424,59327,12,1,4,salaried,masters,18.0,4,1
64.0,128117.0,72714.79187353744,755,15857,48,2,0,self_employed,bachelors,13.0,4,0
32.0,34671.0,16771.23126509763,370,47261,24,4,8,salaried,bachelors,10.0,0,1
44.0,47048.0,16878.542742333408,765,78588,12,2,7,salaried,high_school,28.0,0,1
37.0,96274.0,41529.21843498327,542,21995,60,4,7,salaried,bachelors,11.0,0,1
52.0,45963.0,37786.39577358116,789,18580,36,0,2,contract,bachelors,10.0,0,0
32.0,63954.0,29917.989953970802,520,23240,48,4,1,salaried,bachelors,27.0,0,0
37.0,92309.0,36265.677678199914,772,51111,24,4,0,self_employed,phd,10.0,0,0
29.0,122120.0,67577.54872429927,832,39866,12,2,5,salaried,phd,21.0,0,0
25.0,115430.0,54124.92601884042,793,78401,12,2,9,contract,masters,20.0,0,0
61.0,20717.0,6615.71680332758,381,17211,60,4,0,salaried,bachelors,26.0,0,1
25.0,31676.0,15132.57134639855,821,63985,48,4,4,salaried,masters,17.0,2,1
46.0,24434.0,14642.312564535336,311,38268,12,3,8,contract,bachelors,29.0,0,1
24.0,69810.0,42126.272379892645,562,8646,60,0,8,self_employed,bachelors,9.0,3,0
53.0,123361.0,61200.30579141619,748,60371,24,0,3,salaried,bachelors,15.0,0,0
24.0,138696.0,75730.30669466588,491,47816,60,1,6,salaried,high_school,7.0,4,1
48.0,114636.0,95266.51164111838,413,49112,48,4,6,self_employed,bachelors,5.0,4,1
50.0,24994.0,12685.496311941926,325,56048,60,4,3,contract,bachelors,29.0,0,1
53.0,24234.0,10712.027725898335,798,59911,12,4,4,salaried,phd,18.0,0,1
40.0,89300.0,38747.88386933892,807,6778,12,4,8,self_employed,bachelors,12.0,4,0
42.0,63949.0,35285.17406979918,844,50752,36,0,6,self_employed,phd,14.0,3,1
26.0,57405.0,41201.639775402895,361,75726,60,2,6,salaried,bachelors,12.0,1,1
39.0,54872.0,22678.241003534447,528,32289,24,3,9,self_employed,high_school,0.0,2,1
49.0,62215.0,42935.372202534585,334,49788,48,2,6,salaried,bachelors,20.0,4,1
63.0,43185.0,13457.845316739498,755,9747,36,2,8,unemployed,bachelors,27.0,0,1
43.0,63442.0,33650.470294091625,801,79822,60,0,4,self_employed,high_school,26.0,2,1
42.0,143263.0,104112.91625988077,324,5045,24,3,5,self_employed,bachelors,1.0,0,1
27.0,71759.0,34896.62599537958,331,12758,36,4,2,salaried,bachelors,12.0,1,0
22.0,61153.0,37306.718230579776,311,28437,12,0,0,salaried,bachelors,1.0,1,0
26.0,97535.0,40256.45721052137,618,24585,48,0,1,salaried,masters,24.0,4,0
62.0,122023.0,86404.1769862639,300,14854,60,3,7,self_employed,bachelors,10.0,2,1
33.0,22581.0,7423.5829370015235,734,57076,24,1,0,self_employed,high_school,12.0,2,1
47.0,71717.0,55143.09047439494,435,61950,12,0,9,salaried,masters,9.0,1,1
,22763.0,9310.249389264038,495,22349,36,2,6,self_employed,bachelors,22.0,0,1
35.0,112910.0,88173.55496810318,432,26348,48,2,4,contract,masters,21.0,4,0
47.0,75480.0,37278.898923349676,385,39296,36,4,5,salaried,masters,14.0,3,1
48.0,58759.0,40982.9902839005,775,24455,36,0,7,salaried,phd,28.0,1,0
30.0,96067.0,45686.959175334174,623,59021,24,4,3,self_employed,bachelors,0.0,1,1
47.0,138094.0,110233.73148011259,479,76923,12,0,5,salaried,bachelors,13.0,4,1
43.0,45307.0,16747.751535223542,815,44293,60,3,2,self_employed,bachelors,9.0,0,0
51.0,116371.0,46337.28951859287,474,51116,24,0,6,salaried,bachelors,,2,1
64.0,31064.0,17742.71829436317,320,45484,48,1,1,unemployed,bachelors,10.0,1,1
38.0,96848.0,33418.9656691815,404,35215,36,2,7,salaried,bachelors,6.0,4,1
47.0,57548.0,23467.447218069345,742,8404,48,3,6,salaried,masters,14.0,4,1
57.0,56945.0,46642.02714928474,348,42260,24,2,7,salaried,high_school,2.0,4,1
,67937.0,56867.97796017221,827,70642,24,4,1,salaried,masters,1.0,2,0
29.0,26476.0,13421.81310184374,444,51009,60,3,2,salaried,masters,21.0,1,1
56.0,71756.0,57965.02144813179,639,34605,36,1,3,salaried,bachelors,7.0,4,0
36.0,,35979.21429722325,653,58205,24,2,8,unemployed,bachelors,7.0,2,1
43.0,22382.0,10035.156729152659,374,42569,48,0,4,contract,bachelors,10.0,0,1
,69683.0,47824.78754458264,618,10580,60,0,5,salaried,phd,15.0,3,0
47.0,107999.0,71538.1049145529,386,10400,48,0,0,self_employed,high_school,1.0,1,0
49.0,65276.0,55094.179381577924,341,44643,36,3,3,salaried,bachelors,21.0,2,0
44.0,53402.0,23805.3303832268,392,44015,60,1,3,contract,bachelors,27.0,3,0
35.0,111881.0,74919.1790695137,806,76713,60,1,9,self_employed,phd,4.0,3,1
45.0,130300.0,42818.28240418531,828,77805,60,1,7,salaried,masters,6.0,2,0
23.0,46946.0,17018.174812960904,564,19974,12,2,7,self_employed,bachelors,19.0,2,0
47.0,99698.0,30124.25978023075,591,19037,60,3,9,self_employed,high_school,27.0,2,0
35.0,134690.0,114446.54752256005,763,21167,48,0,5,salaried,bachelors,12.0,4,0
28.0,132309.0,98074.1168277371,396,48148,48,2,7,contract,high_school,1.0,0,1
24.0,93933.0,68824.48911863113,394,77153,36,1,8,contract,masters,25.0,4,1
44.0,42335.0,24569.089368528796,625,26534,24,0,4,salaried,masters,2.0,3,0
64.0,65095.0,30271.576718951288,373,61879,24,3,0,self_employed,masters,,3,1
39.0,99930.0,38292.711970495366,635,70839,12,4,0,unemployed,bachelors,9.0,3,1
59.0,149974.0,68473.79510606774,367,34756,60,1,1,salaried,bachelors,23.0,2,0
56.0,47197.0,23918.69256876427,376,17683,12,1,1,salaried,high_school,12.0,1,1
36.0,147619.0,105690.85711337373,507,54485,36,1,4,salaried,bachelors,24.0,4,1
46.0,42010.0,25072.155463501793,520,16025,36,1,6,contract,high_school,20.0,1,1
58.0,44123.0,15117.245529979158,561,23715,24,0,6,self_employed,masters,12.0,0,1
49.0,107923.0,33447.059603629976,709,75097,36,3,3,salaried,high_school,4.0,0,0
31.0,22890.0,8155.310974244088,630,22116,60,2,3,unemployed,masters,22.0,4,1
60.0,113305.0,59572.85621551487,643,41744,48,0,9,self_employed,bachelors,6.0,3,1
38.0,129162.0,105041.78495353693,373,7124,36,3,2,contract,bachelors,16.0,0,1
60.0,140927.0,91683.07070815458,553,43051,12,2,1,salaried,high_school,27.0,1,1
43.0,28026.0,20767.38496845115,631,12176,60,1,2,salaried,bachelors,14.0,1,0
47.0,84925.0,47261.27434106434,697,69818,36,3,7,self_employed,bachelors,29.0,2,1
46.0,88842.0,44324.72598976769,644,23676,36,1,0,salaried,masters,4.0,3,0
38.0,53665.0,19299.018301010656,754,50177,60,3,3,self_employed,high_school,23.0,2,0
34.0,29277.0,22887.68009980004,414,5997,36,4,6,contract,masters,6.0,4,1
,62239.0,45480.40337566721,612,64330,48,1,4,salaried,masters,26.0,0,1
46.0,67664.0,26555.748625718858,527,48769,24,1,1,contract,high_school,1.0,2,0
25.0,68008.0,39563.1990354532,544,16231,60,1,0,salaried,masters,29.0,2,0
31.0,34683.0,19701.891254722897,825,77976,12,0,5,salaried,bachelors,23.0,4,1
24.0,20670.0,13307.3533167168,827,60965,36,2,4,salaried,masters,17.0,1,1
62.0,109211.0,89597.0092838238,726,66517,24,1,2,salaried,high_school,9.0,1,0
39.0,37889.0,23448.528086316226,341,32387,12,1,8,salaried,high_school,0.0,4,1
57.0,75612.0,45149.3993866157,764,9090,12,0,2,contract,bachelors,26.0,1,0
43.0,64535.0,21146.674762316197,577,29945,48,0,1,self_employed,bachelors,26.0,4,0
55.0,98542.0,32972.06567597246,318,45239,24,4,4,salaried,masters,13.0,1,0
29.0,74319.0,29953.584401538592,365,8743,60,3,8,self_employed,masters,26.0,4,1
61.0,134072.0,42615.98171624084,466,35924,24,1,7,salaried,phd,18.0,1,0
,112067.0,79438.03092131452,702,15196,24,3,5,salaried,high_school,15.0,2,0
63.0,41639.0,29057.01279040255,708,73860,12,0,2,self_employed,high_school,18.0,2,0
62.0,84712.0,31752.677652145336,411,46400,48,0,5,self_employed,bachelors,5.0,1,1
58.0,36633.0,27835.34310505844,573,53795,48,4,4,self_employed,bachelors,11.0,4,1
27.0,141145.0,54359.501188594964,706,56553,24,2,0,salaried,bachelors,2.0,2,0
,54660.0,25452.2416719016,672,29111,24,0,4,self_employed,bachelors,6.0,0,1
55.0,88975.0,38876.49578158535,338,68083,36,1,6,self_employed,high_school,23.0,1,1
27.0,52172.0,26334.803270714176,404,66600,12,4,8,unemployed,bachelors,2.0,0,1
58.0,79197.0,34851.833446953024,623,55022,60,2,0,salaried,bachelors,24.0,0,1
54.0,121158.0,68929.57398998649,713,8199,60,4,2,self_employed,bachelors,16.0,3,0
43.0,78847.0,41321.68907164508,728,55897,48,0,7,self_employed,masters,14.0,0,0
42.0,31577.0,26607.197645686338,360,43038,12,2,5,unemployed,high_school,18.0,0,1
27.0,97299.0,32182.567867619426,606,60038,48,3,4,salaried,phd,27.0,3,1
27.0,40176.0,15194.55343775603,653,12897,60,2,9,salaried,bachelors,18.0,3,0
25.0,64386.0,21186.486402859602,692,69541,24,1,1,salaried,phd,22.0,3,0
51.0,83972.0,54095.82525378303,503,19892,12,3,2,salaried,bachelors,10.0,4,0
32.0,140018.0,46203.15400270281,557,13271,12,3,1,salaried,bachelors,26.0,3,1
51.0,109791.0,83445.75536344408,785,29815,36,1,0,salaried,bachelors,20.0,4,0
52.0,61003.0,35477.2857581193,816,50612,24,3,6,self_employed,masters,19.0,1,0
45.0,39996.0,23591.808324019665,745,38357,24,0,2,salaried,bachelors,1.0,4,1
30.0,120922.0,73626.62208386567,479,21267,48,2,6,salaried,bachelors,,1,0
24.0,106598.0,41994.019705656196,641,23268,12,2,6,salaried,phd,18.0,3,0
52.0,55931.0,22860.658988923024,432,19263,48,1,7,salaried,bachelors,6.0,3,1
61.0,144168.0,68530.19069217544,742,75935,24,0,0,unemployed,bachelors,9.0,1,0
58.0,55710.0,34898.026928989435,552,64660,36,3,4,self_employed,bachelors,11.0,2,1
57.0,143099.0,59466.90399059782,564,70527,12,2,9,contract,bachelors,22.0,4,1
45.0,54693.0,19907.2921336547,392,68379,24,2,8,salaried,bachelors,26.0,0,1
52.0,55740.0,46462.873386929874,710,46271,36,2,6,contract,bachelors,17.0,3,0
27.0,97241.0,30347.943509646397,437,71612,60,2,0,salaried,phd,22.0,4,0
23.0,128944.0,95609.85782850638,507,12235,24,4,7,self_employed,masters,5.0,4,1
41.0,113583.0,83303.96801679886,606,21417,60,1,2,salaried,high_school,25.0,3,0
49.0,96502.0,44725.5660278537,565,39609,48,3,3,self_employed,bachelors,19.0,1,1
32.0,37374.0,14000.100030661533,617,38902,60,3,3,self_employed,phd,26.0,3,0
25.0,96674.0,36745.37708538006,412,28645,24,1,9,salaried,masters,20.0,4,1
36.0,136500.0,93309.67866408222,677,67873,60,0,7,salaried,phd,27.0,2,0
27.0,101471.0,66315.72518225783,753,69558,12,1,0,self_employed,bachelors,7.0,1,0
51.0,65913.0,48150.113594812414,490,67233,24,2,7,salaried,masters,4.0,3,1
59.0,143683.0,117189.95901160131,739,28401,36,2,8,salaried,masters,2.0,0,0
23.0,86025.0,58545.178283754714,486,12771,60,1,8,salaried,bachelors,1.0,3,0
36.0,64516.0,24885.004752684108,666,46335,12,1,4,salaried,bachelors,21.0,4,1
32.0,107796.0,46771.97717426432,388,79451,48,3,3,contract,bachelors,5.0,4,1
29.0,46069.0,35160.16264317643,486,72449,48,3,3,salaried,bachelors,6.0,0,1
47.0,138333.0,57424.565563605465,431,6942,60,4,8,salaried,masters,7.0,1,1
26.0,76233.0,25910.62658361504,675,25388,48,4,7,contract,masters,3.0,4,0
27.0,104811.0,71984.61715932228,398,62042,36,2,9,self_employed,masters,11.0,1,1
47.0,79049.0,41215.31823132713,333,58740,24,4,9,salaried,masters,23.0,1,1
25.0,121820.0,98189.60356062811,470,70873,12,4,6,contract,bachelors,11.0,3,1
40.0,138028.0,90772.77382410376,665,52024,60,0,2,salaried,bachelors,16.0,1,0
41.0,59178.0,20696.347847265195,358,28450,48,1,3,salaried,masters,21.0,4,0
54.0,52821.0,43383.002456398084,480,61965,24,3,8,unemployed,bachelors,21.0,4,1
41.0,71727.0,31718.145267018157,318,15057,36,4,7,contract,bachelors,18.0,2,1
33.0,80935.0,39291.26110106801,525,13983,48,3,0,salaried,bachelors,8.0,1,0
22.0,36999.0,19285.478175232554,772,24995,48,4,2,salaried,high_school,11.0,2,1
,82522.0,27081.522263332205,394,43886,12,4,9,salaried,bachelors,27.0,3,0
35.0,58712.0,33646.8774085018,596,7673,36,2,1,salaried,bachelors,20.0,2,0
59.0,84551.0,31099.98595639887,474,39890,36,0,1,salaried,bachelors,16.0,1,1
58.0,60172.0,31321.552573620324,521,28466,60,1,7,salaried,phd,22.0,4,1
32.0,53722.0,26479.057176780916,353,55406,12,1,5,contract,masters,9.0,3,0
57.0,30625.0,22205.025155215168,702,8688,60,2,5,contract,masters,29.0,1,1
34.0,87165.0,64654.096705556854,617,74284,12,2,3,salaried,bachelors,18.0,3,0
64.0,96509.0,37095.84812656867,648,18665,36,1,0,self_employed,masters,25.0,0,0
24.0,26859.0,13472.55908800025,742,25641,12,1,6,salaried,masters,25.0,1,1
54.0,61609.0,31133.753193905566,839,37500,12,0,7,salaried,bachelors,10.0,0,0
27.0,63307.0,24264.037535843956,581,40797,12,4,1,salaried,phd,19.0,2,1
31.0,130986.0,96818.22694694938,659,50950,24,0,1,self_employed,high_school,21.0,1,0
26.0,121582.0,83767.0290386226,307,30046,24,1,0,salaried,phd,23.0,0,1
44.0,41839.0,16932.6609562849,790,14638,36,4,3,contract,bachelors,12.0,4,0
31.0,47216.0,23688.12789989065,640,26173,12,1,5,self_employed,bachelors,3.0,2,0
23.0,72953.0,26131.236688096506,771,18222,36,0,4,salaried,high_school,14.0,1,0
34.0,104481.0,67443.90940898308,548,55064,24,0,3,salaried,bachelors,11.0,1,1
,80593.0,29557.850133330798,534,42010,12,0,3,self_employed,bachelors,24.0,4,1
23.0,92075.0,77551.43871687663,382,23095,60,4,9,contract,phd,23.0,4,1
41.0,69522.0,50707.61855804726,392,6439,24,3,6,self_employed,phd,25.0,0,1
22.0,119161.0,61323.96869383814,693,10375,24,3,6,salaried,phd,9.0,0,0
58.0,24886.0,15384.778110287209,567,25600,24,1,1,self_employed,bachelors,21.0,0,0
30.0,131249.0,105161.6861201231,716,7466,12,4,6,salaried,phd,6.0,3,0
38.0,27485.0,16621.680296923605,828,50097,48,2,1,unemployed,bachelors,23.0,2,0
30.0,51455.0,20374.850789683733,552,58276,60,3,3,self_employed,masters,1.0,1,1
32.0,131984.0,67085.73102566306,421,55117,60,4,0,self_employed,bachelors,20.0,2,0
36.0,36767.0,28080.048988901755,309,51971,36,4,4,salaried,bachelors,28.0,4,1
45.0,132701.0,86828.54128916106,615,11928,12,3,0,self_employed,phd,6.0,2,0
59.0,48453.0,31877.151726769094,572,60309,24,4,3,salaried,phd,7.0,2,1
56.0,96280.0,74785.66495314827,605,79647,48,4,8,salaried,bachelors,20.0,0,1
51.0,122638.0,97090.68730159766,509,45888,12,3,7,salaried,masters,18.0,4,1
52.0,73442.0,59185.87333114396,763,48832,12,0,5,contract,high_school,5.0,2,0
26.0,71877.0,25312.711504901403,715,14404,48,1,7,self_employed,masters,20.0,1,0
35.0,32226.0,19312.052496594588,515,38639,24,2,4,salaried,bachelors,7.0,0,1
32.0,113405.0,80209.11523956987,379,65598,12,1,6,contract,high_school,24.0,2,1
30.0,42588.0,30506.200264148098,779,71399,60,0,7,salaried,high_school,24.0,4,1
55.0,,38021.634665010126,846,32684,60,0,6,salaried,high_school,27.0,1,0
33.0,51709.0,20256.123473256936,317,73591,48,4,3,salaried,masters,27.0,4,1
56.0,67788.0,50066.94948082865,464,7682,24,1,4,self_employed,high_school,21.0,4,1
56.0,108031.0,75196.1911090242,824,43046,48,0,9,salaried,bachelors,19.0,4,0
22.0,57019.0,19806.956556874975,501,26832,12,1,5,salaried,bachelors,3.0,3,1
61.0,64948.0,36052.33627112327,645,21997,60,0,5,self_employed,bachelors,24.0,1,0
43.0,85133.0,33686.069874419336,665,39640,36,2,8,salaried,masters,19.0,4,1
50.0,134444.0,65287.67016360913,747,45491,48,0,9,self_employed,bachelors,23.0,3,0
29.0,86458.0,26797.19028845553,812,68043,36,1,1,salaried,bachelors,8.0,0,0
32.0,137603.0,71578.52498560905,618,77725,36,4,5,self_employed,bachelors,4.0,3,1
62.0,47526.0,28631.19780517853,516,50520,60,1,2,self_employed,bachelors,28.0,0,1
58.0,93493.0,59907.54944315056,333,67919,48,3,1,self_employed,masters,5.0,3,1
35.0,148585.0,98797.09211202216,565,69442,36,1,5,salaried,bachelors,18.0,4,0
51.0,72198.0,54867.608122854275,379,26770,12,2,3,self_employed,bachelors,11.0,3,1
56.0,134100.0,56121.46672612146,712,52498,24,2,4,salaried,masters,4.0,3,0
42.0,,21975.90014046944,551,66477,24,2,4,contract,bachelors,4.0,4,1
58.0,119534.0,91843.40436810565,311,5244,60,0,2,salaried,masters,29.0,0,0
26.0,63395.0,24479.158170065748,700,37788,48,2,3,salaried,bachelors,17.0,4,1
40.0,44031.0,36815.11362772271,581,62737,48,1,2,self_employed,masters,25.0,1,1
35.0,95542.0,72936.3831322625,411,51489,24,4,6,self_employed,high_school,5.0,3,1
47.0,145814.0,83913.35177615231,677,76303,12,2,0,salaried,bachelors,8.0,1,0
25.0,57701.0,48456.248701684184,567,33390,24,1,5,contract,bachelors,10.0,4,1
46.0,132599.0,46881.33129664574,597,15247,24,0,3,unemployed,masters,22.0,4,1
63.0,45939.0,21439.095901442648,616,74051,48,0,0,self_employed,phd,13.0,2,0
46.0,69145.0,45015.0149478907,808,64719,36,4,0,salaried,bachelors,23.0,1,1
39.0,40324.0,19859.722330371853,845,39678,12,4,4,self_employed,masters,1.0,2,1
61.0,42867.0,34748.20040216834,664,34583,48,1,4,salaried,bachelors,26.0,1,1
29.0,20203.0,6790.114122701046,846,13076,24,4,9,salaried,phd,28.0,2,1
60.0,,36130.59045801184,570,23006,36,4,6,contract,masters,13.0,2,1
61.0,35899.0,22436.029473269467,773,20051,12,0,3,unemployed,high_school,24.0,1,1
35.0,49063.0,32332.539965285072,836,9314,60,1,8,contract,masters,18.0,4,0
53.0,110880.0,48855.54896366737,533,33670,12,4,3,salaried,bachelors,9.0,0,1
59.0,23748.0,11886.147936407959,358,72551,12,1,6,salaried,high_school,4.0,4,1
54.0,125022.0,95519.84494887617,550,15236,24,2,4,salaried,bachelors,29.0,0,1
44.0,137269.0,55898.47942457068,385,40568,24,0,4,salaried,phd,22.0,1,1
36.0,86629.0,65385.60410302965,689,65314,60,0,5,salaried,phd,3.0,3,0
54.0,100764.0,61411.676068354565,479,21352,60,0,7,salaried,masters,6.0,4,0
46.0,40884.0,29403.90081421237,448,50650,60,3,4,self_employed,phd,23.0,2,1
38.0,45183.0,31288.506896435338,420,15346,48,1,2,self_employed,masters,12.0,4,0
54.0,101570.0,42063.318422433185,555,30156,48,2,5,self_employed,high_school,9.0,1,0
23.0,91246.0,55919.837821754845,608,60904,24,4,1,contract,bachelors,29.0,3,1
35.0,128036.0,99515.69087590404,358,19035,24,2,7,salaried,high_school,9.0,3,1
61.0,39259.0,21108.148237333822,368,21108,60,1,7,salaried,high_school,3.0,4,1
61.0,55959.0,46536.899101009614,745,7853,48,0,2,self_employed,bachelors,15.0,4,0
60.0,,32923.0983033567,687,9176,36,3,7,salaried,bachelors,14.0,4,1
27.0,53457.0,20235.190478645312,385,30920,48,1,8,self_employed,masters,20.0,1,1
27.0,105679.0,54338.98715576064,526,59850,24,1,4,salaried,masters,10.0,0,1
24.0,145829.0,120080.89562183911,483,11829,48,4,4,salaried,bachelors,18.0,0,1
28.0,148216.0,70528.0599731657,621,78927,24,2,5,self_employed,phd,20.0,2,0
29.0,22103.0,17184.06549514793,617,45667,60,2,6,contract,bachelors,23.0,1,1
63.0,85901.0,67405.47314393581,698,70842,60,4,2,contract,masters,2.0,3,0
36.0,132314.0,65178.218879252505,592,40843,60,3,4,salaried,bachelors,14.0,2,0
50.0,64535.0,22315.668129263646,592,55808,36,0,0,salaried,bachelors,15.0,3,1
54.0,36103.0,25218.19280689845,784,35543,36,0,9,contract,phd,13.0,3,1
51.0,118046.0,55638.82946717275,746,77780,24,3,4,salaried,bachelors,28.0,4,1
60.0,110012.0,80375.64595843724,711,11611,12,4,3,salaried,bachelors,4.0,3,0
48.0,98278.0,53410.17824753637,807,51902,36,1,0,contract,bachelors,25.0,3,0
57.0,32391.0,18362.35127817092,543,38043,24,2,6,self_employed,bachelors,16.0,1,1
50.0,122476.0,89144.17787551359,719,10271,48,1,0,contract,phd,17.0,4,0
59.0,48901.0,24954.17208873457,453,77867,60,2,7,salaried,high_school,18.0,4,1
54.0,140721.0,76512.82773865222,723,63745,60,1,9,salaried,masters,,2,0
58.0,117537.0,59580.06452027629,572,67077,60,4,1,contract,high_school,28.0,4,1
48.0,101159.0,50785.5895517139,819,64119,24,4,9,salaried,bachelors,26.0,0,1
54.0,87914.0,51805.137048943194,427,16573,60,3,4,self_employed,high_school,27.0,1,1
25.0,70357.0,52404.68638422211,672,26409,36,1,5,salaried,masters,26.0,2,0
43.0,106908.0,53344.159680059725,458,29464,48,1,8,contract,high_school,24.0,0,0
23.0,130335.0,76681.30645070726,475,47840,60,3,6,self_employed,bachelors,8.0,3,1
31.0,58437.0,39088.5109942891,510,53785,24,3,5,salaried,bachelors,20.0,0,1
26.0,55503.0,24875.98367350547,746,25662,48,4,4,salaried,high_school,13.0,2,0
31.0,116282.0,52633.598739813,466,23228,60,4,5,self_employed,masters,19.0,4,1
54.0,113459.0,92284.96598842478,759,65721,12,1,3,self_employed,bachelors,20.0,1,1
59.0,95403.0,66585.95289472822,656,54223,60,4,0,salaried,bachelors,19.0,2,0
34.0,61258.0,37823.9157766481,603,12386,36,4,8,contract,bachelors,27.0,0,0
52.0,,39374.7617958802,532,11862,48,1,4,salaried,bachelors,20.0,0,1
57.0,84286.0,26644.0430737781,626,45108,36,3,7,salaried,bachelors,22.0,2,1
45.0,94842.0,60694.766802891354,481,32201,12,1,6,salaried,high_school,10.0,2,0
36.0,124927.0,72486.37825290393,633,73578,12,0,7,contract,bachelors,23.0,2,1
50.0,34908.0,20950.466401957296,328,54966,36,1,0,salaried,bachelors,1.0,4,1
29.0,112617.0,56047.578208413375,392,59774,48,0,8,salaried,bachelors,19.0,2,1
26.0,70626.0,24352.596524930825,629,15386,12,1,0,contract,masters,23.0,3,0
50.0,57228.0,23253.829713632786,483,20225,12,0,2,salaried,masters,22.0,1,0
25.0,43386.0,35702.75557009474,394,21693,60,0,7,salaried,bachelors,24.0,1,0
33.0,,31487.085554940822,652,77197,24,1,0,salaried,bachelors,4.0,3,1
23.0,130942.0,72892.23418494278,564,48021,12,4,0,self_employed,masters,21.0,0,1
48.0,48302.0,15890.893548225446,318,23261,48,2,5,self_employed,masters,26.0,0,1
52.0,80815.0,25914.253162328234,798,32378,48,4,4,contract,bachelors,23.0,0,0
57.0,141084.0,97975.75500132963,438,16937,60,0,5,contract,masters,14.0,0,1
57.0,104748.0,62424.786932546995,824,71330,48,1,2,self_employed,masters,11.0,4,0
47.0,83344.0,48321.87535168629,554,52366,60,1,9,self_employed,bachelors,13.0,3,1
64.0,55618.0,24122.555073176394,384,77322,12,1,9,salaried,bachelors,10.0,1,1
48.0,131603.0,93387.18679408096,757,45160,12,1,5,salaried,masters,20.0,3,0
26.0,96234.0,37774.74342465963,831,50313,12,2,1,self_employed,bachelors,29.0,1,0
41.0,81114.0,32807.70173852599,391,32032,12,3,7,contract,masters,8.0,0,1
32.0,137652.0,76175.47349573806,368,22358,24,0,5,salaried,masters,19.0,4,1
31.0,90130.0,41230.32218468208,336,66710,24,2,3,salaried,masters,7.0,2,1
61.0,45525.0,19853.663721351444,439,53821,12,4,3,salaried,bachelors,11.0,2,1
59.0,99818.0,65368.88216221346,477,33365,48,3,6,salaried,high_school,29.0,0,1
27.0,134589.0,88564.19991947028,436,18189,60,3,2,salaried,high_school,,0,1
29.0,34334.0,25870.132990980925,489,12248,36,1,2,salaried,masters,20.0,3,1
44.0,114715.0,60769.09104316772,641,9369,60,2,5,salaried,masters,14.0,4,0
47.0,82767.0,28157.068550928758,304,68763,36,4,8,self_employed,bachelors,7.0,4,1
64.0,26644.0,12003.561937916025,556,13050,36,1,0,salaried,high_school,25.0,3,1
33.0,121154.0,101648.57003848093,542,33605,12,1,4,self_employed,phd,27.0,4,1
47.0,133237.0,83665.13708355375,714,54616,36,0,0,contract,phd,6.0,4,0
34.0,52933.0,36542.58221037482,642,59479,12,3,0,unemployed,bachelors,16.0,2,1
61.0,146366.0,44502.11485002438,678,45883,24,4,2,self_employed,bachelors,11.0,4,0
39.0,63469.0,37130.199788740836,445,38055,48,3,2,salaried,masters,19.0,0,1
46.0,53687.0,17214.24057030045,622,73731,36,2,3,unemployed,masters,17.0,2,0
54.0,126609.0,77621.01735747737,421,12450,48,0,2,self_employed,phd,17.0,0,0
61.0,72656.0,58591.53976813728,551,7925,12,1,5,salaried,high_school,28.0,0,1
64.0,37375.0,31119.56575134901,610,55272,36,0,3,salaried,bachelors,14.0,3,0
33.0,134019.0,80050.08095162154,774,10310,60,1,7,salaried,bachelors,22.0,4,1
57.0,140735.0,77687.49929694383,791,36817,24,0,0,salaried,masters,27.0,4,0
25.0,85206.0,69848.41959289546,646,49528,24,1,7,salaried,masters,27.0,4,1
26.0,116462.0,78086.07153969951,786,60779,36,3,0,contract,phd,2.0,4,0
58.0,56607.0,19002.66443425691,772,20457,24,3,0,salaried,bachelors,18.0,2,0
29.0,103178.0,57382.348508917385,681,47311,60,3,6,self_employed,masters,14.0,1,0
63.0,43993.0,19010.904503515067,579,8980,48,3,0,contract,bachelors,15.0,0,1
49.0,64386.0,35952.65157243715,371,25886,60,0,8,self_employed,bachelors,21.0,1,1
52.0,143394.0,78939.26662775413,820,55877,24,1,7,contract,bachelors,21.0,1,0
30.0,66287.0,41109.84789929944,665,41181,48,3,0,unemployed,masters,16.0,1,1
50.0,106724.0,52958.98559661842,393,38262,60,0,1,salaried,phd,0.0,2,1
35.0,118132.0,46112.678204320226,672,5947,12,1,1,unemployed,bachelors,10.0,1,0
61.0,113308.0,65383.89293198532,638,5022,12,0,1,self_employed,high_school,5.0,2,0
62.0,116393.0,88064.29237471097,736,6128,48,3,5,salaried,masters,22.0,3,1
43.0,147314.0,97994.26355105292,635,37322,48,2,3,self_employed,bachelors,8.0,3,0
32.0,96312.0,46817.48724664417,791,53929,48,0,7,self_employed,phd,19.0,3,1
44.0,118371.0,96417.63764984377,339,14808,12,3,0,contract,bachelors,15.0,2,1
22.0,95324.0,76422.60098696637,658,57882,60,4,9,salaried,high_school,29.0,2,1
58.0,91196.0,37859.255146627744,553,26725,48,1,3,self_employed,bachelors,25.0,0,0
42.0,90014.0,28955.673978863393,697,77534,12,3,9,salaried,high_school,5.0,1,1
47.0,28210.0,19964.775264416254,469,44950,48,4,4,salaried,bachelors,11.0,4,1
57.0,30922.0,23351.850475791187,810,25557,48,0,8,salaried,high_school,18.0,4,1
44.0,56289.0,46850.770704059716,559,26825,48,0,4,salaried,bachelors,12.0,1,0
22.0,149097.0,117698.66526716168,758,13998,12,4,2,contract,high_school,12.0,4,0
61.0,53340.0,33619.88849487159,828,41080,60,4,3,salaried,phd,26.0,4,0
36.0,59850.0,35402.997876023546,640,62797,12,1,9,salaried,bachelors,3.0,4,1
42.0,76984.0,24274.023519719416,356,20802,12,0,6,salaried,bachelors,8.0,2,0
30.0,123699.0,53890.8357000387,517,16167,48,4,0,salaried,masters,13.0,2,0
30.0,133711.0,73913.85143792872,763,47407,36,2,5,salaried,bachelors,13.0,2,0
31.0,104178.0,67265.35361659827,546,18338,36,2,7,salaried,bachelors,16.0,1,0
47.0,31094.0,18858.153677861465,672,76520,36,4,0,self_employed,masters,4.0,3,1
62.0,107959.0,76483.5313455251,716,23895,12,1,7,salaried,masters,26.0,4,1
56.0,53418.0,24244.924452768173,330,52910,48,0,6,salaried,masters,22.0,0,1
46.0,25741.0,15720.644790470273,667,70898,36,2,0,salaried,bachelors,18.0,2,1
47.0,131585.0,45854.50840311756,407,8454,24,4,8,self_employed,masters,1.0,0,1
32.0,92374.0,48728.76649151134,717,65797,24,4,2,salaried,bachelors,12.0,4,1
59.0,137275.0,97820.58058911357,697,55637,24,3,1,self_employed,bachelors,10.0,3,0
23.0,142564.0,97138.89959754203,571,10349,60,4,6,contract,masters,1.0,0,1
28.0,88798.0,75021.30157647833,415,44963,48,1,2,self_employed,bachelors,0.0,4,1
,136026.0,61598.03006698578,555,12750,12,2,0,salaried,phd,20.0,4,0
48.0,90532.0,51965.740498050276,380,27463,12,3,9,self_employed,high_school,28.0,2,1
55.0,130130.0,62623.9860094256,427,79935,48,2,2,self_employed,bachelors,2.0,3,1
48.0,42164.0,22866.874335655073,534,63792,60,2,5,salaried,phd,26.0,4,1
38.0,55595.0,42881.67835854875,480,18686,48,1,2,contract,bachelors,11.0,3,0
64.0,50257.0,33989.56252046127,456,68528,60,4,4,contract,phd,6.0,2,1
45.0,34211.0,26867.357578455667,753,27787,36,1,8,contract,phd,0.0,0,1
46.0,115989.0,47779.47746936895,323,19776,36,4,6,contract,masters,8.0,1,1
28.0,25232.0,19689.756248956342,772,62427,60,3,1,self_employed,bachelors,29.0,1,1
27.0,87753.0,29210.27536528667,699,66086,48,1,0,self_employed,bachelors,17.0,1,1
45.0,72691.0,57333.54366184138,433,68308,36,1,6,self_employed,masters,23.0,3,1
54.0,109765.0,52795.93087137874,720,20797,48,0,3,contract,masters,25.0,1,0
50.0,99768.0,47192.57845575002,512,10302,36,1,6,self_employed,bachelors,19.0,0,1
64.0,45613.0,26530.74293692589,781,68172,48,0,5,salaried,phd,5.0,4,1
43.0,34026.0,27812.158380108882,647,43059,48,4,6,salaried,bachelors,8.0,3,1
47.0,73535.0,23992.98145851593,465,5908,24,4,3,contract,phd,22.0,0,1
,114090.0,56329.31757020173,647,65252,60,4,2,salaried,high_school,7.0,3,0
42.0,50908.0,39255.90173994019,697,17877,12,0,4,self_employed,high_school,22.0,3,0
28.0,72113.0,37342.27209221709,734,19239,60,4,2,unemployed,bachelors,17.0,3,1
38.0,39610.0,16221.732592600903,520,32313,48,2,2,self_employed,bachelors,24.0,2,1
41.0,66646.0,35564.7581549573,607,47103,48,1,3,unemployed,masters,14.0,4,0
62.0,125141.0,64078.93407404294,765,53408,60,0,7,self_employed,high_school,0.0,1,0
41.0,83185.0,66837.39319545425,398,15534,48,4,1,salaried,phd,13.0,2,0
43.0,92567.0,66561.58864767621,541,48060,36,2,3,contract,bachelors,17.0,4,1
49.0,67574.0,39045.17321011501,457,22189,48,1,2,salaried,bachelors,18.0,1,0
61.0,143978.0,121460.3896004911,526,15967,60,1,6,salaried,bachelors,18.0,2,1
28.0,145204.0,80719.28725826406,722,70563,60,4,1,salaried,bachelors,29.0,2,0
22.0,111051.0,36872.35314273231,371,13660,60,2,0,salaried,high_school,9.0,0,0
,122020.0,54207.492011325456,542,44823,24,0,9,salaried,high_school,19.0,2,1
34.0,56182.0,30329.22144582478,829,60842,24,4,0,salaried,masters,20.0,3,0
51.0,136136.0,52588.852602415915,344,14616,24,1,5,self_employed,high_school,5.0,2,1
44.0,20570.0,16891.27805666706,771,53738,24,1,2,contract,bachelors,16.0,3,1
40.0,117790.0,85016.92242067552,670,18107,24,1,6,salaried,masters,13.0,4,0
53.0,39288.0,17583.65714172348,391,66404,24,4,7,salaried,high_school,12.0,4,1
51.0,98824.0,61759.31697120599,321,20954,24,3,4,self_employed,bachelors,7.0,3,1
50.0,49877.0,34754.14578503477,471,21943,60,3,4,self_employed,high_school,21.0,0,1
50.0,104425.0,85388.6786831008,491,45725,12,3,1,contract,bachelors,9.0,0,1
51.0,20917.0,16417.741629286134,376,50434,24,2,7,salaried,bachelors,8.0,4,1
37.0,95602.0,55769.97396179603,580,15110,60,4,9,contract,high_school,4.0,2,1
,115040.0,83525.82055954382,663,21462,12,1,0,salaried,masters,22.0,4,0
40.0,84575.0,51521.3659052324,478,59081,24,2,9,self_employed,phd,26.0,4,1
39.0,92518.0,55879.68217457831,537,57799,12,3,8,salaried,high_school,3.0,3,1
22.0,142115.0,51603.10437507768,434,71567,12,0,0,salaried,phd,5.0,0,1
35.0,59104.0,21831.582076662657,579,56224,36,2,0,salaried,bachelors,5.0,3,1
23.0,38062.0,22503.90965024163,318,61063,48,2,0,salaried,high_school,12.0,4,1
49.0,36999.0,16570.884566473047,670,60240,36,4,6,salaried,high_school,3.0,1,1
51.0,81845.0,25500.47090503238,411,22868,12,2,3,contract,bachelors,21.0,2,0
59.0,29941.0,20885.69073218694,520,27222,60,4,6,self_employed,bachelors,7.0,4,1
25.0,81169.0,25800.997511709196,603,68924,24,0,4,self_employed,bachelors,26.0,3,0
22.0,43470.0,27273.17635553629,624,59649,48,1,6,salaried,masters,4.0,1,1
29.0,149744.0,89330.76952929031,736,15223,24,1,9,salaried,masters,1.0,1,0
50.0,130684.0,108839.91846290839,737,53166,60,3,6,unemployed,bachelors,8.0,4,1
60.0,79821.0,45204.00734772746,469,44369,48,3,3,self_employed,masters,10.0,0,1
24.0,106669.0,35732.065889340796,674,74392,36,0,1,salaried,phd,19.0,1,0
53.0,138193.0,83389.57843429311,680,64526,12,1,7,salaried,high_school,19.0,2,0
31.0,64435.0,49138.317464506676,313,17661,60,3,1,self_employed,bachelors,10.0,3,1
31.0,24529.0,20807.14385177669,799,20591,12,2,8,salaried,bachelors,6.0,3,1
40.0,103055.0,55308.45867049006,690,76718,12,4,4,salaried,bachelors,,3,1
55.0,32192.0,15328.681415150324,848,60235,24,3,8,contract,bachelors,13.0,4,1
54.0,94102.0,75155.43870237736,829,12970,60,0,8,self_employed,bachelors,25.0,3,0
44.0,92762.0,37585.60130754754,791,52922,12,1,7,self_employed,bachelors,5.0,3,0
49.0,123466.0,78831.30053290042,849,35755,36,0,7,salaried,bachelors,29.0,2,1
,134894.0,70568.84284450562,684,24416,48,4,3,salaried,bachelors,3.0,0,0
28.0,106795.0,34451.565140985695,495,18672,60,4,3,contract,high_school,5.0,4,0
50.0,54087.0,26557.185440374753,599,51996,24,0,1,contract,bachelors,2.0,4,1
29.0,86677.0,38647.166954730375,846,79095,60,3,3,salaried,bachelors,22.0,3,0
22.0,24627.0,16681.10176649144,607,5064,24,3,3,salaried,bachelors,5.0,2,1
24.0,76541.0,62904.0554161104,551,73835,48,1,5,salaried,phd,2.0,1,1
45.0,132805.0,59420.40369590099,307,75385,36,1,2,salaried,bachelors,0.0,3,0
44.0,88226.0,65843.61667117795,507,10639,12,2,1,self_employed,high_school,27.0,3,0
29.0,125627.0,41513.178247386866,430,16055,60,2,7,unemployed,bachelors,25.0,4,1
58.0,23255.0,13859.20224866172,325,64220,24,1,1,salaried,masters,20.0,4,1
24.0,77433.0,26234.496695786544,753,34427,48,2,7,salaried,masters,25.0,3,0
54.0,25213.0,20516.275592957245,485,69666,12,0,6,contract,bachelors,17.0,4,1
49.0,122412.0,88319.4261255752,783,69274,48,3,2,salaried,bachelors,22.0,2,0
29.0,39404.0,26080.422065608167,350,15866,36,2,5,unemployed,bachelors,28.0,1,1
55.0,136545.0,102837.91228591689,304,8889,12,2,5,self_employed,bachelors,22.0,1,1
56.0,45380.0,29775.446577635703,459,53226,12,0,9,contract,phd,3.0,1,1
53.0,111056.0,92500.69893492345,507,36335,12,4,4,salaried,bachelors,5.0,3,1
45.0,39173.0,27134.231080438683,556,55547,24,1,7,salaried,bachelors,16.0,3,1
35.0,,48513.734116214146,504,31162,12,0,4,salaried,bachelors,17.0,3,0
53.0,,35065.35243635106,310,29687,48,4,6,salaried,bachelors,5.0,2,1
64.0,43989.0,16028.950554462534,307,15995,24,0,5,salaried,masters,,1,0
37.0,128106.0,75646.30434933936,708,61488,12,3,6,unemployed,bachelors,11.0,4,1
25.0,44519.0,16462.238287897468,331,7631,48,0,8,contract,phd,11.0,4,1
58.0,145803.0,91253.92970939657,839,39954,48,0,2,self_employed,bachelors,26.0,0,0
42.0,42439.0,23993.78764765342,686,10967,60,3,9,salaried,high_school,3.0,0,0
35.0,138570.0,89019.65008272871,527,69471,48,1,6,self_employed,bachelors,15.0,4,1
,96949.0,29620.424621456677,774,42116,36,4,9,self_employed,high_school,19.0,1,0
39.0,34995.0,14248.643653013707,506,39227,12,2,2,salaried,bachelors,9.0,3,1
28.0,43559.0,24838.72425601328,617,6942,12,1,1,contract,bachelors,24.0,4,1
31.0,148028.0,121794.02766820404,647,52664,12,0,6,salaried,masters,9.0,4,0
28.0,130887.0,66881.2900557311,533,33069,48,2,3,salaried,bachelors,6.0,0,0
,109049.0,58167.23978801754,343,19407,48,3,0,salaried,high_school,13.0,1,0
44.0,25021.0,17341.62596366908,441,64201,12,1,5,self_employed,bachelors,6.0,4,1
42.0,118000.0,74586.14994786907,475,59348,24,4,5,self_employed,bachelors,11.0,3,1
40.0,41119.0,19096.04940124135,748,22878,24,1,5,salaried,phd,10.0,3,0
40.0,71539.0,37625.86676737402,381,60420,36,1,1,salaried,bachelors,16.0,2,0
57.0,114835.0,48200.25602097366,434,48168,60,2,0,salaried,masters,10.0,3,0
50.0,59350.0,49338.355479657825,476,59862,36,3,2,salaried,bachelors,20.0,4,1
39.0,66223.0,24624.950357430167,682,33004,12,3,1,salaried,masters,2.0,4,0
23.0,45517.0,22963.792207710343,542,25471,12,1,5,salaried,masters,18.0,3,1
22.0,98653.0,30997.90066953142,440,65167,12,3,5,salaried,phd,21.0,0,1
26.0,42250.0,17828.600943805784,756,70308,60,2,4,contract,high_school,3.0,1,1
41.0,104486.0,76197.36905063389,739,19568,48,2,9,salaried,bachelors,7.0,4,0
32.0,102895.0,42253.45903950034,355,14466,60,4,9,self_employed,bachelors,13.0,3,1
63.0,109132.0,37545.213584635094,826,62324,36,3,4,salaried,high_school,19.0,3,1
23.0,111066.0,62302.389279936506,718,20467,48,4,8,salaried,bachelors,23.0,4,0
24.0,86798.0,26515.320300067702,387,57948,48,0,4,salaried,phd,13.0,2,1
44.0,74199.0,25718.960140753723,307,21676,36,2,9,salaried,bachelors,27.0,1,1
33.0,143823.0,107032.24649098568,776,36514,48,1,5,salaried,phd,15.0,4,0
41.0,79546.0,57615.99027961124,514,27650,24,2,3,contract,high_school,14.0,3,0
26.0,148180.0,119036.89872417864,796,15683,36,0,9,contract,masters,11.0,2,1
58.0,125686.0,96776.14489283315,802,64819,36,1,0,salaried,bachelors,15.0,4,0
59.0,108151.0,73082.66618697226,544,9860,24,3,3,salaried,bachelors,19.0,1,0
51.0,23327.0,7669.52270923891,777,8729,60,3,1,unemployed,phd,18.0,2,1
30.0,140318.0,102511.6638082585,608,36351,60,2,9,salaried,high_school,4.0,3,0
55.0,49768.0,38074.06011865216,530,67744,60,1,2,self_employed,masters,11.0,0,1
56.0,84418.0,62426.70411997728,682,29346,48,1,6,unemployed,bachelors,28.0,1,1
43.0,114386.0,66305.38561300913,454,79155,24,4,6,unemployed,bachelors,,2,1
45.0,136947.0,58626.46445364181,474,11955,36,0,0,salaried,phd,9.0,4,0
38.0,62788.0,48028.51818244908,414,70642,36,3,7,salaried,bachelors,25.0,4,1
31.0,135945.0,95153.28149356773,689,75290,36,2,6,salaried,masters,16.0,2,1
51.0,102384.0,85943.0386432455,610,49293,48,1,0,contract,bachelors,14.0,4,0
44.0,66830.0,25771.71496941595,599,66336,48,3,7,contract,masters,7.0,2,1
53.0,72446.0,30725.47301108405,317,26662,60,2,1,self_employed,bachelors,7.0,1,0
38.0,125078.0,52093.60894498322,311,11408,48,3,7,self_employed,high_school,7.0,4,1
38.0,35160.0,25874.134026261407,703,45403,60,2,2,self_employed,bachelors,29.0,1,1
35.0,76583.0,30847.55681622167,531,6225,60,3,9,self_employed,high_school,9.0,3,1
30.0,53998.0,18179.123619939386,577,17196,36,4,6,contract,bachelors,19.0,3,1
61.0,47230.0,40108.11479227158,652,74786,48,0,5,self_employed,high_school,12.0,3,1
23.0,29076.0,9119.671881988535,602,20372,60,3,4,salaried,high_school,29.0,3,1
46.0,89341.0,67844.14676825928,840,22279,24,0,9,salaried,bachelors,15.0,4,1
60.0,51085.0,25591.120805338305,769,59240,24,3,1,self_employed,bachelors,8.0,2,1
30.0,75571.0,57652.24705014683,376,43187,48,1,1,salaried,bachelors,15.0,4,1
43.0,34715.0,21004.007693817195,820,53481,36,4,0,salaried,bachelors,9.0,4,1
64.0,148308.0,118037.9184104647,323,33475,36,4,8,contract,bachelors,2.0,1,1
25.0,25750.0,20842.208170097154,314,49552,60,0,7,self_employed,bachelors,22.0,2,1
47.0,133931.0,40849.490684413584,824,72969,48,1,7,contract,masters,21.0,0,0
50.0,,20488.601807762014,646,11858,24,2,0,salaried,bachelors,24.0,0,0
55.0,138544.0,60640.33490631553,471,79486,60,4,4,self_employed,masters,27.0,2,1
44.0,55903.0,37350.106846532864,626,79474,60,1,5,salaried,bachelors,13.0,0,0
58.0,92489.0,72932.17395073398,784,30168,12,1,1,contract,masters,12.0,2,0
32.0,52093.0,28805.76583781602,788,37099,48,0,9,salaried,bachelors,3.0,1,0
27.0,111036.0,70378.52681624614,761,76180,60,1,4,self_employed,high_school,3.0,1,1
39.0,107954.0,43578.32220978061,677,66455,24,1,5,self_employed,masters,5.0,4,1
42.0,139277.0,103445.45114739671,463,59240,12,2,8,salaried,masters,23.0,0,1
63.0,54314.0,45190.9024720288,671,79796,24,0,9,unemployed,high_school,18.0,2,1
57.0,68225.0,30546.339208954127,723,59592,36,0,0,contract,bachelors,10.0,1,0
62.0,107985.0,61784.079210971744,776,52458,12,1,9,salaried,bachelors,7.0,4,0
59.0,103014.0,35783.340754236975,681,63046,12,2,2,salaried,bachelors,13.0,0,0
55.0,55179.0,33522.630861833575,454,21488,60,3,8,salaried,masters,7.0,0,0
38.0,137305.0,79160.57426551716,556,63841,36,4,0,salaried,high_school,29.0,0,0
58.0,132417.0,50244.315257299604,367,5395,60,0,0,contract,bachelors,13.0,1,0
46.0,45338.0,24624.71888369101,643,57669,48,2,0,unemployed,high_school,22.0,1,0
59.0,112435.0,54391.28110654401,576,15845,24,2,6,salaried,bachelors,6.0,0,1
33.0,89681.0,52643.37310053458,690,41059,24,1,4,salaried,high_school,20.0,1,0
44.0,52101.0,32412.547091596727,748,23394,60,4,5,salaried,masters,17.0,0,0
63.0,22775.0,6938.917741528558,558,50906,24,0,7,salaried,bachelors,11.0,3,1
43.0,131497.0,94487.60205695473,606,64332,24,3,1,salaried,masters,13.0,1,0
42.0,117183.0,81109.13456977891,394,42305,48,1,1,salaried,high_school,14.0,2,0
48.0,65619.0,32905.140507067175,763,47628,36,0,2,salaried,bachelors,17.0,1,1
52.0,65838.0,21668.257869288922,545,26352,12,0,2,self_employed,bachelors,28.0,0,1
27.0,141316.0,101071.0257357453,486,56993,60,2,2,self_employed,bachelors,11.0,2,0
48.0,39539.0,32633.368868579684,672,44386,60,4,3,salaried,masters,9.0,4,0
61.0,122274.0,52832.56293859767,705,61624,48,3,2,contract,bachelors,11.0,2,0
55.0,77124.0,36860.53177042042,707,62065,48,4,1,self_employed,bachelors,7.0,2,0
33.0,85149.0,34153.01604956788,424,13539,12,2,8,contract,high_school,26.0,1,0
28.0,,37038.89207037971,636,6263,36,3,5,salaried,high_school,5.0,2,1
31.0,99655.0,38383.39555097566,640,18305,60,3,2,contract,masters,23.0,2,0
38.0,110695.0,54894.38871430157,477,58817,48,1,8,contract,bachelors,18.0,0,1
47.0,74567.0,50955.8931755199,469,29398,60,3,3,salaried,masters,0.0,1,1
42.0,57099.0,34719.83438261793,338,54107,24,0,3,salaried,bachelors,12.0,0,1
49.0,95831.0,49118.601701160704,368,37152,60,4,7,contract,high_school,21.0,1,0
23.0,120246.0,63867.133490422326,535,35624,36,4,6,self_employed,high_school,15.0,4,1
64.0,81799.0,49828.75944823365,680,61132,36,1,6,contract,masters,17.0,2,1
22.0,140714.0,42668.08712595271,356,57979,60,3,9,self_employed,masters,11.0,1,1
57.0,110221.0,37825.68991595393,576,63013,24,2,6,self_employed,bachelors,24.0,2,1
47.0,134879.0,105838.46380699398,398,68797,36,0,9,salaried,high_school,4.0,2,1
50.0,45479.0,15591.722199685548,826,56798,48,1,4,salaried,high_school,20.0,3,0
42.0,66172.0,45575.43416264285,624,21650,60,3,6,unemployed,bachelors,12.0,0,1
32.0,119165.0,96049.49130433038,760,31014,24,2,3,salaried,high_school,25.0,1,0
61.0,75863.0,34053.07865022823,478,12434,48,3,7,salaried,bachelors,7.0,4,1
32.0,62043.0,31255.42012621589,418,35028,60,1,8,self_employed,bachelors,5.0,3,1
57.0,102569.0,62865.23482184769,768,71558,24,2,2,self_employed,high_school,2.0,0,0
60.0,122438.0,96106.47555353498,848,29331,48,2,6,salaried,high_school,24.0,4,1
61.0,130107.0,106433.78063293033,754,72573,36,2,9,salaried,masters,25.0,4,0
56.0,35408.0,25024.95051901808,325,79292,60,2,8,salaried,bachelors,19.0,2,1
55.0,142275.0,49460.60456158087,789,51326,60,3,0,salaried,phd,25.0,0,0
45.0,77980.0,52093.352576734214,307,9123,36,2,1,self_employed,bachelors,3.0,3,1
43.0,102956.0,54120.57649401699,815,21603,12,3,6,salaried,bachelors,11.0,1,0
26.0,36351.0,20316.048617874767,832,70941,48,2,1,contract,bachelors,12.0,1,1
54.0,24131.0,7891.599894080707,448,47597,36,2,6,contract,bachelors,1.0,3,1
57.0,136836.0,55430.09839477905,787,68238,60,1,0,self_employed,high_school,18.0,2,0
41.0,64825.0,47632.27453460279,324,47719,48,3,2,salaried,high_school,3.0,2,1
40.0,31349.0,17231.835501469548,724,46751,48,3,4,salaried,phd,22.0,4,1
56.0,80931.0,37706.904782597776,592,22693,12,4,5,salaried,bachelors,12.0,0,1
64.0,64254.0,32847.31886819943,484,42697,60,1,8,salaried,phd,18.0,4,1
38.0,58225.0,44828.57641486325,730,34992,24,3,8,contract,bachelors,7.0,1,1
64.0,124383.0,88554.40963003441,616,68825,12,1,2,salaried,bachelors,,3,0
55.0,32453.0,14596.498371594724,697,14522,12,1,7,contract,bachelors,,0,0
30.0,38814.0,14152.594034301683,623,50406,24,1,3,salaried,masters,25.0,3,0
47.0,38263.0,16782.114375121913,845,17121,24,0,6,salaried,bachelors,10.0,0,1
23.0,97694.0,78782.00940113763,375,19219,12,3,5,unemployed,phd,,1,1
30.0,35735.0,22151.192416308557,785,6617,48,1,7,self_employed,high_school,3.0,1,1
30.0,35830.0,21262.027733629064,387,48016,36,0,5,salaried,masters,23.0,0,1
61.0,67893.0,42637.92286515616,531,55672,36,0,3,salaried,bachelors,0.0,2,1
38.0,64673.0,32421.58031684341,306,29276,12,2,1,salaried,high_school,0.0,0,0
22.0,147006.0,109359.06604599967,849,77240,48,2,6,self_employed,bachelors,29.0,1,0
46.0,109462.0,64342.57768149717,351,60735,24,3,3,salaried,bachelors,13.0,3,1
,65066.0,23697.775472854948,695,22959,12,2,8,self_employed,high_school,3.0,4,0
61.0,120315.0,44635.15877159479,520,33522,60,3,8,self_employed,bachelors,10.0,3,1
63.0,23373.0,13913.304857163135,727,61087,48,0,6,contract,bachelors,17.0,1,1
46.0,30335.0,24726.471660848398,442,14953,60,0,4,salaried,bachelors,15.0,3,1
60.0,43741.0,20540.496584831235,662,31567,60,3,2,salaried,bachelors,16.0,2,0
56.0,30692.0,23885.97665504492,681,65523,12,2,2,self_employed,high_school,23.0,2,0
24.0,67295.0,48469.39687435413,576,67708,48,2,8,salaried,high_school,1.0,0,1
58.0,65541.0,28595.331426308872,570,27560,60,3,8,salaried,phd,3.0,3,1
51.0,,19199.244694436,313,63390,48,4,3,salaried,phd,2.0,3,1
59.0,86983.0,30967.339365133932,597,73149,36,2,0,salaried,bachelors,,1,0
55.0,39583.0,27734.686460915775,763,41660,60,1,9,salaried,phd,1.0,0,1
33.0,42765.0,17525.881991019538,826,50104,60,2,4,salaried,bachelors,23.0,0,0
40.0,79287.0,39976.42661076114,533,62805,48,4,7,contract,high_school,18.0,3,1
58.0,43906.0,25286.981970472953,326,29496,36,0,9,self_employed,high_school,8.0,4,1
38.0,140747.0,98383.20756767028,770,8515,60,0,3,salaried,phd,9.0,3,0
31.0,105103.0,38076.417692012124,392,9454,12,0,9,salaried,bachelors,20.0,3,1
33.0,99675.0,52180.01429531704,608,27873,48,2,9,self_employed,masters,24.0,3,0
37.0,66525.0,37705.7114043948,351,78920,48,0,3,contract,masters,18.0,2,1
45.0,58230.0,34789.79796428452,618,18727,60,4,8,salaried,bachelors,27.0,0,0
40.0,137904.0,103441.56324003129,480,74070,36,4,8,contract,high_school,4.0,2,1
29.0,39520.0,15587.597247459362,419,54979,60,2,6,self_employed,high_school,13.0,4,1
52.0,105238.0,78329.41148003154,342,30465,24,1,9,salaried,high_school,9.0,1,1
42.0,71934.0,48993.034249862045,559,58900,60,2,7,unemployed,high_school,15.0,4,1
38.0,45566.0,27600.64523588438,496,64799,24,0,3,self_employed,bachelors,5.0,0,1
44.0,93193.0,63813.00545453479,554,26330,12,2,7,contract,high_school,24.0,1,1
58.0,123224.0,64890.9606255184,635,13302,48,4,5,salaried,high_school,7.0,4,1
37.0,50134.0,18856.333516209277,801,77717,48,2,2,self_employed,bachelors,1.0,0,0
27.0,30345.0,20214.955418718913,554,17875,36,2,6,self_employed,bachelors,17.0,4,1
29.0,141012.0,82995.40022069414,813,32219,60,1,2,salaried,bachelors,28.0,1,0
46.0,141015.0,91893.29062419673,541,41182,12,4,6,self_employed,bachelors,20.0,1,1
39.0,61185.0,29729.75047947549,448,47269,24,3,4,salaried,bachelors,20.0,4,1
46.0,135464.0,108205.47571801994,598,11457,36,3,3,salaried,phd,20.0,2,0
33.0,112949.0,70373.26160715857,752,11749,12,4,2,salaried,high_school,19.0,4,0
36.0,90744.0,31485.56966897008,692,38064,12,3,7,self_employed,high_school,7.0,4,0
47.0,53455.0,29260.849777707885,511,14821,24,0,3,contract,masters,26.0,4,1
62.0,135217.0,96814.8081598485,837,12664,24,3,7,salaried,bachelors,4.0,2,0
,48018.0,35378.41436189314,430,34281,48,0,9,self_employed,masters,16.0,3,1
53.0,74219.0,42455.374262490375,628,36821,60,4,2,salaried,bachelors,15.0,1,0
31.0,65991.0,52272.20782070061,555,29647,36,3,9,contract,masters,25.0,0,0
37.0,93616.0,41866.72662900975,778,74918,60,3,8,self_employed,phd,29.0,1,0
28.0,,31549.757008862798,362,79944,36,0,5,self_employed,bachelors,4.0,1,1
38.0,136841.0,108682.99491154264,610,32603,12,0,4,self_employed,high_school,16.0,3,1
44.0,29486.0,23380.664048034538,706,51458,24,2,4,salaried,masters,3.0,1,1
47.0,58862.0,39857.9337492071,404,75605,24,1,2,salaried,masters,0.0,1,1
42.0,141662.0,109425.29624653538,314,24623,12,3,1,unemployed,masters,21.0,2,1
43.0,78870.0,27511.851160660935,558,49440,12,1,5,salaried,high_school,5.0,2,1
28.0,106694.0,82767.57569533188,711,12704,36,1,0,self_employed,masters,0.0,2,0
35.0,125996.0,60017.0541601363,558,32460,12,3,6,unemployed,high_school,27.0,2,1
36.0,63856.0,25419.9453816889,559,78511,36,0,4,salaried,bachelors,23.0,2,1
28.0,121407.0,52405.745546428356,344,11565,60,2,3,contract,bachelors,29.0,0,0
30.0,120744.0,63980.15424239583,630,9870,24,4,8,contract,bachelors,3.0,3,0
29.0,106055.0,46468.59242657973,464,23909,24,3,9,self_employed,bachelors,1.0,4,1
44.0,51379.0,24472.443101067936,492,14117,24,3,0,salaried,bachelors,12.0,2,1
50.0,84729.0,31708.82568050029,820,72474,60,4,3,salaried,high_school,13.0,3,0
39.0,48378.0,22394.041760317275,700,49322,60,1,2,salaried,bachelors,16.0,4,0
52.0,125428.0,77107.62785970577,673,25128,48,2,5,contract,phd,10.0,1,0
51.0,74353.0,40375.13181673218,364,74001,36,1,4,contract,high_school,2.0,1,1
60.0,69996.0,34346.70952630786,686,5440,36,4,6,self_employed,bachelors,6.0,3,0
56.0,34031.0,24180.681818425048,794,65955,48,4,0,salaried,bachelors,9.0,0,1
39.0,100072.0,79200.03142149966,714,54613,24,2,4,salaried,bachelors,10.0,0,0
63.0,85982.0,61583.238029976645,329,75949,36,4,1,self_employed,bachelors,9.0,3,1
60.0,56683.0,27355.237688975027,565,16663,36,4,1,self_employed,bachelors,7.0,0,1
38.0,134091.0,95129.94710012797,627,24547,24,2,1,contract,high_school,4.0,0,0
35.0,137797.0,52857.427262407255,791,5005,12,3,8,self_employed,phd,22.0,1,1
52.0,37618.0,13981.66614181,516,12038,12,1,9,contract,bachelors,1.0,0,1
45.0,26587.0,13030.152318524197,619,11414,48,3,2,self_employed,bachelors,27.0,0,0
56.0,82790.0,61615.32352323661,698,74506,60,3,3,self_employed,bachelors,27.0,3,0
55.0,51480.0,22419.104272418535,404,7606,36,1,4,salaried,bachelors,14.0,0,1
24.0,118530.0,39682.58460621827,629,21482,36,3,3,contract,bachelors,15.0,2,0
58.0,40527.0,15093.885783319374,346,76873,48,2,3,self_employed,bachelors,3.0,2,1
64.0,43569.0,33648.762743625906,613,38948,48,1,4,salaried,bachelors,21.0,3,0
61.0,31151.0,20203.940706739515,446,25875,36,0,9,salaried,bachelors,27.0,2,1
47.0,91094.0,40014.00872681356,761,18057,24,3,8,salaried,high_school,27.0,1,0
44.0,79174.0,47932.94542099338,785,37400,24,4,8,salaried,bachelors,15.0,3,1
60.0,64739.0,38206.93744690712,709,76458,60,1,5,salaried,masters,11.0,0,1
36.0,52954.0,34975.57624129073,326,73607,36,0,2,salaried,high_school,27.0,2,1
25.0,132984.0,56950.81755546232,328,32503,36,4,5,salaried,high_school,13.0,1,1
50.0,132863.0,103024.8457481851,570,28765,36,0,9,salaried,bachelors,11.0,3,0
43.0,129373.0,60825.06644008763,800,51612,36,3,3,contract,phd,27.0,3,1
46.0,55303.0,37704.05957291631,552,14428,48,4,2,salaried,masters,20.0,0,1
34.0,54700.0,16895.109986108084,684,36419,12,3,5,self_employed,bachelors,15.0,4,1
39.0,113036.0,57078.81923409316,359,70195,36,4,5,salaried,phd,15.0,2,1
54.0,143728.0,70921.20179357097,406,78695,12,1,1,salaried,bachelors,21.0,1,1
37.0,87568.0,52445.91444318658,519,44142,24,2,8,salaried,phd,11.0,3,1
63.0,86788.0,29508.34907791563,740,76540,60,2,7,contract,bachelors,1.0,2,1
23.0,91045.0,66879.13100649146,845,43289,24,0,5,self_employed,bachelors,22.0,1,0
56.0,57842.0,24280.882424711835,395,63951,36,4,0,salaried,bachelors,23.0,1,1
,33900.0,22793.370058475084,388,16755,24,3,1,self_employed,bachelors,28.0,3,1
55.0,147992.0,109775.5326987269,530,8890,48,1,3,salaried,bachelors,13.0,2,0
51.0,100059.0,60939.16550051326,574,22175,12,1,6,unemployed,bachelors,10.0,1,1
34.0,,42449.14582182552,545,79727,36,1,8,unemployed,bachelors,8.0,3,1
34.0,53037.0,35217.796958420986,410,70687,48,2,9,self_employed,bachelors,21.0,2,0
39.0,21630.0,10718.560231818858,533,29288,12,3,4,self_employed,high_school,6.0,2,1
53.0,40789.0,30382.592021752054,577,51629,48,1,9,contract,phd,28.0,3,1
53.0,146083.0,67502.87311934317,776,52800,24,1,1,self_employed,masters,11.0,2,0
56.0,108059.0,66366.28317362117,716,42367,36,0,0,self_employed,phd,28.0,4,0
60.0,103494.0,73477.50648809297,427,73513,24,4,9,unemployed,masters,16.0,1,1
50.0,66151.0,33632.87181450395,536,34022,60,4,0,self_employed,bachelors,8.0,1,1
50.0,68920.0,32152.708934346116,427,74329,36,4,4,self_employed,bachelors,5.0,2,1
37.0,129388.0,71505.02386033266,693,64414,24,0,6,contract,high_school,11.0,3,0
31.0,87231.0,65412.77546656406,774,6659,36,2,8,self_employed,high_school,19.0,0,0
51.0,137946.0,111937.24314639054,694,62941,12,0,8,self_employed,bachelors,9.0,2,0
46.0,100357.0,60193.714835408995,410,42930,36,1,7,salaried,masters,8.0,0,1
60.0,,39828.38477568051,389,48473,36,3,0,salaried,high_school,11.0,2,1
41.0,86981.0,69306.50361477965,579,60598,12,1,4,salaried,phd,0.0,0,1
26.0,140951.0,49924.952489428106,632,21040,24,1,5,salaried,bachelors,1.0,2,0
22.0,143099.0,61195.3168277387,523,74806,36,3,5,salaried,masters,18.0,3,1
51.0,101972.0,70349.9732906175,400,18286,48,4,3,unemployed,high_school,0.0,0,1
24.0,95485.0,71905.88197013276,431,74139,36,0,0,self_employed,bachelors,15.0,4,1
35.0,74722.0,57638.007680204595,312,60916,24,2,2,self_employed,phd,15.0,3,0
,109499.0,57849.30141714105,756,22600,12,1,9,salaried,bachelors,17.0,2,0
25.0,70818.0,24725.180260277986,740,7291,24,1,3,contract,bachelors,17.0,0,0
39.0,49932.0,27002.21759848854,397,18123,60,2,3,self_employed,high_school,22.0,1,0
58.0,26901.0,11484.145166137974,419,8811,36,0,3,self_employed,high_school,25.0,3,1
46.0,137473.0,63259.307641763,592,36276,36,1,4,salaried,bachelors,12.0,0,1
22.0,119023.0,86261.58077960876,300,59145,12,2,8,salaried,bachelors,21.0,3,1
36.0,28597.0,9767.016443495258,549,51619,36,1,3,self_employed,bachelors,11.0,0,1
30.0,149631.0,112996.7928340702,448,75678,48,4,8,self_employed,bachelors,8.0,1,1
36.0,83909.0,44909.606927331115,694,31714,48,4,8,contract,high_school,29.0,4,0
45.0,92391.0,58006.31846207329,343,60685,24,1,0,contract,masters,4.0,1,0
25.0,104214.0,36402.85969429728,343,17194,12,1,4,unemployed,masters,8.0,2,1
33.0,28263.0,13723.028797386487,377,78062,60,4,8,self_employed,high_school,29.0,3,1
58.0,83293.0,29097.20225612695,525,69037,24,1,3,unemployed,bachelors,12.0,4,1
58.0,132824.0,110091.04589637826,461,24362,12,0,4,contract,high_school,15.0,3,1
64.0,144933.0,107829.2689419908,552,59499,12,0,3,salaried,masters,27.0,0,0
27.0,45805.0,25320.913072313717,431,51281,24,3,1,salaried,masters,9.0,2,1
60.0,111679.0,47238.139946831594,747,67813,24,0,9,salaried,phd,29.0,2,0
45.0,31874.0,25926.321413603586,773,49852,36,1,1,salaried,bachelors,15.0,3,0
32.0,113065.0,55348.49775272853,408,52836,60,1,1,salaried,bachelors,13.0,2,0
34.0,106402.0,41341.58602522003,334,9595,48,2,0,salaried,high_school,24.0,3,1
55.0,34079.0,20779.34355676728,766,20402,36,0,2,self_employed,bachelors,1.0,0,1
46.0,69850.0,57212.442268346975,574,70283,12,4,9,salaried,bachelors,27.0,0,1
28.0,92779.0,28029.153787281186,486,47723,60,4,0,salaried,high_school,24.0,3,0
25.0,115408.0,49737.23155064162,542,56322,60,3,3,self_employed,masters,18.0,1,0
29.0,29018.0,23682.930496186065,563,51764,24,2,0,contract,bachelors,10.0,1,1
41.0,140606.0,55412.44240075497,821,29911,60,4,3,unemployed,masters,18.0,0,0
50.0,69500.0,25178.730938932113,840,24405,60,3,2,self_employed,bachelors,27.0,4,0
31.0,140062.0,85942.45900064372,386,63122,12,0,8,salaried,phd,10.0,1,1
64.0,32100.0,24845.852700270225,834,8447,36,2,0,salaried,phd,13.0,3,0
55.0,77021.0,43317.41139773214,509,58143,60,2,7,salaried,phd,14.0,0,1
47.0,134995.0,114342.16100712008,345,67906,24,1,8,salaried,masters,24.0,2,1
62.0,39800.0,26807.068502886665,766,15662,36,0,6,salaried,masters,6.0,2,1
24.0,148126.0,50472.63083800013,839,68001,24,2,0,unemployed,bachelors,14.0,1,0
27.0,83400.0,70561.20988025222,325,63282,60,3,3,salaried,high_school,29.0,4,1
26.0,112446.0,58960.14144194191,565,9899,36,4,9,salaried,bachelors,26.0,1,1
26.0,49437.0,22645.675486145516,474,33582,60,0,0,salaried,masters,23.0,4,1
44.0,123124.0,74715.77412936397,815,72471,12,0,3,self_employed,phd,22.0,1,0
30.0,96537.0,45118.41809538593,610,47213,36,2,2,salaried,bachelors,24.0,2,0
56.0,66675.0,23173.004857979886,621,79081,24,2,1,salaried,bachelors,7.0,4,0
41.0,39942.0,12013.977983597662,434,42830,12,2,0,salaried,bachelors,29.0,2,1
63.0,40862.0,22362.581231865264,354,12066,48,3,5,salaried,phd,,3,1
56.0,31669.0,24077.145245171672,842,15712,24,1,6,salaried,high_school,17.0,3,1
39.0,141219.0,86817.67800972158,830,70365,60,2,5,salaried,bachelors,13.0,0,0
38.0,73772.0,62674.03647171054,455,35806,24,1,8,salaried,bachelors,28.0,2,1
45.0,35916.0,16441.11126878566,446,17210,48,1,8,self_employed,high_school,26.0,2,1
24.0,30878.0,14026.340319313544,784,41972,24,0,1,self_employed,high_school,20.0,0,1
,22985.0,8915.012738912465,319,39136,12,4,1,self_employed,bachelors,17.0,3,1
56.0,117905.0,46010.65455593339,568,49297,24,4,8,salaried,masters,3.0,3,1
59.0,93648.0,42783.33488873192,632,20945,36,3,0,salaried,high_school,29.0,4,0
34.0,61235.0,45072.75809477844,700,47477,48,3,4,salaried,bachelors,27.0,4,0
46.0,,47889.97409100278,605,75453,24,4,0,salaried,masters,1.0,3,0
30.0,112876.0,94397.96665235834,327,18224,48,4,6,salaried,phd,20.0,1,1
25.0,20336.0,8698.913323138004,766,8052,12,0,8,salaried,phd,5.0,2,1
35.0,62933.0,49384.384140972405,559,32272,36,0,5,self_employed,bachelors,10.0,4,1
58.0,104899.0,50408.19683555686,833,46150,60,4,1,contract,phd,0.0,1,1
55.0,65536.0,23728.114859002195,400,22316,24,2,5,self_employed,high_school,14.0,4,0
32.0,89504.0,69680.0910135663,652,58389,12,2,8,salaried,masters,11.0,0,0
62.0,119214.0,77472.18342062239,599,68332,48,0,2,self_employed,bachelors,23.0,2,1
24.0,71148.0,27790.550586906462,595,12240,48,1,8,salaried,bachelors,17.0,4,1
49.0,133936.0,71844.23361844383,652,73774,12,4,7,self_employed,bachelors,29.0,3,0
50.0,36279.0,16615.482051844825,429,48175,24,3,6,salaried,high_school,4.0,0,1
30.0,88665.0,62529.83973907929,455,5565,60,2,7,salaried,masters,10.0,0,0
24.0,123751.0,67986.19157579109,373,76094,24,1,9,contract,bachelors,23.0,3,1
46.0,124433.0,105034.38927518255,641,21375,36,2,5,self_employed,bachelors,20.0,0,0
55.0,91386.0,30167.408721826443,764,30710,24,1,2,salaried,high_school,18.0,2,0
,106124.0,52558.80205689368,389,54895,36,4,6,salaried,bachelors,21.0,4,1
63.0,125750.0,71054.42030774381,754,20174,48,4,3,salaried,phd,0.0,0,0
30.0,97485.0,56221.886021551974,631,32597,36,4,9,contract,masters,16.0,2,0
36.0,94055.0,44559.93907596458,647,79289,60,0,4,self_employed,phd,7.0,3,1
61.0,111911.0,78458.80303421686,532,43397,12,1,7,unemployed,bachelors,22.0,4,1
46.0,118618.0,92653.81159971336,401,76854,36,3,6,salaried,high_school,15.0,3,1
26.0,97273.0,79403.52346371098,780,38069,24,3,6,self_employed,bachelors,25.0,4,0
32.0,86670.0,64378.593631968215,513,45274,36,4,7,self_employed,bachelors,25.0,0,1
55.0,96474.0,74074.58067522627,407,79237,48,3,9,salaried,high_school,10.0,0,1
45.0,74028.0,44624.072132863366,464,77498,36,2,2,salaried,masters,26.0,4,1
36.0,110022.0,82982.83094636205,634,43197,60,1,2,self_employed,bachelors,18.0,2,0
59.0,133892.0,62517.809972000694,385,53634,36,1,1,self_employed,high_school,23.0,2,0
29.0,111632.0,57955.23964447671,723,35041,60,1,0,self_employed,bachelors,10.0,2,0
26.0,126651.0,60070.842562222846,663,12248,24,2,9,self_employed,bachelors,14.0,1,0
47.0,91128.0,50764.0402075842,359,7203,48,0,5,self_employed,masters,7.0,2,1
39.0,38108.0,17417.977408592076,781,56986,12,2,5,self_employed,bachelors,29.0,0,1
27.0,72495.0,60090.11182842988,549,30370,24,1,9,salaried,bachelors,13.0,1,1
58.0,102806.0,48531.0676547129,416,40247,24,1,7,salaried,high_school,0.0,2,1
34.0,113185.0,40058.944075347696,844,5434,12,1,5,self_employed,phd,9.0,0,0
49.0,96533.0,56930.2828196895,343,67982,36,3,5,unemployed,phd,6.0,1,1
,119025.0,39445.41979656541,808,70180,36,0,0,salaried,bachelors,17.0,0,0
34.0,76830.0,27720.167307118532,464,39474,36,2,6,salaried,high_school,11.0,4,1
38.0,94640.0,39811.65648644301,667,29644,48,1,6,salaried,bachelors,1.0,0,0
61.0,72509.0,40270.964747787315,591,43493,24,4,9,salaried,bachelors,,1,1
53.0,86406.0,46511.314031401635,585,8959,60,0,8,salaried,phd,28.0,2,0
50.0,114220.0,84503.44246287734,503,52289,12,4,6,self_employed,phd,20.0,1,0
24.0,59519.0,42062.7355584907,823,16143,24,0,7,salaried,masters,6.0,2,0
61.0,69649.0,37225.653571987095,420,44593,36,1,3,self_employed,high_school,19.0,2,1
55.0,54524.0,26364.388517619504,487,44115,12,0,8,contract,phd,26.0,3,1
61.0,116493.0,55224.41893392189,312,27540,60,0,0,unemployed,bachelors,11.0,4,1
48.0,53885.0,39104.19890336072,499,40481,24,1,7,salaried,masters,19.0,3,1
34.0,64369.0,21154.2167938313,755,27578,24,4,2,self_employed,bachelors,24.0,1,0
54.0,121132.0,37193.81162668529,747,17787,48,4,0,salaried,bachelors,13.0,3,0
27.0,115402.0,85114.67765441547,370,77048,24,3,1,salaried,bachelors,9.0,2,1
45.0,50676.0,28501.728362291582,429,57879,24,4,5,self_employed,high_school,8.0,1,1
40.0,84093.0,31281.303171412223,342,15596,60,4,4,self_employed,bachelors,22.0,3,1
37.0,,25773.67584161854,819,65669,60,0,2,salaried,masters,29.0,0,1
61.0,70799.0,57550.89105643788,312,24930,12,3,8,unemployed,high_school,14.0,4,1
49.0,99414.0,76819.84585032548,834,52950,36,1,7,contract,high_school,25.0,0,0
54.0,125296.0,86502.07520907457,601,23687,60,1,2,self_employed,high_school,19.0,1,0
62.0,113095.0,63923.994333749964,826,57833,12,2,1,self_employed,bachelors,23.0,3,0
34.0,132082.0,77423.56185703582,414,40989,24,3,7,salaried,phd,9.0,2,1
64.0,92307.0,77204.14352515101,759,35183,12,0,4,self_employed,high_school,18.0,3,0
46.0,102062.0,84831.25467404498,804,25758,12,2,8,salaried,high_school,18.0,1,0
63.0,115432.0,48296.51507123273,607,6082,12,2,0,contract,phd,11.0,1,0
57.0,,44766.4506880755,624,50891,12,1,9,salaried,masters,22.0,1,0
48.0,137449.0,56145.64397209466,474,50810,60,4,2,salaried,high_school,28.0,1,0
59.0,121739.0,50819.4114610629,813,51901,36,0,4,self_employed,masters,26.0,3,0
28.0,,40311.07012743104,471,76062,12,3,1,salaried,bachelors,11.0,0,1
26.0,98388.0,51432.386448307436,801,26563,48,2,2,salaried,masters,8.0,2,0
64.0,67574.0,54893.6999711988,633,77008,24,0,3,salaried,bachelors,28.0,2,0
52.0,63391.0,22120.628857636093,583,7775,24,1,3,contract,phd,26.0,4,0
44.0,148691.0,86439.89248168239,774,20828,24,2,8,salaried,high_school,19.0,1,0
63.0,141757.0,114140.87112506405,353,22974,24,2,0,salaried,bachelors,3.0,1,1
31.0,73664.0,58729.54577705925,757,27388,24,1,8,salaried,bachelors,0.0,1,0
53.0,87384.0,33738.18183181662,719,23615,12,1,8,salaried,bachelors,15.0,0,0
64.0,51027.0,25597.732057552035,708,42886,36,1,5,salaried,phd,,1,1
51.0,55464.0,35525.62213270448,603,27838,48,0,0,self_employed,bachelors,12.0,4,0
60.0,54485.0,21122.046663223417,521,45728,60,0,5,salaried,high_school,29.0,4,1
52.0,148366.0,123501.66766775594,832,57798,48,0,7,salaried,bachelors,2.0,0,0
39.0,39456.0,31687.59223285321,457,77776,60,4,4,salaried,bachelors,11.0,1,1
57.0,94795.0,37142.82322186488,647,75478,60,2,4,salaried,phd,28.0,3,0
23.0,55554.0,20368.068772191033,458,24622,48,0,0,salaried,bachelors,22.0,3,0
35.0,66922.0,23220.2385675721,534,18536,12,4,0,self_employed,bachelors,28.0,2,1
34.0,33409.0,26733.6818544899,704,72136,24,2,7,salaried,masters,8.0,0,1
50.0,89327.0,36310.80873167952,556,10700,12,0,4,salaried,masters,3.0,3,0
33.0,111400.0,58925.777571912615,346,43839,24,1,7,self_employed,bachelors,1.0,2,0
60.0,56639.0,30974.070874540084,512,15248,36,3,9,salaried,bachelors,21.0,4,1
23.0,120110.0,75603.96908627039,778,50291,60,0,1,self_employed,masters,21.0,2,0
53.0,83627.0,28387.55637536125,786,22177,48,3,3,salaried,masters,8.0,1,0
34.0,103424.0,43925.95578531703,641,24483,36,0,9,salaried,masters,19.0,1,0
48.0,39692.0,32242.59404067231,823,48815,24,1,8,contract,phd,23.0,4,1
62.0,109037.0,87188.77207643366,802,43533,12,3,2,salaried,masters,12.0,0,0
38.0,98840.0,72124.52217426825,305,5026,48,4,5,contract,masters,13.0,1,1
61.0,74200.0,23051.76483367937,443,65611,60,1,6,self_employed,phd,28.0,1,1
52.0,113063.0,54253.70144656114,560,29660,36,3,2,self_employed,high_school,,2,1
55.0,77415.0,49961.884023114166,531,60103,60,3,0,contract,bachelors,17.0,2,1
,38074.0,17184.875667684824,569,57253,24,1,1,contract,bachelors,8.0,2,1
56.0,35549.0,28448.893582356704,746,47082,60,1,9,self_employed,bachelors,14.0,3,1
27.0,49963.0,32407.96054984386,521,21258,12,1,6,self_employed,masters,21.0,4,1
40.0,111456.0,37844.739296871965,351,20389,36,2,6,salaried,masters,26.0,0,0
51.0,116362.0,93084.13958045506,415,32685,36,4,0,salaried,masters,23.0,2,1
28.0,121607.0,100541.22150045974,837,64220,12,0,9,salaried,phd,26.0,0,0
31.0,72265.0,24768.238353292923,840,32195,60,3,6,salaried,bachelors,9.0,2,0
62.0,36061.0,21376.89333613363,318,26797,12,0,9,contract,masters,24.0,1,1
53.0,78226.0,36519.83588726713,691,76310,48,1,5,salaried,bachelors,16.0,0,0
55.0,48810.0,25188.961427681486,718,71332,12,4,5,salaried,bachelors,12.0,3,1
49.0,80006.0,31907.046439054295,608,67907,60,4,6,self_employed,high_school,0.0,2,0
36.0,142538.0,88079.8827021549,485,12188,12,2,6,salaried,masters,10.0,4,1
51.0,133502.0,110391.28778958837,560,28696,24,1,0,salaried,bachelors,4.0,1,0
58.0,42800.0,24682.329010393678,827,7024,12,3,9,self_employed,masters,8.0,2,1
50.0,136192.0,47068.366468102446,572,78202,12,2,4,self_employed,bachelors,6.0,0,1
43.0,128959.0,82662.81358015221,459,40985,60,1,7,self_employed,bachelors,6.0,2,1
25.0,145433.0,70843.70791361632,523,11584,48,2,7,salaried,bachelors,1.0,1,1
41.0,127228.0,98062.1075117269,555,32044,48,0,2,salaried,bachelors,18.0,4,0
53.0,95476.0,51468.53198876483,479,10285,60,1,2,self_employed,phd,19.0,4,1
57.0,89460.0,36326.28727878531,319,68115,60,3,6,salaried,high_school,17.0,4,1
25.0,77767.0,31504.041027902247,767,12370,60,3,3,self_employed,phd,9.0,1,0
48.0,48054.0,34734.40666720605,509,22903,24,1,5,contract,phd,24.0,2,1
38.0,95319.0,42519.24935568259,812,37499,36,2,8,salaried,phd,4.0,1,0
33.0,122789.0,88651.00167947926,357,27995,12,4,9,salaried,bachelors,15.0,1,1
43.0,65397.0,27024.526854211814,392,40200,60,1,1,salaried,phd,,2,0
38.0,33233.0,15849.731700077838,520,75402,60,3,1,self_employed,bachelors,22.0,3,1
31.0,131205.0,72952.32002042292,531,18566,60,0,5,salaried,high_school,26.0,4,1
22.0,110020.0,90079.7240608004,663,42822,48,3,2,salaried,bachelors,24.0,0,0
43.0,45068.0,36615.59951794295,673,56222,60,4,0,contract,phd,4.0,0,0
47.0,85727.0,35472.07789537955,755,55668,12,3,1,salaried,high_school,14.0,2,1
39.0,110610.0,54975.43448354296,387,68853,60,4,6,salaried,bachelors,21.0,0,1
35.0,90453.0,34568.39258609499,319,59643,12,1,3,self_employed,high_school,15.0,3,0
50.0,124135.0,72059.34880131953,313,27333,24,3,1,salaried,bachelors,3.0,1,1
33.0,45832.0,25359.780704890876,432,20958,36,2,7,self_employed,high_school,13.0,4,1
57.0,128464.0,102182.58942998899,333,57442,48,2,3,self_employed,masters,23.0,0,0
56.0,106242.0,86215.69724100354,507,25954,12,3,3,salaried,bachelors,16.0,0,1
33.0,33682.0,17210.224275149187,498,14675,24,3,1,contract,phd,16.0,2,1
28.0,112298.0,64061.05313883056,454,36661,36,0,0,salaried,bachelors,20.0,2,0
50.0,43383.0,34399.679458188686,377,69289,36,3,0,unemployed,phd,15.0,1,1
32.0,78160.0,58126.755239344704,471,22184,36,0,2,salaried,bachelors,25.0,4,0
54.0,113332.0,34227.50739252149,588,52963,12,0,5,salaried,bachelors,8.0,0,0
27.0,43666.0,20786.446511302172,844,30822,24,0,6,salaried,bachelors,1.0,1,0
36.0,78817.0,41928.739234673805,719,67303,60,0,8,salaried,bachelors,10.0,4,1
53.0,111198.0,47408.5952221544,306,10267,24,1,4,self_employed,masters,14.0,1,1
32.0,,24585.86332456598,459,57647,24,2,8,self_employed,bachelors,2.0,0,1
44.0,54642.0,17528.14155517062,539,67814,24,0,7,self_employed,masters,23.0,2,1
47.0,61830.0,40427.75255558481,722,41025,12,2,0,salaried,masters,15.0,2,0
55.0,123067.0,54688.594655390465,835,5981,12,0,2,salaried,high_school,20.0,2,0
55.0,30234.0,9940.665525980776,369,48436,12,2,7,self_employed,bachelors,18.0,3,1
50.0,77616.0,33145.0295912704,515,23472,24,3,8,salaried,high_school,21.0,1,1
25.0,29221.0,21654.30018870345,403,24336,12,3,3,self_employed,bachelors,5.0,0,1
38.0,31410.0,24132.90135753492,353,30587,36,2,5,self_employed,bachelors,13.0,1,1
56.0,100055.0,56599.75623954874,629,58013,12,0,3,salaried,phd,4.0,2,0
34.0,81413.0,43054.3588194903,502,14665,48,1,8,self_employed,high_school,4.0,1,1
62.0,,50269.1718855588,587,32097,12,2,1,self_employed,high_school,5.0,4,1
60.0,130529.0,53557.42744825415,344,57474,12,4,5,self_employed,high_school,17.0,1,1
36.0,95301.0,39878.47525842988,497,76973,12,1,2,salaried,bachelors,21.0,3,0
50.0,96918.0,44633.35068520759,515,30185,12,4,9,salaried,masters,17.0,3,1
50.0,98116.0,38757.44137225694,780,35484,48,2,3,salaried,masters,18.0,2,0
32.0,142226.0,72343.40836360375,608,50610,60,0,1,salaried,masters,1.0,0,0
53.0,,48057.52949066188,734,55807,12,4,7,salaried,masters,16.0,4,1
23.0,117859.0,75246.05463175372,631,55907,36,2,9,contract,bachelors,27.0,0,0
35.0,64757.0,34099.132456666404,326,62389,48,1,7,self_employed,high_school,0.0,0,0
41.0,146169.0,118970.74028742396,465,30835,60,0,0,self_employed,high_school,8.0,4,1
43.0,141008.0,46061.014471122915,617,58790,12,4,9,salaried,masters,12.0,3,0
32.0,97475.0,40515.668742541166,573,14643,60,2,5,contract,masters,3.0,2,0
48.0,71257.0,43555.03838355482,682,23951,36,0,0,salaried,bachelors,4.0,1,0
24.0,115500.0,73752.98038834671,664,20233,48,0,5,self_employed,bachelors,25.0,3,1
38.0,20307.0,6533.911857171842,402,18200,48,3,6,unemployed,bachelors,29.0,2,1
49.0,76889.0,40110.78588119681,802,57275,60,0,1,self_employed,phd,22.0,3,0
50.0,88895.0,58407.09793700224,672,26291,12,2,8,unemployed,high_school,17.0,4,1
42.0,115184.0,78778.80679931118,544,47448,24,1,7,self_employed,masters,27.0,0,1
37.0,55944.0,36418.254288503595,468,35580,48,3,8,salaried,bachelors,26.0,4,1
58.0,119555.0,56945.21495865868,717,26346,24,2,9,salaried,high_school,9.0,1,0
41.0,58134.0,20430.38437588248,655,15619,48,2,3,salaried,masters,24.0,4,0
27.0,47323.0,25313.63326604618,777,6766,12,2,3,salaried,bachelors,27.0,0,0
40.0,136205.0,50506.848977943795,424,8549,12,4,7,self_employed,masters,3.0,3,1
26.0,91762.0,75354.3131842454,836,23693,48,4,0,salaried,masters,25.0,2,0
24.0,107225.0,60190.10786010197,701,67019,60,1,7,contract,bachelors,25.0,1,1
22.0,116507.0,55281.703044737566,816,53328,12,2,6,salaried,masters,12.0,3,0
59.0,45954.0,33154.30550630887,830,30301,12,4,6,salaried,bachelors,12.0,2,1
36.0,75021.0,43052.43075026271,553,49763,36,4,8,unemployed,bachelors,16.0,0,1
55.0,109959.0,51737.76718551175,420,25765,12,4,9,salaried,masters,7.0,4,1
56.0,115927.0,86549.04145967615,331,49787,36,1,6,self_employed,bachelors,3.0,3,1
46.0,99866.0,77589.25919153292,336,12425,12,1,1,self_employed,high_school,22.0,2,1
45.0,90427.0,60600.06019914241,641,17857,12,2,0,salaried,phd,2.0,2,0
33.0,24992.0,8143.154164646831,312,57771,60,3,0,salaried,bachelors,10.0,4,1
39.0,,36688.655045495565,482,27444,60,2,6,salaried,masters,11.0,3,1
36.0,32497.0,23391.737115346612,564,46457,12,4,4,self_employed,masters,,3,1
37.0,137551.0,51592.16919830984,387,5704,48,4,3,self_employed,bachelors,14.0,0,0
48.0,52551.0,22374.58216080676,761,10452,48,0,4,salaried,bachelors,12.0,3,0
29.0,,47122.338467248504,345,43862,12,2,9,self_employed,bachelors,4.0,4,1
46.0,145374.0,45221.046355967825,691,66471,48,4,9,salaried,bachelors,4.0,3,0
38.0,75755.0,54089.06437930375,418,74217,12,4,5,self_employed,masters,18.0,0,1
50.0,33255.0,18641.931963411924,830,23300,60,3,9,contract,masters,10.0,2,0
29.0,24567.0,13406.818394416943,746,14566,24,0,5,contract,high_school,8.0,3,1
36.0,68847.0,20922.81623497152,345,12501,36,2,0,self_employed,bachelors,2.0,4,0
48.0,124817.0,93696.2559469996,807,6845,48,1,1,salaried,phd,17.0,3,0
28.0,68003.0,33858.94499489364,825,44181,48,2,2,unemployed,bachelors,26.0,1,1
,40389.0,24129.2406954287,302,62263,60,2,3,salaried,masters,12.0,0,1
50.0,64523.0,43392.709701439664,327,68038,48,3,5,self_employed,masters,24.0,2,1
45.0,143802.0,98712.34609300885,680,39404,12,2,8,salaried,bachelors,27.0,1,0
24.0,81576.0,67364.56610333762,456,27564,12,3,1,unemployed,bachelors,11.0,4,0
41.0,147342.0,87261.38026438365,810,62435,24,3,7,self_employed,masters,8.0,3,0
36.0,63919.0,33228.02068830394,632,23227,24,4,8,self_employed,bachelors,9.0,0,0
46.0,102103.0,84187.70075662558,413,52475,24,1,1,salaried,bachelors,27.0,3,1
51.0,142443.0,93038.15951425718,688,22215,12,3,8,self_employed,masters,12.0,3,0
35.0,23358.0,10837.707812049282,786,76074,24,0,6,self_employed,masters,19.0,3,1
28.0,108535.0,40109.68828118213,549,26699,24,0,8,self_employed,bachelors,19.0,3,0
38.0,127894.0,97634.91597571335,614,17454,12,1,5,salaried,high_school,12.0,0,0
41.0,141485.0,70629.2952392318,538,53217,60,3,1,salaried,bachelors,26.0,1,0
57.0,96524.0,64020.3486617392,533,26711,48,1,7,salaried,bachelors,25.0,4,1
30.0,143416.0,80162.2341798788,602,20059,36,4,9,salaried,bachelors,28.0,1,0
59.0,125982.0,51578.46433497618,633,53398,12,0,8,salaried,bachelors,28.0,0,1
43.0,117057.0,73854.49613990718,412,6286,12,2,7,salaried,high_school,21.0,4,1
23.0,25698.0,8567.088428242048,661,39297,36,0,1,salaried,bachelors,8.0,2,1
45.0,,31640.301175749344,396,31485,36,3,7,salaried,bachelors,23.0,1,1
29.0,113079.0,67919.56891922554,315,64967,24,1,2,salaried,bachelors,9.0,0,0
32.0,75805.0,40921.497480182385,675,59583,36,0,2,contract,bachelors,18.0,0,0
34.0,,42706.1817832827,689,56630,48,2,8,salaried,bachelors,5.0,0,1
38.0,96777.0,73101.35132931743,516,32086,48,2,8,salaried,phd,28.0,4,0
29.0,,43451.021443094876,698,21484,48,1,8,salaried,high_school,6.0,3,0
42.0,95033.0,30538.58097816944,559,73623,48,1,3,self_employed,bachelors,14.0,2,1
39.0,127411.0,51827.077424210474,619,64263,48,0,6,contract,phd,21.0,4,0
51.0,118239.0,70368.06440831168,495,23675,24,3,7,salaried,bachelors,18.0,4,1
39.0,64041.0,52139.11606063381,777,65664,12,4,4,salaried,masters,13.0,1,0
52.0,51954.0,39444.83936008173,717,29680,36,2,0,unemployed,high_school,29.0,2,1
59.0,28002.0,21376.558216576934,774,22077,12,1,8,salaried,bachelors,15.0,0,1
53.0,89783.0,41907.51769317869,843,43174,36,4,5,salaried,bachelors,13.0,4,1
32.0,127524.0,68377.90249488545,530,8491,24,4,2,salaried,high_school,28.0,2,1
46.0,107234.0,59931.82485496248,820,51126,24,4,2,salaried,bachelors,28.0,1,0
54.0,144857.0,55995.10649712488,499,8392,60,3,9,unemployed,bachelors,24.0,3,1
59.0,39738.0,12600.421947809811,320,67257,60,1,0,salaried,bachelors,19.0,2,1
62.0,30703.0,25200.917847174936,610,72804,24,2,7,contract,phd,1.0,0,0
29.0,133776.0,57843.6617728467,733,43400,24,1,1,unemployed,high_school,8.0,4,0
32.0,69422.0,29988.35303686606,670,41551,36,0,0,self_employed,bachelors,2.0,3,0
43.0,103106.0,35660.08439483494,377,33088,24,2,6,salaried,bachelors,5.0,1,1
45.0,81899.0,66393.82100704394,841,30465,12,1,8,salaried,bachelors,4.0,0,0
62.0,32392.0,20045.964544921004,584,53155,36,2,5,salaried,masters,13.0,3,1
,64724.0,43162.511447319775,439,10969,24,0,7,salaried,bachelors,28.0,1,1
,52299.0,41910.70779483371,581,13981,36,2,7,self_employed,high_school,14.0,0,1
53.0,35641.0,17467.33664188617,557,26032,36,4,8,salaried,masters,17.0,4,1
36.0,99534.0,63883.80978874994,659,59091,48,3,6,contract,masters,16.0,1,1
37.0,26305.0,8452.840811153861,739,29408,60,0,8,salaried,bachelors,8.0,3,1
43.0,118262.0,47627.0510035184,569,29241,36,2,8,self_employed,bachelors,18.0,0,1
49.0,38782.0,29365.156147148984,433,52940,36,0,0,contract,high_school,22.0,2,1
41.0,98257.0,70914.29711380473,403,56105,48,4,5,salaried,bachelors,24.0,0,1
54.0,125299.0,61754.04822828898,394,66050,24,3,7,salaried,bachelors,8.0,3,1
31.0,97963.0,49691.32474075485,779,8657,36,0,9,salaried,bachelors,27.0,3,0
61.0,132086.0,78387.08900069696,540,26230,48,4,8,salaried,phd,15.0,2,0
53.0,141987.0,42614.9207427255,312,23680,12,4,3,salaried,bachelors,25.0,3,1
54.0,40566.0,17552.274754645252,446,47340,48,4,1,salaried,high_school,5.0,0,1
23.0,144591.0,59936.944991158685,394,40950,60,2,8,salaried,bachelors,7.0,1,1
54.0,87766.0,38420.93746744186,592,12867,60,1,8,unemployed,bachelors,24.0,0,1
54.0,26511.0,19704.253385272234,324,9329,24,0,7,salaried,bachelors,2.0,3,1
62.0,134816.0,61182.28085429091,571,40865,24,1,2,salaried,bachelors,21.0,2,0
34.0,127765.0,51787.84694145545,804,71940,60,4,4,salaried,bachelors,4.0,2,1
51.0,138360.0,79881.4408394281,465,42869,60,1,1,salaried,bachelors,6.0,4,1
54.0,46177.0,35838.189964521,386,71905,36,4,2,salaried,bachelors,22.0,2,1
34.0,24765.0,10716.863978544627,790,71252,60,4,0,contract,high_school,24.0,2,1
47.0,40354.0,13849.288347913327,440,6711,24,3,3,salaried,high_school,0.0,3,0
43.0,43929.0,21789.777002626957,402,30801,60,3,4,salaried,bachelors,21.0,1,1
60.0,48820.0,34721.19914139422,525,58270,24,1,1,salaried,high_school,20.0,1,1
23.0,131576.0,79324.51250981927,593,76622,12,0,2,salaried,bachelors,3.0,3,1
59.0,49523.0,37104.43192278672,605,60535,60,1,5,salaried,masters,25.0,2,1
60.0,91088.0,75400.43124778644,553,21220,24,0,5,self_employed,masters,27.0,0,1
47.0,86163.0,63412.897341392265,479,18392,48,1,6,salaried,bachelors,15.0,1,1
36.0,97525.0,61644.74239533037,339,7246,36,2,8,salaried,masters,26.0,3,1
55.0,33780.0,19299.793364425175,819,25010,24,2,3,self_employed,bachelors,13.0,0,1
63.0,26589.0,8562.668315302733,845,73358,60,0,4,salaried,masters,0.0,2,1
61.0,54812.0,46117.560966515375,535,22234,60,3,1,salaried,bachelors,3.0,3,0
32.0,113664.0,58072.5990740033,762,54451,12,0,5,unemployed,bachelors,9.0,1,1
24.0,65939.0,25302.476908605357,527,26784,48,1,3,salaried,bachelors,10.0,0,1
27.0,71493.0,47663.65890937239,782,34672,24,4,4,self_employed,high_school,6.0,0,0
30.0,124188.0,56674.2567254028,729,6082,48,2,6,salaried,phd,3.0,1,0
27.0,113326.0,70508.94958234254,321,16148,12,4,5,salaried,high_school,0.0,0,1
30.0,60953.0,37956.79535776826,642,32494,36,2,7,salaried,bachelors,25.0,1,1
60.0,85785.0,46765.81297738395,339,56952,48,1,5,salaried,bachelors,0.0,3,1
52.0,39309.0,29869.542662153046,472,41719,12,2,9,salaried,high_school,16.0,4,1
53.0,74195.0,33071.07712265835,738,53737,24,0,7,salaried,high_school,,2,1
62.0,135662.0,74172.91705422477,478,64453,36,4,3,contract,high_school,9.0,3,0
33.0,45901.0,27344.633516949798,432,44536,60,4,6,self_employed,bachelors,4.0,2,1
29.0,43576.0,28977.760957685718,650,55604,12,1,2,salaried,masters,6.0,2,0
29.0,51508.0,37661.85214171305,824,55833,60,4,0,self_employed,bachelors,24.0,1,1
,94711.0,48979.225912775386,839,19039,36,1,8,contract,high_school,7.0,4,0
41.0,45464.0,29793.733046524205,805,72839,12,3,8,self_employed,bachelors,1.0,2,0
28.0,80281.0,30734.458857811584,383,52931,12,0,5,salaried,phd,8.0,2,1
32.0,36260.0,29477.80106911865,763,44925,36,2,1,contract,bachelors,3.0,3,1
41.0,144997.0,74047.40776504444,642,56003,24,2,7,salaried,bachelors,11.0,4,0
37.0,55440.0,38876.567198905555,579,53897,12,2,9,salaried,phd,25.0,4,1
25.0,115082.0,35812.09081184062,562,47287,36,3,5,salaried,high_school,10.0,2,1
27.0,125583.0,51847.30933207791,465,38012,48,0,6,contract,bachelors,4.0,4,1
43.0,76683.0,43547.92291050071,592,46783,60,4,0,contract,bachelors,11.0,3,1
47.0,144206.0,112918.90144899592,808,73315,12,4,2,contract,phd,26.0,1,0
24.0,61430.0,36243.106123808546,525,51491,48,0,0,salaried,phd,20.0,2,1
62.0,21987.0,17840.884261807536,469,63584,12,0,9,contract,masters,3.0,0,1
63.0,134778.0,76296.24797019987,747,17803,24,2,0,salaried,bachelors,12.0,2,0
35.0,45105.0,25698.43857955126,801,54625,36,4,0,salaried,bachelors,21.0,2,1
,98484.0,36031.42849527751,826,18698,12,0,3,salaried,bachelors,0.0,1,0
39.0,138747.0,102875.48024906342,678,39560,36,4,6,salaried,masters,17.0,0,0
33.0,33026.0,14393.753841675463,500,20376,12,0,6,self_employed,phd,3.0,0,1
44.0,88309.0,70186.83362818888,549,18117,24,1,4,salaried,bachelors,3.0,0,0
33.0,65927.0,52804.44960554712,708,61381,24,2,5,contract,bachelors,7.0,1,1
34.0,95414.0,78126.94505789808,424,42956,48,0,1,salaried,high_school,24.0,4,0
46.0,77535.0,45445.33903493445,412,53786,24,3,4,salaried,bachelors,27.0,0,1
40.0,62946.0,42324.9899573452,436,71480,36,0,6,contract,bachelors,19.0,4,1
57.0,146503.0,106681.10158717065,795,36695,24,1,8,salaried,bachelors,5.0,3,0
29.0,76561.0,28485.135620174064,449,6511,12,3,5,self_employed,bachelors,3.0,1,1
50.0,,37831.58743491741,642,58233,24,3,9,self_employed,high_school,3.0,4,1
,73592.0,23465.828133992323,620,27502,36,0,3,salaried,masters,27.0,0,0
39.0,27347.0,15687.916825337317,831,55010,12,1,2,self_employed,masters,10.0,0,1
27.0,53776.0,20712.551025745142,588,78905,48,3,8,salaried,phd,27.0,4,1
39.0,23783.0,9527.650771485944,788,51489,48,2,6,contract,masters,8.0,4,1
40.0,75798.0,37957.8315030912,791,36949,48,2,5,salaried,bachelors,13.0,3,0
43.0,24298.0,13068.447052282674,551,73376,12,4,6,salaried,bachelors,3.0,1,1
58.0,90204.0,57978.15496037579,376,72310,48,4,7,salaried,phd,12.0,2,1
53.0,106207.0,36209.75047040469,691,74407,24,1,4,salaried,bachelors,5.0,3,1
62.0,120356.0,69449.07908852163,711,78809,12,3,2,self_employed,bachelors,29.0,3,1
24.0,75161.0,30097.75807822433,472,22229,12,2,2,contract,bachelors,12.0,3,0
49.0,80652.0,49656.33519916302,500,32385,12,2,1,self_employed,masters,24.0,0,0
31.0,54484.0,35445.79409194108,516,47176,60,1,7,salaried,high_school,2.0,4,1
56.0,118614.0,71902.63146621811,675,8260,36,3,0,contract,bachelors,22.0,1,0
50.0,149572.0,105607.18485129379,310,8145,60,1,7,salaried,bachelors,6.0,0,0
36.0,132695.0,64302.01776550052,311,12802,60,0,2,self_employed,masters,0.0,3,0
54.0,40922.0,29496.93056854604,734,7263,60,2,8,self_employed,bachelors,10.0,1,0
28.0,54028.0,29068.24693979166,672,31913,36,1,1,salaried,bachelors,1.0,0,0
33.0,131461.0,74446.5580836928,572,62788,60,1,9,contract,bachelors,4.0,2,1
51.0,40316.0,26465.68694946155,808,13155,48,0,8,salaried,masters,23.0,3,0
42.0,96996.0,30078.1793979138,431,5922,12,4,5,self_employed,masters,21.0,0,1
52.0,36968.0,24387.672107605056,618,77231,12,2,0,self_employed,bachelors,29.0,0,0
45.0,50266.0,32181.39060679243,467,25672,24,1,4,contract,bachelors,13.0,3,1
41.0,145679.0,68529.71996682559,696,43526,48,2,9,contract,phd,28.0,2,0
58.0,115745.0,40185.142728130275,479,50344,36,4,8,salaried,bachelors,12.0,4,1
25.0,44000.0,15400.637887895595,357,24014,12,1,5,self_employed,masters,15.0,2,1
49.0,143239.0,115704.60546192946,779,78352,60,0,6,salaried,bachelors,22.0,3,0
41.0,34011.0,23096.99344681657,759,45324,24,2,3,salaried,bachelors,14.0,4,0
45.0,22866.0,8458.280601564962,360,43698,24,0,0,contract,masters,2.0,0,0
53.0,132669.0,65830.05838197381,668,28384,12,4,4,contract,high_school,5.0,2,1
62.0,25898.0,16208.66851683495,420,8512,48,4,1,contract,bachelors,8.0,2,1
57.0,38395.0,29163.476589325503,845,11066,24,2,7,salaried,bachelors,2.0,4,0
55.0,59019.0,19122.953393442178,316,36500,12,4,3,contract,masters,29.0,0,1
57.0,123243.0,53012.75736196707,795,59800,48,3,0,contract,bachelors,12.0,2,0
23.0,,47361.716679747544,796,68140,12,2,9,salaried,bachelors,28.0,4,0
36.0,54393.0,16592.09797413158,804,7387,12,3,6,salaried,phd,12.0,2,0
55.0,30956.0,12715.780844348168,831,61160,48,4,1,self_employed,bachelors,21.0,0,1
57.0,70042.0,57957.184233424174,614,64241,48,2,2,self_employed,high_school,6.0,0,0
27.0,116199.0,74061.87464021637,368,78567,48,3,8,unemployed,high_school,4.0,1,1
60.0,26078.0,11576.52624454509,460,6799,12,4,8,salaried,phd,25.0,4,1
63.0,49631.0,16717.95925327817,444,40548,24,1,1,self_employed,high_school,28.0,3,1
33.0,115676.0,36496.38382366508,684,38895,36,1,2,self_employed,bachelors,,2,0
24.0,141724.0,61594.638416555135,568,45379,36,0,8,salaried,bachelors,7.0,0,0
39.0,82901.0,65062.13076135714,753,50414,12,1,0,contract,masters,21.0,2,0
61.0,127227.0,67271.59557242008,817,78071,12,3,1,salaried,masters,6.0,2,0
42.0,89497.0,62306.32154713688,649,73344,24,1,1,salaried,bachelors,18.0,3,0
36.0,114813.0,92430.9828718935,409,9297,48,2,9,salaried,high_school,28.0,0,0
54.0,137192.0,71946.53785451749,782,10008,12,2,2,salaried,masters,6.0,1,0
56.0,61574.0,24949.942064341176,706,21820,60,2,9,self_employed,bachelors,22.0,4,0
47.0,138494.0,80937.951893854,350,76548,48,1,2,contract,phd,3.0,2,1
29.0,51417.0,41105.1164156561,702,27253,12,1,9,salaried,bachelors,9.0,3,1
57.0,108020.0,80194.68831833493,775,34202,60,0,1,salaried,bachelors,29.0,3,1
51.0,103639.0,34844.09652497264,386,34236,24,4,7,salaried,high_school,12.0,4,1
44.0,85006.0,57881.86389386721,367,72156,60,0,7,self_employed,masters,3.0,4,1
63.0,114881.0,70599.38760268388,341,65263,12,3,7,unemployed,bachelors,29.0,0,1
35.0,131862.0,105371.5501476658,356,79855,36,2,1,self_employed,bachelors,18.0,2,1
35.0,59454.0,21841.305586579663,495,21575,12,1,8,self_employed,high_school,9.0,2,1
23.0,21587.0,12816.630666661908,361,17204,36,4,6,self_employed,high_school,6.0,4,1
58.0,141688.0,111041.52056507215,562,16952,24,4,4,salaried,high_school,4.0,1,1
26.0,128107.0,67321.90448646845,411,56142,24,1,6,self_employed,bachelors,2.0,2,1
59.0,135584.0,76618.13940924118,477,38872,48,0,7,self_employed,masters,21.0,3,1
62.0,74710.0,25308.264475674147,325,34376,48,4,8,self_employed,bachelors,27.0,4,1
35.0,143157.0,64847.1150246596,709,71084,36,0,1,contract,masters,,2,0
60.0,106567.0,50990.03504509296,830,16640,36,1,5,self_employed,high_school,21.0,0,0
46.0,111748.0,91612.948871289,616,31437,24,0,8,self_employed,bachelors,1.0,4,1
41.0,95886.0,43672.91339306727,831,12903,60,2,5,contract,bachelors,28.0,3,1
23.0,38816.0,21483.79445552475,405,31863,36,1,1,unemployed,phd,10.0,0,1
60.0,105824.0,70819.2656255965,763,48381,36,1,0,self_employed,masters,9.0,4,0
27.0,49432.0,19238.976655676404,545,33548,60,4,2,salaried,bachelors,27.0,4,0
38.0,129758.0,73643.28519891544,380,54956,48,4,4,salaried,masters,22.0,2,1
46.0,68617.0,48457.0832994451,695,79526,48,4,6,self_employed,high_school,12.0,0,1
49.0,92373.0,71752.60912612204,821,16467,36,2,9,salaried,bachelors,6.0,4,0
23.0,54217.0,34939.744501905036,563,62954,48,2,9,salaried,high_school,9.0,3,1
56.0,40884.0,27309.671156119955,573,28901,48,3,2,salaried,bachelors,27.0,0,1
58.0,25454.0,9404.13073114219,471,60983,48,1,8,self_employed,bachelors,3.0,2,1
26.0,94960.0,77884.01489818223,564,28301,24,4,9,salaried,masters,26.0,1,0
22.0,122421.0,45652.7181268503,325,74903,12,1,3,salaried,bachelors,21.0,4,0
61.0,127173.0,92336.51479212147,768,21204,36,0,9,salaried,masters,19.0,1,0
33.0,63618.0,28351.2966173912,775,24755,36,2,1,self_employed,bachelors,15.0,4,0
57.0,103948.0,84559.22705580175,655,64817,24,3,2,salaried,high_school,19.0,2,0
44.0,82671.0,57537.176293567834,325,7093,12,0,4,salaried,masters,5.0,2,1
52.0,67111.0,47957.35565043023,333,74537,12,1,2,self_employed,masters,8.0,2,1
32.0,59613.0,25066.225965990354,563,27940,24,2,4,self_employed,phd,27.0,2,1
31.0,105678.0,57454.168257967794,437,78346,60,4,3,salaried,bachelors,12.0,0,1
24.0,140592.0,89950.37595953332,761,49040,60,0,9,self_employed,masters,6.0,0,0
35.0,122928.0,88936.62431639557,467,42322,12,2,2,salaried,masters,17.0,4,0
37.0,144917.0,51761.114483502664,380,14236,60,1,5,self_employed,high_school,13.0,0,1
31.0,79993.0,66338.2688175309,706,77597,60,1,7,salaried,high_school,,4,1
50.0,148652.0,117378.79571560172,345,8902,60,0,3,salaried,high_school,29.0,0,0
31.0,28848.0,12943.85887623914,352,39364,12,0,8,self_employed,bachelors,4.0,0,1
33.0,134853.0,101479.32787950149,775,25096,60,0,5,self_employed,bachelors,21.0,0,0
51.0,98672.0,57730.831973802,315,17020,36,3,4,salaried,phd,12.0,3,1
62.0,139279.0,77159.66972001203,659,63473,12,4,2,salaried,bachelors,23.0,2,0
22.0,86125.0,40731.85054965401,786,49153,24,2,4,contract,masters,7.0,3,0
26.0,106444.0,65945.54112947728,801,46277,60,1,4,self_employed,bachelors,14.0,0,0
41.0,137509.0,96454.17747746721,440,43502,48,1,3,salaried,bachelors,18.0,0,0
29.0,81602.0,42923.72080092404,746,20675,12,4,5,self_employed,high_school,8.0,3,1
64.0,92045.0,59467.564341246536,589,29365,24,0,2,salaried,bachelors,5.0,4,0
33.0,125997.0,86260.33156974263,508,57148,36,0,9,salaried,masters,22.0,2,1
22.0,62222.0,43002.68193407881,774,73078,24,1,0,salaried,phd,24.0,4,0
,69223.0,22745.38706601408,712,75902,60,4,6,salaried,bachelors,13.0,2,1
49.0,130012.0,100481.24244199981,726,31465,48,1,6,salaried,masters,28.0,1,0
64.0,131246.0,72452.95300230941,670,37286,60,0,3,salaried,bachelors,22.0,2,0
58.0,85333.0,37915.91332466069,589,59795,24,2,8,salaried,bachelors,9.0,4,1
58.0,72732.0,31490.808886906714,731,45178,12,0,1,salaried,bachelors,8.0,2,0
33.0,142650.0,80691.07975845425,567,54986,48,2,0,salaried,high_school,16.0,1,0
58.0,69420.0,54686.11500846433,450,48201,48,3,2,salaried,high_school,12.0,1,0
49.0,95504.0,48524.739092560725,554,48315,24,4,6,self_employed,high_school,16.0,0,1
36.0,22462.0,16000.786848338574,652,60178,60,3,8,salaried,bachelors,18.0,1,1
27.0,29460.0,10406.753898185903,676,15745,24,0,1,self_employed,masters,12.0,3,1
41.0,119319.0,67037.1353041794,657,77354,48,4,5,salaried,high_school,8.0,4,1
,145602.0,123095.9169774047,669,10028,24,0,2,salaried,bachelors,0.0,3,0
23.0,29275.0,21187.51167221012,526,53566,48,4,4,self_employed,bachelors,0.0,3,1
30.0,114213.0,47488.69963764725,602,48722,60,4,8,unemployed,masters,4.0,4,1
58.0,33269.0,19156.051013650685,688,79974,12,0,2,salaried,masters,7.0,3,1
41.0,149593.0,64099.64609766401,676,44879,12,0,0,salaried,masters,17.0,3,0
47.0,142672.0,74939.6821379182,417,29767,24,4,4,self_employed,bachelors,3.0,3,1
50.0,85942.0,62655.689642306694,304,73099,48,4,0,contract,bachelors,21.0,1,0
22.0,92920.0,67290.21541023138,743,53657,12,0,7,unemployed,masters,0.0,4,1
56.0,140737.0,59877.28958666639,651,13498,48,0,6,salaried,high_school,14.0,4,0
27.0,42553.0,34349.75287159407,832,78667,60,1,1,salaried,bachelors,19.0,4,0
58.0,44366.0,27769.233998099367,423,30107,24,1,8,self_employed,high_school,3.0,3,1
26.0,64036.0,32591.65754282396,576,33793,48,1,4,self_employed,bachelors,24.0,1,1
54.0,37369.0,21526.95689500999,693,7696,24,3,6,self_employed,bachelors,8.0,4,1
35.0,31795.0,20119.532276679187,659,58839,48,4,3,contract,bachelors,21.0,2,1
33.0,90021.0,54727.348062009194,768,28397,48,2,0,self_employed,bachelors,,4,0
63.0,127205.0,72191.73389995875,356,12704,60,3,7,salaried,high_school,27.0,0,1
41.0,88154.0,50927.71552643334,550,21442,24,4,0,salaried,phd,25.0,2,0
45.0,50143.0,19908.102333522023,449,68788,36,2,2,self_employed,bachelors,19.0,4,1
64.0,49425.0,36920.628087392324,751,14765,48,1,5,salaried,bachelors,9.0,3,0
55.0,108209.0,64705.538353273536,461,15002,48,2,7,salaried,bachelors,23.0,4,0
46.0,95139.0,35400.643829498054,419,16390,12,0,7,salaried,high_school,14.0,1,1
50.0,125232.0,90340.66237997795,650,49436,24,0,1,salaried,high_school,2.0,1,0
60.0,25368.0,20620.23136391215,398,11641,36,4,8,salaried,bachelors,1.0,4,1
,24621.0,20214.303741362284,466,38709,60,3,3,contract,bachelors,21.0,3,1
64.0,78829.0,39647.81435553219,813,44309,36,1,3,salaried,bachelors,4.0,3,0
44.0,149036.0,55819.0910224003,700,20624,60,4,1,salaried,masters,23.0,3,0
59.0,80294.0,46981.608791481434,664,14966,36,1,0,salaried,bachelors,0.0,4,0
41.0,34719.0,12566.023908576577,625,39189,36,0,9,salaried,bachelors,10.0,4,1
44.0,49227.0,40055.66925811634,546,76301,24,3,6,unemployed,bachelors,11.0,0,1
37.0,129430.0,51897.3911427171,733,22223,12,3,9,contract,phd,25.0,1,0
63.0,27566.0,12102.059032477586,392,9959,36,0,2,salaried,high_school,2.0,2,1
,32306.0,16917.039800650222,567,32257,48,2,3,self_employed,masters,22.0,2,1
42.0,73822.0,37703.88206888448,620,55802,48,3,8,salaried,bachelors,28.0,1,0
22.0,44042.0,32461.798708843304,361,32215,48,2,5,unemployed,high_school,15.0,0,1
29.0,35086.0,19331.482581218086,599,60046,12,1,0,salaried,bachelors,25.0,1,0
50.0,37387.0,14727.582115209616,702,39094,36,3,8,salaried,bachelors,13.0,0,1
53.0,47042.0,21026.148346900743,602,43669,60,0,8,self_employed,bachelors,11.0,0,1
59.0,109424.0,63467.27268341769,552,41126,60,2,4,contract,bachelors,19.0,3,0
26.0,71618.0,27293.59506202371,777,21772,24,1,7,salaried,bachelors,25.0,1,1
43.0,112050.0,71309.81015087473,668,53586,12,1,6,self_employed,bachelors,15.0,2,0
55.0,38323.0,23421.52371592776,459,56943,36,3,7,salaried,bachelors,20.0,4,1
22.0,38019.0,26350.44705159538,465,73868,48,3,8,contract,masters,,4,1
47.0,95426.0,77842.57034495535,504,54855,12,4,1,salaried,masters,16.0,1,1
64.0,60863.0,48796.302143764806,566,27218,12,4,9,contract,bachelors,16.0,4,1
31.0,,49220.495396271435,437,62205,36,3,4,salaried,phd,27.0,0,1
51.0,131023.0,56941.75441786001,667,9959,24,4,7,salaried,high_school,6.0,4,1
39.0,30283.0,11276.205699527765,742,50134,24,0,2,unemployed,high_school,14.0,0,1
38.0,38279.0,17847.667400066955,316,30874,24,0,5,unemployed,bachelors,28.0,0,1
47.0,66999.0,53083.09631959368,367,6301,48,4,5,self_employed,bachelors,27.0,2,1
29.0,82780.0,69090.6226461328,432,63017,48,3,6,salaried,bachelors,8.0,4,1
61.0,42908.0,33151.953250292594,729,48319,36,0,2,salaried,bachelors,3.0,2,0
33.0,81584.0,29411.82716825823,607,27455,24,1,7,salaried,high_school,7.0,4,0
48.0,146278.0,120106.72998510474,473,9112,36,3,7,salaried,high_school,9.0,0,1
29.0,133002.0,70869.70539454007,711,62033,24,2,8,self_employed,masters,14.0,4,0
46.0,70225.0,21427.098342832454,396,63360,12,2,7,salaried,masters,22.0,2,1
25.0,57952.0,31486.281135111625,453,37145,60,3,2,self_employed,bachelors,29.0,3,1
54.0,120706.0,39270.253857165844,541,37735,60,4,5,self_employed,bachelors,17.0,2,1
22.0,57663.0,34547.79791235244,603,77781,24,0,8,salaried,bachelors,13.0,3,0
40.0,142019.0,69050.30743242042,584,72641,36,0,0,self_employed,bachelors,4.0,1,1
52.0,129708.0,72686.96410163927,326,26711,48,3,2,self_employed,bachelors,8.0,2,1
37.0,81381.0,51859.529420199586,701,10630,24,1,1,self_employed,bachelors,12.0,4,0
35.0,67929.0,52837.93430079479,659,70488,24,4,7,salaried,bachelors,28.0,3,0
26.0,29343.0,19485.097877128694,359,8206,48,1,5,self_employed,high_school,24.0,4,1
62.0,96173.0,51810.980005483645,501,61289,24,3,9,salaried,phd,18.0,3,0
47.0,120260.0,90277.41652531897,669,23953,12,3,7,salaried,masters,,2,0
49.0,59791.0,47717.41387319934,832,15068,48,1,1,self_employed,bachelors,11.0,2,0
23.0,49134.0,17976.55740487377,451,60916,12,2,5,self_employed,bachelors,2.0,4,1
27.0,132366.0,78435.21227871403,401,6067,60,3,6,salaried,phd,1.0,2,1
30.0,67101.0,30630.37035587276,745,55658,48,4,7,self_employed,high_school,22.0,4,1
54.0,89443.0,29148.012096939292,528,57165,48,1,8,unemployed,bachelors,21.0,0,1
62.0,119111.0,79530.49597094706,424,14859,36,2,4,salaried,bachelors,14.0,3,0
46.0,77530.0,60048.84010702757,535,34164,36,1,2,contract,bachelors,4.0,4,0
34.0,66799.0,26024.653929039498,461,25773,48,2,1,self_employed,masters,6.0,3,0
30.0,24827.0,18541.486632805718,652,62295,60,2,7,self_employed,bachelors,3.0,0,1
34.0,116143.0,89356.66737409956,367,38939,24,4,0,salaried,high_school,4.0,3,1
52.0,82653.0,66361.03933424207,472,53599,36,3,9,salaried,high_school,24.0,4,1
62.0,33699.0,15026.613219410983,560,11114,60,2,5,contract,high_school,15.0,2,1
32.0,122828.0,97915.31090012904,516,17818,60,3,1,salaried,bachelors,14.0,3,1
25.0,133497.0,63593.23367297722,423,14335,36,4,2,salaried,masters,26.0,3,1
55.0,111419.0,67273.22201665926,461,60008,24,3,7,self_employed,bachelors,15.0,0,1
59.0,134527.0,44095.14019075993,500,76745,36,0,0,salaried,bachelors,24.0,1,1
25.0,136972.0,44397.364239823946,753,48148,60,2,5,self_employed,bachelors,3.0,2,1
59.0,25313.0,17623.04392363964,701,8577,12,4,2,self_employed,bachelors,5.0,4,1
40.0,33598.0,18292.901065053804,761,78916,36,1,5,contract,bachelors,17.0,0,1
,131362.0,57925.49345728814,574,9076,60,4,2,self_employed,bachelors,2.0,4,0
55.0,,24283.645368822035,505,37925,36,2,7,salaried,bachelors,,4,1
39.0,48807.0,32626.23101560122,339,56869,60,4,4,salaried,bachelors,21.0,3,1
34.0,90423.0,27146.86984847182,572,64314,24,1,3,self_employed,bachelors,23.0,0,0
62.0,89390.0,66438.23638797874,392,46205,60,0,8,salaried,phd,26.0,0,1
44.0,65226.0,22410.824145186903,341,16095,48,2,4,unemployed,bachelors,4.0,2,1
,79550.0,32243.149376267498,764,61680,12,2,3,self_employed,bachelors,1.0,1,0
,100072.0,51279.89670270378,678,33400,60,4,7,salaried,bachelors,22.0,4,1
22.0,23558.0,13349.666204627585,406,72346,36,3,7,contract,high_school,15.0,2,1
45.0,95308.0,47201.030973897345,627,33562,36,3,7,salaried,bachelors,5.0,2,0
28.0,70113.0,33401.250612949094,364,45663,60,1,3,salaried,bachelors,26.0,4,0
46.0,72999.0,60600.39773093187,664,23510,48,0,0,self_employed,high_school,14.0,3,0
42.0,75878.0,49538.38067936245,783,66608,60,0,1,contract,bachelors,17.0,3,1
36.0,56343.0,17629.055652345614,323,77489,24,4,3,salaried,high_school,5.0,4,1
22.0,78219.0,41972.06116043315,839,57182,48,4,9,salaried,bachelors,12.0,0,1
33.0,55186.0,43114.32655723891,361,31883,60,3,1,salaried,high_school,23.0,1,1
28.0,56966.0,26534.81421328856,790,76427,12,0,9,salaried,high_school,12.0,3,1
36.0,53769.0,18927.010056195744,572,40844,48,0,2,salaried,masters,0.0,1,0
42.0,139932.0,100346.86382196622,528,23728,60,0,8,salaried,phd,15.0,2,1
40.0,146264.0,92630.10391286445,319,16094,12,1,8,self_employed,bachelors,3.0,2,1
50.0,125423.0,76968.568118018,302,7407,60,1,8,contract,bachelors,16.0,4,1
46.0,73218.0,24122.922697734357,720,60412,24,4,6,salaried,bachelors,17.0,4,1
54.0,39229.0,14800.099610397592,606,17644,36,3,3,salaried,bachelors,15.0,4,1
53.0,95209.0,61162.46800522989,731,65746,60,2,0,contract,bachelors,0.0,3,0
56.0,47877.0,19835.590131638575,435,57748,48,3,2,self_employed,bachelors,5.0,1,1
,78001.0,45025.18365975127,814,64021,60,1,7,contract,masters,10.0,2,0
47.0,117137.0,70245.29333103378,492,67651,60,1,3,salaried,high_school,5.0,1,1
32.0,58084.0,26482.177401833484,714,41807,60,4,9,salaried,high_school,16.0,3,1
56.0,101780.0,83625.89178205724,417,39072,60,2,9,salaried,masters,3.0,1,0
29.0,112892.0,86176.70187188496,508,43398,48,0,1,self_employed,bachelors,13.0,1,0
35.0,36806.0,25665.02362706303,333,33669,48,2,7,salaried,bachelors,29.0,4,1
31.0,108635.0,37250.575022562385,617,35161,60,2,6,self_employed,bachelors,13.0,1,0
23.0,130177.0,46651.72813797463,419,12282,36,2,9,salaried,bachelors,19.0,1,1
,57034.0,32568.110204034034,824,31539,60,4,8,salaried,bachelors,7.0,1,0
24.0,60317.0,23426.660895733978,388,8307,48,1,1,self_employed,bachelors,21.0,0,1
42.0,75468.0,63245.6559009033,811,22745,24,0,4,salaried,bachelors,1.0,2,0
47.0,39094.0,15136.65451598715,346,44433,60,2,5,self_employed,bachelors,4.0,2,1
29.0,77796.0,44196.47625026542,821,39555,60,0,1,salaried,bachelors,3.0,1,0
23.0,30589.0,15302.654454248644,583,6073,60,2,1,salaried,masters,9.0,4,1
27.0,77221.0,50322.032368108805,676,37683,60,1,9,salaried,bachelors,19.0,4,0
49.0,144855.0,53736.8629553227,433,30741,12,0,3,salaried,bachelors,27.0,4,1
50.0,21657.0,11622.749585162734,547,27286,60,3,7,salaried,bachelors,23.0,2,1
47.0,118300.0,53363.6829595968,617,8599,48,1,4,self_employed,bachelors,20.0,3,0
46.0,137229.0,108172.58968854409,735,32293,48,0,8,contract,bachelors,2.0,1,0
33.0,59531.0,19188.159415999795,475,20389,12,2,3,salaried,masters,15.0,2,0
26.0,72227.0,57965.7876402825,650,17318,60,2,2,salaried,bachelors,9.0,4,0
55.0,23164.0,17561.711923992938,442,53875,36,1,9,unemployed,masters,27.0,2,1
58.0,113078.0,52430.18581053199,697,8055,60,1,7,salaried,masters,,2,0
36.0,103973.0,76327.60448130844,668,11320,48,2,0,salaried,phd,3.0,2,0
57.0,61247.0,19425.555311537,800,9642,24,0,8,salaried,bachelors,0.0,4,0
36.0,124041.0,103174.33334816855,669,14321,24,3,3,self_employed,phd,21.0,3,0
64.0,39601.0,23349.827476824037,681,64618,36,4,8,salaried,high_school,26.0,0,1
44.0,113966.0,53199.848979115995,385,31044,60,1,7,self_employed,high_school,28.0,1,1
