age,annual_income,spending_score,num_purchases,account_balance,tenure_months,support_calls,region,noise_feature1,noise_feature2,true_segment
43.1,58680.0,22.2,14,22869.2,92,3,3,0.854,17.145,1
38.2,33986.0,81.0,21,2395.9,39,3,2,1.305,50.933,3
57.1,58037.0,32.7,5,6719.68,71,3,1,-0.246,76.555,2
58.9,70862.0,69.1,9,7420.53,80,2,3,-0.77,6.514,2
29.8,24923.0,64.5,6,503.72,13,4,3,-0.184,85.613,0
26.0,37289.0,76.5,4,578.17,29,2,0,1.358,35.179,0
23.5,28216.0,87.1,5,385.86,110,1,2,0.64,96.724,0
38.8,52405.0,71.8,22,3642.88,22,2,2,-0.336,82.269,3
52.2,62124.0,57.2,10,10464.36,48,2,3,-0.322,75.802,2
52.0,47123.0,47.3,7,7822.79,38,5,2,-0.076,15.813,2
20.9,30386.0,71.6,5,554.38,100,1,1,-2.297,50.139,0
31.5,31415.0,79.8,23,2828.05,66,1,2,-0.979,34.241,3
29.8,49924.0,71.2,16,4517.19,56,7,0,-0.612,79.632,3
29.5,20808.0,78.5,7,333.3,100,3,0,-1.221,33.1,0
22.5,21650.0,69.8,6,887.91,78,2,1,0.196,68.148,0
31.1,33981.0,70.1,4,887.45,28,2,2,-1.01,44.863,0
46.8,70452.0,46.9,7,16092.86,13,1,0,-0.917,76.741,1
56.9,70677.0,34.6,10,5804.85,114,1,2,-0.187,16.338,2
37.6,58861.0,31.4,12,18714.12,68,0,0,-0.427,30.625,1
47.9,49287.0,17.5,9,16327.93,80,1,2,0.605,13.955,1
53.1,56221.0,86.7,4,8531.02,2,3,2,-0.22,57.28,2
22.8,24156.0,67.4,7,469.29,44,1,1,-0.811,36.22,0
34.5,78067.0,27.1,14,14405.59,49,3,1,0.459,78.491,1
39.7,85287.0,14.1,7,16204.02,110,4,2,0.339,27.873,1
42.2,50804.0,38.0,8,20193.89,99,3,1,-1.429,60.487,1
24.9,51073.0,86.1,27,2909.64,20,3,3,-1.754,54.054,3
23.6,25098.0,83.7,2,358.56,18,2,1,0.222,71.384,0
50.4,38430.0,50.6,5,12761.59,8,3,2,-1.48,73.022,2
59.0,70525.0,79.7,8,11915.33,23,1,1,-0.061,91.211,2
26.0,32266.0,80.3,6,442.45,118,0,2,-1.334,59.033,0
55.5,43369.0,54.5,8,5913.45,109,1,3,-0.227,70.739,2
21.2,26660.0,64.1,7,860.92,47,1,0,0.338,96.444,0
26.4,36315.0,65.1,3,553.53,51,3,2,1.379,71.371,0
26.5,32985.0,75.5,20,2113.22,87,3,2,-0.833,98.788,3
33.8,53846.0,91.8,27,2147.2,25,2,3,-1.317,58.57,3
34.0,42751.0,80.4,28,2641.49,105,1,2,0.217,98.678,3
46.8,78330.0,16.8,11,14785.92,100,2,2,0.937,18.114,1
21.3,25083.0,83.1,6,534.78,3,5,2,-0.772,61.987,0
52.1,60465.0,43.3,9,7407.09,82,4,1,0.566,35.622,2
29.1,92063.0,47.3,8,11695.83,29,3,0,-1.618,60.279,1
18.0,22463.0,77.3,5,340.29,115,2,1,-0.2,5.393,0
40.8,88562.0,31.4,8,21161.52,118,0,3,0.744,31.659,1
19.0,25276.0,85.0,4,294.08,24,2,2,-0.247,1.984,0
20.7,44262.0,74.1,29,3877.0,93,3,2,-0.317,48.724,3
32.9,72457.0,41.0,16,12086.0,118,3,2,0.712,51.618,1
59.5,67054.0,58.4,13,10048.84,76,4,2,-1.477,49.522,2
41.2,75445.0,31.4,13,12729.96,105,1,3,0.45,91.194,1
55.8,61564.0,70.6,7,6158.52,33,1,1,0.581,42.9,2
58.4,69928.0,39.4,9,8696.22,13,1,1,1.133,21.068,2
25.3,29231.0,73.7,3,418.69,14,0,1,-1.966,84.383,0
34.0,47702.0,80.9,17,3450.95,34,2,1,-1.257,93.11,3
30.7,39824.0,84.0,25,1784.57,26,0,1,-0.718,20.88,3
31.2,48440.0,84.8,22,3244.52,55,1,3,0.377,23.313,3
28.5,48451.0,81.4,17,3520.86,54,0,1,-0.865,14.135,3
61.8,44607.0,41.9,6,9778.34,8,1,3,0.251,77.259,2
38.4,37791.0,80.0,23,3669.49,92,2,0,-0.218,89.269,3
19.8,29875.0,83.3,5,465.31,102,4,3,1.656,80.606,0
28.3,21597.0,79.2,5,455.02,7,2,3,0.871,39.723,0
28.2,23730.0,67.5,4,469.05,52,1,3,1.544,16.883,0
45.6,75200.0,16.4,13,18509.32,93,2,1,1.263,95.042,1
37.4,53074.0,17.0,4,6488.45,93,2,2,-0.31,29.665,1
37.4,60349.0,17.0,12,12527.63,94,3,3,0.694,91.587,1
37.4,38184.0,74.8,15,2236.4,62,0,2,-0.817,71.779,3
44.4,62489.0,44.9,12,19128.43,107,3,2,0.518,91.943,1
36.5,68414.0,21.5,11,14765.49,57,4,3,-1.147,67.629,1
56.5,58475.0,56.4,5,7517.28,106,2,1,1.727,17.482,2
27.2,19291.0,76.3,5,726.64,109,1,3,-0.43,45.774,0
31.9,54735.0,68.7,17,2643.91,32,1,1,0.966,14.55,3
26.6,32853.0,81.6,8,509.84,83,0,0,-0.139,22.062,0
40.0,40710.0,89.2,19,1873.5,54,3,2,1.149,34.912,3
36.1,60983.0,89.3,21,2812.17,114,1,3,-0.045,14.834,3
29.7,23489.0,70.1,7,519.86,70,1,2,0.356,30.549,0
24.1,26692.0,79.4,5,856.44,43,2,3,-0.263,9.535,0
32.9,46112.0,84.5,24,1964.89,106,3,0,0.544,4.817,3
58.1,64680.0,47.3,6,9360.08,108,1,2,-1.187,15.092,2
54.8,78388.0,64.5,10,10409.6,41,1,3,2.327,21.291,2
18.0,59517.0,74.1,15,2224.98,38,1,3,-0.07,27.652,3
24.8,23959.0,76.7,6,445.41,71,1,2,0.111,61.022,0
36.1,92000.0,16.7,11,16967.63,18,2,3,-0.834,20.947,1
23.7,33219.0,71.0,6,611.79,95,4,0,-0.117,88.083,0
33.4,54519.0,93.9,34,2369.15,69,5,0,0.859,7.796,3
54.6,57524.0,53.7,7,8221.35,60,1,2,0.288,77.829,2
40.5,98014.0,18.6,15,14315.45,70,2,0,0.988,79.628,1
24.3,29220.0,70.2,2,562.65,83,1,0,-0.655,36.506,0
43.4,63367.0,13.7,11,10885.2,42,2,1,-0.101,62.833,1
36.9,71756.0,16.5,11,5113.38,36,0,3,-1.11,59.438,1
55.8,49288.0,49.2,6,6549.83,78,2,1,0.922,90.326,2
56.0,42173.0,46.1,4,6946.09,74,1,3,-1.218,97.607,2
37.2,60097.0,84.7,23,3809.38,48,0,3,-0.816,32.033,3
39.7,58048.0,37.4,15,14054.37,104,1,3,1.673,51.271,1
32.0,34280.0,73.3,4,564.58,28,1,0,1.137,13.369,0
62.0,72650.0,47.8,6,10856.89,51,2,1,-0.682,75.307,2
31.7,52483.0,81.0,25,3723.73,40,3,2,2.105,93.087,3
48.4,41309.0,47.3,6,10573.62,10,0,2,1.971,11.437,2
26.7,62016.0,68.8,21,3511.73,21,1,3,0.528,75.332,3
38.9,89668.0,33.9,11,20648.96,3,4,2,1.26,50.059,1
58.3,41247.0,52.9,10,11561.66,12,1,3,-0.739,96.767,2
48.8,73378.0,23.2,12,16436.21,69,2,1,-1.351,8.637,1
21.9,28825.0,74.7,7,147.97,26,4,2,-0.9,87.886,0
22.2,33660.0,64.1,6,310.53,27,2,1,-0.79,57.536,0
21.3,27159.0,71.1,4,1057.48,10,2,0,0.026,58.991,0
57.3,57630.0,32.2,9,6047.36,114,2,0,-0.718,10.021,2
48.5,89796.0,37.8,22,21174.34,38,0,3,0.014,28.585,1
51.9,48378.0,53.5,9,8031.56,77,2,3,-0.407,30.189,2
49.6,40169.0,72.6,25,2211.77,90,1,0,1.359,18.077,3
30.9,17018.0,93.9,4,483.52,48,1,1,-0.531,29.735,0
36.9,57940.0,33.3,14,11533.98,27,1,1,1.906,20.855,1
40.0,47250.0,76.2,21,3273.72,117,0,3,-0.46,54.417,3
27.0,30232.0,94.3,8,173.7,64,1,2,-0.272,34.489,0
26.9,24799.0,76.4,10,873.98,105,2,1,0.537,45.441,0
39.8,66332.0,33.6,12,11724.43,47,0,3,1.672,40.141,1
28.0,30472.0,75.9,7,317.7,8,4,0,-1.091,37.315,0
31.5,54132.0,65.4,22,3354.14,87,3,2,0.493,1.971,3
25.9,55854.0,75.0,15,2325.74,104,1,0,-0.832,63.351,3
59.9,37019.0,30.6,7,8526.41,64,3,3,0.394,66.635,2
34.2,37467.0,80.7,23,2898.85,118,3,0,1.225,70.382,3
33.0,44351.0,63.6,16,4317.75,85,2,0,1.025,75.053,3
25.2,28159.0,66.2,4,488.45,56,1,2,-1.514,69.469,0
33.5,52992.0,99.8,22,2862.65,65,2,3,-0.311,44.264,3
52.2,53589.0,41.6,6,7952.3,2,2,1,0.489,25.499,2
42.7,52701.0,84.8,16,1514.15,89,2,2,0.388,52.255,3
34.3,57325.0,74.8,16,2891.71,119,4,2,0.615,99.319,3
38.1,56903.0,31.8,10,17334.24,40,5,0,-0.201,26.636,1
19.5,27177.0,78.2,7,399.68,12,4,0,-1.098,50.469,0
26.2,23714.0,92.1,3,273.74,44,2,2,-0.295,30.82,0
48.2,106047.0,7.5,12,15277.4,37,2,0,0.774,37.49,1
42.0,46281.0,83.3,21,3146.06,80,1,3,-0.637,48.282,3
35.6,51050.0,80.6,20,3424.87,12,2,1,-0.989,72.085,3
19.6,24471.0,88.7,3,588.68,12,3,1,-0.788,77.92,0
48.3,43599.0,48.0,6,7809.89,71,3,3,0.435,16.406,2
49.8,85194.0,10.5,12,13096.33,102,0,1,-2.287,75.122,1
31.9,22589.0,64.9,5,530.11,73,4,1,0.12,67.832,0
33.0,22107.0,68.3,5,80.15,90,3,2,2.031,70.151,0
40.2,68735.0,17.9,8,20401.82,38,1,0,-0.292,55.544,1
31.4,47887.0,67.9,19,2551.11,80,4,1,-0.44,26.125,3
43.7,66884.0,37.0,9,14600.35,17,4,0,-0.391,35.693,1
57.1,52487.0,60.3,9,8709.33,47,2,3,2.557,72.838,2
50.1,47946.0,62.0,11,9027.05,86,3,0,2.041,6.309,2
36.4,62664.0,28.5,8,14504.71,101,2,2,-0.062,6.544,1
42.2,49664.0,75.9,26,3430.94,45,1,2,-0.312,75.9,3
30.1,44702.0,90.6,23,3041.67,103,3,1,0.912,57.142,3
45.1,61945.0,24.5,12,13093.2,66,0,1,-0.134,13.723,1
38.1,79586.0,23.8,14,16661.03,39,2,3,0.209,6.376,1
50.4,63112.0,12.8,16,14149.45,83,1,3,-0.351,51.742,1
42.2,68465.0,25.7,18,16953.72,40,2,0,1.05,94.853,1
28.3,16959.0,97.0,5,432.84,110,0,2,0.226,75.758,0
57.7,66392.0,59.7,12,10474.86,23,0,2,-0.098,59.438,2
61.0,51935.0,59.5,6,6248.7,38,5,0,-0.552,84.907,2
28.2,30917.0,66.1,5,590.42,3,2,2,-1.143,32.401,0
48.0,80228.0,48.2,12,14568.35,86,1,0,0.182,57.097,1
38.3,45166.0,87.4,21,2372.95,41,4,0,0.273,93.257,3
28.9,28085.0,74.2,1,383.41,72,1,3,-1.315,30.386,0
23.7,31983.0,53.3,2,572.76,38,1,2,-1.035,15.564,0
33.1,85935.0,25.0,8,14510.38,82,2,2,0.24,67.14,1
46.2,53582.0,84.4,16,2126.76,112,2,3,-1.168,68.895,3
21.7,26390.0,77.8,4,622.55,93,1,1,-0.078,35.828,0
60.2,67572.0,59.1,13,7830.22,93,2,3,-1.561,5.945,2
32.9,58791.0,56.3,17,1992.57,50,1,0,0.615,60.032,3
19.6,28064.0,73.6,4,288.02,95,3,3,-0.618,4.539,0
58.0,38401.0,38.1,6,9371.28,112,2,2,0.036,25.52,2
40.7,80461.0,32.2,17,15815.04,63,0,1,0.705,12.493,1
57.9,52240.0,68.4,8,8288.47,99,4,0,2.628,11.071,2
56.2,64430.0,59.2,7,9734.69,95,0,1,0.051,4.175,2
57.4,57811.0,60.5,7,14024.35,101,3,3,0.113,73.525,2
24.5,27180.0,85.4,9,700.14,63,1,3,-0.813,95.046,0
44.2,46572.0,97.7,14,3031.91,29,5,1,3.955,50.463,3
42.5,75860.0,30.8,10,16784.37,102,1,0,-1.438,77.877,1
18.0,25681.0,62.4,4,449.22,18,1,1,0.237,44.628,0
24.1,34676.0,79.6,9,963.65,92,0,1,0.325,45.42,0
60.6,39114.0,64.6,9,8042.92,115,4,0,-1.397,76.433,2
53.8,47278.0,50.7,6,8309.16,90,1,3,-0.287,70.602,2
36.9,28768.0,76.9,4,557.59,45,2,0,0.199,13.837,0
52.5,63200.0,57.9,6,9430.81,102,8,2,-0.768,92.05,2
23.7,33935.0,78.2,5,806.45,53,1,1,0.581,98.073,0
46.3,70538.0,49.7,6,10692.89,38,1,3,-0.713,6.884,2
26.9,34675.0,74.4,3,630.55,78,5,0,-0.142,14.234,0
53.4,78315.0,67.9,9,6309.17,102,1,3,1.038,94.51,2
40.1,87031.0,28.8,8,17582.79,102,3,0,0.342,56.133,1
38.6,41487.0,82.8,18,3353.28,108,7,0,1.136,71.015,3
20.5,24881.0,65.3,4,585.46,117,0,3,-0.123,37.657,0
46.5,81651.0,14.5,14,7889.55,94,3,3,1.05,35.139,1
21.3,28080.0,70.2,6,812.33,54,2,1,0.862,65.512,0
31.2,47933.0,99.8,26,3078.69,91,5,3,-1.435,70.325,3
25.6,51171.0,81.3,18,2363.65,14,3,2,-1.186,6.448,3
39.2,61986.0,25.3,11,6929.94,10,6,3,0.217,98.696,1
58.5,47851.0,78.2,9,8743.51,33,2,3,-1.053,67.987,2
44.3,30761.0,86.8,21,2756.27,57,1,0,0.022,6.297,3
63.5,49251.0,39.1,7,7681.93,30,3,2,0.297,6.137,2
56.7,75782.0,68.2,9,8372.44,42,4,2,-2.2,95.112,2
25.2,21681.0,80.9,5,480.76,58,1,2,0.666,28.629,0
22.2,29632.0,73.1,6,409.33,65,1,2,-1.114,31.387,0
41.7,43628.0,89.7,22,1178.04,19,6,2,-0.235,48.484,3
36.7,39871.0,73.5,23,1536.67,112,1,0,1.103,19.549,3
55.0,59291.0,59.0,4,8778.17,19,2,1,-0.905,4.433,2
38.2,56524.0,34.3,12,13347.92,40,2,3,-1.931,31.794,1
31.6,60664.0,22.0,15,23098.39,5,0,3,-0.269,14.835,1
55.4,57249.0,77.8,9,8627.52,25,1,3,-0.636,61.412,2
26.1,37007.0,87.4,29,2819.35,116,0,1,-0.265,12.386,3
43.7,48017.0,67.5,15,3039.79,33,3,0,-1.557,96.363,3
29.3,49114.0,69.9,25,2821.38,56,2,2,0.667,77.036,3
48.4,54391.0,49.1,12,10403.95,119,1,0,-0.444,86.474,2
18.0,28703.0,78.2,7,376.23,85,2,1,-0.34,67.011,0
32.5,36246.0,60.0,5,718.34,31,2,3,-2.066,92.37,0
41.8,45465.0,82.2,18,3818.87,52,3,3,-1.309,41.235,3
59.7,52670.0,36.4,7,7601.03,78,1,2,-0.47,11.613,2
27.1,21295.0,76.0,7,568.05,64,2,1,1.494,61.072,0
18.0,19590.0,68.5,7,684.06,116,3,0,-0.074,82.414,0
65.7,58132.0,41.8,10,6834.81,31,3,1,0.662,90.156,2
26.3,23225.0,83.3,7,591.57,16,4,0,0.836,30.498,0
28.7,26372.0,72.6,3,400.34,40,3,1,0.026,8.645,0
53.0,65008.0,60.7,10,9300.65,89,1,0,-0.274,37.36,2
58.5,47906.0,61.7,7,9733.38,118,2,3,-0.873,42.375,2
59.6,60967.0,62.5,11,6900.65,69,2,1,0.156,10.378,2
26.0,26732.0,62.9,4,358.0,25,0,0,-1.33,42.336,0
43.2,75212.0,37.4,9,5885.44,95,1,3,-0.112,46.553,2
23.4,26763.0,75.2,4,607.12,79,1,3,-0.413,66.771,0
45.4,92183.0,28.8,13,13509.13,10,2,0,1.408,14.181,1
57.6,55154.0,40.6,4,7177.56,103,3,3,-0.757,42.63,2
57.2,41117.0,42.5,11,9022.41,115,0,1,-0.496,99.989,2
30.9,57192.0,80.8,13,2343.57,105,3,3,0.994,30.888,3
51.4,63805.0,32.8,10,8161.58,105,1,1,-0.859,21.996,2
57.1,50673.0,41.2,5,6670.11,76,1,3,-0.062,5.733,2
23.8,29022.0,84.8,1,256.04,78,0,3,0.228,8.832,0
38.1,61647.0,42.6,11,12670.62,62,3,2,-0.415,52.426,1
35.1,86380.0,47.1,16,16221.42,90,1,0,-0.545,33.075,1
20.6,28913.0,82.6,2,517.02,7,1,3,0.798,81.096,0
31.8,41324.0,83.8,22,4414.95,3,1,1,1.4,1.969,3
41.0,78594.0,37.7,14,18285.23,26,0,0,2.46,78.239,1
42.3,39241.0,69.2,21,3370.92,54,2,1,-1.464,80.707,3
57.2,49385.0,37.7,9,9544.13,66,1,0,1.069,16.506,2
34.2,61442.0,94.8,19,2592.94,32,2,2,-0.566,85.443,3
51.9,44556.0,50.1,11,6829.84,39,1,2,0.431,11.438,2
46.9,48160.0,48.3,10,8593.46,13,4,1,0.734,55.109,2
42.0,77578.0,25.7,12,18054.78,108,2,3,0.372,60.118,1
29.4,23083.0,80.3,2,410.42,66,0,0,0.317,60.888,0
57.8,68659.0,54.5,9,8122.93,75,4,0,-0.913,50.51,2
36.8,65254.0,30.9,16,9929.38,37,2,2,0.054,64.999,1
24.2,25620.0,58.4,5,598.74,100,1,0,-0.766,41.388,0
51.5,67461.0,57.5,6,6482.71,111,2,0,-1.35,99.648,2
24.7,28825.0,77.3,3,357.89,82,2,3,-0.142,57.256,0
38.4,44225.0,77.9,17,2376.3,58,0,1,-0.887,15.432,3
28.0,34723.0,87.8,17,1709.63,15,3,3,2.363,47.853,3
49.0,40249.0,65.2,17,3076.34,87,3,2,1.874,87.87,3
41.9,78942.0,27.8,10,14358.74,78,3,3,-1.022,16.134,1
28.4,18603.0,80.5,4,729.82,59,2,0,1.214,57.134,0
40.2,52141.0,77.5,20,4135.05,94,1,2,-0.905,85.313,3
42.0,67739.0,33.8,8,18540.74,73,0,2,-0.56,65.557,1
50.1,43584.0,63.7,21,2788.47,115,2,0,-0.602,21.029,3
31.5,46659.0,73.2,25,2393.27,98,2,0,-0.266,53.36,3
34.3,42585.0,85.4,15,2050.15,89,4,0,0.713,65.947,3
39.1,75025.0,22.6,20,17191.49,47,0,1,-2.995,3.485,1
39.5,72424.0,42.1,9,17377.45,46,2,2,-0.23,61.787,1
28.4,51745.0,88.5,23,2269.27,87,1,2,0.187,75.002,3
44.9,74465.0,25.7,13,16031.27,58,0,0,-0.376,55.323,1
22.5,17334.0,79.2,4,605.97,75,3,3,1.087,44.08,0
60.7,52258.0,35.4,7,6661.15,70,2,0,-0.654,54.741,2
30.2,39150.0,71.6,23,2950.03,52,2,3,-0.832,3.661,3
63.8,52215.0,63.1,12,9051.03,75,2,1,-1.08,42.935,2
42.5,59232.0,59.3,6,6647.07,45,3,0,-0.204,14.582,2
30.1,35558.0,73.7,3,637.76,116,0,2,-0.269,73.246,0
52.7,54257.0,59.4,9,8615.41,76,1,2,0.131,86.516,2
50.6,36581.0,87.2,26,2602.78,96,1,1,0.465,68.907,3
24.2,32990.0,75.6,8,217.11,40,4,2,-0.252,46.918,0
54.2,50207.0,70.7,7,7531.56,115,2,2,-0.013,7.261,2
32.8,38278.0,68.4,18,3596.42,12,1,0,0.352,43.667,3
50.1,50210.0,55.9,10,8873.56,81,3,0,2.062,90.369,2
47.5,55059.0,47.6,4,5696.33,53,4,3,-0.17,20.838,2
58.6,56290.0,39.3,9,6800.11,59,4,1,1.193,78.571,2
42.0,82452.0,30.7,11,14420.56,115,1,0,1.681,31.758,1
39.2,107917.0,23.6,13,22154.07,27,0,3,1.297,92.699,1
33.1,41178.0,84.1,23,2411.9,46,2,2,1.957,71.315,3
43.0,47783.0,71.3,20,2439.64,30,1,0,-0.181,41.582,3
34.0,31767.0,86.1,18,3824.97,73,2,3,1.998,3.656,3
29.2,49192.0,79.5,18,1213.78,66,5,2,-1.76,11.106,3
60.1,52971.0,61.4,9,15188.75,25,1,2,2.091,74.852,2
56.1,59132.0,60.5,7,10004.84,44,1,2,-0.347,87.116,2
30.6,47058.0,88.4,19,3134.6,22,1,1,0.299,88.802,3
59.8,46709.0,86.9,8,9167.79,81,5,2,-0.818,92.697,2
58.2,60913.0,64.9,10,7826.99,63,2,0,-0.762,62.756,2
45.8,49396.0,67.7,17,2058.47,92,6,2,0.135,12.5,3
44.0,48129.0,68.8,20,3887.8,112,1,3,-0.885,5.863,3
44.3,101625.0,41.9,24,18613.47,100,2,0,-0.819,21.539,1
40.8,83745.0,18.3,10,12307.68,51,0,0,-0.144,25.616,1
26.2,25341.0,64.1,5,479.84,102,3,3,0.208,92.136,0
49.4,71076.0,60.4,10,8087.71,31,1,3,-0.433,78.151,2
29.3,27743.0,66.5,5,434.66,12,3,3,-1.581,41.174,0
50.4,81526.0,46.8,10,16254.51,12,1,3,-0.21,40.544,1
49.3,71766.0,66.6,9,7120.48,20,0,3,-0.737,3.372,2
38.3,67630.0,39.8,8,13933.71,49,4,3,-1.131,93.997,1
51.9,64384.0,69.4,8,7451.73,77,7,2,0.296,31.068,2
32.2,38225.0,84.0,2,161.02,110,2,1,-0.196,3.559,0
24.1,29126.0,76.9,7,176.39,76,1,2,0.475,20.791,0
44.1,47393.0,86.5,19,3146.1,101,1,1,-0.653,22.921,3
46.8,92067.0,28.1,11,16368.61,100,1,1,-1.932,97.408,1
20.6,28484.0,79.9,4,746.38,117,2,1,0.904,31.832,0
45.1,60698.0,44.5,12,3076.18,97,3,1,-1.139,87.649,2
41.9,43513.0,77.0,16,2585.0,91,2,0,-1.421,65.265,3
19.4,23391.0,79.8,4,335.74,74,0,2,-0.852,39.612,0
56.2,55618.0,50.5,15,8482.09,77,0,3,0.267,33.367,2
28.6,27844.0,87.9,7,419.59,104,4,1,-0.529,36.248,0
21.4,34232.0,65.3,9,562.08,116,3,3,0.567,35.838,0
57.8,70629.0,65.2,10,12625.91,114,0,3,0.05,67.167,2
57.8,53583.0,52.2,12,8815.1,38,1,3,-0.519,46.775,2
54.3,57376.0,66.2,11,5950.68,117,3,0,-0.704,80.827,2
58.9,55817.0,48.5,6,6012.73,4,4,3,0.268,83.339,2
30.9,43384.0,78.3,9,1758.44,11,0,0,1.134,94.67,3
53.2,51636.0,62.5,9,7942.05,60,2,2,0.753,8.932,2
39.8,87079.0,37.8,16,10755.83,68,1,3,0.713,71.042,1
38.1,51154.0,70.1,17,1845.97,95,0,3,1.545,35.277,3
36.6,86450.0,30.0,11,12390.96,95,2,1,-1.321,36.034,1
39.7,70479.0,33.1,18,10138.4,60,3,0,-0.146,50.618,1
21.4,34048.0,68.4,4,381.98,73,1,3,0.621,97.715,0
27.4,26550.0,73.8,5,479.96,61,1,1,0.887,53.245,0
31.2,42943.0,83.5,21,4061.11,69,0,0,-0.798,29.656,3
35.6,35125.0,78.7,28,3555.2,43,6,3,0.105,10.362,3
59.3,69414.0,60.2,8,5387.4,88,0,1,0.666,55.11,2
43.5,89271.0,39.8,9,13511.52,67,1,0,-1.421,50.803,1
20.1,38888.0,84.6,1,239.5,43,0,2,0.962,45.211,0
27.2,25811.0,76.0,4,286.1,36,1,2,1.001,47.888,0
46.7,78094.0,22.5,16,13935.47,100,2,3,-2.206,21.641,1
60.6,74014.0,53.4,6,7010.69,11,5,0,0.838,35.726,2
62.8,54882.0,56.5,5,8278.0,5,2,2,1.962,48.326,2
54.7,49615.0,61.4,12,7197.75,66,1,2,-0.353,4.784,2
54.1,81808.0,37.5,13,14067.38,102,1,0,0.039,22.072,1
22.6,47709.0,71.9,17,2998.61,54,4,2,-1.245,58.813,3
59.5,64208.0,18.0,12,7054.95,13,4,3,0.671,80.085,2
56.0,49301.0,40.8,11,7350.32,12,1,2,0.307,93.781,2
57.2,52131.0,63.6,9,9615.55,16,1,3,-0.167,89.768,2
41.8,63775.0,14.3,11,16511.47,38,1,3,-0.921,35.18,1
23.9,22745.0,86.4,3,568.18,80,2,3,0.005,13.281,0
35.2,80915.0,49.9,10,18777.9,75,3,1,-0.33,23.059,1
33.3,43560.0,87.2,16,1070.77,73,2,1,-0.337,77.322,3
23.7,32692.0,75.4,5,38.24,24,4,1,-0.952,18.397,0
27.9,34102.0,67.2,6,222.67,99,1,2,-1.457,92.325,0
26.3,24264.0,44.9,5,618.42,102,4,0,2.411,67.325,0
26.3,30980.0,66.2,1,337.05,24,0,1,-1.07,43.04,0
41.7,58325.0,82.4,12,1256.12,116,4,1,-0.692,56.122,3
61.9,45712.0,56.3,7,7107.78,38,3,1,0.853,41.596,2
33.7,50037.0,5.1,14,16430.13,94,2,3,1.161,70.706,1
27.4,25252.0,67.2,5,325.1,106,3,2,-0.706,4.351,0
40.3,87566.0,51.3,15,11712.48,35,4,2,1.669,0.824,1
31.3,74327.0,26.2,14,14182.45,21,3,2,0.54,15.493,1
24.8,22646.0,84.1,3,306.6,118,1,3,-1.017,19.273,0
34.8,67562.0,36.8,6,12984.25,116,4,0,0.54,78.008,1
48.6,83485.0,47.4,12,12359.38,17,6,0,1.143,47.005,1
59.5,42813.0,56.8,11,7906.93,116,3,2,0.283,87.299,2
66.7,34499.0,67.1,9,6853.05,88,3,0,0.523,30.795,2
19.8,24135.0,92.6,9,790.36,64,0,2,-1.007,39.225,0
39.5,67020.0,37.1,13,13400.62,27,3,3,2.14,90.943,1
49.1,58625.0,43.0,9,7186.69,94,1,3,-1.66,32.163,2
63.0,67652.0,43.5,8,9786.39,77,3,3,-0.138,51.918,2
38.8,39222.0,78.4,19,4219.96,67,1,2,-0.792,89.56,3
47.8,37644.0,57.8,11,9302.33,28,3,1,0.606,91.91,2
29.1,31815.0,87.8,6,257.92,53,2,0,-0.98,98.087,0
26.0,20408.0,76.1,4,555.55,62,2,1,1.815,25.351,0
58.3,37687.0,71.9,8,8588.47,22,3,1,-0.907,31.116,2
25.6,30626.0,80.9,6,530.46,18,2,3,0.917,25.648,0
57.0,50998.0,50.8,10,10808.5,34,3,2,0.202,95.428,2
41.8,39093.0,88.7,18,4906.84,10,2,0,0.771,23.989,3
50.6,51666.0,64.7,9,7994.03,38,2,1,0.621,26.349,2
40.4,92489.0,20.7,11,18907.8,85,5,1,0.042,40.923,1
52.7,49086.0,52.0,5,7722.08,58,1,0,-1.426,66.734,2
44.3,89885.0,26.2,12,11538.72,62,2,3,-0.091,84.931,1
53.4,60571.0,55.9,9,7911.7,33,1,1,-1.222,70.151,2
38.5,28554.0,93.6,18,3204.76,24,0,1,-0.598,97.994,3
37.9,80152.0,18.5,6,5675.28,13,0,3,-0.236,94.213,1
37.2,54404.0,85.2,20,2184.68,39,1,3,0.664,65.643,3
30.6,33602.0,82.9,17,2535.09,113,2,3,-0.294,74.37,3
22.6,26751.0,77.5,5,239.79,107,0,1,1.701,39.674,0
25.5,30643.0,61.6,3,414.16,87,1,3,-0.27,80.607,0
32.8,32381.0,57.6,3,46.63,31,1,3,-0.209,31.092,0
23.0,32951.0,75.1,11,563.24,104,2,0,-1.594,55.707,0
20.8,30229.0,70.5,4,650.39,10,2,0,-0.43,67.744,0
56.6,48609.0,59.1,7,6475.31,60,5,3,-0.918,75.57,2
32.9,26294.0,85.7,4,448.35,65,0,3,-1.274,7.903,0
33.9,95382.0,27.8,14,19706.01,2,2,3,-0.975,84.982,1
38.2,39357.0,90.7,19,3474.39,2,0,2,-0.952,11.709,3
30.4,29839.0,79.5,3,646.14,115,1,1,-2.42,17.633,0
32.0,42049.0,79.9,24,3470.78,25,1,3,-0.588,75.839,3
39.7,73171.0,29.1,9,14069.62,94,2,0,0.037,71.121,1
29.9,16084.0,77.6,2,623.38,16,1,0,0.677,96.181,0
54.3,56416.0,68.3,10,5897.42,84,0,2,-1.239,77.339,2
56.5,51398.0,53.8,8,7453.29,81,1,2,1.06,63.241,2
33.8,45446.0,80.2,18,3826.22,6,1,0,1.618,38.698,3
47.2,66049.0,47.8,3,11044.39,28,1,0,-0.379,33.921,2
34.3,41680.0,83.8,23,3515.84,70,3,1,-1.351,95.045,3
42.9,94005.0,42.1,17,12511.32,1,0,0,-1.296,65.974,1
26.4,23981.0,89.5,2,582.11,45,0,2,0.099,79.042,0
27.6,31989.0,85.3,18,3333.08,88,3,2,0.058,27.961,3
35.8,48325.0,87.6,16,2446.15,106,4,2,0.6,3.873,3
34.9,31609.0,73.9,23,3659.09,14,1,2,0.048,3.962,3
35.0,81319.0,36.6,7,13238.58,27,1,1,-0.473,94.654,1
40.1,63677.0,27.1,9,7594.44,110,4,3,0.588,86.397,1
34.3,57352.0,86.1,23,3097.21,77,5,0,0.046,21.796,3
31.2,90037.0,30.7,18,19010.78,39,4,3,0.105,14.55,1
38.7,45099.0,69.8,16,2840.79,78,1,1,-0.804,5.199,3
37.5,49640.0,83.1,20,1955.48,88,1,1,2.413,85.55,3
41.0,41922.0,30.9,7,4548.04,9,0,1,0.182,46.322,1
36.8,51222.0,78.1,27,3296.35,22,2,3,-0.074,33.693,3
25.1,53751.0,82.5,23,3907.3,5,4,1,1.042,60.947,3
32.0,33815.0,89.0,4,393.91,35,2,3,1.864,75.711,0
43.8,35327.0,69.4,16,2472.38,28,3,2,1.685,91.561,3
58.1,48068.0,51.8,8,7691.02,101,2,1,-0.416,70.401,2
33.4,51789.0,90.2,22,3336.87,54,0,3,-0.6,5.547,3
39.0,64162.0,32.7,11,10081.23,94,6,1,-0.676,30.483,1
42.4,40362.0,86.7,19,3725.7,9,0,0,-1.088,92.954,3
42.9,77128.0,36.7,5,10542.47,113,2,3,-0.698,55.124,1
22.0,23935.0,75.5,4,609.27,47,4,1,-1.184,96.572,0
37.5,44446.0,79.2,22,2865.48,90,2,2,-1.241,97.955,3
27.5,29118.0,84.1,12,808.97,85,2,1,1.021,55.068,0
40.1,68113.0,30.2,19,10946.59,68,0,2,0.922,63.821,1
39.9,44461.0,78.0,24,3466.21,81,4,2,-0.026,28.974,3
24.6,40459.0,80.5,28,2469.86,34,2,0,1.68,67.916,3
57.9,57965.0,80.4,9,6430.63,93,1,0,-0.696,82.575,2
54.7,61892.0,50.5,7,7454.59,83,3,0,1.04,28.6,2
38.4,66343.0,47.2,13,15934.23,109,5,2,-0.879,90.487,1
43.1,79427.0,43.3,9,19668.24,98,0,3,0.081,25.689,1
39.6,75757.0,40.0,11,19620.43,73,4,1,-1.488,65.235,1
55.3,47469.0,42.1,11,5545.67,64,0,1,0.326,94.383,2
28.5,35584.0,64.2,16,3331.97,11,5,0,0.369,37.726,3
23.4,43349.0,78.7,30,2362.78,78,1,1,0.551,61.769,3
39.4,45968.0,81.2,13,4044.82,92,1,3,-0.207,2.755,3
24.3,32378.0,71.2,6,672.07,106,3,1,-0.683,80.732,0
35.8,75363.0,30.1,6,10360.62,37,2,1,0.679,43.759,1
23.0,32990.0,75.6,3,225.26,60,6,1,0.02,74.739,0
48.1,43093.0,43.5,14,6977.2,60,3,2,0.201,83.275,2
42.3,81298.0,15.3,10,14619.37,59,2,3,-0.183,45.067,1
34.6,48601.0,71.1,20,3557.2,83,3,1,2.038,71.067,3
40.1,71026.0,29.8,13,14525.13,40,1,3,-0.457,47.46,1
26.9,25549.0,63.2,8,626.28,44,0,2,0.648,94.333,0
28.5,33280.0,84.9,10,358.78,62,2,0,0.274,93.185,0
31.3,48149.0,76.1,21,762.5,113,0,1,-0.861,63.34,3
60.9,50666.0,57.8,11,9198.74,74,3,0,-0.154,85.992,2
20.8,30534.0,80.1,4,831.6,36,0,2,-0.716,61.012,0
23.1,30726.0,79.9,2,243.17,61,1,1,1.304,83.475,0
56.1,49669.0,49.0,9,8312.42,80,0,3,-1.937,21.122,2
21.9,29056.0,71.2,10,614.23,15,3,3,-0.741,49.071,0
41.7,53551.0,79.1,19,3793.68,82,6,3,-1.354,23.723,3
58.4,41687.0,60.4,9,6676.82,6,3,1,-0.917,91.563,2
25.7,28128.0,84.8,3,751.72,111,4,1,0.792,67.837,0
27.4,29248.0,88.0,10,598.73,42,4,3,1.04,85.68,0
44.0,45524.0,80.3,21,1472.87,63,0,2,-0.283,0.075,3
41.5,66265.0,40.1,16,17068.57,109,2,0,0.786,51.509,1
40.7,70741.0,31.6,12,16570.59,112,2,2,1.352,28.188,1
42.9,41780.0,74.6,22,2952.51,107,4,2,1.293,81.659,3
31.7,48561.0,79.0,17,3336.17,88,3,1,-1.057,69.814,3
23.8,49415.0,81.2,24,1836.13,87,3,3,1.728,44.102,3
30.4,49632.0,76.1,21,3664.1,93,2,1,0.69,67.577,3
42.6,74465.0,43.8,12,18258.19,111,1,2,0.54,59.055,1
26.2,26208.0,77.0,4,348.25,111,3,0,-0.05,12.791,0
35.0,43426.0,86.7,10,2467.43,87,1,3,0.532,79.654,3
49.2,52247.0,52.9,7,9604.21,31,1,0,-1.188,42.962,2
37.9,70820.0,25.8,11,17820.48,91,2,3,-0.693,0.498,1
32.3,42997.0,80.7,13,3416.69,35,1,0,-0.297,24.006,3
24.6,30568.0,82.0,2,713.41,27,3,0,-0.004,20.259,0
40.7,62790.0,8.0,13,12530.31,34,2,2,0.443,65.498,1
24.7,28373.0,86.1,2,411.29,25,1,1,-1.106,50.776,0
38.2,62868.0,26.3,12,11283.85,69,1,2,-0.257,74.069,1
28.7,24352.0,55.5,6,438.39,85,2,1,-0.673,50.189,0
22.8,25958.0,77.3,5,365.27,75,3,3,0.682,37.51,0
24.5,24447.0,53.3,5,363.5,83,2,2,-1.198,28.045,0
56.7,42643.0,63.1,8,12081.26,105,1,1,-2.533,78.254,2
55.4,26515.0,39.5,3,11613.87,80,2,0,0.493,17.885,2
58.4,54247.0,73.2,8,6160.38,6,0,1,-0.577,45.38,2
38.9,33610.0,89.5,15,3294.16,105,6,1,-2.509,99.982,3
43.4,78934.0,32.5,12,19075.35,47,2,0,0.031,58.954,1
35.9,69246.0,21.2,10,15997.56,56,0,0,0.519,18.33,1
37.5,58204.0,82.3,20,3147.96,38,5,0,-0.165,22.236,3
26.6,29212.0,68.2,5,782.04,26,1,0,0.094,70.594,0
39.0,40801.0,73.8,11,2236.71,102,2,2,1.618,27.054,3
23.9,20548.0,71.4,5,0.0,28,3,1,-0.445,4.463,0
26.5,55693.0,80.5,15,3313.72,86,2,2,1.696,85.123,3
24.8,32126.0,66.2,7,396.15,71,2,0,-0.572,21.357,0
42.4,40918.0,82.1,22,3966.11,1,1,0,-1.241,55.788,3
59.4,55618.0,52.6,11,10774.25,41,0,3,0.301,20.875,2
39.9,47304.0,74.3,25,1753.94,117,4,1,2.171,8.527,3
30.0,30243.0,79.5,10,638.96,48,2,3,1.248,96.645,0
56.7,51698.0,44.4,6,11029.7,77,1,3,-0.053,2.861,2
30.1,59466.0,81.5,19,4327.47,81,0,0,0.163,83.536,3
48.8,46304.0,53.4,7,10877.28,105,1,0,1.652,93.664,2
53.1,61551.0,48.9,6,4582.89,85,2,2,0.789,50.395,2
52.0,40969.0,49.6,7,8598.61,1,1,2,-0.727,17.051,2
34.5,73825.0,16.8,8,24280.55,81,4,2,0.796,16.145,1
59.7,68275.0,45.4,7,6789.43,84,1,2,-0.117,17.628,2
58.5,57926.0,52.0,10,9285.2,94,0,3,-0.996,15.645,2
35.1,51305.0,73.4,22,3136.56,17,1,0,0.318,87.784,3
32.6,29326.0,95.1,9,256.5,27,2,2,-1.026,71.021,0
47.2,78347.0,44.9,12,17299.12,91,1,1,0.017,31.298,1
46.3,49014.0,82.7,15,4251.15,44,2,3,1.651,7.229,3
35.6,36917.0,82.1,22,3291.05,41,4,3,-0.935,83.019,3
41.8,77421.0,25.4,16,23381.17,4,2,3,-0.221,38.321,1
58.6,64482.0,45.9,6,6294.9,105,7,1,1.989,87.149,2
32.5,67986.0,7.5,10,15557.29,33,2,1,0.29,31.395,1
20.3,30366.0,59.9,2,434.17,1,5,1,1.222,48.208,0
43.6,50475.0,26.0,7,14062.68,11,2,3,-1.184,18.51,1
37.3,85521.0,23.0,12,18854.58,8,1,3,0.369,32.798,1
53.3,67250.0,62.1,4,7628.45,99,3,0,-0.632,69.393,2
21.7,29651.0,82.4,4,275.52,64,1,2,-0.044,58.406,0
21.3,48799.0,80.3,19,2289.37,58,3,1,-0.803,79.245,3
33.7,57651.0,95.1,24,3408.42,60,1,0,-0.661,9.341,3
64.3,41588.0,63.0,10,8167.38,30,1,2,-0.499,98.991,2
51.2,52096.0,56.9,11,10181.85,101,4,2,-2.274,72.206,2
43.1,72343.0,29.0,11,15786.18,52,3,3,-0.742,3.205,1
37.6,51242.0,93.1,21,3242.98,40,1,0,-0.283,30.015,3
54.2,52458.0,52.6,9,6328.04,88,2,2,0.289,20.491,2
22.9,28571.0,80.7,4,425.3,3,2,0,-0.341,37.218,0
33.6,45231.0,80.2,18,2636.16,31,1,0,-1.797,98.872,3
41.2,55496.0,71.6,17,2583.83,64,1,0,-0.987,13.793,3
32.6,39829.0,76.9,20,3869.75,105,3,0,-0.155,85.193,3
45.9,54920.0,36.6,11,7342.27,102,3,2,-0.648,92.365,2
56.5,54720.0,67.3,8,8600.39,68,1,3,-1.909,44.429,2
46.1,72071.0,34.4,17,12324.35,68,1,3,0.66,51.192,1
38.7,44036.0,88.5,18,4128.5,72,0,3,1.447,42.97,3
44.8,47863.0,79.3,14,2362.36,36,2,2,-2.01,42.731,3
26.6,32611.0,75.3,9,841.53,2,1,2,0.568,96.235,0
23.8,27351.0,88.1,8,735.85,3,2,0,-0.95,20.128,0
36.7,56966.0,12.6,10,15283.94,47,3,3,1.322,97.678,1
21.7,37043.0,87.8,24,4030.32,95,3,2,-0.709,84.158,3
37.0,37506.0,86.7,17,2638.2,59,3,3,0.581,69.858,3
29.9,30672.0,79.6,1,511.15,10,2,1,0.347,1.188,0
60.3,46890.0,37.0,3,8285.55,112,4,0,-1.087,68.831,2
41.0,78487.0,9.7,9,10592.53,26,1,3,0.384,19.677,1
37.5,47424.0,83.7,23,2932.64,119,1,1,-0.662,1.582,3
29.8,53060.0,76.5,18,1897.49,2,4,3,-1.162,98.617,3
32.9,32097.0,82.9,19,2270.27,14,4,0,-0.6,91.419,3
35.1,64990.0,33.7,19,19555.7,2,0,1,-0.345,43.022,1
31.9,71363.0,43.4,9,14064.99,62,2,2,1.288,72.677,1
41.9,80524.0,46.8,11,16827.53,59,3,3,0.119,91.876,1
26.2,27469.0,81.9,5,485.89,18,3,2,-1.82,23.873,0
31.3,36142.0,95.8,14,3234.45,91,2,3,0.752,93.032,3
35.5,38430.0,68.4,20,2630.85,9,1,1,-0.201,35.349,3
33.0,60283.0,79.6,16,1492.76,60,1,0,0.201,73.314,3
33.0,37088.0,71.5,20,3401.38,53,5,0,0.409,5.798,3
53.1,51092.0,49.0,9,7401.32,96,4,0,1.14,38.935,2
35.2,39382.0,79.1,16,3676.77,11,0,1,-0.59,47.15,3
39.6,35415.0,85.1,16,4727.65,62,1,3,-0.605,2.206,3
34.3,45122.0,86.0,28,3018.21,21,2,2,-1.994,81.317,3
30.6,22423.0,73.7,5,699.6,97,3,3,-0.057,21.624,0
28.7,48128.0,23.0,16,8969.55,97,1,0,-1.012,89.063,1
26.5,25351.0,84.3,6,752.48,108,0,2,-2.391,81.126,0
32.8,47335.0,68.1,23,3213.62,18,3,3,0.67,76.76,3
57.7,51987.0,53.9,10,8588.52,24,2,2,0.904,68.852,2
28.1,30856.0,54.9,1,479.04,12,5,0,-0.694,43.063,0
49.6,47784.0,68.9,10,10394.52,79,2,0,0.71,5.116,2
49.4,55667.0,85.1,5,8540.96,62,2,3,-1.486,94.744,2
45.0,74663.0,39.6,15,22295.62,85,1,0,-1.138,53.347,1
18.0,31610.0,66.1,2,394.51,112,4,3,-0.563,76.729,0
56.5,56575.0,49.4,7,7840.95,6,1,0,0.355,63.795,2
49.7,67280.0,51.0,3,7769.01,102,2,1,-0.688,84.695,2
41.2,30197.0,90.9,18,3103.65,7,0,1,-2.172,72.397,3
54.4,55746.0,40.5,7,12000.7,18,5,0,0.233,36.35,2
27.5,50722.0,84.5,20,4010.14,86,1,2,0.264,87.851,3
50.1,64531.0,35.7,9,4567.59,96,6,2,-0.831,20.102,2
55.8,42822.0,60.7,9,7979.68,63,3,2,-0.544,39.713,2
33.5,55396.0,67.0,21,1566.18,37,4,0,-1.872,47.397,3
38.1,76579.0,23.7,11,14107.98,71,0,1,0.791,95.669,1
23.3,30550.0,89.8,3,673.54,51,0,1,-0.948,35.669,0
20.5,31965.0,75.3,5,401.11,20,1,0,0.863,50.256,0
30.9,54746.0,75.1,29,2837.46,77,2,0,-0.332,42.34,3
58.4,59778.0,59.9,11,4434.92,61,1,2,1.533,79.267,2
50.6,55437.0,66.0,8,7431.33,36,0,2,1.567,4.546,2
26.4,18526.0,61.5,4,454.65,29,2,1,0.074,54.015,0
22.1,43702.0,63.8,7,217.95,43,2,0,1.406,47.384,0
28.0,27252.0,71.9,7,217.43,108,0,0,0.914,45.355,0
38.8,66959.0,38.1,8,20209.36,21,3,0,0.836,53.603,1
57.2,45109.0,40.4,8,9896.32,66,1,0,0.218,82.992,2
44.0,98759.0,31.2,12,14978.68,108,3,2,-0.833,34.213,1
30.6,77234.0,37.4,13,17021.08,29,7,2,-0.944,47.29,1
38.4,33856.0,70.9,25,2575.37,19,4,0,0.539,88.907,3
34.5,85193.0,26.2,11,14269.13,34,2,1,-0.239,91.537,1
63.4,62708.0,53.5,7,7305.5,8,0,2,0.537,84.08,2
36.9,48953.0,80.9,23,2690.65,96,1,3,-0.202,71.25,3
43.2,86748.0,24.6,8,23336.12,77,4,0,0.328,96.462,1
54.4,54977.0,33.2,6,7713.17,18,1,3,0.342,85.185,2
32.0,45244.0,60.1,22,2502.31,4,3,0,0.444,88.43,3
35.4,40697.0,78.0,20,2767.0,18,1,2,0.752,8.909,3
24.5,30638.0,61.8,10,56.23,111,2,2,-1.502,8.712,0
36.8,36360.0,81.5,19,1623.97,78,1,1,-1.141,64.256,3
45.9,100154.0,44.9,11,22048.2,111,3,0,0.078,87.893,1
42.0,69256.0,23.6,14,11273.77,48,0,2,-0.789,16.233,1
35.2,61156.0,30.4,10,13356.58,8,2,2,2.277,34.048,1
48.1,46213.0,81.6,16,3519.75,19,1,1,0.268,96.414,3
40.5,85894.0,28.4,8,15619.11,118,1,0,-0.748,65.268,1
28.4,75209.0,20.2,15,7715.53,24,3,2,1.197,63.935,1
58.1,53431.0,32.9,5,9997.4,49,1,0,-2.54,61.334,2
30.9,25433.0,71.1,5,223.4,16,1,3,0.122,67.9,0
22.6,29031.0,79.8,9,373.78,101,3,0,0.055,15.18,0
24.1,27989.0,79.0,9,356.25,54,1,3,1.2,71.587,0
18.4,24260.0,76.4,10,463.5,65,3,0,1.556,7.298,0
23.4,27629.0,81.5,7,256.18,45,0,0,1.069,24.168,0
29.0,26600.0,79.8,3,155.87,15,3,1,-0.136,75.911,0
64.2,61227.0,69.1,10,8063.99,9,3,3,0.942,52.535,2
27.6,24258.0,88.2,7,206.4,42,3,3,0.871,39.052,0
32.3,91158.0,36.6,12,11839.42,82,1,0,0.712,65.553,1
47.1,63173.0,73.4,17,2582.71,4,4,0,0.052,97.328,3
44.2,61235.0,23.3,10,13239.37,42,6,0,0.581,11.855,1
54.0,68616.0,46.5,8,4906.17,54,1,3,-0.238,12.84,2
18.0,26342.0,77.5,5,55.83,58,4,3,0.004,33.53,0
24.3,31770.0,76.8,4,624.88,118,2,2,0.391,84.735,0
18.5,27208.0,73.7,4,484.95,69,4,2,-1.589,65.804,0
29.8,37340.0,79.5,5,595.78,7,1,3,-0.088,72.915,0
40.1,80420.0,25.4,11,11484.08,50,1,1,0.384,77.143,1
26.9,31502.0,81.0,7,446.46,66,1,3,-2.073,43.539,0
31.1,24227.0,57.4,3,746.21,67,2,0,-0.162,29.758,0
21.2,30515.0,62.0,5,347.57,1,0,0,0.886,70.242,0
44.3,79945.0,21.1,12,15927.24,18,1,0,0.524,47.155,1
28.7,27717.0,62.4,6,680.45,7,1,2,1.071,98.13,0
43.0,50074.0,29.3,19,14138.44,110,2,2,2.514,28.375,1
59.8,48005.0,46.8,9,8531.98,118,0,0,-0.858,45.353,2
53.5,59805.0,70.4,9,10252.47,56,2,3,0.162,11.658,2
21.7,31145.0,57.1,3,468.8,6,4,3,-0.158,28.092,0
35.2,44925.0,83.7,25,4314.7,34,1,3,0.358,42.796,3
56.3,50879.0,47.9,13,10204.67,100,1,3,0.322,32.537,2
20.8,27810.0,72.3,3,309.35,43,0,1,-0.71,32.301,0
30.0,40904.0,76.2,15,2954.7,69,1,3,0.493,97.458,3
35.3,49576.0,65.1,23,2519.8,105,0,2,-0.241,60.664,3
26.4,28090.0,93.6,1,753.83,21,3,1,0.034,23.37,0
46.1,72750.0,18.9,6,15417.22,114,2,3,-1.34,0.485,1
37.3,38288.0,100.0,22,3372.14,87,3,2,0.199,89.295,3
62.5,64293.0,45.9,9,8652.53,99,2,1,0.54,60.788,2
18.0,30190.0,65.2,6,442.2,1,4,3,-0.979,27.946,0
24.7,26686.0,79.9,1,581.8,43,0,2,1.354,29.115,0
43.4,80118.0,39.4,8,7778.58,59,1,3,-1.231,27.742,1
29.2,92882.0,44.1,17,7589.76,35,5,1,2.574,23.671,1
59.1,54332.0,76.1,11,7832.11,61,3,2,0.393,15.64,2
36.8,76562.0,6.6,13,12475.32,19,2,0,1.304,9.404,1
48.3,99217.0,47.2,11,10131.43,54,0,0,-0.456,29.124,1
54.7,57601.0,39.6,7,7417.09,58,4,0,-0.588,87.066,2
27.2,22477.0,73.2,8,442.12,63,1,0,-0.039,11.3,0
42.4,87850.0,27.1,14,14592.5,94,2,3,1.303,26.383,1
53.5,80136.0,50.6,6,6164.63,42,0,0,0.539,29.242,2
33.3,39899.0,92.6,20,2696.54,6,2,0,0.501,31.009,3
54.5,55014.0,62.0,4,6417.02,106,2,1,-0.296,23.019,2
59.1,46716.0,72.6,10,8415.87,54,4,2,0.678,15.528,2
18.4,19730.0,74.2,3,767.25,95,3,2,-0.612,24.338,0
37.2,88594.0,26.6,13,16289.49,44,3,2,-0.561,89.685,1
51.6,59407.0,49.1,11,8337.78,59,2,3,-1.037,49.8,2
25.4,33182.0,92.1,5,510.12,14,1,1,0.775,92.394,0
42.2,66406.0,40.4,14,10624.91,16,1,0,0.974,67.773,1
38.0,77296.0,46.0,16,16334.43,60,5,3,0.112,50.561,1
31.1,34755.0,80.0,11,42.06,29,3,0,0.711,40.184,0
41.5,87292.0,48.2,6,20944.88,103,1,2,-0.123,87.234,1
25.3,29061.0,74.3,5,702.63,106,4,1,-0.092,52.874,0
42.6,78784.0,17.7,11,19960.67,104,3,2,-3.421,33.123,1
21.2,26480.0,64.6,4,723.81,83,1,2,0.088,2.202,0
27.9,54318.0,71.6,29,3555.66,61,2,3,-0.604,54.162,3
60.8,69606.0,59.3,10,4091.24,85,2,1,-0.466,62.078,2
62.9,66619.0,48.0,4,6520.01,97,2,0,0.547,61.78,2
34.4,46645.0,87.0,22,2643.88,94,2,2,2.428,84.853,3
34.1,87377.0,27.7,8,18821.99,14,2,0,-0.861,51.714,1
18.0,27283.0,67.2,6,763.2,31,2,3,0.607,77.633,0
60.4,54801.0,63.4,9,8709.11,90,1,3,1.855,76.011,2
57.5,51874.0,50.5,15,9348.5,55,2,1,-1.509,9.51,2
45.3,49776.0,51.1,4,11024.44,18,0,0,0.447,45.175,2
38.9,83995.0,40.2,21,14235.66,4,3,3,-0.517,48.489,1
19.7,23768.0,74.9,4,523.83,36,1,0,-0.559,72.715,0
38.4,54347.0,18.2,10,17934.68,77,2,1,-0.932,33.458,1
32.1,63211.0,26.3,10,10531.3,53,1,2,-0.706,80.871,1
56.5,51875.0,57.7,7,4361.39,101,1,1,1.227,59.977,2
60.7,75305.0,47.6,7,6411.87,10,0,1,-1.459,9.295,2
39.7,85814.0,27.3,14,21169.24,101,3,2,-0.196,50.202,1
39.7,47640.0,75.7,23,2813.27,94,2,1,1.803,80.492,3
42.4,45584.0,37.9,7,12167.82,58,1,0,0.502,92.692,2
19.4,33738.0,73.5,7,178.86,60,1,3,-1.148,5.95,0
22.7,32100.0,68.0,6,604.06,105,0,3,0.337,58.606,0
29.2,32731.0,71.2,6,685.4,4,3,2,0.566,79.644,0
18.9,24560.0,82.7,5,828.18,10,2,1,1.831,38.243,0
18.0,27007.0,58.9,5,25.07,106,2,0,0.682,39.215,0
23.2,23050.0,71.4,5,605.7,108,3,0,-0.88,79.146,0
44.8,59573.0,24.6,7,12228.21,40,0,2,-0.659,3.494,1
29.8,31421.0,73.3,3,578.23,104,2,3,-1.211,20.725,0
38.2,39559.0,76.5,15,3763.48,28,1,1,-0.418,97.423,3
23.4,34557.0,85.9,5,600.11,66,1,0,-0.801,61.487,0
59.4,62986.0,74.8,12,5872.26,91,1,0,0.013,81.77,2
38.4,85880.0,41.0,11,19107.32,93,0,2,0.677,78.178,1
37.9,58584.0,85.0,16,3180.9,6,1,1,0.801,86.295,3
25.8,28471.0,84.0,10,532.39,23,2,1,0.606,61.122,0
32.5,70651.0,6.1,7,16326.96,76,4,0,-0.843,16.57,1
26.6,53836.0,91.8,28,3947.92,105,4,0,-0.54,58.675,3
40.7,48957.0,69.0,23,4169.09,72,0,2,-2.449,32.629,3
37.6,30824.0,83.2,25,3139.33,74,0,0,0.751,77.875,3
37.9,54102.0,37.1,10,16071.82,81,3,2,-0.226,65.859,1
26.8,30785.0,85.7,4,403.15,65,2,1,-1.287,13.073,0
49.1,42358.0,40.7,7,8192.31,67,0,1,1.086,82.692,2
42.8,45681.0,91.6,29,3439.77,108,4,2,-0.641,53.569,3
57.0,64911.0,45.8,10,11502.54,46,1,3,1.271,64.711,2
55.2,68898.0,59.8,10,8639.44,28,2,3,-0.204,23.633,2
31.5,81952.0,39.8,8,14838.57,106,1,1,-0.546,60.706,1
45.4,45060.0,78.1,16,3708.8,100,1,2,-0.125,25.583,3
24.2,28079.0,87.5,6,569.71,59,1,3,-0.506,51.476,0
44.8,83647.0,36.2,10,14570.21,48,1,2,-0.888,49.078,1
46.1,47579.0,29.3,13,19613.38,26,1,3,-0.667,73.11,1
57.0,49464.0,61.2,10,9329.87,58,2,2,0.59,8.563,2
25.9,23766.0,90.7,1,711.11,89,3,1,1.481,10.285,0
27.9,28969.0,72.9,2,517.89,98,2,3,0.492,52.723,0
47.6,61780.0,33.6,5,9947.72,67,0,2,-1.077,10.515,2
40.0,66614.0,40.0,13,12612.06,57,1,0,-0.757,79.81,1
54.7,51916.0,50.5,4,11810.73,28,1,3,-0.47,85.384,2
26.7,33200.0,60.3,7,748.42,119,2,3,0.628,28.788,0
35.7,70551.0,30.5,18,18574.69,29,3,3,-0.215,61.807,1
57.1,74359.0,41.1,9,6203.45,13,1,3,1.057,35.389,2
22.2,32640.0,50.5,3,357.06,106,0,3,2.049,15.43,0
38.2,91317.0,33.2,12,21380.86,103,2,0,-0.557,97.881,1
21.9,26875.0,63.4,7,526.63,53,5,2,1.598,78.699,0
31.9,26995.0,60.0,7,514.55,20,4,0,-1.553,99.676,0
36.4,37646.0,76.2,17,5276.85,119,1,1,0.474,5.387,3
40.4,70335.0,29.8,12,16781.88,22,2,0,1.541,26.945,1
44.6,45289.0,89.8,20,4081.38,13,3,3,-0.123,9.587,3
53.2,89484.0,24.5,12,16607.11,72,1,1,0.849,41.56,1
60.8,43508.0,50.5,5,6740.03,57,2,2,0.631,68.311,2
31.5,65700.0,72.9,23,4017.72,106,3,0,1.135,69.446,3
55.2,45923.0,73.8,5,7955.56,83,1,1,0.287,96.19,2
38.2,67598.0,31.5,5,20182.05,69,3,1,0.352,69.235,1
51.9,85161.0,36.2,14,13885.26,69,2,3,-0.851,56.355,1
40.9,86816.0,34.2,16,15437.64,98,2,2,1.424,15.56,1
36.0,39797.0,91.6,16,3992.41,49,1,0,0.789,83.87,3
37.1,58317.0,78.3,21,3379.49,98,0,3,0.94,30.514,3
33.0,27464.0,74.1,19,4816.53,11,2,1,-1.278,26.009,3
25.9,26158.0,45.6,4,879.38,118,3,1,-0.153,25.295,0
58.6,55819.0,50.3,7,8843.83,102,1,0,-0.453,45.575,2
39.2,42039.0,89.0,19,2734.84,7,4,3,-0.48,1.163,3
31.8,30616.0,75.6,6,442.36,16,4,2,1.921,29.568,0
25.8,33412.0,74.5,2,386.13,18,0,2,-0.005,62.015,0
62.5,56891.0,41.8,8,8042.66,70,1,2,0.155,51.774,2
65.3,70819.0,58.0,8,8160.16,114,0,0,1.056,17.757,2
37.7,48339.0,83.4,28,2722.37,117,1,1,0.616,69.351,3
28.1,19515.0,60.4,5,235.94,115,3,0,0.202,86.268,0
37.6,41077.0,92.3,12,3260.47,65,1,3,1.008,82.34,3
25.9,19019.0,85.2,6,697.59,87,4,0,0.614,98.808,0
24.0,26297.0,93.1,3,590.1,50,2,0,0.449,98.461,0
29.8,26878.0,72.6,8,706.95,102,1,0,-0.457,86.418,0
35.6,31322.0,79.9,23,2687.02,8,2,3,-0.644,58.539,3
54.3,70247.0,43.6,12,4038.78,76,4,2,0.048,82.091,2
56.5,54948.0,51.3,10,7645.85,69,1,1,-0.168,98.543,2
39.5,80145.0,25.8,11,15745.37,55,1,3,1.2,50.948,1
44.3,45504.0,76.1,19,3419.69,43,1,0,0.284,29.86,3
38.4,83123.0,21.6,13,13906.61,91,1,2,2.386,54.504,1
38.1,38564.0,79.0,26,5243.14,109,4,0,-0.909,86.8,3
41.3,75164.0,27.3,9,14266.4,114,2,0,-0.323,37.263,1
39.8,78020.0,36.6,12,14135.6,21,2,2,-0.646,22.034,1
43.7,86124.0,35.5,6,11755.09,47,2,2,-0.638,51.04,1
40.5,66891.0,42.6,14,14873.33,63,4,1,-0.523,91.113,1
49.2,44217.0,45.5,9,8646.76,43,2,1,1.202,19.307,2
61.4,70100.0,59.9,10,10497.14,37,1,2,1.201,43.614,2
21.5,29722.0,83.5,6,614.02,77,2,0,2.065,52.266,0
36.4,48037.0,91.0,25,3411.9,62,1,1,-0.324,44.235,3
34.3,81873.0,8.5,12,10734.82,83,2,1,-0.108,13.292,1
48.9,68351.0,67.2,8,6457.54,59,3,2,1.011,9.109,2
39.3,45070.0,75.5,27,3494.17,59,4,0,-1.406,25.193,3
52.5,76420.0,74.3,5,5685.32,13,4,0,0.338,35.357,2
22.2,35365.0,70.3,2,649.95,86,2,3,2.013,9.974,0
29.5,33909.0,75.1,10,2055.81,46,4,2,0.755,42.794,3
58.7,50707.0,44.2,10,11329.29,32,4,0,0.1,40.817,2
41.7,67639.0,35.2,13,14156.75,67,0,0,-1.019,68.88,1
22.1,31006.0,80.6,3,626.61,73,5,3,0.614,47.384,0
28.0,49701.0,78.8,30,2264.87,102,5,2,-0.748,76.708,3
58.8,67155.0,56.2,8,4128.88,112,1,3,0.056,50.962,2
57.2,42763.0,61.8,9,10649.65,23,4,1,-0.507,90.145,2
35.7,41693.0,78.2,17,2066.11,113,3,3,0.996,67.539,3
33.0,53933.0,78.7,21,3956.46,26,2,0,0.198,88.364,3
20.4,37091.0,75.7,3,380.35,71,1,3,-0.964,5.601,0
33.7,72532.0,34.3,14,11954.92,10,2,0,0.172,94.005,1
23.8,26399.0,73.5,5,492.83,62,0,0,-1.026,3.901,0
53.4,56216.0,68.1,7,8198.19,5,1,3,1.51,94.692,2
26.6,23335.0,71.4,7,926.69,118,0,1,1.577,74.15,0
59.6,36447.0,60.3,11,11415.97,80,1,1,-0.076,77.51,2
36.0,44987.0,84.4,25,3620.5,73,2,3,0.2,20.547,3
37.9,43092.0,88.7,21,3289.15,50,3,0,1.408,67.826,3
42.8,95672.0,13.0,12,17427.83,116,2,3,-1.372,62.432,1
30.1,50663.0,71.1,22,3280.74,25,3,1,0.284,30.836,3
23.1,22850.0,79.4,1,350.54,117,1,3,-0.763,46.213,0
34.5,35755.0,87.7,16,3872.58,39,0,1,-1.464,72.31,3
27.0,30963.0,75.0,6,579.27,38,1,3,0.277,57.532,0
41.1,84614.0,44.3,9,12219.54,15,5,1,1.233,25.133,1
40.4,55791.0,69.9,20,1305.47,32,2,0,-0.919,13.084,3
28.0,26796.0,51.0,8,551.19,61,1,1,1.49,18.971,0
18.0,30258.0,95.5,3,351.43,64,0,1,-0.03,96.821,0
50.9,46583.0,58.4,13,7688.96,52,1,0,0.209,14.125,2
57.9,50572.0,59.2,7,10846.5,99,1,2,-0.491,40.909,2
60.0,48695.0,60.6,13,5907.01,24,2,2,0.913,55.928,2
61.1,45227.0,53.6,14,7011.17,100,0,0,-0.273,43.81,2
65.1,53980.0,62.6,11,5212.03,40,2,1,0.183,8.022,2
49.3,108864.0,49.1,8,8837.19,57,4,0,-0.82,61.855,1
40.2,87944.0,45.2,8,15507.31,41,4,2,-0.995,30.374,1
25.2,29794.0,66.7,4,602.82,114,1,0,-1.025,77.504,0
37.6,46437.0,69.1,22,4251.96,90,2,3,-1.635,62.377,3
54.0,54184.0,64.0,9,9548.08,101,2,2,-0.989,94.554,2
37.1,75896.0,44.6,13,11154.39,41,5,0,-0.471,13.147,1
40.2,62986.0,14.4,12,19302.17,23,1,0,-0.309,52.831,1
40.9,43975.0,75.9,14,2323.56,19,2,1,0.683,94.216,3
28.4,30881.0,45.9,4,702.36,46,2,1,-1.42,48.435,0
54.1,58707.0,78.7,5,8394.67,11,2,2,-1.281,31.872,2
56.2,48883.0,47.5,4,9766.07,51,3,0,-0.721,84.178,2
53.0,57278.0,46.2,13,6487.31,47,0,0,0.398,6.233,2
26.7,25358.0,79.9,2,261.56,18,3,2,-0.789,66.154,0
39.2,49773.0,90.1,10,2493.45,92,4,2,-0.961,26.227,3
41.4,41430.0,85.6,16,3616.19,79,5,1,-0.109,15.079,3
52.6,36896.0,57.0,14,9078.48,106,3,1,2.131,93.827,2
52.4,70325.0,45.4,9,2776.06,40,5,0,0.037,74.287,2
28.5,40407.0,86.5,22,1672.89,32,2,2,-0.977,87.603,3
58.3,49852.0,45.5,7,9503.12,79,4,0,0.319,53.209,2
23.5,27489.0,88.0,5,271.3,62,3,0,-1.309,25.095,0
60.0,52655.0,58.4,7,6791.8,43,2,0,2.022,57.597,2
57.9,43026.0,75.0,14,8518.62,37,3,3,1.293,96.903,2
43.6,61688.0,32.0,11,8658.89,67,3,1,0.071,17.82,1
52.7,61905.0,48.6,5,9021.48,40,0,0,0.48,89.679,2
35.6,51941.0,68.4,23,3071.23,51,3,1,1.235,44.129,3
39.2,44708.0,64.4,18,3948.17,76,2,1,-0.257,43.316,3
40.5,86110.0,23.5,6,11341.08,16,2,3,0.366,47.55,1
26.3,29954.0,71.6,2,638.52,69,3,0,-0.266,85.027,0
32.5,46453.0,89.6,20,2973.47,47,2,2,-0.172,57.573,3
39.2,40382.0,77.8,26,2832.05,5,5,3,-2.547,74.799,3
23.2,10000.0,64.3,1,416.93,108,2,3,2.041,59.35,0
35.3,52770.0,83.3,25,2554.69,89,4,2,0.274,10.649,3
44.4,36939.0,71.8,14,2809.17,56,2,2,1.388,66.95,3
54.7,43164.0,57.2,9,9047.79,116,1,0,-1.286,27.134,2
48.7,61122.0,62.9,8,7164.44,11,4,2,-0.192,8.36,2
39.2,80532.0,39.5,11,12556.41,40,2,3,0.803,17.0,1
24.6,31584.0,72.8,3,431.59,10,3,0,-0.111,63.005,0
42.2,61799.0,33.5,14,13166.72,101,2,3,2.257,78.862,1
50.1,33058.0,71.1,24,2447.73,8,1,0,0.379,32.812,3
27.4,36853.0,70.7,2,388.77,84,1,0,0.694,43.434,0
38.1,64671.0,26.3,6,10700.42,101,1,2,-0.528,40.912,1
33.4,91251.0,34.8,12,7811.16,99,0,0,-0.503,47.629,1
60.5,50284.0,65.3,13,8479.52,29,1,3,-0.525,47.398,2
33.0,46300.0,74.7,17,3280.3,33,1,0,1.581,0.358,3
39.2,100339.0,31.9,4,21588.78,91,1,0,0.721,84.732,1
33.9,81273.0,57.1,16,15350.48,46,3,3,0.078,37.788,1
49.9,42517.0,66.5,12,8286.49,71,1,1,0.588,70.112,2
44.4,91259.0,27.5,11,12255.32,23,3,0,-0.581,6.989,1
28.9,26003.0,72.9,5,674.14,50,0,3,-2.038,90.287,0
38.5,89998.0,24.4,7,16386.38,91,2,0,0.663,82.366,1
20.6,26043.0,66.8,5,314.97,5,2,2,-2.145,66.154,0
23.7,23166.0,58.8,5,704.39,42,3,1,0.277,2.351,0
39.7,71736.0,29.9,11,16063.22,11,3,1,0.078,85.73,1
36.3,67535.0,40.3,18,12272.71,117,2,3,-0.478,72.465,1
37.5,52421.0,69.3,12,3153.95,73,2,1,-1.549,94.67,3
45.8,78207.0,28.4,14,19483.83,109,2,2,1.178,82.809,1
54.6,51413.0,53.4,5,12704.31,1,3,3,-0.929,95.229,2
63.1,49998.0,36.6,7,12028.61,62,3,0,-0.787,45.799,2
23.4,22706.0,76.6,4,511.64,44,7,2,0.605,83.063,0
46.0,55386.0,61.1,6,5501.35,93,4,1,-0.341,53.276,2
34.1,28566.0,63.8,5,631.51,69,4,3,0.519,96.484,0
39.8,49976.0,91.1,18,3879.03,80,2,3,-0.884,3.386,3
18.9,27458.0,57.3,5,532.36,78,3,1,1.303,27.634,0
39.3,70641.0,27.6,13,10771.92,40,3,3,-0.921,4.9,1
27.9,30323.0,54.1,3,839.47,64,3,2,0.432,47.243,0
36.0,38335.0,71.2,13,2777.85,17,3,1,-0.818,76.86,3
42.6,63803.0,68.6,5,6626.59,73,1,2,0.434,59.582,2
52.7,54204.0,59.4,5,11754.34,115,3,3,0.058,78.345,2
25.7,32798.0,86.1,4,487.4,32,1,1,-0.72,52.112,0
52.6,44176.0,53.2,9,11546.57,97,2,0,-0.721,5.375,2
25.9,21549.0,66.8,5,584.17,42,1,2,0.221,84.541,0
37.9,41839.0,81.3,22,2960.67,7,4,3,0.934,51.836,3
21.2,29882.0,82.7,1,462.65,39,2,2,-1.219,72.136,0
22.3,31032.0,66.9,6,789.44,85,4,2,1.311,29.444,0
21.9,30463.0,75.2,4,516.67,15,3,2,0.115,99.694,0
40.6,78696.0,40.4,11,10012.6,98,2,0,-1.034,39.018,1
56.2,63916.0,58.2,10,7150.72,4,0,3,1.267,89.744,2
26.8,27619.0,74.7,3,267.46,12,4,2,0.199,17.8,0
26.7,38303.0,82.7,16,2266.75,98,0,3,-0.038,68.235,3
40.6,88441.0,23.8,12,7722.16,60,4,3,1.045,48.317,1
61.1,57071.0,30.9,9,8567.63,118,1,3,0.753,97.872,2
33.5,80481.0,24.8,15,20054.2,88,2,2,-1.07,67.491,1
35.5,34969.0,43.0,12,22320.5,55,1,2,0.728,21.556,1
61.0,64138.0,56.9,2,4666.61,53,3,1,1.989,35.47,2
18.4,23579.0,87.0,0,622.53,85,0,3,-1.375,51.945,0
22.9,25564.0,77.0,5,341.01,38,3,3,-0.029,87.114,0
35.3,45100.0,85.9,16,3398.08,59,4,0,1.307,50.651,3
35.8,47744.0,77.1,23,3125.15,107,0,1,-0.461,8.075,3
46.0,82673.0,26.0,15,15391.16,113,3,3,-2.522,14.107,1
39.8,85714.0,40.1,5,12524.09,41,2,2,0.677,45.613,1
59.7,50276.0,63.4,7,5138.02,92,2,3,0.897,13.24,2
49.4,78035.0,17.1,8,13799.04,3,4,0,-0.102,41.707,1
26.1,29541.0,65.1,7,355.29,65,3,3,-1.401,30.535,0
21.0,27614.0,76.5,7,512.52,40,1,0,1.045,2.638,0
52.5,43842.0,57.3,5,8639.86,11,3,2,0.548,97.547,2
51.9,55246.0,33.1,13,13575.06,116,2,1,-0.647,75.49,2
28.1,26300.0,57.2,7,299.78,84,3,2,-0.052,60.451,0
24.8,27625.0,75.3,4,122.82,70,1,3,1.923,29.279,0
23.3,28144.0,79.9,10,805.49,60,0,1,-1.752,15.836,0
58.3,44709.0,33.4,7,9940.22,118,1,0,0.838,39.814,2
20.7,26984.0,85.1,4,82.85,43,3,1,-0.418,1.226,0
32.6,25982.0,81.6,9,422.66,103,2,3,-0.308,54.433,0
34.1,39416.0,77.8,23,2686.99,41,0,0,-0.859,0.344,3
25.8,28970.0,64.9,3,603.1,36,4,1,-0.542,29.47,0
57.7,62869.0,61.7,7,6857.9,24,3,3,0.412,16.777,2
20.0,28804.0,84.9,7,823.76,57,1,3,-0.017,88.511,0
25.7,25246.0,76.4,5,708.4,119,0,0,-0.084,86.21,0
28.8,41353.0,59.2,7,0.0,55,1,0,-0.007,77.842,0
58.9,49872.0,40.5,6,7113.06,110,4,1,-0.184,72.504,2
35.6,49222.0,79.5,24,1923.17,94,3,3,0.77,78.592,3
38.9,57086.0,66.1,14,3678.91,107,1,0,-0.145,11.069,3
44.6,66148.0,39.5,7,17381.29,42,1,0,-0.981,74.416,1
53.5,49308.0,57.0,10,4482.36,1,8,3,-0.948,84.882,2
28.1,22490.0,63.0,1,306.05,90,2,0,1.225,25.549,0
42.7,64181.0,19.5,7,8824.94,74,1,3,-1.01,59.666,1
31.0,48014.0,73.8,26,1897.58,84,1,3,0.275,55.817,3
25.9,27128.0,78.6,3,684.3,81,3,3,0.016,24.24,0
18.0,24372.0,82.7,8,467.97,80,0,0,0.251,3.941,0
27.4,29787.0,60.2,2,202.21,96,2,1,-0.437,90.159,0
26.2,29671.0,74.9,6,453.01,9,4,1,0.089,56.953,0
27.6,30406.0,83.7,7,403.97,95,1,1,0.244,45.433,0
48.4,55176.0,70.1,9,7603.39,27,1,1,-1.106,86.456,2
38.1,70550.0,20.6,14,17432.6,22,1,1,-0.921,71.913,1
30.7,41724.0,84.0,24,1784.61,113,2,1,-0.228,17.446,3
39.9,44876.0,73.8,24,3039.15,47,2,3,0.592,49.722,3
33.3,79023.0,22.7,13,11700.16,85,6,1,-0.946,64.091,1
35.0,86325.0,7.6,16,14589.23,37,1,2,-0.416,70.78,1
38.3,86095.0,31.9,17,10254.31,106,1,2,0.277,60.785,1
45.4,44050.0,57.9,7,7966.13,42,3,2,0.369,47.971,2
43.9,73066.0,31.2,7,12457.16,25,3,3,-1.109,0.538,1
58.1,49422.0,65.4,7,7907.56,3,0,1,-0.767,35.038,2
41.5,73803.0,32.6,12,13484.32,3,0,1,-0.272,59.261,1
50.3,47672.0,44.8,9,7449.18,68,1,2,1.662,45.775,2
40.7,67250.0,24.5,13,20306.86,118,4,0,1.002,1.635,1
40.4,54278.0,25.3,9,10522.15,45,1,2,-0.642,2.537,1
38.8,46038.0,72.5,19,2953.82,106,3,3,1.944,94.614,3
29.7,49312.0,66.5,25,3027.84,37,1,2,-0.183,23.045,3
27.6,23449.0,60.9,3,443.33,34,3,2,0.806,75.714,0
22.9,44127.0,84.2,17,3076.37,60,1,2,-0.947,61.491,3
43.7,101880.0,34.2,13,15062.06,74,2,0,-1.628,72.141,1
34.0,64733.0,79.7,23,3050.91,111,3,2,0.601,2.78,3
27.9,35539.0,65.7,16,2847.97,95,2,1,1.518,17.334,3
38.0,73367.0,33.1,16,15234.16,89,3,1,0.182,63.027,1
30.4,13319.0,90.8,5,510.27,2,3,3,-2.064,8.968,0
44.6,68405.0,31.2,11,18848.99,73,1,3,0.372,76.487,1
57.0,59233.0,69.5,13,8199.27,94,2,1,-0.078,98.141,2
52.7,53382.0,66.1,7,6797.84,89,2,1,-1.171,51.02,2
40.3,79286.0,31.6,16,22148.9,95,0,2,0.073,38.096,1
21.6,29416.0,69.2,11,601.83,29,2,2,-1.571,6.175,0
32.2,32591.0,78.8,21,3704.8,14,0,1,-0.329,20.45,3
38.9,49051.0,85.0,14,2231.28,28,1,2,-1.321,99.075,3
58.5,44226.0,58.0,6,8262.97,8,3,2,-0.351,23.054,2
18.8,21724.0,77.4,5,1036.12,39,5,2,0.871,8.909,0
36.9,71027.0,9.7,16,19513.37,43,2,1,-0.35,91.956,1
23.7,27999.0,85.8,9,750.69,37,4,3,0.717,61.35,0
26.5,29175.0,95.5,14,3375.68,27,2,2,-1.224,8.606,3
22.5,36499.0,57.6,5,571.53,53,0,0,0.428,52.431,0
59.5,60579.0,68.2,5,5630.47,73,0,1,-0.031,64.105,2
38.8,81249.0,36.6,15,13206.47,77,3,0,-0.066,49.817,1
56.7,55248.0,35.9,4,6960.8,63,1,1,-0.332,68.346,2
47.2,57461.0,50.2,13,8991.03,41,1,1,-1.876,27.107,2
44.6,39554.0,84.4,21,3734.47,20,3,2,0.364,2.905,3
20.2,17280.0,67.4,5,289.73,56,2,3,-0.878,95.922,0
20.7,28512.0,70.5,6,525.47,16,2,3,-0.672,65.866,0
31.7,24851.0,63.9,7,379.63,74,1,2,0.676,17.113,0
31.2,42720.0,77.6,23,2826.89,25,3,3,-1.212,1.208,3
30.3,48536.0,82.6,22,1644.34,67,4,3,-0.602,21.905,3
49.7,51987.0,55.0,4,9828.73,79,0,0,-0.05,42.409,2
57.1,53155.0,49.7,11,6289.5,1,0,1,-0.405,97.14,2
59.2,61778.0,41.9,5,9563.81,113,2,2,-0.583,72.144,2
25.9,30609.0,82.7,7,316.17,56,4,0,0.019,28.473,0
37.4,47474.0,74.7,22,4169.92,15,6,0,0.365,83.197,3
30.3,68709.0,20.2,11,15931.9,80,2,1,1.67,69.483,1
44.9,79036.0,34.4,16,3489.03,75,2,0,1.053,51.603,1
59.2,70931.0,55.6,11,5299.52,65,2,2,1.43,6.76,2
26.4,31974.0,63.3,6,492.54,83,4,2,-0.092,59.733,0
32.0,12529.0,75.9,1,620.27,10,2,3,-0.285,12.008,0
60.2,45227.0,49.9,8,5134.02,72,1,2,0.23,84.411,2
20.3,27887.0,79.4,3,470.77,84,1,3,0.437,16.393,0
50.2,52076.0,47.3,8,7698.73,73,1,3,-0.47,27.001,2
33.3,35286.0,81.0,5,413.75,7,1,1,-0.847,32.103,0
43.0,78525.0,40.9,16,18607.7,114,2,1,-1.63,77.324,1
45.5,82115.0,32.9,12,14437.42,58,0,3,1.101,43.84,1
43.6,65973.0,19.4,16,12714.96,12,1,1,0.455,85.285,1
53.6,64315.0,68.3,14,12348.81,56,3,1,1.555,36.286,2
37.4,102817.0,48.7,17,25907.9,23,2,3,0.195,25.864,1
52.7,53991.0,48.7,8,11288.87,103,2,0,-2.019,89.47,2
39.5,60817.0,38.4,16,15659.35,105,2,3,0.89,82.539,1
52.8,57489.0,99.7,3,10668.0,64,1,2,0.513,71.73,2
39.9,50785.0,71.8,16,4194.79,100,1,1,0.255,15.787,3
55.5,49312.0,56.3,12,10472.18,90,2,2,0.463,23.505,2
26.0,30270.0,69.4,6,179.68,64,2,1,-1.449,95.035,0
29.4,25674.0,77.9,3,1010.7,40,5,0,0.986,38.001,0
32.9,82177.0,27.5,8,11760.51,74,1,1,-1.497,66.442,1
51.0,51647.0,66.5,6,7674.1,89,4,2,0.625,31.151,2
22.6,20491.0,85.5,5,594.45,94,1,3,0.23,35.954,0
47.0,88977.0,25.7,18,23311.61,107,1,2,-2.218,31.475,1
58.0,45609.0,54.1,7,7415.61,101,1,2,-1.957,29.769,2
46.6,74665.0,10.1,17,18247.92,106,3,1,0.259,95.95,1
35.9,48031.0,82.7,21,2880.63,33,3,2,-1.941,87.107,3
31.4,35580.0,67.8,4,263.02,51,3,0,0.739,73.834,0
27.3,20868.0,86.9,6,483.92,62,1,3,-1.786,56.402,0
57.5,44917.0,40.2,10,8970.15,108,1,3,-0.677,92.823,2
40.4,69097.0,43.1,14,20151.83,100,3,1,0.705,78.387,1
62.0,52977.0,66.4,5,7227.74,116,1,2,-0.9,85.93,2
37.8,96966.0,37.3,7,14783.62,107,0,3,-0.7,75.048,1
27.0,26196.0,95.2,2,817.1,117,1,3,-0.842,91.425,0
37.8,32485.0,77.4,19,2455.46,3,2,2,0.195,59.53,3
32.7,40989.0,87.0,19,2271.08,96,3,2,1.433,57.317,3
55.4,68649.0,64.0,13,6501.84,35,3,2,0.758,53.724,2
39.3,88290.0,35.8,16,16981.08,18,4,1,-1.138,77.939,1
57.2,53906.0,62.6,2,8962.42,30,3,3,0.209,8.966,2
40.2,53673.0,32.9,12,17527.32,57,3,2,-0.825,80.865,1
31.5,31685.0,93.3,6,430.38,19,1,0,2.167,34.773,0
36.2,37185.0,94.4,19,3585.89,76,2,0,0.97,86.458,3
31.4,32620.0,85.4,4,396.01,34,2,1,-1.146,49.748,0
31.1,39872.0,75.0,16,3422.12,4,2,0,0.438,52.744,3
36.4,65120.0,34.5,8,9655.66,24,1,3,1.68,80.898,1
22.9,26044.0,72.1,6,695.13,71,2,0,1.218,50.208,0
57.4,36857.0,46.0,10,8010.18,112,2,2,1.9,32.894,2
20.8,33331.0,74.7,20,2518.6,81,8,0,1.456,8.216,3
55.8,58114.0,31.8,10,9374.38,47,4,1,0.801,93.774,2
40.5,51381.0,80.0,29,2649.75,103,3,3,0.219,73.515,3
57.4,60890.0,55.3,13,8364.51,114,2,1,-0.617,62.408,2
58.3,58974.0,66.0,12,5869.87,24,3,1,0.792,74.592,2
35.3,39944.0,88.1,16,3401.13,16,1,2,0.559,72.457,3
26.8,24154.0,62.3,3,526.33,25,3,0,-1.083,7.415,0
32.5,95530.0,23.2,13,13602.62,83,0,2,1.46,11.284,1
20.4,19935.0,75.2,2,934.31,26,2,2,-0.79,55.678,0
40.8,42035.0,79.2,13,2350.23,33,1,1,0.736,74.017,3
38.1,30208.0,74.0,21,3811.28,78,2,3,-0.038,30.081,3
19.6,32831.0,79.8,0,649.3,108,5,2,-1.032,92.574,0
60.6,53994.0,42.8,10,6130.48,87,0,2,1.917,17.353,2
24.9,51766.0,77.5,21,3275.97,95,2,2,-0.942,78.48,3
22.9,37065.0,76.4,7,673.82,19,1,3,-0.629,14.268,0
61.7,52300.0,76.7,7,11567.59,30,3,1,0.164,22.709,2
39.4,31619.0,91.3,18,2241.91,55,4,3,-1.401,42.096,3
25.5,21921.0,76.7,5,330.69,111,2,1,0.932,48.592,0
47.5,76908.0,51.2,14,7179.33,26,2,1,-0.171,28.174,2
39.1,67014.0,37.9,12,10957.98,72,1,1,1.712,19.336,1
38.2,49277.0,79.0,25,2798.45,86,1,2,1.568,96.905,3
29.3,44936.0,81.9,17,2883.25,27,1,1,1.508,87.077,3
29.9,29301.0,78.3,20,3459.69,94,0,2,0.22,60.493,3
45.5,50856.0,37.5,11,20705.62,98,4,0,-2.409,75.834,1
36.0,45781.0,82.4,33,4359.54,66,2,2,1.722,41.65,3
24.0,37779.0,67.5,21,2566.68,77,1,0,0.064,72.309,3
44.5,78442.0,27.1,11,20965.52,74,0,1,1.193,27.301,1
39.6,57320.0,72.0,23,3162.39,89,0,3,-2.104,15.84,3
33.7,29566.0,78.3,5,447.29,97,3,1,-1.866,73.348,0
49.7,39258.0,64.5,2,8006.57,41,1,2,0.34,86.622,2
25.9,19028.0,71.4,2,366.94,27,3,2,0.34,22.577,0
29.1,22394.0,76.2,12,509.67,93,2,2,-0.103,76.472,0
29.4,32441.0,61.4,4,459.37,57,6,2,-1.032,61.239,0
56.8,60075.0,38.3,4,9297.66,116,2,2,0.405,92.24,2
39.9,75991.0,37.7,19,19659.72,91,3,0,-0.218,97.365,1
63.7,68843.0,65.6,10,7373.32,39,1,2,-0.708,64.765,2
28.4,28477.0,88.2,7,556.5,16,1,2,0.338,65.032,0
43.8,76980.0,31.8,10,20976.51,53,4,2,-1.059,81.707,1
54.4,65774.0,51.0,10,6367.34,107,2,3,0.4,94.111,2
48.2,45408.0,74.6,23,2006.73,93,3,0,0.191,18.802,3
32.0,55732.0,17.4,11,15970.38,35,1,1,-1.351,30.792,1
54.8,49007.0,63.8,11,9140.01,46,3,0,0.669,36.521,2
30.8,48408.0,100.0,15,4023.79,80,1,3,-1.013,8.477,3
58.5,56496.0,54.8,10,6080.62,15,3,2,-0.484,23.826,2
27.0,36258.0,64.2,11,767.72,27,3,0,-1.356,25.949,0
31.0,27399.0,55.4,4,610.15,97,2,1,-0.883,73.044,0
27.0,39494.0,69.2,13,2800.02,89,4,1,-0.256,27.394,3
23.4,24421.0,75.2,5,425.89,33,4,3,0.242,47.616,0
39.5,38170.0,76.6,25,3622.27,76,3,2,-1.872,97.78,3
53.0,58637.0,53.8,4,8288.11,78,3,3,-1.04,65.132,2
33.8,57983.0,85.6,15,1268.09,10,2,0,-0.588,30.089,3
39.1,50570.0,74.9,23,2743.54,42,0,1,-0.993,64.121,3
21.4,57453.0,79.2,18,3725.01,37,2,1,0.782,23.957,3
46.7,39288.0,39.7,9,14531.33,12,1,1,0.613,19.997,1
40.2,51108.0,77.1,23,3242.91,61,1,3,-1.229,38.92,3
41.5,76573.0,15.1,5,18259.16,111,3,1,-1.55,14.468,1
37.8,56187.0,34.0,11,11042.69,85,1,3,0.63,40.39,1
61.8,50543.0,48.6,9,8796.46,100,2,0,2.046,86.051,2
44.5,52469.0,69.7,26,2262.71,71,4,1,1.46,45.795,3
30.7,50172.0,71.3,14,3989.9,76,2,1,-0.025,18.38,3
36.4,38956.0,94.3,18,2807.57,20,2,0,-0.276,26.869,3
41.7,58605.0,40.9,19,17082.26,34,3,1,0.703,43.272,1
41.8,70032.0,29.8,12,17488.12,95,1,1,-0.09,50.908,1
50.5,45943.0,66.0,7,9052.33,6,2,1,-0.346,66.78,2
28.4,23831.0,76.8,6,853.92,109,1,1,1.085,85.714,0
25.8,26375.0,70.7,2,567.81,42,2,3,-1.283,21.161,0
42.5,109164.0,26.7,11,12317.45,4,1,3,-0.635,76.868,1
38.9,69389.0,30.2,16,13697.0,16,5,1,1.012,65.663,1
34.3,66304.0,17.1,11,11653.82,104,0,2,-0.214,38.597,1
24.7,26417.0,74.6,8,830.45,94,2,2,-0.687,17.334,0
26.7,34970.0,83.9,7,325.4,32,0,2,-1.783,75.556,0
26.7,23908.0,83.8,5,288.01,28,1,2,-0.106,22.394,0
33.1,25025.0,84.5,23,3003.58,67,1,1,0.709,49.227,3
42.5,76160.0,17.5,15,21403.29,48,0,0,-2.02,42.891,1
35.9,75474.0,56.6,9,15277.88,59,2,0,0.364,71.515,1
51.9,47156.0,76.7,9,7512.13,114,0,1,1.664,59.963,2
26.8,27225.0,81.9,7,449.49,67,1,0,0.924,24.879,0
33.4,43556.0,82.5,10,2530.43,91,2,3,-0.223,74.956,3
43.1,49382.0,80.9,31,3070.1,51,2,1,0.691,68.303,3
30.4,30933.0,75.9,3,605.78,41,2,3,0.437,59.871,0
32.6,96128.0,24.8,8,17179.83,93,1,2,-1.054,5.456,1
37.0,49053.0,89.9,18,3452.04,109,1,2,1.304,95.14,3
30.3,48047.0,80.5,16,4563.79,13,3,1,1.671,3.167,3
38.4,65100.0,26.0,18,11819.61,45,0,1,0.095,79.811,1
55.6,50422.0,61.0,7,9419.25,64,3,0,0.221,21.284,2
19.9,37073.0,65.0,7,602.35,111,1,2,0.9,0.17,0
36.4,45080.0,79.6,22,3016.25,52,2,2,0.919,3.502,3
26.2,36273.0,77.5,7,735.63,75,3,1,0.415,6.711,0
36.8,39624.0,75.9,20,3733.43,8,4,2,-1.626,88.632,3
53.7,53678.0,28.7,5,7304.97,108,1,0,-1.876,75.04,2
50.1,55294.0,47.5,5,8042.67,37,0,3,0.332,49.671,2
55.4,73876.0,54.5,11,9096.06,29,0,1,0.047,90.938,2
27.8,24786.0,56.7,5,537.58,10,2,0,0.091,54.41,0
20.4,30353.0,92.1,3,321.35,119,2,1,0.408,32.806,0
24.6,26537.0,72.9,1,530.94,119,2,0,-0.906,0.608,0
21.8,18055.0,100.0,5,541.25,47,2,3,-0.471,79.861,0
36.9,54331.0,87.7,26,2651.78,39,2,0,1.462,96.65,3
41.7,66053.0,19.9,14,15984.32,71,3,0,-0.342,15.117,1
23.1,37190.0,79.5,7,791.29,72,0,2,-1.366,97.315,0
43.5,40274.0,89.1,23,3210.92,102,1,0,-0.921,23.022,3
38.3,51274.0,86.0,22,3271.83,90,5,1,0.92,57.127,3
31.8,36496.0,73.7,15,2797.53,2,2,1,1.611,18.698,3
32.5,42793.0,74.5,22,2938.64,100,1,2,-0.465,27.716,3
33.2,36191.0,72.1,5,648.68,99,3,2,0.149,98.823,0
34.1,100191.0,21.6,14,25568.91,11,1,2,1.337,40.568,1
33.2,42105.0,80.1,19,4196.24,114,4,3,-0.228,32.43,3
60.2,49709.0,56.4,7,6212.15,24,1,1,-0.908,60.352,2
20.3,30687.0,78.8,2,282.13,29,2,2,1.248,5.429,0
25.8,51851.0,77.1,25,1557.19,53,2,3,1.43,19.945,3
32.6,31880.0,76.7,4,684.51,87,1,1,-1.855,94.388,0
25.6,30939.0,79.5,6,1265.96,5,1,2,-0.161,86.715,0
56.3,38876.0,55.7,13,12791.81,24,0,3,-0.134,47.629,2
57.7,53535.0,73.8,8,7899.44,78,2,1,-0.025,75.577,2
48.8,61186.0,36.0,9,8689.4,81,0,3,0.366,33.224,2
23.4,32360.0,83.2,5,252.06,39,5,0,0.33,78.784,0
37.5,56347.0,73.1,13,2640.91,44,2,1,0.131,58.774,3
42.7,83467.0,9.1,9,8853.91,65,1,2,0.009,8.129,1
24.1,23602.0,68.6,5,467.74,12,5,2,0.997,58.487,0
43.9,41424.0,76.4,20,2753.22,102,1,2,-0.277,41.173,3
28.7,44049.0,98.9,18,4715.01,53,2,1,-1.571,39.481,3
36.9,48341.0,87.4,21,3499.31,108,8,2,0.067,62.618,3
35.9,57000.0,80.1,18,2905.38,80,3,0,-0.559,24.716,3
44.4,37292.0,59.3,7,8361.33,36,4,0,0.766,65.251,2
55.2,65088.0,53.0,11,10183.26,3,0,3,-0.561,86.532,2
28.9,28083.0,84.9,4,778.22,52,0,1,0.135,82.726,0
35.4,81656.0,29.7,14,14581.61,40,5,2,-0.358,55.079,1
38.8,73482.0,43.2,12,17143.26,69,5,1,0.546,66.15,1
41.5,84299.0,21.7,13,12178.66,32,0,0,0.374,12.637,1
57.9,44201.0,56.7,4,8162.5,17,2,0,-2.138,34.303,2
29.9,96653.0,26.9,15,15100.8,72,1,2,-0.23,12.993,1
23.6,20997.0,100.0,3,146.84,67,2,0,-1.468,80.896,0
24.7,25574.0,94.0,4,402.22,97,6,3,0.491,70.725,0
47.5,61712.0,65.6,7,9863.45,19,3,0,1.022,31.973,2
22.9,26607.0,70.5,3,755.82,55,2,0,0.16,83.318,0
36.8,46847.0,82.4,21,3103.85,106,2,3,0.03,68.469,3
33.0,86150.0,34.7,13,10447.6,56,3,2,0.908,42.569,1
42.0,73470.0,33.7,9,27158.94,48,1,2,-0.833,65.025,1
56.3,38254.0,84.2,8,6645.52,41,1,1,0.051,65.939,2
39.2,58606.0,84.7,17,3648.52,16,1,1,0.983,4.944,3
35.5,74933.0,28.9,10,10631.63,3,3,0,-1.194,80.384,1
52.8,55592.0,61.4,11,9428.69,24,1,3,-0.148,70.819,2
57.0,68743.0,46.7,5,8213.69,107,2,2,0.633,14.031,2
34.9,57321.0,37.6,16,19588.24,26,1,3,1.099,73.759,1
31.7,50385.0,69.1,21,2755.83,75,3,2,0.082,91.499,3
40.5,49411.0,74.4,21,3502.97,27,1,0,-1.577,63.1,3
58.6,57123.0,56.1,9,8747.56,37,5,1,0.017,96.197,2
33.9,36547.0,81.6,21,1348.28,75,2,3,-0.366,40.056,3
28.1,50964.0,79.2,20,3752.65,98,2,3,0.475,54.776,3
53.7,65388.0,48.7,15,9224.19,57,5,2,0.823,87.31,2
28.9,46333.0,88.7,17,3686.0,117,1,0,-1.03,37.151,3
55.9,57898.0,30.8,7,3742.38,60,5,1,1.164,0.588,2
49.9,46931.0,71.3,7,5118.66,70,0,3,-1.02,5.454,2
64.2,54540.0,39.3,5,6872.73,39,1,3,0.367,69.524,2
42.0,55655.0,83.7,17,4217.04,113,2,0,-2.716,64.966,3
26.3,29388.0,67.7,6,449.29,67,4,3,1.85,80.197,0
32.3,36274.0,89.2,24,2068.5,36,4,3,-0.581,9.515,3
25.8,44297.0,83.0,21,2216.56,98,1,0,1.434,76.509,3
22.9,32103.0,78.4,8,789.69,100,2,2,-0.002,77.421,0
30.3,53525.0,78.7,20,2158.21,56,1,3,1.233,80.753,3
21.5,36429.0,82.8,3,358.26,79,2,3,0.313,4.71,0
36.2,79829.0,22.7,12,16489.29,114,2,3,0.576,83.638,1
53.8,62858.0,84.1,10,7559.88,33,2,1,2.537,87.642,2
26.7,29791.0,76.8,4,560.46,33,3,1,1.125,58.038,0
34.6,44140.0,73.4,18,3324.88,5,2,1,-1.663,96.193,3
37.9,60493.0,84.2,13,3696.21,5,1,0,-0.94,51.496,3
61.0,55003.0,53.9,9,11092.83,115,6,2,0.266,81.405,2
30.1,31479.0,82.2,3,78.17,3,1,2,0.903,17.767,0
41.7,79143.0,28.8,14,15274.28,107,0,2,-0.244,38.94,1
60.1,49573.0,27.0,6,8614.23,31,2,2,-0.268,41.427,2
31.9,31583.0,74.2,24,3009.03,47,2,2,0.736,35.574,3
59.8,69429.0,69.4,6,8895.33,28,3,0,-0.698,11.133,2
44.0,70063.0,38.0,5,16301.32,5,0,0,-1.251,40.219,1
50.4,41778.0,61.0,10,8283.3,30,1,3,0.175,95.086,2
50.9,57554.0,64.0,11,8081.55,17,1,3,1.39,57.217,2
28.6,48614.0,86.6,19,5055.11,53,1,3,-1.316,96.269,3
33.3,25405.0,71.2,3,616.55,55,2,2,2.063,69.729,0
39.5,43702.0,87.7,23,3291.74,80,2,0,0.726,41.02,3
54.2,62775.0,31.5,3,11082.28,61,3,0,1.441,31.821,2
35.0,46167.0,86.8,14,3118.44,72,2,1,0.973,9.882,3
42.3,72543.0,45.4,11,7691.36,32,2,2,-0.638,46.188,1
47.4,57262.0,54.5,7,8383.6,55,4,0,0.084,83.091,2
41.5,36217.0,66.5,17,4090.45,15,1,1,1.087,13.638,3
33.4,26242.0,92.1,6,378.03,79,2,0,0.483,92.695,0
25.8,39754.0,77.1,24,1602.82,30,4,0,-0.527,69.137,3
51.0,65234.0,60.7,1,8537.12,104,4,1,1.907,71.577,2
21.8,20312.0,65.7,1,330.34,64,3,3,0.191,61.369,0
37.4,81128.0,37.8,14,15066.02,37,2,0,-1.939,22.999,1
53.5,48241.0,35.8,4,4594.25,104,1,2,-1.412,28.352,2
26.3,24189.0,81.5,4,357.76,33,3,2,0.494,94.007,0
52.1,49866.0,70.4,5,7347.14,25,2,2,0.587,54.087,2
31.2,67919.0,21.5,9,25738.54,81,2,3,-0.656,32.751,1
52.2,51613.0,29.3,11,7882.8,115,1,1,-1.445,2.193,2
30.5,24081.0,66.1,7,435.61,3,3,1,-0.284,40.382,0
30.5,48341.0,85.6,13,2499.29,18,1,1,1.932,9.876,3
33.6,44591.0,82.0,19,2165.25,43,2,0,-0.095,20.473,3
36.0,46589.0,93.1,19,4686.9,54,1,3,-1.581,71.327,3
51.9,61587.0,74.9,12,8642.56,7,5,0,-1.285,6.334,2
24.9,26899.0,62.6,5,445.41,89,4,0,-1.044,0.811,0
38.0,53841.0,88.4,16,2504.2,46,2,3,0.049,56.668,3
18.7,29555.0,71.0,9,683.96,79,0,0,-0.134,61.055,0
26.4,13719.0,72.0,10,397.69,74,3,0,-0.908,20.489,0
36.3,83714.0,43.4,9,15283.42,80,2,2,0.877,95.867,1
38.6,97697.0,26.4,8,7297.55,26,1,2,-0.334,80.952,1
26.0,46030.0,79.2,25,3964.06,21,1,2,0.757,26.324,3
47.6,59752.0,62.0,11,8510.8,60,3,1,0.269,97.044,2
45.6,72723.0,33.5,16,14423.17,61,3,2,-1.136,38.14,1
43.4,105236.0,36.9,12,25607.99,10,1,0,-0.266,9.635,1
26.3,46889.0,87.9,24,2732.01,75,1,0,-0.86,51.479,3
38.5,67867.0,31.7,14,12632.32,47,0,0,0.202,85.796,1
46.7,61259.0,18.1,12,21846.03,84,1,1,-1.588,23.836,1
18.0,27964.0,72.3,3,732.55,98,3,0,1.848,67.758,0
34.5,50123.0,79.4,24,3034.8,39,0,3,1.006,64.755,3
57.4,65342.0,64.9,7,13961.56,20,3,3,-2.123,44.378,2
25.2,29430.0,83.9,7,602.64,114,2,1,-0.879,47.004,0
25.9,23755.0,77.1,6,652.76,77,4,2,-2.523,52.161,0
57.6,39500.0,35.3,9,8048.53,87,5,1,0.104,8.798,2
65.8,45513.0,52.0,1,7732.5,14,0,3,-2.107,27.582,2
46.4,80778.0,63.5,15,10439.52,28,2,0,1.484,16.801,1
28.6,54520.0,76.3,28,2661.04,106,3,2,0.271,35.55,3
30.2,37005.0,90.0,4,639.66,87,2,1,-0.024,83.87,0
50.7,64955.0,24.5,10,13872.19,104,4,1,-0.418,53.456,1
25.0,45349.0,69.4,15,3332.17,4,1,0,-1.882,38.172,3
40.8,85180.0,34.3,14,6963.34,98,3,0,-0.811,80.077,1
50.8,54973.0,60.3,9,8293.76,112,2,0,0.143,54.904,2
37.0,72738.0,6.1,12,12321.94,34,5,2,-1.464,24.687,1
35.0,57854.0,46.1,10,13814.44,83,3,3,-0.613,19.274,1
27.5,53091.0,75.2,23,2651.81,26,0,3,-1.684,98.567,3
31.0,72961.0,30.7,6,14214.31,11,1,2,0.494,9.675,1
37.1,51482.0,76.7,24,3412.05,30,1,2,1.236,92.37,3
30.3,29368.0,85.6,3,619.24,18,1,1,-2.951,68.873,0
32.7,28553.0,60.1,2,183.92,30,2,0,1.041,23.51,0
20.1,20611.0,83.6,4,346.33,18,1,3,-0.829,41.787,0
60.7,56123.0,50.4,9,9148.32,58,0,3,-0.622,83.626,2
40.5,61594.0,43.0,13,9898.35,75,3,1,-0.341,40.223,1
43.5,44223.0,91.6,19,3074.85,66,4,2,-1.611,29.853,3
38.7,66062.0,21.6,17,18352.13,19,2,0,-0.415,17.657,1
25.4,38699.0,69.5,13,2035.86,21,2,3,2.141,7.527,3
23.4,20634.0,56.9,4,606.01,17,2,3,0.373,94.101,0
28.0,43674.0,78.4,19,2123.08,34,3,3,0.942,66.585,3
43.4,45447.0,86.0,21,2729.91,108,2,3,1.257,22.39,3
30.1,30898.0,74.6,25,3944.35,112,1,3,2.004,54.801,3
52.8,43918.0,100.0,15,3180.67,79,2,0,-0.228,88.247,3
43.8,41981.0,72.5,19,2690.43,39,2,3,0.636,52.634,3
52.7,69306.0,48.7,7,5856.61,37,3,2,0.595,28.963,2
21.1,30022.0,89.6,3,217.96,84,1,2,0.433,28.211,0
29.0,15937.0,86.1,10,443.22,4,1,0,-0.316,3.269,0
39.7,50427.0,82.9,22,3092.69,17,1,0,-0.757,2.204,3
53.4,41705.0,60.7,5,8600.2,25,1,1,1.191,45.118,2
42.5,42237.0,92.0,25,3709.39,8,1,3,-0.409,46.424,3
40.3,70335.0,36.7,8,18188.38,57,2,2,-0.532,71.739,1
33.2,38714.0,65.9,5,387.68,118,3,2,-0.232,97.977,0
25.0,35198.0,85.6,5,594.82,105,0,2,-0.964,10.538,0
59.3,59354.0,44.8,11,7810.95,27,2,2,-0.612,0.207,2
31.5,72251.0,44.6,15,15808.09,56,5,2,0.001,6.328,1
21.9,29223.0,69.7,7,658.54,31,4,1,-2.624,37.713,0
40.9,61967.0,27.1,8,15912.64,72,1,1,-0.204,80.163,1
19.6,28146.0,79.1,4,485.06,25,0,3,-1.318,24.539,0
57.5,73540.0,61.6,7,8988.2,60,3,3,1.198,14.114,2
43.4,67765.0,27.9,15,20948.81,73,2,0,-0.643,0.821,1
45.0,17040.0,79.2,15,3232.22,42,0,0,1.373,59.463,3
33.9,76676.0,19.9,16,11205.56,44,1,0,-0.334,49.48,1
51.0,92441.0,26.0,9,10684.92,107,5,2,-0.688,68.393,1
27.8,24133.0,82.3,3,633.89,1,7,0,0.373,65.203,0
27.9,31242.0,89.3,6,617.39,100,4,1,1.293,66.657,0
45.4,87124.0,29.4,12,13894.39,94,1,0,-0.068,64.915,1
51.8,79090.0,52.3,17,12594.92,112,0,2,-0.035,19.351,1
60.1,59730.0,46.1,10,8458.3,113,1,1,-0.397,42.021,2
38.9,76187.0,40.1,17,16913.38,54,3,1,0.612,19.894,1
56.8,91114.0,38.5,5,7416.99,114,2,3,-1.891,88.89,2
34.8,47529.0,80.4,13,1670.81,112,4,3,-1.24,58.43,3
30.7,54552.0,75.7,17,3821.04,110,1,0,-1.689,78.204,3
25.2,28148.0,68.5,6,213.07,55,0,0,1.703,27.356,0
36.7,72619.0,38.3,14,8364.64,14,4,0,-0.417,82.737,1
21.2,40315.0,67.9,11,551.48,57,2,0,0.927,14.763,0
21.7,26467.0,73.6,5,492.58,42,1,1,-0.525,0.309,0
33.0,47935.0,79.8,22,2715.06,48,4,0,0.272,98.439,3
18.8,18350.0,76.9,7,321.46,110,0,3,0.303,3.953,0
42.2,64110.0,26.8,14,11328.47,68,1,3,-1.264,29.06,1
65.0,58192.0,55.6,6,10286.78,26,2,2,-0.246,23.665,2
54.5,47297.0,59.9,8,12128.65,14,4,3,-0.815,26.044,2
53.5,44088.0,57.1,7,5292.86,64,5,3,-0.274,22.273,2
28.0,27807.0,78.9,3,286.19,58,2,0,0.487,12.2,0
36.2,60600.0,30.8,7,12020.08,40,1,1,-1.46,77.258,1
48.0,41365.0,67.2,3,11584.29,45,3,0,-1.019,75.389,2
23.6,38055.0,63.9,2,352.55,36,0,1,0.825,71.973,0
33.4,75503.0,25.7,14,19959.82,47,3,1,-0.188,65.215,1
24.5,23719.0,86.6,5,272.85,3,0,2,0.735,48.949,0
26.8,22165.0,81.7,3,29.15,58,2,2,0.997,58.445,0
34.5,83772.0,38.4,9,15326.97,84,1,1,-0.544,3.083,1
24.3,30397.0,85.7,8,805.47,70,1,0,0.363,47.774,0
56.3,57238.0,43.4,9,7740.54,21,1,2,-1.01,85.247,2
55.3,69259.0,70.9,9,7458.19,11,2,1,-1.557,21.097,2
36.9,31361.0,85.2,21,4026.65,91,3,0,-0.744,70.791,3
20.5,28216.0,80.7,2,740.67,94,1,3,-0.061,9.51,0
26.0,23488.0,59.2,5,335.54,55,1,2,-1.127,7.734,0
25.9,25591.0,67.3,2,556.94,14,0,2,-1.157,73.904,0
56.6,65427.0,41.7,6,5557.65,47,4,3,-0.628,30.773,2
56.1,55444.0,51.7,8,5858.33,82,3,2,1.02,33.31,2
26.6,28132.0,68.4,4,294.12,70,2,1,-0.592,55.186,0
26.8,46923.0,83.0,18,1428.07,44,1,2,2.459,77.677,3
26.8,30522.0,81.1,4,595.42,41,2,2,-0.384,94.035,0
62.6,52885.0,43.5,9,5323.85,96,3,0,0.041,25.614,2
57.1,37314.0,39.0,5,6538.78,97,3,1,-0.734,51.184,2
44.7,36103.0,93.5,13,5251.09,64,1,1,0.877,47.707,3
58.0,51816.0,48.9,7,9643.71,116,2,1,1.095,31.519,2
38.9,50496.0,88.1,26,1971.91,119,1,2,0.024,78.363,3
39.4,81051.0,49.7,14,15575.54,76,2,2,0.354,42.8,1
38.7,57899.0,76.9,20,2882.64,68,2,3,0.493,44.676,3
23.6,32301.0,70.5,4,600.38,50,2,0,-0.995,2.843,0
34.7,43980.0,74.0,29,823.81,54,2,3,0.048,51.818,3
53.3,68191.0,62.6,5,4492.6,100,0,3,-0.403,84.517,2
33.0,34970.0,86.2,16,2950.76,49,3,1,-1.731,29.043,3
36.4,60933.0,25.7,11,14392.83,107,3,2,-0.015,94.706,1
61.4,42485.0,29.8,6,4983.75,64,1,1,0.253,54.969,2
54.4,60888.0,70.8,6,6510.26,75,0,2,1.534,45.628,2
53.1,52757.0,13.8,8,11637.57,100,1,2,-1.285,50.655,2
24.4,33971.0,62.0,4,684.53,79,1,0,-0.591,31.43,0
26.4,35637.0,78.9,6,280.38,88,3,1,0.16,69.511,0
29.1,25589.0,73.8,9,376.63,55,6,1,-0.794,78.771,0
28.5,29183.0,82.5,8,213.7,33,5,2,-1.037,2.377,0
33.1,39593.0,81.3,26,2867.5,92,1,2,0.581,84.733,3
28.3,18258.0,68.6,4,172.74,40,3,3,0.065,2.785,0
25.5,38503.0,89.8,22,1945.8,4,4,3,0.594,73.787,3
43.9,75842.0,51.5,10,8801.7,76,1,3,0.213,64.478,1
25.3,26226.0,93.8,5,580.3,80,1,2,-2.071,66.119,0
38.0,45412.0,94.4,18,1699.75,12,2,0,0.319,58.568,3
56.4,72339.0,73.1,7,10292.54,46,2,1,-1.113,97.322,2
37.3,70933.0,25.6,13,20037.53,85,0,0,-0.917,2.864,1
53.0,35902.0,49.5,8,7583.24,26,0,1,0.159,74.51,2
48.1,46981.0,39.7,7,8924.03,73,2,3,-1.683,38.685,2
25.7,31408.0,77.0,2,333.34,20,4,0,-0.008,56.765,0
25.5,38096.0,79.6,25,4006.84,114,3,0,0.31,62.906,3
29.6,53715.0,88.6,20,2438.99,118,2,3,0.382,14.684,3
60.0,59266.0,64.5,4,8360.57,85,1,3,2.075,11.896,2
34.9,24899.0,54.5,4,614.77,42,0,0,-0.2,19.557,0
47.4,60388.0,40.5,9,8732.79,69,2,2,0.277,27.481,2
30.1,29633.0,74.5,8,586.16,116,1,1,-0.137,35.594,0
24.4,25433.0,60.9,4,332.34,61,0,1,-0.926,7.921,0
42.4,65598.0,44.6,11,17588.82,11,0,0,-1.144,40.637,1
36.5,64409.0,23.0,10,18423.3,69,4,0,0.269,92.149,1
32.9,29821.0,70.8,22,2296.13,80,2,1,-1.371,74.222,3
53.9,32928.0,63.5,9,7073.42,12,2,3,0.718,73.114,2
53.8,62508.0,71.2,4,7299.19,101,2,0,-1.321,36.346,2
34.6,87184.0,46.4,7,8479.32,98,2,3,0.29,59.939,1
45.0,70768.0,26.7,14,14184.48,64,3,1,-0.759,27.339,1
45.6,84945.0,56.3,10,15664.12,22,2,2,-0.121,38.597,1
26.7,54728.0,91.6,21,3128.86,15,0,1,-0.485,37.958,3
24.1,22910.0,74.8,2,702.74,96,4,3,-1.263,77.594,0
33.9,49803.0,79.5,19,3041.94,97,3,3,0.482,52.174,3
57.2,58004.0,68.0,1,9089.49,99,6,1,2.534,39.68,2
28.9,61358.0,45.8,10,20427.59,68,2,0,-0.067,16.888,1
55.0,72442.0,56.4,10,7106.41,80,1,3,-0.019,92.032,2
38.8,63001.0,36.3,12,14901.55,74,4,2,0.684,35.602,1
40.6,41854.0,76.4,14,2823.65,109,2,0,0.004,33.456,3
31.3,33784.0,80.4,18,3241.39,43,2,3,0.886,36.466,3
40.2,54762.0,20.1,8,14498.71,97,3,3,0.979,25.681,1
47.3,61983.0,23.2,18,18952.0,76,0,3,1.536,83.55,1
49.6,48038.0,54.1,9,5444.86,61,0,1,-0.035,69.497,2
33.4,32576.0,89.8,16,1186.71,79,2,3,0.245,68.801,3
19.7,30714.0,90.4,3,904.92,31,1,2,-0.024,50.824,0
48.6,64998.0,39.4,3,6031.24,99,3,2,1.892,21.174,2
53.3,52880.0,65.9,4,5318.04,48,3,2,-0.821,44.381,2
57.3,49601.0,47.5,2,4860.13,87,3,2,-2.126,84.824,2
24.4,23879.0,91.8,5,242.91,32,3,1,-0.935,72.946,0
56.3,52339.0,67.3,8,9411.17,112,2,2,-0.665,53.164,2
26.3,30189.0,79.0,21,2684.46,89,1,0,0.536,80.762,3
24.3,24777.0,92.3,6,366.55,69,2,3,-0.237,44.781,0
24.6,31791.0,73.9,7,425.66,117,1,2,1.013,80.142,0
26.8,32224.0,82.2,11,1850.13,58,0,1,-1.756,55.209,3
31.8,30987.0,76.9,1,688.72,117,2,0,-0.592,28.906,0
29.2,55495.0,85.2,20,1145.31,41,2,0,-0.744,61.076,3
27.5,52077.0,35.1,15,12953.98,78,2,0,-1.283,70.422,1
22.5,28784.0,58.4,7,0.0,31,2,2,0.586,69.035,0
41.0,43829.0,83.0,21,2984.61,48,0,0,0.994,72.72,3
36.0,64008.0,31.4,10,16091.56,78,1,2,-0.012,89.234,1
48.1,62550.0,71.7,8,7151.27,42,6,3,0.8,15.846,2
34.8,84640.0,13.8,14,16554.91,14,2,3,-0.548,70.518,1
56.9,40871.0,66.9,14,8120.99,62,4,3,0.558,85.982,2
28.4,13780.0,78.4,7,340.65,70,1,1,-0.066,37.259,0
35.6,64147.0,21.0,9,18867.61,61,1,0,-0.118,40.157,1
26.3,37406.0,68.7,29,2698.67,59,1,2,-0.702,18.534,3
36.6,77982.0,45.1,6,22693.01,89,2,1,1.641,57.171,1
61.8,62804.0,66.5,12,6648.88,44,4,0,0.496,94.569,2
42.5,66515.0,30.9,14,16448.87,92,1,2,1.096,20.392,1
30.4,35639.0,72.8,15,2396.24,49,0,0,-0.136,81.094,3
24.4,29566.0,91.6,5,609.17,81,3,2,-1.125,21.608,0
48.6,39581.0,81.7,17,3085.96,4,2,3,0.43,14.449,3
34.9,75524.0,20.1,16,13304.52,28,1,3,-0.779,59.25,1
22.1,21027.0,57.8,2,696.0,71,1,0,0.745,63.579,0
27.1,28503.0,76.7,5,473.65,106,2,2,-2.009,77.336,0
26.3,31080.0,73.4,6,489.65,6,1,0,-1.039,55.511,0
55.9,51887.0,46.9,11,7286.72,106,3,1,0.014,40.717,2
35.0,91641.0,40.9,17,19923.36,56,1,2,1.18,14.692,1
34.9,40906.0,70.9,21,2803.94,101,0,3,0.131,45.266,3
35.2,78559.0,30.7,8,18189.48,58,1,2,-0.976,77.35,1
25.7,32690.0,86.1,3,426.6,107,1,3,0.589,93.244,0
51.6,67902.0,61.5,5,8320.79,113,1,1,-0.457,68.027,2
60.8,68277.0,47.9,10,7921.41,93,2,2,2.021,81.129,2
22.7,33380.0,92.8,4,622.37,92,1,2,-1.151,68.997,0
26.3,28729.0,72.0,5,468.21,83,1,2,-0.499,23.591,0
30.0,30558.0,73.7,8,635.18,78,3,3,-0.317,84.474,0
56.7,61960.0,50.1,9,10754.5,110,1,0,0.666,75.783,2
52.7,71534.0,52.8,11,7914.19,13,1,3,0.745,21.35,2
28.1,55152.0,19.6,8,18894.43,29,3,1,1.65,50.567,1
37.5,50568.0,68.8,16,3638.88,35,5,3,0.689,93.415,3
30.1,47823.0,77.9,22,2736.82,41,4,0,0.19,68.02,3
54.4,72244.0,84.1,10,7000.69,61,1,2,0.231,90.067,2
33.4,36449.0,87.2,19,3849.39,2,1,2,0.339,25.995,3
26.3,31685.0,61.8,6,382.77,66,3,1,0.769,82.704,0
25.0,26505.0,83.6,6,108.93,26,0,0,-1.161,17.944,0
41.5,60832.0,32.4,12,14973.41,1,1,2,-0.281,77.495,1
28.3,26222.0,68.6,7,477.97,92,1,2,0.783,66.052,0
55.7,46920.0,49.5,3,8378.11,37,1,0,-1.088,80.952,2
38.7,39192.0,76.7,30,2743.84,98,3,2,1.788,75.577,3
21.1,27921.0,67.4,9,854.1,110,4,1,-0.212,46.786,0
30.2,23561.0,77.4,3,640.19,24,2,2,0.324,90.609,0
48.3,62401.0,28.1,8,19771.01,49,2,3,0.959,39.086,1
35.7,40721.0,100.0,20,2788.78,60,3,1,-1.159,43.391,3
39.8,75515.0,31.8,9,14928.17,112,0,0,1.011,76.081,1
56.4,53488.0,58.0,4,4206.65,93,3,1,-1.068,80.819,2
21.9,23981.0,80.1,6,577.01,92,1,2,-0.721,33.556,0
22.0,30930.0,65.9,4,569.83,98,4,3,0.012,53.835,0
34.1,50402.0,74.5,20,2996.24,118,1,1,0.168,19.474,3
36.9,36959.0,86.2,21,2912.97,97,0,0,-0.024,6.814,3
18.0,36562.0,62.7,7,98.04,38,1,2,-0.94,38.247,0
42.6,48858.0,89.9,23,3415.62,34,2,3,0.301,94.448,3
59.2,56288.0,44.2,5,6523.74,69,1,0,-0.271,26.775,2
34.5,47541.0,82.3,16,3473.68,94,0,3,0.771,4.045,3
46.0,72146.0,28.8,10,24065.1,86,2,1,-0.212,64.544,1
60.4,44543.0,74.8,4,8602.12,3,2,1,-0.193,37.923,2
40.3,87109.0,36.6,10,19582.46,29,4,2,0.392,74.054,1
56.6,51767.0,38.5,6,8404.19,31,2,1,1.012,25.912,2
26.9,31620.0,83.9,10,331.37,94,1,0,0.597,70.684,0
22.8,26568.0,88.7,4,327.34,93,2,0,-1.485,86.14,0
44.9,81099.0,36.8,17,25272.22,31,1,0,1.124,49.739,1
63.4,49073.0,73.5,9,8192.76,88,0,2,0.72,95.48,2
25.7,21972.0,76.1,3,310.52,117,3,3,-2.338,80.329,0
52.0,60283.0,45.8,8,8993.03,105,0,0,0.976,44.002,2
37.7,52630.0,82.5,18,3633.53,23,2,2,1.359,33.435,3
23.4,22018.0,79.6,3,410.73,48,4,3,1.976,99.313,0
55.9,51943.0,37.6,8,8540.52,38,4,1,0.132,93.201,2
37.0,86857.0,15.0,14,17749.07,53,2,2,2.528,73.138,1
50.0,42509.0,86.3,22,2569.65,49,1,2,-0.156,35.451,3
23.7,26912.0,86.6,2,447.77,113,3,3,0.464,9.404,0
54.7,50412.0,50.2,10,8479.1,34,6,2,-1.001,13.255,2
31.2,49892.0,81.6,20,3876.0,88,2,1,-1.415,75.932,3
21.5,46419.0,90.2,22,4507.74,25,6,0,0.667,65.225,3
49.1,55169.0,42.2,9,6710.43,2,1,2,-0.88,26.183,2
35.3,71600.0,37.9,16,14990.87,70,2,2,-0.515,8.365,1
57.5,53840.0,58.2,6,6037.4,41,1,1,-0.181,98.739,2
33.6,41262.0,84.1,16,2401.04,58,2,0,0.294,68.992,3
49.9,65254.0,64.5,7,7791.43,96,2,2,-0.418,0.858,2
21.4,22881.0,81.6,4,1011.13,108,1,2,-0.11,15.935,0
24.5,34233.0,79.1,19,3192.83,77,1,3,-0.155,62.63,3
55.8,63179.0,49.0,7,6668.79,16,3,2,1.234,13.068,2
59.9,60742.0,59.7,7,10221.3,90,5,0,-0.524,36.993,2
27.6,32437.0,80.5,8,422.08,10,2,2,-0.162,66.638,0
54.0,63550.0,49.4,13,7643.05,4,0,1,-1.406,0.354,2
42.2,80274.0,9.2,8,13752.97,14,3,2,1.27,0.264,1
51.5,51259.0,80.2,8,9694.23,24,4,0,-0.404,36.807,2
21.6,25350.0,87.0,3,489.7,102,2,3,-0.637,98.366,0
60.6,60866.0,50.5,9,9388.02,101,2,0,-0.381,19.856,2
38.3,40049.0,72.2,17,3448.17,103,3,1,-0.77,44.488,3
18.0,31125.0,90.8,2,362.96,87,1,1,-1.088,67.938,0
35.6,44795.0,79.5,17,2860.35,75,2,0,-1.767,38.241,3
32.6,80739.0,22.1,12,17680.46,8,1,3,1.368,59.843,1
28.2,33002.0,85.7,15,3460.09,6,0,0,-0.327,4.274,3
42.6,44832.0,84.9,23,3022.56,98,3,0,-0.233,51.529,3
56.5,60864.0,59.0,12,11307.77,37,3,2,0.661,29.084,2
57.0,45766.0,65.4,8,7967.36,97,0,1,0.132,92.633,2
36.2,46848.0,78.1,14,3327.55,109,2,2,-0.36,52.826,3
42.8,96675.0,24.9,10,16295.64,55,0,0,-0.281,33.11,1
43.7,83955.0,21.8,14,20943.24,74,1,1,0.192,26.334,1
47.3,69111.0,27.8,4,6362.2,100,3,0,0.82,8.936,2
36.0,36866.0,89.2,14,2885.8,7,4,1,-0.538,59.193,3
26.2,42616.0,91.6,20,3632.51,51,2,1,-0.17,18.21,3
37.8,52958.0,83.3,20,2509.06,81,1,1,0.81,90.292,3
37.8,78445.0,31.1,15,16817.89,84,2,3,0.957,94.166,1
40.6,33844.0,80.3,20,3723.84,111,0,3,0.157,46.414,3
22.9,35160.0,60.7,5,374.49,28,3,2,0.914,37.13,0
52.7,39061.0,60.6,7,7019.07,88,1,2,-0.925,42.216,2
19.3,22108.0,96.6,5,139.55,38,4,0,-0.507,32.261,0
41.9,74589.0,25.1,18,14311.69,73,3,1,0.069,92.096,1
34.1,74012.0,23.2,11,13110.93,54,4,1,-1.524,94.629,1
44.6,52490.0,26.4,17,13720.89,94,0,1,-0.569,38.964,1
60.8,58694.0,74.8,5,6926.74,39,1,2,-0.018,87.446,2
37.1,63199.0,24.6,18,15662.29,53,3,0,0.643,62.746,1
38.7,63571.0,46.6,14,11314.1,36,0,0,-0.546,83.724,1
22.5,28255.0,74.5,7,502.4,17,1,0,-1.949,52.104,0
37.2,73700.0,32.0,9,6868.37,62,0,1,-0.424,11.697,1
28.9,24658.0,58.3,7,376.3,116,0,2,0.392,43.335,0
19.5,50395.0,61.1,5,654.35,16,2,2,-2.244,50.71,0
52.8,56473.0,53.7,8,12311.37,62,2,1,-0.02,70.684,2
53.8,63614.0,62.3,9,4564.74,34,3,3,0.744,78.386,2
56.3,55432.0,48.8,10,8852.39,107,1,2,1.926,11.49,2
42.4,78717.0,36.3,5,6882.17,7,1,2,-0.788,65.156,1
52.6,51807.0,39.4,11,12254.93,91,0,2,-0.061,49.925,1
28.3,44946.0,92.1,25,2824.37,115,1,2,-1.143,55.036,3
51.8,55869.0,43.5,8,8195.28,7,2,3,0.655,17.861,2
36.2,122308.0,30.8,8,10315.07,49,6,1,1.574,9.945,1
30.2,22451.0,74.6,5,488.25,96,2,3,0.479,30.842,0
31.4,80077.0,30.4,13,18028.04,80,1,3,0.313,29.124,1
40.1,68147.0,17.4,12,11765.14,83,1,3,1.701,30.703,1
48.5,99572.0,31.1,11,14981.14,113,4,2,-0.463,99.637,1
50.7,43919.0,60.8,10,3222.28,26,1,1,1.012,53.831,2
53.1,72758.0,49.2,7,7435.39,65,1,1,-0.257,90.304,2
57.8,43236.0,31.3,3,9527.78,107,2,1,1.852,66.684,2
26.6,52621.0,76.7,20,1049.97,30,2,0,-0.673,8.955,3
44.8,36473.0,83.6,23,2502.82,43,3,1,2.066,41.328,3
57.4,65303.0,67.2,8,9093.52,79,2,2,0.741,57.196,2
38.2,31649.0,78.6,22,2669.6,54,1,2,0.461,73.949,3
24.1,17954.0,72.1,4,547.87,67,0,0,-1.101,64.565,0
23.5,26910.0,100.0,5,585.25,20,0,1,-0.851,83.132,0
22.1,24777.0,79.6,3,249.3,83,2,0,0.96,68.873,0
56.6,67463.0,60.7,8,12591.34,27,2,2,0.699,2.068,2
35.9,45076.0,82.0,24,3084.6,1,5,2,-0.25,7.818,3
25.6,28315.0,62.8,7,726.34,45,1,0,-0.601,67.737,0
28.2,42771.0,89.9,24,2513.3,52,2,2,-1.257,57.178,3
19.4,21937.0,74.2,4,319.9,13,0,2,-0.86,21.104,0
35.7,44568.0,69.6,16,3950.16,63,3,2,0.624,27.592,3
33.3,72486.0,33.4,10,9790.37,33,1,0,1.684,36.865,1
19.1,29000.0,77.2,6,925.37,63,0,3,0.037,53.667,0
33.3,84880.0,46.0,9,15351.61,43,2,0,-1.585,99.896,1
35.5,90131.0,36.9,9,19394.51,24,0,0,0.47,95.758,1
42.8,68606.0,36.8,16,8036.41,75,3,1,0.549,46.631,1
36.3,61404.0,24.0,10,16054.49,69,1,1,1.012,72.448,1
40.0,42069.0,80.0,26,3796.26,107,0,0,-1.164,17.961,3
63.6,48398.0,47.6,7,5500.9,112,2,2,0.083,34.424,2
40.9,59334.0,22.9,7,18603.37,96,2,0,-0.94,91.0,1
53.8,71393.0,62.1,8,9368.24,62,3,2,0.496,13.358,2
49.0,63687.0,46.7,11,7172.88,99,1,2,-1.578,85.309,2
39.1,58964.0,21.8,4,9297.77,116,1,1,-0.706,5.465,1
40.9,51734.0,52.0,13,13752.53,115,1,3,1.22,29.683,1
27.1,30300.0,76.2,6,407.88,83,3,3,1.206,26.817,0
18.0,37879.0,76.9,10,353.94,61,2,0,0.789,59.523,0
53.3,64806.0,45.7,3,10324.35,65,3,1,0.711,22.727,2
25.6,33560.0,79.1,5,569.69,15,0,3,0.642,20.034,0
49.4,63586.0,74.8,8,6844.32,83,1,3,-1.246,61.415,2
61.3,56614.0,62.4,5,7164.07,4,3,0,0.368,93.839,2
27.3,27916.0,69.9,4,430.87,89,1,0,-1.456,0.362,0
53.2,49518.0,44.0,9,8594.09,46,1,1,1.468,94.304,2
42.2,100962.0,26.1,15,12473.01,100,1,0,-0.114,32.477,1
32.9,53277.0,76.2,21,2330.5,8,3,2,-0.159,19.957,3
37.3,72263.0,25.9,11,13537.11,45,0,3,-0.061,42.882,1
34.7,46534.0,81.1,20,2447.32,113,5,0,1.041,99.732,3
53.6,49927.0,47.2,6,11019.02,26,0,0,-0.397,56.941,2
26.7,23863.0,78.6,4,250.4,100,1,1,1.307,91.474,0
59.7,53424.0,55.9,6,9854.97,18,3,1,-0.214,69.286,2
31.1,49285.0,79.8,21,1016.58,28,3,2,-0.835,61.919,3
56.8,57733.0,52.0,9,7679.53,97,2,0,-0.814,15.362,2
43.9,56333.0,80.4,23,2552.01,100,0,3,0.903,43.061,3
38.1,47427.0,73.8,28,2822.98,69,3,3,-0.887,51.85,3
31.5,21098.0,76.4,3,660.22,118,2,2,1.798,81.48,0
23.7,23964.0,68.0,7,662.64,100,4,2,0.39,78.834,0
58.2,66365.0,60.2,10,9143.87,51,3,2,-0.905,88.479,2
38.2,55915.0,23.0,13,16571.77,28,3,1,-2.116,82.965,1
38.9,51459.0,70.4,24,1742.87,81,6,0,-0.545,85.559,3
35.3,28387.0,80.2,16,2405.56,78,6,2,-3.402,0.376,3
29.5,85453.0,25.5,11,10615.7,57,3,0,1.007,17.859,1
25.9,26484.0,62.3,7,577.14,29,4,2,-1.16,10.261,0
45.4,43213.0,86.0,9,3623.16,53,1,3,2.183,11.157,3
45.8,61775.0,48.2,10,9740.94,79,2,1,0.665,10.58,1
33.3,47155.0,75.2,26,3278.17,67,0,3,1.633,46.442,3
33.6,69986.0,25.4,8,14215.05,3,4,2,-1.425,42.612,1
61.6,52915.0,80.6,7,6002.29,19,1,0,-0.642,40.902,2
27.2,27913.0,81.7,10,497.47,55,2,3,-0.357,21.144,0
54.1,63930.0,55.5,8,10841.27,97,1,3,0.869,43.151,2
39.8,63395.0,41.4,14,14321.42,100,2,3,0.679,12.997,1
49.9,58890.0,51.9,12,6027.73,112,2,1,-1.362,78.274,2
25.9,25248.0,85.5,8,448.87,26,3,2,1.19,80.748,0
46.4,47171.0,39.4,9,7130.09,39,1,2,-1.699,84.272,2
19.5,35013.0,88.2,18,3263.12,16,2,0,0.784,99.392,3
23.9,33909.0,84.5,5,708.07,115,1,1,0.392,3.621,0
23.7,25525.0,70.0,4,869.68,88,1,1,-0.55,56.956,0
28.8,23188.0,73.1,6,861.16,93,1,0,0.85,24.256,0
53.8,46705.0,53.9,4,6054.45,40,1,1,0.959,40.244,2
58.4,65214.0,54.3,10,5533.41,109,3,3,1.302,83.331,2
57.7,65119.0,59.6,5,3566.68,91,4,1,-0.025,23.231,2
27.7,22121.0,85.1,4,718.36,71,4,3,-0.624,88.351,0
44.3,75166.0,14.8,12,3034.38,9,2,0,0.233,75.615,1
58.3,66066.0,68.7,10,8158.67,103,1,0,-2.154,33.56,2
40.0,75848.0,19.0,12,12713.02,45,4,3,-2.318,30.967,1
41.8,51255.0,87.9,18,2681.15,119,1,0,1.607,28.424,3
26.6,33504.0,77.9,6,312.19,4,5,3,0.568,5.253,0
56.6,45044.0,41.2,6,3837.82,62,3,3,0.866,4.379,2
37.7,85071.0,43.5,7,8878.03,101,5,3,1.327,19.226,1
37.9,90459.0,17.7,17,15186.57,98,4,1,0.367,73.803,1
45.4,50999.0,54.5,9,9068.78,71,0,2,-1.791,75.027,2
52.2,59648.0,44.7,3,5121.77,68,4,2,-0.767,65.126,2
37.4,49549.0,73.2,25,2673.01,73,3,2,2.862,59.843,3
22.6,26138.0,76.1,3,806.79,2,2,1,1.074,7.825,0
18.0,35827.0,74.2,5,703.65,56,2,3,-1.46,9.788,0
54.0,46794.0,70.9,7,8976.29,55,3,2,-0.91,61.416,2
46.1,37130.0,48.3,10,8940.21,27,1,3,0.314,72.324,2
30.8,66292.0,20.4,22,8483.06,96,1,0,-0.276,13.194,1
26.7,30227.0,90.3,3,696.06,20,4,1,0.79,24.291,0
23.9,23337.0,47.6,4,0.0,57,1,3,0.704,50.678,0
36.4,48820.0,85.9,21,2984.16,119,0,3,-0.848,18.645,3
27.1,29297.0,72.1,0,428.4,85,6,0,-1.05,11.758,0
45.9,66126.0,37.2,18,11909.04,17,1,2,0.976,87.231,1
33.7,23722.0,74.4,4,528.36,42,4,0,0.344,22.477,0
36.7,81040.0,25.3,7,15243.36,43,2,2,0.313,5.359,1
22.7,30586.0,75.0,4,674.17,51,2,2,2.619,90.582,0
58.5,42636.0,67.1,9,7482.8,13,4,2,1.744,5.77,2
24.6,25462.0,88.1,2,569.18,24,4,1,1.271,73.959,0
39.7,34609.0,76.2,23,3357.5,70,2,1,0.196,88.237,3
29.5,32559.0,65.4,5,512.86,90,2,2,-0.276,38.394,0
57.1,44508.0,39.8,11,7631.8,32,2,3,-0.936,34.747,2
41.5,44631.0,86.1,28,4404.01,55,2,1,0.728,19.482,3
51.1,51475.0,51.7,11,7603.93,66,1,1,-0.707,37.8,2
58.4,54988.0,73.2,9,6698.3,5,2,1,-0.3,44.605,2
38.3,54844.0,45.8,15,18351.76,5,3,1,2.457,12.654,1
41.0,83956.0,32.3,14,11678.95,78,2,1,1.224,21.617,1
57.5,63340.0,60.2,13,8160.03,115,0,1,-0.195,37.367,2
37.9,61516.0,86.3,22,1155.6,6,5,2,-0.392,36.697,3
54.9,50216.0,59.6,6,5810.68,84,1,0,-1.259,13.891,2
55.3,49206.0,59.6,4,7772.36,34,1,0,-1.223,97.272,2
51.4,51899.0,64.0,7,9353.01,17,3,3,0.347,88.436,2
34.7,93362.0,18.0,11,19333.51,3,2,2,1.861,88.994,1
20.6,22660.0,84.6,6,226.54,55,2,1,-0.685,14.483,0
59.2,63601.0,59.2,14,6111.01,33,1,2,-0.934,48.615,2
36.4,35862.0,74.8,23,2688.41,73,5,1,-0.142,68.536,3
26.4,28333.0,97.1,2,508.27,70,1,2,-1.127,4.338,0
52.3,52008.0,30.6,7,9454.85,9,1,1,0.316,2.233,2
27.0,31942.0,83.8,4,297.03,82,2,3,-0.324,19.222,0
50.5,50921.0,67.4,2,6749.2,104,1,0,-0.139,36.822,2
27.3,19464.0,76.4,7,406.96,8,3,0,-2.763,13.264,0
30.2,84951.0,29.6,6,15342.67,81,5,0,-0.04,17.176,1
27.3,49688.0,84.2,13,2599.73,119,0,3,0.674,81.686,3
46.5,74526.0,25.1,16,10090.41,25,2,1,0.596,79.721,1
57.6,49901.0,62.5,14,6686.14,89,2,1,0.915,77.587,2
39.7,39677.0,78.0,15,2498.87,117,2,2,-1.43,24.047,3
39.9,55791.0,83.8,22,2881.46,9,1,3,-0.045,21.843,3
18.0,32396.0,97.2,6,583.96,59,1,2,0.671,88.753,0
33.0,76569.0,9.4,18,14114.56,73,0,0,-2.634,86.728,1
22.8,21889.0,80.7,6,299.7,68,1,0,0.153,36.765,0
32.2,38691.0,79.6,19,3408.72,79,3,1,-1.036,57.704,3
37.7,61614.0,90.9,14,3504.04,74,4,1,-0.964,71.563,3
62.2,49148.0,33.7,13,7384.49,15,2,1,-0.79,93.367,2
31.5,38492.0,81.8,32,4020.14,17,1,0,-1.605,5.976,3
58.3,61262.0,42.0,13,6788.37,38,1,2,-0.737,57.146,2
47.5,45053.0,39.8,7,9393.67,101,3,1,-0.051,91.693,2
18.0,26543.0,76.2,5,334.21,3,3,3,-0.398,26.173,0
31.7,40155.0,80.6,19,3365.73,19,3,0,0.253,7.604,3
18.0,33952.0,63.2,4,699.91,61,0,0,1.678,12.393,0
31.8,52742.0,87.1,18,3142.25,21,0,2,1.231,9.502,3
44.3,49990.0,86.5,16,3957.79,54,1,3,-0.127,7.405,3
58.2,58537.0,63.1,3,8958.54,54,0,2,-0.388,16.955,2
21.5,32397.0,92.7,7,178.44,103,2,2,-0.835,67.832,0
31.1,69474.0,39.2,21,22698.41,1,0,2,1.067,2.526,1
43.6,70942.0,19.4,7,9583.41,88,0,0,0.202,31.907,1
38.8,68088.0,40.1,17,7300.41,18,2,3,0.818,48.071,1
19.5,29714.0,92.7,6,541.57,81,4,3,-0.026,18.113,0
29.7,43991.0,75.3,16,6012.94,32,4,0,-1.221,12.774,3
60.0,46901.0,37.2,10,7446.8,93,4,3,-1.354,5.898,2
46.8,90904.0,29.3,14,9519.74,112,1,1,-0.723,99.858,1
46.7,84582.0,26.4,9,16628.34,66,5,1,-0.085,14.749,1
47.2,77175.0,39.1,15,16132.74,64,1,0,0.73,68.264,1
59.6,46992.0,57.6,10,6916.1,105,1,2,0.021,66.782,2
59.3,70646.0,54.1,7,7115.72,67,2,1,-0.18,60.345,2
27.5,50808.0,88.0,18,1523.8,60,2,2,1.25,76.948,3
43.7,61403.0,21.6,21,8552.93,7,2,0,-0.88,36.231,1
31.1,48500.0,93.8,23,2596.58,22,3,0,0.42,58.429,3
27.1,41875.0,69.6,16,3484.96,38,0,0,-0.63,16.767,3
23.1,22256.0,60.6,2,635.33,72,0,1,-2.136,37.551,0
41.5,33114.0,78.1,21,4608.48,99,2,2,-0.265,97.412,3
22.9,31517.0,69.2,2,565.04,68,0,3,-0.435,62.831,0
33.5,34089.0,68.2,26,3346.57,107,2,0,-0.158,17.332,3
50.2,64468.0,19.5,10,18236.09,107,1,0,0.156,92.247,1
41.1,37430.0,78.0,15,3397.08,21,3,0,1.258,42.151,3
33.9,51207.0,92.2,17,2567.63,37,0,1,-0.028,35.997,3
49.1,42325.0,73.4,17,2249.86,118,4,1,0.731,41.604,3
35.8,43924.0,83.3,19,3274.21,79,4,2,0.969,47.13,3
42.0,76081.0,28.2,16,8711.7,45,2,2,-0.797,34.768,1
21.9,29677.0,67.1,5,765.06,92,1,2,0.87,18.415,0
34.4,77762.0,14.8,12,18769.38,58,1,1,0.586,14.69,1
31.4,36369.0,70.6,7,586.78,42,0,1,-1.082,53.095,0
54.6,53779.0,40.7,10,7436.22,47,5,1,-1.534,23.475,2
33.2,101301.0,48.2,12,18527.79,69,1,2,0.374,88.731,1
31.6,36052.0,71.3,22,4155.36,33,2,1,-0.233,90.864,3
57.5,59013.0,67.7,9,7706.07,60,2,1,0.993,33.38,2
42.4,42553.0,67.6,21,2675.28,4,1,2,-0.053,17.41,3
21.8,25185.0,73.1,7,385.95,69,5,1,-3.42,77.534,0
40.1,33754.0,84.0,16,2598.01,109,1,3,0.402,10.09,3
46.2,31243.0,83.6,20,2914.28,53,2,2,-0.176,88.797,3
35.3,78419.0,21.9,18,14166.61,67,2,1,-2.097,38.792,1
58.1,60636.0,68.9,8,7729.57,55,5,3,0.524,23.441,2
43.0,40543.0,81.7,18,3315.59,85,2,2,-1.68,85.345,3
25.8,28948.0,82.6,7,283.6,70,2,1,0.37,64.331,0
53.9,63103.0,66.7,7,7355.7,75,2,3,-0.403,2.555,2
42.3,65201.0,43.5,14,15281.33,89,4,0,-0.021,96.968,1
26.2,26686.0,53.6,7,0.0,8,3,1,-1.327,98.021,0
44.0,76181.0,22.8,12,11532.79,53,0,1,0.496,84.396,1
23.3,31313.0,66.7,0,275.68,92,0,1,-0.34,83.276,0
27.8,23458.0,79.3,8,735.58,116,0,1,0.579,11.1,0
36.3,21417.0,67.2,5,125.23,65,5,0,-0.39,9.777,0
34.7,48892.0,69.2,18,3690.98,53,1,1,2.409,6.091,3
57.2,42065.0,63.7,5,8435.44,116,0,3,0.882,32.091,2
36.7,47431.0,71.9,17,2938.92,26,2,2,-0.164,21.313,3
42.0,73231.0,41.2,18,12801.87,96,2,1,-0.197,32.107,1
45.3,74096.0,42.0,10,13778.21,68,2,1,-1.211,65.734,1
49.5,53176.0,59.8,6,8494.25,111,3,2,0.45,26.795,2
40.7,79658.0,49.7,8,12312.0,24,0,2,0.231,48.571,1
25.8,25336.0,75.9,5,561.01,107,3,1,0.144,68.098,0
53.9,49998.0,68.3,8,5205.19,98,2,3,1.186,15.339,2
26.8,31700.0,74.3,5,624.14,47,7,0,0.104,99.138,0
57.4,51252.0,58.2,7,11351.96,24,0,0,-0.165,86.818,2
47.8,59718.0,70.8,8,9897.9,47,5,0,1.405,73.596,2
28.0,26505.0,91.7,4,270.67,31,1,3,0.423,98.879,0
26.1,35074.0,79.8,6,617.52,58,3,0,-0.104,8.477,0
37.8,36523.0,80.8,24,2065.2,73,2,2,0.76,5.228,3
40.6,65637.0,12.5,14,12592.69,49,0,3,0.609,25.684,1
21.0,33455.0,58.5,5,627.91,58,0,1,-0.349,33.614,0
45.1,36310.0,62.7,23,2833.34,51,2,1,-0.183,66.524,3
25.8,32620.0,72.6,4,575.6,15,2,2,0.727,99.75,0
57.2,33745.0,61.3,9,5605.04,29,0,2,-0.404,90.817,2
29.0,39068.0,77.0,15,3812.06,74,3,0,0.407,65.062,3
29.2,30922.0,63.0,5,350.72,113,4,0,0.415,20.596,0
27.3,23295.0,62.9,3,427.27,77,0,3,-1.793,55.576,0
22.2,21059.0,86.5,6,841.84,66,1,2,-0.208,75.249,0
33.1,84280.0,46.7,13,9007.45,78,0,2,1.678,79.175,1
24.4,31005.0,69.5,6,528.05,117,1,3,-0.847,98.972,0
59.6,59683.0,57.2,5,7346.06,108,3,1,-0.217,6.536,2
25.5,31912.0,68.0,5,567.52,41,2,3,0.69,94.237,0
51.7,51426.0,86.3,7,8958.43,80,2,3,0.691,16.534,2
46.1,45604.0,73.5,20,2660.21,59,2,0,1.502,63.531,3
41.1,53171.0,87.3,20,3207.35,68,1,2,-0.025,67.139,3
49.8,52040.0,48.6,11,6826.05,86,3,1,-0.657,27.175,2
41.7,69826.0,29.5,13,11662.11,30,2,2,0.164,15.684,1
48.5,61221.0,55.6,9,7224.95,85,7,3,0.133,31.139,2
56.4,64182.0,43.8,4,8473.48,119,0,2,1.877,29.616,2
36.7,73740.0,18.6,16,18305.29,104,3,0,-1.734,79.197,1
30.2,23917.0,97.5,6,172.42,8,2,3,-0.096,21.08,0
32.5,48032.0,74.3,15,3222.43,100,1,2,1.109,72.885,3
40.7,76685.0,33.2,13,13002.46,62,1,2,1.085,14.934,1
25.3,29205.0,68.4,3,409.9,15,1,0,0.318,40.264,0
40.3,54300.0,15.6,16,14099.41,74,4,0,-0.151,16.929,1
44.3,45909.0,38.9,12,13365.73,62,1,2,-0.758,92.749,1
32.3,36746.0,58.9,22,3484.24,50,0,0,0.847,80.498,3
49.3,54909.0,75.8,9,6848.45,114,4,2,0.011,1.755,2
37.7,49606.0,74.5,20,3744.36,96,2,2,-0.412,35.802,3
25.9,36350.0,73.3,6,424.56,80,3,3,1.695,34.879,0
43.4,94114.0,44.6,8,9060.99,111,1,3,-0.154,47.777,1
31.4,77047.0,46.0,8,14664.33,79,1,1,0.706,21.784,1
27.4,28154.0,75.4,6,583.89,39,4,1,1.025,53.38,0
39.7,64368.0,28.2,9,16434.56,103,1,2,-1.136,31.934,1
35.6,38021.0,76.1,22,2873.23,108,2,3,0.356,41.387,3
25.3,30641.0,64.2,8,0.0,1,2,1,1.499,41.539,0
62.0,46288.0,56.1,7,8450.91,3,3,1,-0.196,79.858,2
21.9,31534.0,75.9,5,893.05,53,1,0,-0.299,60.766,0
30.4,34336.0,51.0,4,527.61,17,0,3,0.697,33.58,0
28.5,26069.0,72.7,6,385.86,55,2,3,4.357,81.611,0
37.2,22438.0,85.3,21,3696.96,12,1,3,-2.062,26.609,3
22.2,40216.0,76.8,20,3022.95,113,3,2,-0.345,17.703,3
23.9,31061.0,73.5,22,2257.88,99,2,1,0.271,10.326,3
39.3,83430.0,10.7,17,7292.49,119,4,1,0.13,68.011,1
24.2,25048.0,80.5,4,302.58,2,4,1,1.275,28.117,0
61.6,67172.0,52.2,5,10845.88,35,1,1,0.17,41.007,2
35.1,73903.0,25.7,10,14292.74,75,1,0,-0.356,91.863,1
37.0,44356.0,82.9,21,2568.58,27,1,0,0.089,46.24,3
31.2,34023.0,67.7,8,625.27,58,5,3,1.534,23.066,0
35.3,76981.0,30.1,6,13712.19,19,2,0,-0.134,72.336,1
31.5,35668.0,72.7,4,275.74,20,0,3,0.161,74.875,0
37.8,69862.0,30.4,12,20341.01,75,2,2,1.242,99.036,1
57.2,39863.0,21.8,15,8809.54,118,6,3,0.044,11.539,2
38.2,75500.0,24.8,12,12692.25,28,2,2,0.541,27.934,1
35.8,60823.0,30.2,11,20229.41,17,2,0,-0.478,20.193,1
43.4,74208.0,35.4,14,8166.71,12,1,0,0.959,55.578,1
37.8,93822.0,48.5,13,21615.75,69,2,1,-0.411,93.365,1
28.7,45799.0,95.0,19,2226.66,39,1,1,-0.677,56.551,3
29.5,52684.0,86.8,18,3551.61,119,2,3,1.261,24.779,3
34.9,40740.0,89.5,23,3110.21,26,1,0,-0.244,39.614,3
37.1,55519.0,83.7,20,2418.58,87,2,0,-1.181,77.306,3
30.3,58940.0,45.5,17,17675.68,104,1,0,0.48,50.96,1
57.4,56528.0,46.6,12,3326.77,76,2,0,0.767,20.89,2
43.1,66477.0,25.5,13,14020.93,66,0,3,-0.684,69.638,1
41.0,67503.0,49.2,14,21787.86,71,2,2,-1.038,69.776,1
40.6,53432.0,72.2,24,3360.45,12,3,1,0.544,96.059,3
24.0,28718.0,69.6,6,441.96,107,3,0,0.685,85.369,0
42.3,46368.0,81.3,19,2230.43,75,0,0,0.205,84.767,3
43.0,83050.0,24.4,10,20889.89,24,1,0,-0.83,90.204,1
53.6,41993.0,69.7,4,5281.1,85,3,0,0.133,62.49,2
49.7,61386.0,60.3,8,6966.72,113,1,1,0.182,47.782,2
37.9,55214.0,75.7,21,2243.05,87,2,3,0.098,4.79,3
49.0,59766.0,41.9,10,3050.73,76,2,0,1.978,39.475,2
45.8,64073.0,42.8,7,6132.63,64,3,3,1.761,49.996,2
28.6,30464.0,64.2,7,793.13,45,3,2,-0.261,94.353,0
48.5,43004.0,57.9,10,5425.15,28,2,0,0.489,54.347,2
27.5,22391.0,82.7,4,367.43,112,4,2,-1.284,59.511,0
58.8,47713.0,57.7,10,8669.95,98,3,0,-1.306,63.306,2
51.9,36050.0,73.1,5,9004.01,37,2,3,-0.757,92.14,2
50.9,66275.0,63.7,7,5877.95,65,3,1,-0.417,39.432,2
18.9,34714.0,74.5,5,531.25,70,1,0,-0.699,91.488,0
18.0,26647.0,72.9,9,433.42,119,3,3,2.269,58.123,0
49.2,69557.0,62.1,9,7400.86,4,2,0,1.153,5.583,2
24.6,35158.0,79.4,4,615.16,104,2,3,-0.585,40.347,0
22.9,25103.0,59.3,7,353.98,58,2,0,-0.323,8.701,0
26.0,22444.0,73.7,5,614.91,42,1,1,0.612,21.005,0
39.8,50607.0,79.4,25,1252.74,62,2,2,-0.628,36.182,3
50.7,41356.0,59.6,9,9514.3,13,4,0,-1.17,96.156,2
35.6,68538.0,34.0,4,9726.76,19,4,2,-0.898,58.759,1
43.3,93182.0,31.4,18,19411.15,85,1,2,0.339,98.326,1
38.1,73498.0,28.3,10,11682.12,61,4,3,-0.288,30.671,1
39.7,45510.0,76.1,15,3234.89,98,1,3,-0.189,66.858,3
49.5,34900.0,48.8,19,10285.32,89,2,3,0.35,54.745,2
23.1,31563.0,82.1,5,448.24,87,1,0,0.443,39.093,0
22.4,28759.0,86.5,3,320.08,87,2,1,0.963,90.812,0
25.3,24570.0,89.9,9,593.07,6,1,1,-0.455,47.022,0
47.5,66324.0,50.4,5,7741.24,18,0,1,0.005,39.302,2
32.8,26285.0,87.6,23,1763.45,3,4,3,-0.583,24.163,3
42.7,78202.0,14.1,6,15143.29,40,3,1,-1.627,74.253,1
18.0,31828.0,60.1,0,470.99,34,3,2,-0.135,61.244,0
23.3,25607.0,73.3,6,348.95,70,2,1,-2.054,24.222,0
30.1,52561.0,82.1,16,2837.63,34,1,2,-0.282,82.059,3
49.5,71571.0,30.2,12,16234.36,45,0,1,-1.07,94.856,1
24.8,47148.0,87.2,18,3304.47,66,1,2,-0.029,68.914,3
49.8,55280.0,54.4,6,7728.38,79,2,1,1.747,42.187,2
40.2,77453.0,48.5,16,17502.95,95,1,3,-0.441,79.156,1
18.8,22512.0,84.2,4,25.83,97,2,2,0.259,55.418,0
24.4,30540.0,74.4,2,795.56,43,4,0,0.583,2.79,0
58.2,56404.0,75.6,8,9691.06,52,1,0,-0.718,65.464,2
38.1,41316.0,78.1,17,3136.57,2,1,0,0.206,75.993,3
51.7,42641.0,52.0,10,8973.05,93,2,2,0.867,28.931,2
54.0,51435.0,48.7,9,8712.59,8,0,1,-0.293,29.762,2
25.0,20714.0,77.9,2,586.08,4,4,3,1.863,32.904,0
46.9,35327.0,90.8,19,3783.44,65,2,3,2.108,67.915,3
31.5,50038.0,83.7,18,3910.41,59,5,1,-0.909,22.322,3
36.4,87670.0,27.1,7,14819.7,65,2,1,-1.121,70.961,1
36.5,45841.0,74.2,20,2150.56,111,0,1,-0.322,11.441,3
56.1,51998.0,47.1,8,8630.5,29,4,0,0.607,51.417,2
58.7,50853.0,75.1,10,7388.38,44,1,3,-0.64,75.536,2
58.1,58177.0,59.2,7,8454.08,38,1,2,-0.852,66.774,2
32.4,47141.0,71.2,29,3104.77,89,1,2,1.298,62.32,3
69.6,62921.0,71.2,6,6161.3,18,4,1,-0.959,73.263,2
34.4,27055.0,82.7,7,656.73,76,1,1,-0.277,12.162,0
50.6,93015.0,26.9,15,16694.01,11,0,1,0.711,52.943,1
40.1,50628.0,83.9,18,3735.44,5,1,2,-0.021,82.37,3
24.7,31678.0,65.8,5,310.66,61,1,1,-0.695,43.835,0
40.8,84433.0,12.5,18,17001.32,7,1,0,1.195,22.927,1
40.2,96571.0,20.9,11,12912.66,59,3,3,-0.016,9.208,1
39.6,69434.0,52.8,21,11170.34,53,1,1,0.285,84.407,1
54.9,49692.0,59.1,9,10180.62,37,3,1,0.816,93.901,2
29.0,32332.0,76.2,22,2815.77,107,2,0,0.797,62.701,3
23.0,23742.0,58.8,5,663.2,61,2,0,-1.266,0.765,0
29.4,26959.0,67.1,5,204.85,35,2,1,0.1,4.648,0
18.7,25318.0,88.0,5,823.77,117,2,0,0.38,17.195,0
39.7,34589.0,66.5,20,4748.51,33,3,1,-0.099,1.112,3
56.5,45422.0,59.2,6,9675.3,73,0,1,-1.292,51.895,2
40.7,69350.0,31.0,11,16430.65,17,7,1,0.641,27.765,1
43.8,36699.0,85.0,23,2773.0,60,1,3,-2.273,18.577,3
31.3,44056.0,74.0,22,2563.1,111,3,1,1.265,40.214,3
35.6,40671.0,82.2,18,3462.23,47,5,0,0.073,16.199,3
39.5,48965.0,86.0,27,2547.02,67,2,3,-0.527,58.857,3
40.8,70772.0,34.4,8,13298.99,104,3,1,1.3,7.731,1
53.6,45719.0,77.2,21,3086.17,17,1,2,-1.828,25.039,3
47.4,70496.0,14.8,16,12723.58,103,2,2,-0.209,9.017,1
35.9,40202.0,82.7,27,2879.22,77,5,2,2.58,89.786,3
51.6,60975.0,67.4,13,6889.75,3,2,2,0.725,31.44,2
40.5,46878.0,86.3,11,2927.62,83,1,0,0.907,75.444,3
57.0,53071.0,42.3,1,5276.71,37,1,2,-1.5,12.901,2
28.2,34455.0,59.3,6,559.06,46,1,1,0.033,77.449,0
54.4,41779.0,25.8,5,4107.73,70,2,1,-0.211,48.462,2
31.7,56222.0,88.3,21,3481.55,34,1,0,-0.646,74.522,3
38.1,50500.0,84.6,22,3952.11,99,3,3,0.885,48.792,3
32.4,20955.0,65.0,3,454.89,39,1,2,1.481,17.186,0
23.1,22764.0,66.0,3,501.14,78,2,2,0.383,12.969,0
26.3,23983.0,81.2,6,611.11,118,4,1,0.775,22.174,0
57.6,45802.0,72.2,6,11057.48,12,1,2,-0.725,46.459,2
41.3,29552.0,86.3,22,3511.84,28,0,3,-0.817,49.397,3
28.4,27164.0,70.7,3,656.21,39,1,1,0.575,48.999,0
44.7,78503.0,64.4,6,12715.58,66,3,3,1.3,60.187,2
34.0,61495.0,84.0,16,2535.61,39,0,3,-0.553,11.916,3
61.4,66166.0,62.2,7,8991.11,113,2,0,0.188,85.759,2
59.6,57456.0,69.2,9,8471.21,38,5,3,2.277,86.37,2
51.7,58595.0,65.4,7,7445.92,89,2,3,-1.597,62.085,2
55.4,30763.0,36.1,9,5196.97,91,1,1,-1.058,82.06,2
40.8,83606.0,25.5,9,9522.75,56,1,3,-2.351,19.775,1
50.9,49207.0,58.4,5,7697.38,34,0,0,-1.107,49.771,2
59.8,47983.0,52.1,6,10231.61,28,6,0,0.65,13.208,2
36.0,44846.0,71.3,21,2005.63,107,0,2,-0.6,56.428,3
50.5,51430.0,58.5,9,8071.2,106,4,2,-0.004,98.328,2
44.2,47271.0,84.5,13,4580.61,62,2,1,0.439,19.297,3
18.7,21959.0,62.8,10,411.96,46,1,0,-0.053,19.184,0
46.4,91589.0,15.3,11,12457.04,27,2,2,0.187,81.279,1
30.7,28244.0,91.9,4,570.52,73,1,2,0.707,40.391,0
23.6,33709.0,81.6,7,604.87,93,1,2,-0.28,26.645,0
47.5,52859.0,56.4,13,7242.83,72,0,3,0.758,20.554,2
36.5,57955.0,82.0,17,4387.23,118,2,1,0.339,57.137,3
18.0,38045.0,73.5,5,585.65,52,4,2,-1.108,52.656,0
37.8,83322.0,28.8,12,14906.16,103,5,2,-0.291,91.774,1
28.0,44094.0,80.9,12,4069.93,2,2,3,0.218,47.641,3
27.8,15163.0,85.3,5,280.62,81,1,1,0.316,58.632,0
63.1,60690.0,47.3,10,7675.54,103,2,1,-0.106,48.247,2
52.4,40868.0,50.0,6,3948.66,102,2,3,-0.686,85.46,2
48.3,72779.0,58.9,6,7107.95,36,2,2,-0.127,12.205,2
33.8,23849.0,56.6,6,493.7,78,3,1,1.78,43.366,0
30.4,63331.0,38.5,12,15692.59,23,0,0,0.305,86.816,1
25.6,44502.0,84.2,19,4022.72,1,4,1,0.15,3.861,3
52.2,57019.0,48.8,8,8324.26,65,1,2,0.825,75.365,2
25.8,16584.0,92.9,4,361.02,67,1,0,-0.845,26.063,0
29.6,39223.0,68.4,18,2986.39,104,1,3,-1.445,77.719,3
20.6,31807.0,79.4,2,633.62,87,2,1,-1.167,59.191,0
55.2,53660.0,66.2,9,6606.77,28,1,3,2.289,40.57,2
29.1,26729.0,56.1,5,829.99,80,1,2,0.402,78.432,0
46.1,26860.0,79.8,29,3160.74,93,0,0,-0.21,24.071,3
43.2,68546.0,25.3,11,12688.65,97,0,2,1.989,40.444,1
37.1,80991.0,28.9,10,17488.76,32,1,3,0.256,12.55,1
21.4,27981.0,82.7,6,135.98,119,3,3,0.261,18.153,0
49.9,61331.0,23.9,12,12707.89,111,1,3,-0.327,50.908,1
34.5,54649.0,78.7,19,3400.93,23,4,1,-0.921,24.351,3
33.1,58155.0,70.0,20,2968.95,47,3,3,1.648,14.525,3
46.8,67893.0,30.7,8,18136.68,47,4,0,0.401,43.464,1
39.3,68534.0,43.6,9,15096.04,46,3,0,0.984,17.453,1
57.0,53669.0,58.7,6,10510.81,117,0,0,-1.095,88.082,2
33.6,42384.0,81.7,22,3645.64,33,1,3,-0.467,88.757,3
54.4,46383.0,62.1,11,9863.49,119,1,3,1.439,90.781,2
40.9,69455.0,16.6,10,11876.79,42,3,0,0.801,96.147,1
35.8,75652.0,27.0,7,17283.45,97,0,3,-0.85,24.695,1
53.2,42528.0,56.6,5,7843.73,38,1,1,-1.26,56.605,2
22.9,29026.0,76.1,6,447.65,67,2,3,-0.384,29.593,0
64.8,49879.0,47.6,9,8878.22,34,1,1,-0.043,17.48,2
38.9,92162.0,25.5,9,22707.23,49,3,0,-0.171,27.196,1
35.8,46068.0,74.5,30,2654.03,28,1,3,0.553,32.405,3
24.6,25968.0,94.0,4,824.01,8,0,3,-1.125,45.978,0
55.6,47722.0,38.0,8,7918.57,49,4,1,-0.697,14.907,2
39.7,64637.0,42.9,10,19047.58,73,0,1,0.607,7.472,1
55.7,36526.0,47.7,7,6984.4,5,1,1,-0.873,38.924,2
26.5,34309.0,84.6,8,293.4,31,4,1,-1.605,57.008,0
56.7,63362.0,44.9,11,9784.26,53,4,3,0.776,81.375,2
54.7,59768.0,53.5,8,5165.47,35,2,1,0.494,49.711,2
60.2,45252.0,30.9,10,6054.45,58,1,1,-0.806,69.752,2
56.2,46918.0,63.2,6,11815.35,99,2,1,0.134,86.207,2
55.6,44932.0,54.5,9,7242.58,5,2,2,-0.263,67.637,2
35.5,59539.0,77.5,18,3274.1,33,0,0,0.461,18.018,3
45.4,73439.0,36.3,12,5245.23,111,4,0,1.04,64.101,1
36.5,52421.0,77.9,22,689.84,13,1,2,0.484,98.028,3
44.3,84961.0,34.5,10,13871.96,25,2,2,-0.253,81.675,1
27.4,36519.0,84.7,2,532.34,107,4,2,0.291,54.679,0
27.0,24566.0,64.5,9,533.65,24,2,3,1.001,88.635,0
36.8,76536.0,34.7,9,18897.36,119,2,0,-1.783,5.37,1
38.3,38075.0,88.6,25,2952.66,11,4,2,-0.62,77.984,3
54.1,52241.0,67.9,9,8409.18,115,1,2,0.955,63.537,2
43.6,43399.0,69.7,25,2588.4,83,3,1,-1.319,18.101,3
53.6,32893.0,49.6,7,9151.45,11,2,2,-0.602,78.049,2
35.9,80558.0,44.3,10,19591.8,97,0,3,-0.406,93.466,1
25.5,24328.0,61.9,9,413.58,30,2,1,-0.947,75.499,0
36.4,81896.0,31.2,17,16501.34,14,0,1,1.068,70.06,1
45.6,66949.0,29.6,5,14200.7,65,0,2,-0.336,74.953,1
23.3,27144.0,86.1,3,569.15,95,1,3,1.098,11.223,0
19.5,28854.0,76.4,4,859.57,67,4,1,0.818,89.272,0
64.4,64139.0,42.0,10,10197.56,107,3,0,1.344,62.577,2
50.2,64565.0,70.9,6,10132.86,25,1,1,1.119,28.685,2
23.8,33759.0,87.5,22,3437.53,25,0,2,0.811,7.404,3
31.8,42474.0,78.2,24,2414.21,51,0,1,-0.909,76.113,3
55.1,48312.0,53.0,11,9039.76,118,4,1,1.425,65.654,2
47.2,87514.0,11.6,8,19066.59,18,1,1,0.454,66.453,1
54.2,50861.0,73.7,3,6489.01,44,1,2,-1.501,46.197,2
26.8,33904.0,70.0,24,2361.49,58,5,2,-1.095,86.084,3
25.2,28907.0,79.5,6,838.31,54,2,1,0.224,90.208,0
36.2,65637.0,14.4,11,11142.18,34,0,2,-1.176,56.325,1
38.9,45237.0,79.0,11,1128.1,14,3,3,1.191,79.083,3
30.3,74247.0,40.1,11,14756.99,109,1,1,-0.96,78.848,1
51.7,51193.0,38.7,4,6324.4,44,2,1,0.509,67.949,2
59.6,54276.0,53.8,6,7144.31,27,2,1,0.567,39.096,2
20.5,29998.0,72.9,4,561.15,64,4,0,-1.025,39.164,0
46.2,88517.0,38.9,11,18272.22,95,2,3,0.328,21.503,1
41.8,76687.0,26.9,5,11892.36,43,3,2,1.257,3.628,1
23.7,35495.0,90.5,5,245.95,2,4,1,-0.192,36.387,0
24.9,32644.0,68.5,2,622.8,54,6,0,1.35,65.951,0
30.0,30246.0,73.4,19,3034.08,32,0,3,1.391,40.483,3
37.7,99723.0,28.6,11,10801.19,37,2,0,-0.577,62.768,1
53.6,70548.0,62.4,7,7695.36,98,2,0,0.379,82.561,2
42.4,98975.0,38.7,15,11488.6,34,2,0,-1.195,55.075,1
44.1,39011.0,97.5,23,3613.74,94,0,2,0.891,40.316,3
45.9,81210.0,15.7,9,14004.51,33,3,3,1.681,3.572,1
42.0,67290.0,43.5,13,11747.23,24,3,1,1.549,38.665,1
35.3,30814.0,73.1,20,3112.48,33,4,0,0.539,61.385,3
37.6,36566.0,83.9,23,3670.23,26,0,1,-0.999,87.131,3
27.7,32664.0,81.6,9,301.45,41,1,1,-0.666,28.798,0
30.5,50126.0,79.0,16,1332.97,100,6,0,1.654,36.674,3
51.8,86247.0,28.0,12,13803.95,41,2,0,-1.879,39.644,1
47.0,67131.0,32.8,8,12405.09,59,0,1,1.097,78.364,1
26.9,31490.0,68.7,8,608.25,6,2,2,0.399,70.332,0
22.4,14227.0,79.3,5,425.86,57,2,3,0.957,9.797,0
50.9,74403.0,41.0,7,4605.71,17,4,0,0.677,30.241,2
31.3,86419.0,32.6,17,13792.34,88,4,2,0.066,90.028,1
40.1,67900.0,19.5,10,20850.59,16,2,2,-0.772,72.437,1
49.4,38705.0,39.3,8,6974.99,44,0,3,1.04,83.131,2
22.7,43441.0,84.6,15,3477.36,24,3,3,-1.532,63.6,3
25.8,34960.0,50.5,7,603.01,69,1,0,0.342,82.437,0
51.7,62830.0,47.3,3,5351.83,88,2,3,-0.401,74.467,2
29.1,32828.0,76.7,8,508.94,118,4,1,-1.047,75.971,0
35.8,59903.0,70.1,21,1759.74,90,3,1,0.465,47.508,3
51.6,71707.0,44.4,10,9267.73,84,1,0,1.902,59.017,2
34.9,40651.0,74.2,21,2320.8,92,0,1,-1.16,66.779,3
18.7,29760.0,75.5,11,587.66,20,2,0,-0.743,12.436,0
21.2,28036.0,91.5,6,640.06,93,2,0,0.627,90.518,0
47.1,79750.0,40.7,7,16498.74,98,2,1,-0.52,30.601,1
35.4,73435.0,15.8,15,9951.32,51,1,1,0.588,27.138,1
25.2,20901.0,74.8,7,571.19,54,4,1,-0.281,47.774,0
40.5,36643.0,88.7,16,3630.12,28,4,3,0.347,69.168,3
18.3,17782.0,82.5,0,459.12,56,2,0,0.809,62.278,0
46.6,84814.0,38.8,19,14523.96,90,2,3,0.635,51.494,1
34.2,32460.0,84.8,26,1654.5,111,2,3,-0.671,9.594,3
41.5,85824.0,25.7,12,16793.77,32,1,2,0.344,95.413,1
30.5,40440.0,74.1,24,2977.94,21,3,2,-2.458,0.159,3
27.4,29358.0,82.6,1,437.51,61,2,1,-0.225,43.091,0
49.7,75079.0,39.5,11,11015.78,82,1,3,0.72,84.454,1
26.2,23208.0,59.9,4,463.14,76,5,2,-1.8,2.044,0
21.7,25125.0,75.8,3,729.73,35,0,2,0.284,60.405,0
30.0,42876.0,75.8,14,3358.31,118,3,0,-1.533,92.015,3
29.8,15893.0,75.0,5,570.22,22,2,3,-0.24,14.092,0
50.3,48201.0,45.9,9,8899.2,117,2,1,-0.424,45.135,2
43.8,74159.0,38.4,10,13454.63,57,1,0,2.071,94.782,1
48.6,89717.0,34.7,11,18116.52,93,3,0,0.548,88.394,1
21.5,38941.0,87.1,21,2950.62,19,5,2,0.378,6.207,3
22.3,21742.0,65.4,3,686.01,18,1,0,-1.013,48.514,0
63.8,55501.0,43.8,5,8416.82,56,3,1,0.334,93.573,2
33.7,41750.0,90.6,14,1630.9,18,3,1,-1.396,71.917,3
53.9,54336.0,65.0,9,10322.78,64,2,0,-0.496,50.427,2
36.3,41542.0,77.2,22,1361.12,44,3,3,-0.053,0.504,3
25.5,33709.0,67.9,8,412.09,61,0,3,0.908,51.765,0
42.4,95213.0,23.9,9,8136.18,47,1,3,0.857,92.0,1
49.9,75156.0,30.9,12,13183.04,49,1,3,-0.328,54.52,1
59.8,43341.0,64.9,3,5699.84,80,1,2,-1.975,15.239,2
32.1,49744.0,95.2,18,2106.74,108,2,3,-0.366,74.592,3
42.9,71242.0,41.4,13,16649.4,59,1,0,1.599,40.998,1
54.3,61744.0,58.9,5,7172.99,56,0,1,-0.783,61.382,2
25.6,23309.0,70.0,3,777.48,83,1,0,0.082,98.937,0
59.7,55200.0,52.1,8,7686.12,49,2,3,-2.082,93.255,2
38.4,73657.0,11.3,11,5823.64,116,0,1,-1.408,49.658,1
40.6,39571.0,76.9,18,3657.52,9,2,2,0.369,25.471,3
53.3,44616.0,43.5,11,7841.77,33,3,2,1.661,2.453,2
41.6,40061.0,37.1,11,21955.88,56,2,2,-0.498,40.8,1
22.3,29533.0,66.0,3,792.02,77,1,3,-0.197,13.917,0
19.3,28742.0,84.5,4,463.25,75,1,3,-3.005,22.519,0
25.6,30589.0,66.9,3,322.48,97,5,1,-1.227,70.921,0
44.2,85563.0,22.7,14,14483.87,101,1,1,0.527,14.141,1
37.2,62458.0,71.2,19,1972.55,30,2,3,0.456,97.944,3
61.1,37774.0,77.3,11,6087.28,103,2,2,0.802,15.399,2
60.4,47035.0,67.5,10,5388.78,46,1,1,0.696,89.569,2
22.9,28056.0,82.8,3,312.91,9,2,1,0.797,34.026,0
37.2,51006.0,80.0,17,1687.75,23,3,0,0.943,62.147,3
50.7,38251.0,55.4,5,12536.66,88,1,3,-0.972,53.317,2
21.4,20282.0,73.0,0,93.89,96,0,3,-2.216,4.956,0
62.5,65868.0,66.5,8,6194.15,113,3,3,-0.859,77.536,2
53.6,50549.0,59.7,8,9587.33,102,1,2,1.402,16.979,2
28.8,31554.0,70.8,12,198.24,4,2,1,-1.011,20.234,0
36.8,83731.0,24.0,11,16582.8,44,2,2,-2.029,51.791,1
42.9,73212.0,26.2,10,19989.73,41,2,0,1.637,2.187,1
21.5,32469.0,64.9,10,649.27,46,1,1,0.53,70.286,0
30.4,41533.0,73.5,11,3006.6,27,3,3,0.798,22.792,3
29.7,35909.0,74.5,16,3683.18,11,1,0,-0.327,52.71,3
60.2,47267.0,42.8,13,10378.75,85,1,3,-0.735,16.685,2
38.1,73287.0,23.5,19,19263.64,78,3,0,0.652,69.629,1
43.5,58868.0,44.4,12,14623.06,82,2,1,1.191,1.477,1
60.8,64469.0,59.0,9,9234.93,88,1,2,-1.263,33.419,2
56.0,53202.0,53.1,7,5577.34,20,1,1,-2.369,48.185,2
22.3,34769.0,95.7,8,407.17,105,4,2,-1.023,16.916,0
55.9,55759.0,66.5,10,7396.94,90,1,1,0.211,0.092,2
38.4,36673.0,66.0,20,2393.32,31,0,0,-0.292,89.761,3
42.0,78533.0,40.4,13,11738.25,116,3,1,-0.245,83.92,1
25.8,30097.0,74.1,5,703.25,80,4,2,0.283,4.899,0
40.9,57852.0,87.7,20,2445.99,41,1,2,-0.629,75.983,3
26.0,18464.0,78.4,5,702.06,48,3,0,-0.417,25.402,0
35.4,68319.0,30.2,16,17039.98,106,0,0,-0.347,3.267,1
23.6,20714.0,50.0,5,777.14,103,1,0,0.114,52.961,0
38.8,61337.0,26.9,10,15102.34,19,2,2,1.663,91.505,1
29.5,39005.0,84.0,19,2852.04,71,0,3,-2.019,20.771,3
57.0,60304.0,55.6,11,2609.69,52,2,1,-0.781,17.697,2
30.0,20462.0,62.9,7,867.38,16,0,3,1.173,91.566,0
33.3,36436.0,76.4,21,2093.06,24,0,0,0.332,16.669,3
41.1,31342.0,80.0,21,3146.41,70,2,3,0.096,1.033,3
40.5,33445.0,75.2,18,2385.76,104,1,3,1.0,85.824,3
26.4,25841.0,76.3,3,667.87,80,2,2,-0.518,4.592,0
34.1,76169.0,37.6,11,11124.98,100,2,0,3.056,28.505,1
32.5,43727.0,77.6,26,3392.04,39,1,2,0.21,25.636,3
34.8,51103.0,74.8,22,2232.52,15,4,1,-0.897,65.138,3
18.0,30389.0,54.8,5,746.58,104,1,3,1.166,23.18,0
18.0,35385.0,66.8,4,485.37,114,3,0,1.401,36.878,0
42.3,86403.0,35.1,11,14149.22,4,4,2,-1.658,71.391,1
37.4,41555.0,83.3,19,2664.32,56,1,2,-1.226,49.631,3
56.3,53217.0,45.2,8,7969.57,2,2,1,-1.456,66.329,2
41.5,69560.0,12.7,12,15015.41,78,3,0,1.321,16.779,1
29.7,31343.0,72.2,5,429.94,22,4,0,0.801,94.894,0
53.3,54339.0,47.5,4,7514.04,66,4,1,0.188,52.421,2
40.6,20835.0,81.6,20,3033.0,20,1,1,1.485,1.364,3
43.2,55182.0,26.3,13,21043.55,4,0,0,0.806,36.688,1
42.6,52422.0,70.7,22,1719.71,116,0,2,-1.168,73.915,3
34.6,46600.0,86.7,28,4269.47,98,4,0,1.875,35.89,3
27.2,29768.0,66.1,2,528.89,82,2,1,1.579,46.413,0
52.1,53303.0,83.0,4,9247.37,114,1,0,-0.369,17.219,2
31.1,69446.0,26.2,14,18279.23,48,3,1,-0.719,24.365,1
43.1,51825.0,81.0,21,2985.41,55,3,3,1.806,3.025,3
58.9,48254.0,50.9,7,7836.86,111,4,1,-1.75,53.399,2
49.7,56706.0,44.5,9,6067.2,113,0,3,1.653,58.223,2
35.9,32490.0,76.6,14,3157.73,84,1,2,-0.153,12.915,3
38.7,73102.0,26.3,11,11347.31,90,4,2,-1.143,34.099,1
39.9,35605.0,81.1,20,3762.86,71,5,0,1.536,46.444,3
51.0,69320.0,79.9,8,9533.42,54,1,0,-0.726,98.463,2
29.6,28769.0,82.6,4,557.85,83,1,0,-1.238,41.174,0
60.9,41719.0,33.8,5,8209.43,24,1,1,0.571,29.732,2
29.9,39935.0,83.3,25,4003.83,11,3,2,0.411,53.522,3
34.7,71106.0,42.7,20,15747.65,16,1,2,-1.844,64.809,1
29.8,40236.0,80.8,24,2318.27,65,2,0,2.404,49.477,3
35.2,40316.0,81.3,15,3037.81,100,1,1,1.556,42.962,3
36.9,89243.0,40.4,10,13569.39,92,1,0,1.551,57.97,1
34.7,43062.0,70.4,16,2057.95,13,1,1,0.457,54.114,3
29.8,26799.0,70.4,3,433.05,75,3,2,-0.645,31.602,0
32.4,32655.0,72.2,2,579.59,118,2,3,-0.592,42.814,0
28.4,30466.0,75.8,3,466.22,6,0,0,0.06,33.933,0
28.4,61776.0,91.1,17,3095.33,94,1,0,0.849,45.704,3
53.7,75229.0,35.5,11,5922.9,52,2,1,-0.711,84.624,2
20.4,23973.0,74.4,5,197.15,58,2,0,-0.62,51.174,0
38.4,86118.0,30.6,7,13024.26,101,0,2,-0.062,36.8,1
60.8,52021.0,53.7,7,7719.61,34,2,2,0.657,89.836,2
25.4,26651.0,77.0,4,591.3,50,1,2,-1.124,32.048,0
37.7,36580.0,81.2,22,2593.35,28,2,2,0.08,55.453,3
39.5,45692.0,81.7,23,2873.42,73,2,2,1.806,49.254,3
55.5,54020.0,53.4,6,9184.95,95,2,2,0.446,93.496,2
25.7,56833.0,65.7,23,3006.39,70,4,3,0.407,35.229,3
46.4,79981.0,50.8,13,14907.47,60,1,3,-0.126,70.339,1
26.0,39874.0,70.0,28,2121.75,58,4,1,1.224,64.001,3
49.1,47290.0,60.3,6,8440.89,70,3,3,0.752,0.203,2
50.0,54922.0,50.2,11,6648.15,100,0,1,0.906,71.61,2
28.0,27604.0,75.8,4,638.63,20,0,2,0.646,61.071,0
37.1,36818.0,80.2,22,3279.48,40,2,3,0.973,38.597,3
38.2,75264.0,37.9,13,5528.02,96,2,2,-0.036,85.423,1
20.2,20609.0,71.6,5,324.91,62,3,0,0.248,18.847,0
26.1,29552.0,77.5,4,464.9,111,3,3,1.114,83.214,0
48.3,45738.0,70.9,5,7770.87,113,4,1,0.754,99.577,2
58.1,61611.0,38.9,6,10427.07,96,1,1,-1.275,44.577,2
57.8,56115.0,62.6,8,10290.33,5,2,0,0.146,45.229,2
39.8,54072.0,78.8,11,1706.32,38,0,0,-0.284,82.803,3
26.7,25620.0,61.4,6,84.03,101,5,3,1.963,56.126,0
59.8,58164.0,67.1,9,9525.87,10,0,1,0.368,39.292,2
28.5,33925.0,63.2,12,832.67,101,4,2,1.254,41.333,0
31.4,55634.0,89.7,26,3790.6,111,1,1,0.181,8.888,3
30.0,49980.0,75.7,20,2807.91,66,2,1,0.501,51.312,3
55.4,48004.0,63.4,7,9883.54,71,3,0,0.292,20.08,2
49.6,72978.0,59.4,10,9729.15,75,0,0,0.591,70.015,2
40.0,76922.0,43.0,8,20393.79,65,4,2,-0.278,79.382,1
34.7,63245.0,24.5,11,15517.08,78,3,0,0.684,47.128,1
36.6,36976.0,89.5,20,4123.95,85,2,2,-0.125,32.836,3
37.4,79346.0,29.2,9,21299.49,6,2,2,1.365,60.394,1
50.6,68701.0,39.5,14,16108.26,112,1,1,-0.667,0.868,1
26.1,85850.0,33.8,11,12690.85,90,2,0,-0.288,57.729,1
33.8,44901.0,85.3,30,2103.4,17,1,3,1.172,68.615,3
48.6,78991.0,24.5,7,14747.35,26,3,1,2.214,24.017,1
19.6,32664.0,72.3,3,514.97,7,2,2,0.965,78.395,0
58.9,61366.0,59.7,8,7855.39,48,0,2,-0.061,63.623,2
38.2,52380.0,82.4,19,1548.76,65,1,3,-0.652,45.896,3
24.1,30661.0,83.1,6,709.21,79,0,0,0.491,3.118,0
26.5,34079.0,79.3,6,452.1,95,1,1,-1.152,2.834,0
27.8,30440.0,71.2,2,309.0,36,0,3,-0.183,7.417,0
36.1,87357.0,37.9,16,16701.98,70,0,3,0.449,59.684,1
36.0,69402.0,23.2,8,14276.15,19,3,0,1.09,61.734,1
49.3,65562.0,54.2,9,6462.23,6,2,2,-0.351,62.788,2
50.2,54231.0,60.4,13,10171.1,30,2,1,0.529,2.734,2
55.0,84336.0,74.4,7,8004.03,35,1,2,0.364,64.672,2
41.1,67382.0,25.5,12,14530.53,109,4,3,-0.027,37.966,1
37.0,59195.0,81.8,20,4311.49,57,3,1,1.921,60.625,3
34.1,83197.0,46.4,14,14037.94,17,0,2,0.319,82.826,1
25.9,38513.0,78.9,24,3128.49,80,1,2,-0.131,2.505,3
49.4,58585.0,82.5,4,10853.49,62,2,0,-1.036,85.334,2
26.4,30815.0,83.2,5,405.03,10,2,0,1.84,36.772,0
47.2,51963.0,42.3,8,3849.42,100,0,0,1.061,57.369,2
43.4,75642.0,18.5,12,15806.34,109,2,2,0.27,77.233,1
52.9,45963.0,46.2,9,8603.1,18,1,2,0.819,71.499,2
29.3,39704.0,73.4,2,362.59,74,1,0,-0.732,1.598,0
27.0,29760.0,83.8,3,796.65,116,2,2,1.969,45.3,0
32.8,52423.0,83.8,19,2383.22,101,1,2,0.642,80.639,3
29.7,23503.0,76.5,7,678.88,4,3,0,-0.818,20.926,0
39.2,47469.0,83.3,17,4485.22,72,0,3,0.712,90.753,3
45.1,90228.0,41.7,15,13592.77,24,0,1,-0.09,46.668,1
50.3,49938.0,48.3,6,10426.77,64,1,0,0.339,81.993,2
60.7,63026.0,50.0,11,10525.27,111,2,2,1.6,85.442,2
55.2,49319.0,75.6,10,12673.79,98,2,1,1.14,20.705,2
46.3,69819.0,40.1,13,19603.28,76,3,1,-0.822,94.318,1
28.8,34410.0,73.7,8,772.49,88,1,2,-0.002,76.005,0
27.0,27561.0,65.5,3,371.83,42,3,0,-0.862,41.653,0
37.8,71476.0,31.6,12,16029.44,108,1,1,0.503,83.493,1
46.9,50107.0,74.4,9,9211.1,27,1,0,0.683,10.982,2
40.4,47649.0,78.6,23,1637.35,57,1,3,0.876,7.521,3
29.7,33242.0,82.8,13,1855.94,38,4,1,-0.02,79.451,3
39.7,43749.0,84.2,26,2993.72,52,3,1,1.066,27.977,3
29.0,46988.0,86.1,21,3829.98,81,1,0,-0.392,87.621,3
64.3,63377.0,46.9,6,7407.97,114,1,2,-1.564,5.199,2
43.0,67004.0,31.0,14,12513.85,16,1,2,1.202,16.664,1
37.4,34850.0,84.6,18,5042.64,47,2,3,-1.483,75.125,3
55.3,41912.0,44.1,9,8300.7,41,1,1,0.093,89.523,2
40.9,54491.0,73.2,5,10693.44,27,3,1,-0.969,64.942,2
26.5,22014.0,86.9,5,358.86,99,0,3,-1.524,93.756,0
42.4,75164.0,2.1,13,23352.75,49,1,1,1.104,44.706,1
40.1,90433.0,24.3,9,14354.59,26,1,2,-0.114,81.601,1
41.2,45364.0,80.4,18,2035.79,112,0,2,-0.355,25.444,3
53.1,45900.0,55.0,9,8897.18,54,6,3,-0.66,98.134,2
48.4,78555.0,28.0,13,11916.89,6,3,0,0.049,35.019,1
39.7,46560.0,81.4,29,4685.37,109,5,0,1.472,93.093,3
28.4,23250.0,47.9,7,484.22,110,1,0,0.639,22.791,0
32.4,76515.0,27.0,15,17329.07,1,4,3,0.526,9.2,1
21.1,28666.0,76.4,8,615.78,100,1,3,-2.35,36.359,0
60.0,50433.0,46.7,13,7360.45,19,4,1,1.72,0.957,2
32.5,42418.0,73.0,34,642.62,116,0,1,0.318,4.257,3
46.6,56555.0,31.1,12,14560.55,34,1,2,0.72,93.237,1
30.8,50349.0,83.6,17,2395.77,6,2,1,-0.26,94.742,3
35.7,45117.0,27.4,9,21206.7,69,2,2,0.523,1.262,1
38.0,42605.0,71.6,19,1736.71,39,3,1,0.96,3.334,3
35.3,38957.0,93.7,27,4328.52,31,5,2,-0.172,46.813,3
36.0,38819.0,72.3,29,1749.15,39,1,1,1.407,14.153,3
21.4,23930.0,50.0,7,213.27,106,0,1,1.163,60.348,0
32.8,43430.0,73.7,28,2632.48,7,2,1,-1.521,91.579,3
66.5,68400.0,33.1,7,10624.4,119,1,3,-0.444,90.185,2
31.4,88589.0,17.9,11,12711.64,5,1,0,-0.354,69.738,1
38.6,43531.0,95.1,24,3301.24,99,1,1,-0.928,64.726,3
33.9,73853.0,21.5,11,11140.25,28,1,3,0.894,49.615,1
31.4,45820.0,81.9,21,3261.68,91,3,2,1.975,39.151,3
25.1,36441.0,60.9,2,556.87,70,0,1,0.774,95.231,0
45.8,69048.0,74.4,5,7897.39,40,2,0,-0.736,74.591,2
52.4,64452.0,73.6,11,9991.75,18,3,1,-0.116,87.659,2
28.2,35000.0,71.6,5,342.79,17,1,3,-0.919,81.37,0
22.7,24862.0,91.9,5,121.93,119,5,0,-0.264,98.807,0
22.0,20559.0,94.2,3,1033.94,117,1,3,0.396,74.399,0
33.0,80116.0,47.9,11,14437.93,1,2,1,-0.952,51.482,1
29.2,89301.0,6.8,10,11089.02,19,2,3,-1.265,96.554,1
52.6,52461.0,50.1,7,5890.77,5,6,2,-1.135,94.197,2
37.2,86189.0,48.0,12,11411.23,74,3,0,-0.163,10.517,1
32.9,77063.0,30.2,13,18059.34,74,0,0,1.012,11.23,1
49.6,48431.0,72.8,10,8386.51,88,2,1,-1.182,32.054,2
21.1,30753.0,58.1,4,586.43,60,1,3,-0.233,79.922,0
18.0,58542.0,83.5,23,2944.17,2,3,1,-2.355,81.813,3
43.1,43841.0,80.6,19,2847.33,11,1,2,0.687,66.951,3
50.8,51004.0,44.5,7,10209.41,4,2,2,0.27,77.761,2
48.7,65643.0,48.1,10,7956.13,87,1,2,0.346,85.994,2
31.4,57961.0,80.8,26,661.87,71,0,0,0.647,25.52,3
28.7,20723.0,67.5,4,257.09,79,4,0,0.77,17.476,0
23.2,35390.0,80.8,5,762.26,23,1,2,0.001,50.271,0
20.7,37078.0,75.8,2,493.31,35,1,0,0.099,66.459,0
29.5,45315.0,70.1,16,2136.98,75,3,2,1.079,71.969,3
25.8,34459.0,71.6,9,468.82,39,2,0,-0.312,6.731,0
54.6,67254.0,58.9,9,7022.5,31,1,1,0.892,48.55,2
42.4,43023.0,81.6,32,2816.31,2,0,0,1.264,45.986,3
35.2,55949.0,64.2,25,1666.34,10,6,1,1.286,5.984,3
57.5,63771.0,55.6,8,10789.9,48,3,3,-0.992,42.003,2
23.9,31740.0,59.4,6,115.24,5,1,2,0.329,96.387,0
39.4,52068.0,85.4,18,2923.74,76,1,0,-1.941,9.327,3
56.4,57952.0,57.5,7,5795.21,82,2,2,-1.278,17.923,2
30.2,24570.0,73.7,8,513.07,28,3,2,-0.723,26.988,0
24.1,30367.0,76.9,6,432.79,8,0,3,0.303,46.837,0
35.3,47639.0,90.6,24,3393.67,68,1,3,0.677,48.17,3
50.7,35392.0,51.9,9,6312.16,81,4,1,1.193,48.95,2
43.1,53791.0,74.7,20,2660.85,93,5,2,1.281,80.157,3
40.5,41035.0,70.7,25,1650.96,9,2,2,0.785,76.973,3
45.7,54163.0,37.7,7,10415.64,14,1,3,1.12,76.764,2
57.3,58580.0,52.1,8,7063.01,40,2,2,-1.335,55.793,2
36.8,82568.0,41.0,16,18221.84,9,1,2,-0.089,63.548,1
38.1,70555.0,27.8,11,9720.87,102,0,2,-0.872,8.836,1
39.8,64897.0,38.9,8,19405.81,9,1,3,-0.859,62.98,1
35.4,37308.0,75.0,15,3585.1,116,3,2,-0.819,21.231,3
60.6,58399.0,38.4,8,11115.66,52,0,0,0.685,62.439,2
28.7,47872.0,80.3,9,4014.43,41,3,3,0.902,95.842,3
38.0,80065.0,27.1,7,10429.36,11,4,2,-1.451,51.36,1
55.9,31980.0,38.9,7,8981.44,22,0,1,0.206,1.217,2
56.5,63460.0,53.3,7,7023.79,105,3,3,-0.476,6.507,2
56.9,73079.0,46.6,11,11542.24,45,3,2,-1.658,4.482,2
53.7,44350.0,43.9,3,9371.88,27,2,1,1.724,61.661,2
24.9,28644.0,88.1,4,755.06,94,2,1,-1.243,4.427,0
45.6,59409.0,47.3,7,7207.92,6,1,3,-1.289,50.902,2
23.2,24908.0,76.5,4,339.54,97,0,1,0.197,9.323,0
37.5,98849.0,28.8,13,10101.36,117,1,3,1.313,43.053,1
36.0,82804.0,29.6,15,12634.28,22,2,2,1.301,66.234,1
61.8,52914.0,73.8,11,8162.05,26,1,0,-1.229,92.177,2
31.5,32620.0,71.8,28,4521.2,70,2,2,-1.283,10.807,3
53.6,48312.0,41.4,7,11283.16,97,5,3,0.213,73.033,2
61.5,51960.0,48.4,13,4850.02,74,0,0,1.289,58.933,2
51.4,45707.0,55.8,7,10543.35,101,4,3,0.04,89.957,2
59.7,47221.0,70.1,7,7875.44,65,2,2,0.506,70.237,2
26.7,28344.0,76.6,4,325.87,108,1,1,-1.233,34.862,0
45.4,74285.0,16.9,11,16099.87,15,0,2,0.13,81.428,1
35.7,98362.0,23.2,8,20056.75,87,2,1,0.78,49.306,1
44.8,86000.0,21.8,15,13278.79,76,2,0,-0.178,28.861,1
28.4,24949.0,81.9,11,378.56,82,0,2,0.24,76.268,0
22.3,31441.0,83.9,4,534.64,111,0,0,1.642,38.744,0
37.9,95112.0,18.8,19,12866.71,113,1,2,-1.847,71.307,1
31.8,41996.0,84.4,18,3656.64,16,2,1,0.168,29.714,3
38.2,78980.0,24.1,11,22269.41,91,3,1,-0.918,76.643,1
47.2,75507.0,26.5,18,20500.58,56,1,2,2.924,96.439,1
18.0,30748.0,81.3,6,360.27,48,6,0,-0.358,93.723,0
56.4,47009.0,78.0,9,9188.23,92,2,0,-0.758,37.057,2
40.4,51456.0,22.9,12,17925.26,9,3,1,0.803,29.441,1
24.1,29137.0,95.6,5,185.19,84,3,0,-1.125,37.473,0
54.0,44831.0,64.8,7,7668.27,97,1,1,-3.051,9.728,2
27.5,36067.0,81.1,7,580.83,57,0,2,0.684,6.066,0
31.5,32468.0,79.3,10,696.84,26,1,3,1.466,55.029,0
19.4,34795.0,78.3,3,308.45,29,1,1,-0.881,99.499,0
24.9,25358.0,59.5,6,375.64,93,2,2,-0.972,83.43,0
18.5,30083.0,76.1,5,578.87,65,2,2,0.512,37.876,0
34.7,68194.0,22.5,15,19513.23,81,3,0,0.778,75.445,1
37.3,27757.0,71.0,19,4387.82,44,1,0,0.591,83.99,3
56.2,47814.0,44.6,10,8330.9,17,0,2,-1.051,51.416,2
53.1,51255.0,47.5,9,8754.26,96,3,3,-0.62,10.421,2
42.4,75403.0,17.6,9,14433.45,17,1,3,-0.866,63.69,1
37.8,43906.0,81.9,25,3943.16,37,1,2,-1.209,34.629,3
38.3,73567.0,31.8,8,15910.65,76,0,3,0.983,2.498,1
23.7,24958.0,65.6,3,470.88,11,2,3,-0.152,72.074,0
50.6,60039.0,68.4,8,5828.22,28,0,1,-0.465,19.343,2
26.0,20445.0,86.0,7,777.19,85,1,1,-1.145,63.267,0
35.8,72827.0,19.0,11,19437.39,66,2,2,0.504,51.646,1
62.0,56007.0,51.5,5,6895.2,57,1,0,-0.326,41.0,2
38.5,51267.0,70.4,20,3567.27,20,2,0,0.26,35.252,3
36.6,77733.0,27.3,15,16445.5,20,2,1,-1.094,10.058,1
46.4,57586.0,23.4,7,6246.02,36,2,2,1.192,0.094,2
37.8,29592.0,86.3,17,3162.84,113,3,1,0.701,86.872,3
24.4,31175.0,77.8,5,562.96,112,4,0,0.093,70.67,0
34.9,93899.0,38.4,17,11573.95,97,4,1,0.025,1.536,1
37.6,63227.0,28.8,10,15852.74,81,2,3,0.384,12.617,1
40.0,66000.0,12.3,10,12626.11,53,2,3,0.125,5.824,1
39.8,64833.0,27.5,14,20907.38,17,1,1,1.711,15.318,1
45.7,51854.0,75.6,21,4529.19,83,2,0,-0.327,63.436,3
54.7,38632.0,67.4,8,9237.18,69,3,0,-1.909,2.558,2
50.6,26536.0,43.4,4,8630.82,14,3,0,1.232,50.133,2
38.6,66454.0,20.8,19,18313.09,14,3,2,-0.789,62.256,1
33.7,35862.0,80.3,19,1712.63,39,1,3,0.051,5.554,3
40.2,59747.0,73.5,26,3468.56,80,2,2,-1.057,59.627,3
32.9,37579.0,78.0,20,2344.92,113,4,3,-1.479,49.586,3
29.4,25535.0,77.2,5,537.36,4,5,1,1.093,9.872,0
52.4,44856.0,51.4,4,6354.2,10,0,1,0.569,50.124,2
26.0,28026.0,66.5,7,618.7,51,3,1,-0.445,29.426,0
42.7,86963.0,37.5,9,17166.72,24,0,1,-0.004,41.369,1
22.7,27097.0,68.1,8,604.69,30,5,2,1.15,49.483,0
54.1,49063.0,40.3,15,9760.58,31,1,3,-1.509,2.866,2
58.9,55745.0,45.2,10,9143.28,46,3,1,0.065,70.906,2
20.9,40987.0,76.7,3,367.98,24,1,1,2.207,63.542,0
44.5,77291.0,32.3,8,17253.49,62,3,0,-0.726,13.254,1
37.5,73427.0,35.4,14,7693.75,91,2,2,0.864,23.249,1
42.7,70881.0,24.7,10,15206.93,32,3,3,-0.27,4.032,1
19.2,29804.0,50.4,3,857.33,8,1,1,0.211,36.827,0
39.0,77275.0,26.7,12,14005.53,93,3,0,-0.921,72.588,1
46.8,48054.0,78.9,22,1539.39,80,2,3,0.015,49.968,3
26.0,29193.0,77.4,5,382.45,69,5,2,-1.25,60.776,0
28.8,28307.0,82.6,5,732.67,20,3,0,0.574,43.662,0
39.2,76120.0,21.4,8,15100.82,79,0,0,0.929,53.838,1
29.9,39817.0,75.0,21,2771.21,15,3,2,0.381,38.173,3
49.6,78915.0,60.1,9,7748.79,59,1,0,-1.664,1.682,2
61.9,42150.0,36.8,6,3624.94,84,1,3,-1.285,81.813,2
33.0,65635.0,44.7,12,8254.99,9,1,3,1.813,93.113,1
57.6,64673.0,44.6,4,6390.07,28,3,1,0.049,75.877,2
23.1,32807.0,71.3,8,543.02,103,2,0,0.06,95.677,0
52.2,62579.0,35.6,9,10620.9,50,2,2,0.399,57.727,2
26.1,59884.0,90.5,19,2719.06,44,2,2,0.842,86.363,3
52.9,68741.0,51.7,6,5821.78,71,1,2,-0.948,52.312,2
30.5,41403.0,72.0,20,3831.91,23,3,2,-0.219,74.306,3
57.9,68425.0,46.7,3,9465.37,24,3,1,-0.602,33.066,2
24.5,29258.0,66.3,3,426.54,16,0,0,0.811,54.928,0
26.2,34635.0,85.8,26,4057.66,56,1,3,-0.371,59.218,3
23.1,23854.0,82.1,5,687.8,22,2,1,-1.163,91.738,0
54.1,54570.0,55.8,5,10248.54,23,5,0,0.785,20.637,2
24.8,32357.0,92.1,5,181.61,19,1,2,1.892,96.211,0
22.6,22645.0,89.5,9,414.64,76,1,0,-1.045,91.835,0
33.3,98626.0,33.1,16,19037.65,115,2,3,0.112,36.377,1
38.8,67220.0,53.6,8,15040.55,90,2,3,0.312,14.754,1
41.7,54987.0,29.6,8,12948.59,113,2,3,-1.606,39.773,1
53.8,52893.0,51.3,11,2850.4,33,0,1,-0.825,54.022,2
24.8,27325.0,92.3,5,0.0,59,2,1,0.966,56.826,0
34.6,32008.0,64.9,9,607.55,41,2,1,0.37,97.555,0
58.7,56546.0,56.5,5,8882.91,39,1,0,0.114,32.625,2
38.5,97461.0,23.2,10,7681.23,2,1,3,1.123,13.51,1
56.0,59411.0,78.0,7,9318.07,52,3,3,0.547,28.01,2
54.0,59870.0,47.6,9,6006.22,57,2,1,-0.703,5.453,2
31.0,41241.0,91.7,19,2539.81,17,1,1,-0.224,82.868,3
55.1,63654.0,64.7,9,6638.52,59,0,0,-0.144,67.194,2
40.1,91783.0,31.4,13,18009.66,11,2,1,-0.398,48.073,1
58.2,49901.0,55.4,4,8452.12,5,4,0,0.64,32.06,2
32.8,57517.0,27.9,15,18858.8,41,0,1,0.933,45.46,1
33.6,85417.0,30.1,11,22350.26,72,3,2,-0.366,99.73,1
37.3,43811.0,71.9,23,3751.42,64,3,0,0.219,2.063,3
41.9,76296.0,32.7,8,17325.8,41,4,1,0.578,11.333,1
37.3,36594.0,75.7,28,3650.35,84,7,2,-0.881,23.732,3
36.6,47345.0,73.1,25,3397.71,91,1,0,-1.3,81.367,3
34.7,55244.0,65.0,22,2191.83,57,1,3,-1.883,18.891,3
44.1,43698.0,62.2,21,3174.98,63,3,3,-1.059,98.397,3
40.0,67902.0,40.2,11,9407.35,27,2,1,-1.891,5.161,1
40.6,89270.0,41.5,10,10341.57,55,2,3,0.199,68.821,1
38.8,52298.0,46.4,7,8732.96,30,3,3,-0.427,26.526,2
53.6,103331.0,36.2,17,18865.1,34,0,0,-0.432,93.0,1
50.0,67952.0,55.7,7,10477.35,42,1,3,-0.637,24.316,2
52.9,55126.0,57.4,9,8159.61,24,1,2,-1.026,93.656,2
47.7,42308.0,44.4,5,6667.73,12,5,1,0.008,21.757,2
43.5,72977.0,39.0,17,20642.7,29,6,0,-1.277,45.662,1
27.0,25561.0,75.5,1,112.49,60,1,1,0.25,17.29,0
36.8,63127.0,27.6,8,12992.54,56,2,3,-0.157,12.858,1
26.7,30288.0,79.0,5,369.79,46,2,2,0.922,34.376,0
32.1,37516.0,73.3,20,1858.32,73,1,0,-0.481,16.475,3
36.0,66149.0,20.1,10,13686.62,58,3,2,-0.708,42.712,1
25.6,33954.0,58.9,5,268.56,14,4,3,-0.075,37.754,0
20.7,36808.0,74.4,2,219.02,19,3,1,-0.29,47.5,0
45.5,60054.0,51.6,3,9869.22,41,3,2,1.65,74.96,2
54.2,50359.0,58.0,8,7033.51,110,2,2,-1.457,74.753,2
40.1,84570.0,23.8,12,9874.24,118,1,0,0.536,95.172,1
24.0,33675.0,74.2,4,446.81,57,3,0,-0.328,8.906,0
44.1,75628.0,19.5,14,13519.58,30,0,1,-0.943,29.497,1
36.4,88962.0,31.1,9,17773.9,75,1,2,-0.369,33.153,1
52.1,62189.0,60.8,9,11565.48,22,3,2,1.513,48.187,2
55.0,43200.0,57.6,10,7018.42,108,1,0,-0.657,49.271,2
35.2,69054.0,21.6,10,13034.94,96,2,3,0.603,82.236,1
30.1,29671.0,74.1,2,389.39,100,2,0,-0.936,56.143,0
39.3,35235.0,67.0,21,1545.94,37,3,1,-0.127,73.295,3
33.5,58249.0,22.7,11,9532.3,5,3,3,0.253,57.034,1
59.7,65262.0,69.9,9,6175.24,19,1,2,1.876,24.587,2
27.7,35310.0,62.3,7,287.33,46,0,2,-1.931,99.336,0
34.9,93643.0,40.0,6,15552.77,101,3,0,-1.388,77.492,1
26.5,25945.0,70.4,2,353.52,104,2,3,-0.504,42.744,0
62.8,38403.0,52.7,11,4015.54,84,1,3,1.402,55.31,2
28.1,47279.0,92.5,20,4106.47,23,0,2,-1.063,43.521,3
53.0,83387.0,27.9,20,11776.84,79,3,3,-1.538,2.311,1
24.0,25176.0,78.6,1,746.05,33,1,2,-1.217,9.61,0
29.1,24910.0,85.0,2,285.62,67,3,3,-0.054,6.12,0
45.8,76843.0,30.9,10,11619.16,44,1,1,0.788,34.204,1
25.1,23570.0,91.0,5,353.88,20,0,3,1.216,88.078,0
21.1,19221.0,78.5,6,715.37,69,3,0,-0.784,57.784,0
34.2,37985.0,78.2,23,3260.99,100,4,0,0.62,33.072,3
42.2,72419.0,40.0,18,21905.41,86,4,3,0.264,60.921,1
44.1,86113.0,36.1,13,14130.89,17,3,0,0.308,22.761,1
31.2,51136.0,82.2,15,3753.15,47,2,0,-0.438,28.555,3
24.9,30506.0,79.3,3,494.83,39,0,1,1.437,66.794,0
31.8,20557.0,84.0,25,3380.95,17,2,1,-0.342,20.508,3
38.9,70163.0,51.7,13,9988.04,57,2,2,2.084,68.926,1
36.0,40435.0,78.5,28,4550.22,70,1,3,-0.309,83.503,3
48.8,74479.0,45.9,10,5849.59,114,2,3,1.143,12.775,2
30.5,58373.0,71.6,26,2369.67,80,3,3,0.977,16.684,3
33.1,35334.0,78.1,25,3714.29,66,3,1,2.301,35.63,3
53.0,65771.0,26.1,8,14396.68,79,5,1,-0.728,7.331,1
30.9,40300.0,73.2,19,1654.12,70,1,0,-0.187,55.245,3
40.3,102102.0,19.3,10,13642.8,105,4,2,1.451,72.646,1
40.5,89742.0,45.5,20,13324.18,66,2,0,-0.241,28.345,1
36.8,57314.0,39.4,15,16877.02,116,4,0,-0.753,75.018,1
46.3,53466.0,59.1,4,10563.53,119,2,3,0.307,36.972,2
24.3,24008.0,60.3,4,533.96,63,2,3,-0.079,50.334,0
53.7,70877.0,61.4,7,11376.65,3,3,1,1.152,38.558,2
52.5,51158.0,63.0,14,6974.31,5,2,3,1.652,86.374,2
40.4,45893.0,81.1,20,2911.25,90,0,2,-0.665,85.479,3
36.3,37570.0,78.7,24,2875.9,86,1,2,-0.076,92.059,3
40.4,73043.0,11.1,11,10371.55,101,1,1,0.362,20.054,1
46.0,84073.0,34.1,19,16116.7,10,3,0,0.462,50.159,1
33.3,68617.0,35.9,12,16662.02,88,2,0,-0.151,72.836,1
18.0,25500.0,68.3,5,695.02,102,2,3,-0.653,51.097,0
18.0,31555.0,82.8,2,295.33,117,2,1,-0.213,74.213,0
30.8,74623.0,50.6,12,8118.06,79,1,2,1.027,50.987,1
35.8,97905.0,28.1,16,13634.12,102,3,2,-0.986,76.784,1
24.6,51081.0,75.5,21,3340.43,108,1,1,-0.761,33.396,3
56.5,38823.0,63.1,11,9296.14,13,3,0,-0.765,47.473,2
41.0,74406.0,33.9,18,18163.44,96,1,1,-0.737,41.496,1
59.7,77052.0,59.1,4,5553.83,106,1,2,-0.352,13.645,2
18.6,22210.0,65.0,7,307.21,5,2,2,-0.725,93.116,0
42.1,78389.0,27.7,11,21336.4,108,1,2,0.363,23.113,1
54.9,73129.0,59.9,9,7352.91,77,4,2,0.312,1.136,2
48.2,87473.0,12.5,16,12801.87,11,3,1,0.073,68.514,1
30.4,78487.0,24.5,17,10793.05,34,0,0,-0.656,32.666,1
46.7,54338.0,82.3,20,3387.55,34,2,1,-0.534,36.532,3
35.3,42120.0,78.7,20,3020.01,116,4,1,0.79,94.655,3
54.5,47535.0,49.8,5,7556.73,55,1,0,0.836,97.939,2
56.1,32462.0,71.8,9,7526.55,114,2,2,-1.494,6.242,2
52.7,45635.0,47.8,8,9371.07,73,0,3,2.138,4.049,2
24.0,25740.0,74.3,2,472.25,27,0,0,0.582,75.18,0
37.1,77523.0,20.4,8,17515.95,106,2,2,0.43,95.465,1
21.5,35644.0,63.8,4,141.19,30,1,2,-0.155,19.178,0
37.8,95757.0,29.6,16,12931.65,35,2,1,0.842,95.0,1
63.5,44424.0,31.1,12,8087.41,3,1,0,-0.171,20.498,2
24.4,21538.0,60.1,3,269.55,108,1,1,0.339,70.92,0
45.1,60401.0,87.5,25,3460.13,24,7,0,0.163,6.049,3
34.8,40323.0,82.7,16,3445.7,40,4,3,0.866,26.539,3
56.9,62460.0,22.0,8,7960.05,29,2,0,-0.545,38.546,2
49.4,32818.0,25.8,4,9747.32,76,4,3,-0.937,59.732,2
42.8,35551.0,88.8,20,2226.86,37,5,1,-0.604,90.699,3
25.3,22008.0,68.0,6,266.3,20,1,0,-0.954,83.558,0
33.2,34752.0,87.9,19,4345.18,2,0,0,-0.197,40.484,3
28.7,34157.0,68.1,4,744.74,72,3,3,-0.023,52.841,0
27.1,37914.0,80.0,27,2407.59,16,4,3,0.524,68.033,3
39.0,85678.0,45.1,9,10131.28,27,1,0,-1.283,3.642,1
36.6,57102.0,98.6,19,3387.44,33,1,0,-0.365,45.148,3
35.1,46688.0,86.6,19,2806.6,88,4,3,0.697,65.294,3
27.5,23983.0,75.0,4,508.36,42,1,0,-0.288,95.175,0
41.1,73534.0,55.5,9,17852.43,77,1,1,-1.815,81.392,1
44.8,38316.0,81.3,25,2335.88,87,5,0,0.182,16.758,3
43.5,73909.0,21.7,11,18071.79,92,1,0,-0.171,72.354,1
34.6,68654.0,91.3,20,2449.34,12,2,1,-1.467,15.332,3
52.3,81613.0,49.4,11,7591.96,2,1,1,-0.505,44.816,2
38.2,46767.0,15.7,18,17812.85,117,1,1,0.337,67.952,1
39.7,89131.0,34.5,9,15343.58,115,2,3,-2.263,39.666,1
25.3,32992.0,72.7,4,970.47,77,2,0,0.115,63.924,0
35.9,58236.0,73.1,25,3937.05,14,3,1,0.14,94.073,3
38.0,52068.0,20.2,15,22400.93,47,4,0,3.1,48.458,1
53.1,71063.0,60.0,8,9529.9,43,0,2,0.639,78.42,2
47.3,67936.0,44.0,15,14432.84,26,2,0,-1.123,16.539,1
61.4,48904.0,57.4,12,8833.35,22,3,1,-0.238,95.968,2
43.8,48598.0,88.3,24,3417.36,98,1,1,-0.471,65.693,3
35.9,50239.0,86.8,11,2691.42,65,3,1,0.642,69.982,3
38.4,74561.0,26.4,12,13256.01,108,1,1,-0.382,97.872,1
29.5,32944.0,84.6,20,4758.47,68,2,2,1.155,38.826,3
33.8,35415.0,87.6,22,3383.19,80,1,3,0.287,42.17,3
54.0,60106.0,61.9,3,8827.77,73,4,2,0.312,56.729,2
30.9,50149.0,71.7,26,2660.73,52,1,1,0.012,37.476,3
29.7,30180.0,90.1,5,439.18,115,2,1,0.173,6.948,0
34.4,31337.0,75.1,6,672.04,38,3,3,1.44,52.813,0
29.1,43587.0,71.4,21,3818.63,111,1,1,1.235,5.19,3
35.6,75185.0,31.4,15,9037.52,44,0,3,-0.504,49.644,1
35.7,50397.0,84.5,19,3128.67,31,2,3,0.163,8.325,3
35.3,36918.0,66.4,12,3817.95,57,5,3,2.468,80.935,3
23.1,32563.0,79.3,5,559.19,22,2,2,0.33,27.34,0
44.2,35694.0,70.7,14,2984.95,2,5,3,-0.988,67.244,3
32.9,83626.0,37.8,17,20699.48,113,1,2,-0.557,65.14,1
53.4,59736.0,52.9,3,5875.39,6,3,0,2.413,31.614,2
54.7,56507.0,68.0,4,9073.53,15,2,1,-0.715,49.146,2
44.1,46808.0,81.4,30,3096.85,54,0,0,-0.961,85.948,3
25.8,40244.0,55.4,1,658.16,18,1,1,-0.733,88.913,0
44.1,50700.0,41.0,19,8899.24,104,2,0,-1.376,24.369,1
51.4,47445.0,37.9,11,10067.91,116,3,2,-1.242,51.58,2
58.0,54433.0,62.9,9,5187.44,8,3,2,-0.344,58.191,2
61.5,61291.0,49.1,7,11216.23,114,4,2,1.642,86.278,2
30.4,24618.0,68.4,4,596.02,28,2,3,0.25,11.497,0
54.3,93461.0,24.0,8,14494.52,27,2,3,0.577,22.431,1
35.5,73496.0,56.2,14,7079.15,53,1,1,-0.784,19.895,1
35.8,36126.0,78.3,20,3557.27,91,2,1,-0.731,71.425,3
38.2,93943.0,43.2,11,21219.42,27,4,2,0.337,14.486,1
19.6,22109.0,76.6,6,460.98,74,7,3,0.011,42.907,0
35.1,46997.0,89.8,24,2674.63,108,1,2,0.986,92.642,3
22.3,34883.0,76.9,6,872.68,98,1,3,-0.365,98.525,0
31.9,55458.0,82.4,15,3476.11,96,2,2,-0.608,53.452,3
50.7,74537.0,45.2,10,10205.74,12,2,2,-1.033,98.682,2
29.7,49137.0,92.2,20,3386.76,90,1,0,-0.72,19.74,3
46.4,91245.0,19.2,14,25392.05,113,3,1,-1.38,37.21,1
26.9,27782.0,75.9,7,692.1,27,0,2,2.294,76.493,0
59.3,52412.0,46.6,8,6891.25,76,2,3,0.497,55.618,2
26.9,44564.0,87.4,23,3323.59,101,4,3,-1.374,44.68,3
50.8,54078.0,42.8,11,7918.84,31,1,0,0.303,95.812,2
31.4,27826.0,61.2,4,515.11,33,3,2,0.262,28.913,0
31.5,56636.0,74.5,20,2734.97,1,6,3,0.625,79.659,3
32.2,34166.0,87.3,17,2208.14,13,1,2,-0.067,12.32,3
55.4,65549.0,66.6,12,8322.49,94,0,3,-0.321,87.004,2
40.8,56493.0,62.2,19,1820.21,112,5,3,-1.268,26.534,3
34.4,29742.0,66.7,11,2433.46,58,2,3,-2.743,29.018,3
57.6,51473.0,56.5,11,8130.25,22,5,3,-0.342,49.111,2
20.7,34056.0,56.6,2,480.2,74,2,1,0.806,6.152,0
37.3,61634.0,36.4,11,20799.43,15,3,3,-0.99,6.256,1
18.2,32578.0,59.3,4,863.71,112,2,0,0.181,89.143,0
39.4,73462.0,27.6,10,16119.29,7,0,1,-0.796,44.444,1
33.3,87517.0,20.4,16,9806.18,2,2,2,-1.315,0.287,1
27.4,35405.0,78.8,2,465.81,66,5,3,0.418,55.114,0
32.6,76455.0,16.4,8,17087.52,84,1,3,0.54,55.681,1
20.9,26905.0,87.9,1,595.0,7,3,3,-0.492,72.025,0
34.7,39825.0,65.0,17,3798.8,113,2,0,-0.199,90.934,3
30.2,26793.0,79.4,28,2690.94,64,3,0,1.727,79.812,3
27.6,25403.0,69.4,6,168.03,93,1,1,1.325,76.187,0
22.4,33419.0,69.2,19,3303.3,69,1,0,-0.428,24.17,3
50.8,76111.0,60.2,8,10869.11,56,1,2,0.461,33.652,2
38.6,78028.0,34.3,9,4872.5,4,1,1,0.824,83.262,1
26.1,29941.0,82.1,7,486.71,40,1,1,-0.374,6.319,0
51.5,63298.0,38.2,4,6831.55,78,0,0,-0.909,11.259,2
29.8,45752.0,85.7,21,2083.03,109,1,0,0.248,39.642,3
56.7,57140.0,73.7,4,5849.55,65,1,2,-0.403,44.783,2
28.3,21097.0,80.8,2,495.77,16,3,1,-0.876,50.755,0
25.6,26837.0,95.2,3,271.26,24,4,3,-0.245,86.707,0
38.3,81507.0,37.4,9,10728.24,88,3,0,-0.074,53.656,1
40.0,74580.0,35.8,7,13522.43,2,3,0,1.608,7.939,1
29.3,25301.0,80.5,5,661.47,78,2,1,-0.682,22.62,0
37.7,65493.0,31.3,15,15202.63,68,4,3,0.117,80.013,1
39.6,33299.0,70.3,16,3475.4,79,3,3,-1.362,94.213,3
47.1,44431.0,94.4,26,3480.12,66,4,1,-0.302,40.106,3
46.6,51738.0,35.5,9,13877.11,51,2,1,2.228,41.059,1
36.9,55669.0,70.0,17,3485.74,89,0,3,1.04,95.606,3
33.7,53580.0,30.1,11,13035.39,36,2,1,-1.273,70.491,1
46.4,72261.0,30.2,7,20342.7,113,2,0,-0.059,5.633,1
26.8,29414.0,82.0,6,474.88,97,0,1,0.235,65.874,0
49.6,46309.0,26.7,5,9461.17,66,1,1,0.756,59.939,2
23.0,38238.0,79.8,11,1680.54,27,3,2,0.947,8.856,3
52.5,58706.0,40.1,9,8770.57,55,1,0,-1.214,36.472,2
41.6,81114.0,36.1,18,18417.09,9,0,1,0.467,17.767,1
54.0,60063.0,61.4,9,3842.47,65,1,0,1.43,30.373,2
29.4,29734.0,55.3,11,380.78,117,3,1,0.819,25.565,0
24.3,35683.0,88.8,22,2006.83,60,4,3,-0.53,51.74,3
49.2,64750.0,24.9,9,8570.0,107,1,2,0.109,34.46,2
46.8,81859.0,36.2,11,17042.85,74,1,1,-0.323,61.612,1
56.2,43276.0,40.0,9,5041.2,15,1,1,0.025,60.966,2
49.6,53549.0,59.3,8,11644.26,103,2,2,1.01,11.532,2
25.0,25804.0,70.2,5,625.44,7,6,2,0.733,88.775,0
53.0,52226.0,16.0,9,8222.73,45,3,1,1.161,45.984,2
28.9,26061.0,84.4,4,550.8,65,2,1,0.427,3.396,0
58.3,30363.0,49.5,8,7698.48,79,2,3,-1.483,16.848,2
38.7,43598.0,81.8,16,2541.92,1,4,0,0.134,79.722,3
29.6,44465.0,71.4,15,2099.46,70,0,1,0.118,97.074,3
58.4,66819.0,56.5,7,12965.23,85,3,3,0.592,84.167,2
53.3,57155.0,53.9,10,6421.73,90,1,2,-1.444,77.076,2
32.0,33378.0,69.8,4,778.94,71,4,3,1.59,93.925,0
37.1,43688.0,90.6,18,2950.59,112,1,1,-0.525,55.506,3
45.6,71845.0,35.2,12,19347.71,62,0,3,0.354,19.136,1
44.0,77777.0,37.5,8,16060.34,94,1,2,1.031,71.065,1
44.9,80580.0,39.0,15,10512.21,97,4,3,1.627,11.297,1
26.7,28265.0,89.7,6,416.21,17,2,0,-0.084,14.496,0
51.5,53543.0,43.4,3,6265.56,62,2,0,-0.146,64.201,2
30.0,27256.0,59.5,7,746.52,51,2,2,-0.22,20.991,0
59.2,62397.0,64.7,7,5448.5,39,1,0,1.568,67.41,2
33.1,68028.0,23.3,12,17682.91,101,1,0,-1.492,4.848,1
26.3,32381.0,66.8,2,217.72,103,4,3,0.239,6.184,0
54.2,64083.0,47.3,9,7134.73,108,1,0,1.703,33.255,2
24.2,37791.0,93.8,7,395.42,73,4,1,-0.469,83.638,0
50.8,43614.0,20.6,14,20374.27,43,1,1,-0.088,13.018,1
56.7,50838.0,59.7,5,8541.0,4,2,0,-0.916,39.732,2
27.0,32163.0,70.6,4,517.52,108,3,1,-1.504,95.201,0
31.0,41919.0,70.4,21,2169.24,119,2,0,-0.09,21.883,3
20.9,30260.0,94.3,7,533.65,81,1,2,-0.895,7.108,0
24.5,19431.0,69.7,8,300.52,68,2,1,1.51,47.209,0
56.5,52313.0,50.9,12,8393.6,44,2,1,0.895,9.367,2
37.2,83590.0,39.4,11,9263.22,112,1,1,-1.049,10.434,1
24.1,24149.0,80.8,3,423.8,58,2,2,-0.093,21.68,0
45.2,82708.0,21.0,12,15964.5,105,2,3,-1.18,19.805,1
38.1,76901.0,30.1,17,12182.47,65,1,0,0.196,67.0,1
29.1,29699.0,83.4,19,3625.64,47,2,3,-0.635,61.392,3
45.7,71058.0,17.2,13,14199.35,10,1,2,-0.402,91.615,1
33.5,34615.0,76.9,22,2763.28,109,3,1,-1.292,93.371,3
39.4,36036.0,76.0,13,2863.29,111,2,1,-2.095,17.233,3
36.7,64426.0,14.4,10,11359.55,21,3,2,-0.837,71.957,1
31.1,46633.0,82.3,20,4166.57,56,0,1,0.277,96.602,3
40.4,62226.0,31.8,11,10695.26,96,0,3,1.097,61.542,1
33.0,36119.0,73.8,18,1858.6,94,2,2,-0.756,85.975,3
30.5,33615.0,68.3,9,860.25,11,2,0,0.254,93.046,0
52.1,53692.0,47.7,5,10699.03,119,2,0,0.934,20.372,2
40.4,83565.0,37.8,9,14419.73,113,2,3,-0.312,95.33,1
31.4,78936.0,25.5,10,17333.38,20,1,0,1.044,75.738,1
43.3,51080.0,74.9,6,7863.52,40,2,0,0.3,39.549,2
56.5,51570.0,72.9,4,10858.28,118,0,2,-0.667,32.067,2
26.1,15359.0,69.4,3,218.53,113,2,1,-0.488,45.213,0
24.4,22654.0,62.8,3,426.44,28,4,1,0.307,87.7,0
59.7,58768.0,52.4,7,10497.39,9,0,1,-1.458,52.453,2
56.0,47889.0,44.1,7,8347.86,46,1,3,1.275,22.741,2
35.7,60097.0,66.8,25,3810.53,53,4,1,-0.688,75.123,3
41.6,45650.0,99.3,21,3381.83,61,5,2,-0.114,45.692,3
29.4,36896.0,82.5,18,3611.37,54,3,3,-0.496,54.736,3
59.0,47871.0,45.2,12,7345.61,20,1,2,-0.29,29.884,2
46.0,89794.0,27.0,19,10190.6,6,0,2,-0.276,19.706,1
27.7,34360.0,87.9,8,650.92,51,6,3,-0.717,56.168,0
38.6,46207.0,70.7,20,1912.86,89,0,1,-0.403,1.87,3
52.9,60444.0,79.9,6,8961.55,37,1,0,-0.531,44.234,2
22.4,25023.0,61.5,5,459.9,71,3,0,-0.764,22.585,0
51.0,79654.0,47.0,16,9965.59,8,3,0,-2.053,59.015,1
37.5,49392.0,73.4,17,2114.09,36,5,3,-0.836,94.15,3
60.9,63307.0,45.1,6,6860.95,7,2,0,-0.84,91.289,2
48.3,95562.0,34.7,8,8876.74,84,0,1,0.057,49.755,1
50.4,55561.0,36.7,12,8311.04,69,3,2,0.93,50.924,1
23.3,26301.0,80.9,3,691.44,56,1,1,0.19,5.714,0
37.5,78400.0,13.9,14,20687.24,37,1,3,-1.793,29.383,1
39.1,63762.0,23.2,19,15538.47,52,0,2,-0.418,51.857,1
23.7,27776.0,64.2,7,422.75,65,1,2,0.299,53.283,0
49.9,49151.0,65.1,22,2962.67,71,3,2,1.788,43.317,3
42.9,67150.0,16.8,9,9885.9,87,1,0,1.126,57.771,1
34.5,37952.0,75.6,15,2236.93,37,5,0,0.436,86.901,3
27.0,61096.0,68.8,18,2653.43,92,0,3,-1.583,70.652,3
22.1,24770.0,84.6,6,230.68,101,1,0,1.865,31.54,0
54.6,53063.0,49.9,4,9680.93,112,5,2,0.366,57.956,2
38.6,84635.0,17.4,11,20554.53,6,1,2,1.42,27.859,1
46.5,46957.0,75.8,24,2749.5,43,3,2,2.246,0.295,3
25.0,27917.0,78.8,4,716.11,91,1,3,-2.469,98.652,0
51.1,71550.0,46.6,7,7491.7,8,2,3,0.04,7.739,2
59.7,46523.0,50.9,6,6060.98,56,2,0,0.915,33.382,2
46.7,74142.0,26.4,13,12761.64,56,5,3,0.914,96.156,1
18.0,22288.0,82.3,7,90.43,98,2,0,-0.467,77.918,0
51.3,54713.0,41.7,10,5831.71,37,2,2,-1.0,52.372,2
48.3,66709.0,56.3,11,7502.5,105,1,1,-1.35,7.964,2
44.9,96852.0,33.0,14,12314.14,26,0,2,-0.742,95.909,1
57.8,49620.0,71.5,9,8725.64,69,1,0,1.685,4.835,2
37.2,77460.0,29.7,12,16183.47,111,3,3,-0.163,92.669,1
58.8,68750.0,54.2,4,8863.67,20,0,0,-0.622,1.395,2
18.6,31579.0,63.0,6,457.14,68,2,1,-0.506,57.537,0
24.0,55544.0,72.7,19,2554.64,19,3,0,0.111,30.308,3
39.3,91502.0,26.7,16,19368.16,69,2,3,0.264,44.27,1
34.3,97483.0,32.2,15,11722.44,37,1,2,1.145,95.158,1
23.2,27337.0,71.2,9,519.98,65,0,2,0.491,58.046,0
30.2,26390.0,60.2,2,381.93,106,4,2,0.209,94.58,0
56.2,56040.0,50.1,12,6799.58,10,2,0,-0.414,17.478,2
37.9,69957.0,24.7,12,13473.37,8,1,0,-0.11,20.822,1
38.0,56986.0,84.5,11,2541.52,50,1,0,-0.501,57.328,3
27.9,27912.0,80.8,7,443.02,56,4,2,0.405,4.338,0
43.9,80598.0,18.6,15,13630.45,11,2,3,0.609,9.988,1
38.4,83739.0,27.4,11,24564.74,5,5,2,-1.417,96.903,1
34.6,28318.0,63.8,3,572.42,54,2,2,1.38,10.181,0
33.7,29213.0,75.3,3,593.64,81,0,0,-0.379,75.759,0
33.0,76772.0,25.3,9,18765.59,24,1,3,-0.282,69.622,1
39.6,89606.0,52.0,14,8432.78,108,2,2,0.243,75.277,1
51.3,56734.0,32.2,20,15835.84,106,2,1,2.489,56.957,1
52.5,52043.0,50.4,7,11103.57,108,5,0,0.737,54.781,2
49.3,58836.0,63.3,14,10145.08,50,1,2,-1.516,57.59,2
24.3,26593.0,91.5,7,0.0,6,1,1,2.775,2.856,0
44.7,61969.0,36.2,7,14128.4,90,0,1,-1.57,73.794,1
35.7,39678.0,87.1,20,3515.64,67,1,0,0.869,36.812,3
59.3,61177.0,38.6,4,8456.95,43,6,3,-1.48,75.023,2
62.3,49922.0,32.2,7,8353.74,81,0,3,-0.641,91.941,2
36.5,65183.0,26.7,13,13762.78,36,1,1,0.748,18.488,1
30.3,54779.0,84.5,20,3377.98,55,2,1,0.52,26.519,3
29.2,57967.0,79.0,16,4664.47,8,2,2,0.95,41.758,3
62.2,65237.0,62.8,3,9286.64,9,1,0,1.206,74.546,2
29.9,65155.0,90.9,15,3890.97,55,2,3,-0.488,32.013,3
26.4,40130.0,61.1,4,765.97,44,3,1,0.624,54.303,0
23.9,25361.0,74.4,6,296.84,87,2,3,1.663,63.415,0
34.5,56755.0,74.9,20,3217.85,84,1,0,0.177,30.176,3
40.7,45983.0,86.5,32,3574.0,101,2,0,0.477,0.721,3
27.8,31950.0,77.4,3,479.54,15,0,0,1.647,38.148,0
38.6,88305.0,7.4,11,17318.1,14,3,0,1.737,15.369,1
24.4,27664.0,67.3,3,100.93,22,2,0,0.866,82.484,0
35.0,49457.0,22.8,14,15407.87,107,0,3,0.222,76.449,1
41.5,36883.0,74.0,29,3109.0,107,4,1,0.996,75.354,3
51.9,48153.0,62.9,8,5371.56,15,1,0,-1.034,68.266,2
32.5,66031.0,36.0,10,14557.96,112,6,0,-0.665,15.618,1
45.0,81725.0,32.3,8,15133.37,108,1,2,-0.839,75.136,1
28.0,21394.0,59.3,4,364.96,101,2,0,0.242,62.952,0
40.5,53987.0,32.5,11,12078.6,48,3,1,2.146,89.959,1
53.5,57124.0,54.1,7,5096.25,12,1,0,0.273,39.336,2
29.3,44276.0,74.4,16,1838.45,85,3,2,0.688,82.498,3
29.1,53746.0,91.2,19,3364.75,104,3,0,-1.027,39.852,3
26.2,20682.0,87.3,3,893.17,72,2,1,-0.268,2.127,0
34.3,39391.0,80.5,13,2897.57,22,1,2,-0.006,84.362,3
33.7,42360.0,86.4,16,2489.51,47,5,1,-0.855,63.292,3
29.3,50702.0,68.1,20,3342.18,104,1,2,-0.586,31.304,3
36.0,60872.0,33.3,15,21318.68,7,1,0,2.66,65.506,1
29.6,69897.0,25.0,13,14473.87,102,3,1,1.51,36.757,1
40.8,85054.0,19.7,12,19388.02,53,1,0,-2.245,20.158,1
25.2,31662.0,79.6,8,322.26,112,3,0,-0.669,90.74,0
29.1,31988.0,69.6,7,210.18,4,1,0,-0.133,19.592,0
26.3,26524.0,76.0,5,555.97,57,4,0,-0.577,29.562,0
46.7,73060.0,39.5,18,18184.89,6,1,2,-0.208,65.287,1
59.4,60783.0,64.3,11,7480.27,51,1,2,-0.568,72.481,2
45.7,68027.0,19.0,11,19503.67,30,3,3,-0.266,43.254,1
25.3,25433.0,69.9,5,256.96,1,2,3,0.827,24.032,0
31.3,52196.0,91.9,17,3408.73,88,2,0,0.06,18.527,3
31.5,35226.0,86.9,22,3559.75,32,3,1,-0.617,60.911,3
31.9,49609.0,83.2,23,2745.2,86,1,1,0.245,3.802,3
43.2,51103.0,77.5,24,3755.21,113,1,1,-0.068,40.931,3
54.8,52641.0,55.1,8,7766.49,56,1,1,-1.508,80.734,2
31.0,43178.0,91.6,16,2685.93,77,1,2,1.397,92.785,3
22.1,14211.0,68.6,5,342.19,111,1,3,-0.221,25.395,0
34.7,75656.0,22.6,12,15526.75,44,1,2,-1.339,77.674,1
22.2,30637.0,61.5,5,166.65,37,1,0,-0.974,25.023,0
19.4,30635.0,68.8,1,653.71,28,2,1,-2.695,25.386,0
31.8,24812.0,98.8,7,450.11,3,1,3,1.816,39.122,0
52.0,27127.0,60.4,8,4984.94,70,1,3,0.575,14.321,2
31.2,53906.0,74.4,21,2863.55,2,2,0,0.587,21.681,3
48.5,55324.0,49.4,8,11124.59,35,2,2,0.315,42.381,2
20.5,29249.0,73.8,7,445.28,21,3,1,0.053,72.855,0
34.5,37010.0,76.5,21,2855.43,85,4,1,-0.501,63.373,3
54.0,50231.0,50.0,11,9088.57,47,1,1,0.701,18.099,2
28.0,52085.0,52.4,8,13070.97,31,2,2,0.157,12.246,1
50.0,43333.0,44.2,15,7306.86,14,4,3,-0.581,19.044,2
37.6,93732.0,18.1,11,13532.37,8,4,0,0.614,28.226,1
30.6,84976.0,18.2,11,15036.51,112,1,2,-1.17,40.882,1
30.6,46479.0,80.4,22,2446.49,92,2,3,0.284,87.646,3
30.1,68774.0,31.3,8,16280.86,42,4,1,-0.286,1.749,1
39.8,76207.0,45.9,17,15933.03,32,3,3,-1.069,64.045,1
37.8,53619.0,68.8,15,2880.79,16,5,0,-0.78,10.867,3
54.0,50074.0,35.6,8,6464.57,109,1,0,1.223,75.363,2
25.3,17204.0,56.7,4,624.97,37,0,3,-0.809,93.029,0
23.1,25505.0,61.7,6,593.79,95,0,1,-0.633,3.083,0
35.2,19197.0,82.5,3,321.61,38,5,0,0.144,88.392,0
55.2,56708.0,63.9,9,10807.02,11,3,2,-1.666,64.079,2
33.7,59392.0,18.1,8,13157.36,110,2,0,0.683,53.199,1
24.5,28398.0,66.6,4,546.39,1,2,2,-1.182,56.032,0
37.3,42030.0,79.2,20,3102.68,65,1,1,-1.499,91.781,3
57.2,53634.0,63.2,11,6550.73,53,2,0,-0.188,18.233,2
22.6,31098.0,63.1,5,707.0,103,1,0,-0.356,4.069,0
60.5,45682.0,36.7,11,7963.13,54,3,3,0.071,87.387,2
59.9,57822.0,43.4,2,4606.01,113,2,3,-0.031,58.586,2
19.5,27115.0,60.1,2,441.86,27,4,0,-0.353,15.503,0
34.1,72085.0,32.0,10,10960.42,17,2,1,-0.379,70.175,1
40.4,55963.0,74.6,16,3796.09,79,2,1,-0.596,90.678,3
39.9,84418.0,31.3,14,14024.92,15,1,1,0.397,1.285,1
60.3,62690.0,45.0,7,4139.29,2,2,2,2.113,65.006,2
44.4,92005.0,8.3,12,14463.19,14,1,0,-1.731,36.755,1
23.9,29546.0,75.7,10,403.65,88,3,3,1.682,7.305,0
24.9,28311.0,77.4,5,720.96,38,2,2,0.355,34.357,0
39.1,92045.0,17.8,13,19704.4,37,2,3,2.124,93.323,1
25.4,15169.0,59.7,5,492.16,88,1,3,0.104,32.318,0
26.7,25801.0,87.9,6,551.83,96,3,0,-1.074,60.736,0
39.3,34645.0,77.7,22,3115.53,62,4,3,-0.664,30.363,3
43.2,36676.0,79.9,26,2781.08,22,3,3,-0.753,34.533,3
28.9,43235.0,71.3,22,3780.58,12,1,1,-0.58,49.206,3
36.0,47850.0,87.9,27,3675.4,75,4,3,0.582,92.481,3
25.2,29774.0,80.3,6,435.03,113,3,1,-0.468,36.391,0
37.7,47338.0,79.4,22,3401.48,93,3,1,0.378,43.056,3
27.9,26856.0,85.7,6,436.47,3,0,3,-0.179,88.653,0
20.6,45375.0,79.0,17,3378.84,68,2,1,-1.052,46.399,3
37.1,39784.0,87.8,19,2511.3,19,4,2,1.141,79.282,3
49.2,67218.0,67.3,11,8990.61,35,3,3,-0.159,2.753,2
31.6,58572.0,83.5,20,5204.35,12,1,2,-2.136,13.156,3
48.4,38730.0,80.3,7,10148.14,74,0,2,0.817,67.636,2
37.7,68038.0,29.3,8,16265.14,10,5,3,-1.142,77.804,1
45.4,83248.0,30.4,10,19029.65,10,2,0,1.701,77.264,1
59.5,39528.0,68.5,4,9529.44,81,4,2,1.464,54.702,2
24.5,31662.0,74.9,8,366.33,87,3,0,-0.384,22.801,0
56.7,65348.0,70.8,7,9382.99,15,1,2,-1.309,24.32,2
39.3,36083.0,72.7,19,4643.46,13,2,0,-0.594,19.898,3
26.3,32552.0,71.6,4,632.04,15,1,2,0.784,44.691,0
33.9,41363.0,92.7,19,2556.34,8,1,0,-1.529,55.04,3
33.5,37962.0,88.4,16,1457.68,71,2,1,0.596,0.817,3
42.0,47662.0,86.4,28,2499.73,80,2,1,1.556,32.757,3
32.1,45652.0,78.5,20,4144.83,102,1,1,-0.093,85.367,3
49.8,50090.0,42.1,8,8175.46,25,1,1,1.458,40.149,2
32.9,64790.0,88.2,19,2810.21,119,2,2,-0.437,52.292,3
46.6,34897.0,80.3,20,3569.33,65,2,2,-0.516,45.98,3
36.7,25465.0,85.1,7,385.85,60,1,3,-1.666,14.534,0
42.2,72677.0,28.5,3,16618.3,62,1,2,-0.499,10.18,1
64.0,52287.0,46.5,15,10159.73,41,2,1,0.661,22.753,2
26.1,34276.0,74.0,6,931.51,29,3,3,0.455,65.915,0
50.1,48498.0,54.7,5,7972.88,3,3,2,-1.165,87.271,2
45.3,71748.0,40.4,5,7577.32,28,5,2,-0.443,26.199,2
25.1,23772.0,72.9,6,226.02,87,3,1,-0.384,33.237,0
66.3,65830.0,65.5,11,5540.17,79,2,2,-0.19,35.403,2
36.2,43032.0,85.7,26,3025.85,50,2,2,-0.512,74.372,3
48.7,72781.0,18.5,10,17547.1,32,3,1,-0.769,39.375,1
24.4,22105.0,77.7,5,562.27,25,0,3,-0.484,51.935,0
21.9,38486.0,76.0,3,485.04,20,2,0,0.254,68.189,0
39.4,76025.0,17.5,10,14707.82,72,0,3,0.514,90.646,1
27.2,46286.0,77.7,24,4447.18,22,2,3,1.286,9.623,3
19.9,32083.0,79.5,3,363.4,25,4,2,-0.676,93.743,0
49.1,60504.0,27.4,8,9655.16,37,3,0,1.039,50.497,2
21.0,22520.0,66.7,7,545.43,10,3,2,-0.315,10.331,0
37.6,77755.0,1.1,11,12867.2,80,2,0,-0.811,52.284,1
29.8,33772.0,86.6,19,1902.0,67,2,1,-1.294,45.932,3
56.3,57524.0,66.6,9,7247.88,46,1,0,0.98,18.231,2
18.0,15791.0,62.7,2,519.12,27,1,0,0.12,30.866,0
43.8,78357.0,16.8,10,14380.14,31,0,2,0.959,33.766,1
25.1,26468.0,77.8,7,711.84,18,1,1,0.797,43.79,0
23.8,57416.0,19.4,13,11466.46,19,3,1,-0.462,82.091,1
52.8,56216.0,51.7,10,9249.89,66,1,0,-1.205,42.326,2
24.2,30605.0,73.2,7,355.17,85,0,1,0.563,84.145,0
40.7,83948.0,25.1,7,15081.23,15,2,2,-0.146,41.445,1
40.3,76860.0,15.1,9,14212.01,45,2,1,1.622,25.503,1
37.8,44132.0,76.4,21,2667.31,75,2,3,0.239,39.243,3
37.6,40882.0,84.2,14,3020.43,63,1,1,-0.36,3.649,3
25.9,24502.0,83.3,4,612.44,7,1,0,0.36,52.853,0
23.3,42454.0,78.8,18,1563.96,108,1,2,0.195,1.144,3
44.7,61837.0,30.9,15,15729.28,79,2,3,2.303,81.295,1
43.0,70337.0,25.1,13,15951.03,33,4,1,-0.293,54.683,1
36.1,33615.0,78.2,19,1317.3,35,1,0,-0.391,78.101,3
33.1,43088.0,81.8,23,2785.62,38,2,1,0.89,66.9,3
41.7,49610.0,79.8,20,3087.51,11,3,1,0.315,41.598,3
53.3,47233.0,64.8,6,5581.28,1,3,1,0.108,15.058,2
45.0,71711.0,44.5,7,13578.45,56,3,2,-1.297,38.718,1
35.8,50651.0,80.5,21,2957.51,21,1,2,-0.015,89.275,3
50.4,89935.0,42.3,9,12860.15,94,2,3,0.172,2.458,1
57.4,53981.0,64.2,12,7151.3,118,1,0,0.434,86.942,2
40.4,68860.0,23.8,9,10873.1,27,1,1,-0.102,76.802,1
59.5,47518.0,37.9,5,9329.95,82,5,1,2.328,31.224,2
23.0,28058.0,85.6,7,189.79,97,2,1,-0.615,49.957,0
25.6,22870.0,68.3,7,726.65,1,2,0,0.745,30.596,0
36.0,48002.0,75.4,17,3753.72,84,0,0,-1.017,94.047,3
34.5,21326.0,71.9,7,298.02,29,2,1,1.928,28.042,0
54.8,47539.0,74.1,8,5603.17,13,0,3,1.676,55.402,2
29.6,36181.0,68.1,1,532.52,107,2,3,-0.131,59.437,0
23.0,32114.0,66.3,6,576.18,54,1,3,0.026,88.512,0
20.9,23384.0,89.0,5,692.13,49,3,2,1.231,87.17,0
25.2,27638.0,81.8,8,0.0,39,1,1,0.48,56.532,0
34.1,38732.0,70.5,17,3069.74,103,1,0,-0.91,98.594,3
43.2,75381.0,29.5,13,20775.92,98,3,1,0.256,73.904,1
42.0,44458.0,82.7,18,2669.45,87,1,1,-1.3,35.505,3
57.9,71666.0,59.2,7,6032.97,112,2,3,0.499,7.677,2
37.5,99141.0,29.9,16,15578.9,77,2,0,1.509,7.466,1
60.6,49133.0,56.5,14,10863.74,66,1,1,1.236,46.754,2
60.5,61778.0,42.4,7,7411.68,28,3,3,-0.5,6.186,2
32.8,33907.0,78.5,22,3231.61,68,2,3,0.027,22.414,3
38.9,74269.0,34.7,17,19174.11,50,3,0,0.148,16.432,1
33.3,89120.0,21.2,12,18786.55,103,4,0,-0.953,50.669,1
39.8,54397.0,72.7,12,3531.37,32,0,1,0.375,78.814,3
40.5,38703.0,79.6,18,3630.58,106,0,3,-0.51,10.569,3
40.5,49356.0,72.5,18,2105.32,48,6,0,-1.442,23.456,3
42.2,79367.0,24.9,7,17337.09,75,4,1,-0.221,15.073,1
28.2,39590.0,92.3,26,3459.95,96,0,0,1.574,28.011,3
37.6,77451.0,29.7,9,3783.76,49,1,3,-0.136,80.584,1
37.8,66744.0,22.3,8,17773.58,25,1,0,-0.922,90.938,1
26.7,29218.0,58.6,4,56.83,53,1,2,-1.407,62.456,0
53.7,44459.0,61.6,8,7779.28,69,2,1,0.943,86.659,2
28.8,33565.0,83.2,1,411.57,15,0,0,0.847,42.575,0
40.0,73858.0,42.3,8,18746.47,118,4,2,0.371,34.151,1
33.8,53356.0,71.5,22,4223.02,101,1,1,-0.498,43.216,3
20.8,22411.0,74.2,4,334.83,30,2,0,1.307,11.923,0
24.0,24079.0,62.2,7,594.94,4,1,1,0.417,98.097,0
26.2,33570.0,71.4,7,536.88,68,1,1,0.216,90.877,0
39.4,35931.0,93.0,11,2922.13,72,3,2,0.307,20.759,3
48.4,45438.0,47.6,6,10410.48,14,0,0,0.109,85.311,2
35.1,98762.0,24.3,9,16887.67,17,0,3,-0.668,27.776,1
41.0,59225.0,74.8,18,4949.95,75,0,2,-1.531,39.406,3
35.4,45508.0,73.0,26,3401.42,6,2,3,-0.887,35.41,3
41.1,55281.0,34.6,14,22922.42,95,3,0,-1.552,68.007,1
60.7,69147.0,46.5,11,7044.03,12,0,1,0.807,11.919,2
24.5,35012.0,77.2,23,2522.63,105,6,2,-1.575,63.836,3
56.1,58361.0,69.2,7,5854.49,115,3,1,-0.271,76.256,2
28.9,29793.0,68.1,4,893.37,38,3,2,-0.108,48.565,0
37.0,40914.0,90.8,27,3010.31,91,2,1,0.264,60.752,3
56.1,53889.0,54.2,9,10385.82,5,0,0,0.546,68.615,2
38.0,85489.0,33.9,13,17073.86,93,1,0,0.458,83.524,1
56.9,73285.0,30.7,10,17811.33,113,0,2,-1.477,98.797,1
26.7,33144.0,78.1,6,687.25,94,1,2,-0.844,92.041,0
21.1,18958.0,78.5,3,391.42,77,2,1,-0.12,21.755,0
35.9,42107.0,89.6,18,3435.66,13,2,3,0.39,11.378,3
23.1,31051.0,74.9,9,110.22,57,1,3,2.309,84.92,0
34.9,81484.0,30.2,6,6426.1,56,2,3,-0.361,71.511,1
53.5,60037.0,59.7,5,3549.95,29,2,2,-1.544,14.942,2
20.5,31301.0,86.3,6,552.14,45,1,3,1.142,18.906,0
40.0,40582.0,75.8,16,2187.3,69,6,0,-1.759,33.706,3
22.0,27888.0,80.8,5,210.44,78,3,2,-0.278,52.472,0
38.4,92157.0,22.4,10,23836.76,86,1,1,-0.301,98.541,1
41.3,81994.0,17.1,15,15736.53,51,3,2,-0.176,32.341,1
30.0,24625.0,70.3,6,349.92,17,1,2,-1.859,17.771,0
21.9,33987.0,70.0,8,1080.48,83,1,3,-0.963,25.973,0
54.8,59633.0,35.3,7,10601.65,46,2,2,-0.49,68.977,2
40.4,53702.0,91.3,20,1966.92,117,3,0,-0.353,33.735,3
29.8,35646.0,91.1,8,647.42,45,1,0,-0.273,91.858,0
61.8,74382.0,77.2,10,10340.53,105,2,0,-0.773,46.568,2
56.4,59792.0,54.5,8,8322.79,118,2,0,1.886,15.304,2
40.2,32659.0,83.2,22,1844.64,100,2,2,-0.071,8.274,3
36.2,66602.0,20.2,13,16157.35,112,1,1,-0.499,50.901,1
44.0,71926.0,37.9,9,15103.01,119,3,2,0.225,85.864,1
32.6,71551.0,36.7,16,16330.0,12,2,2,-0.303,59.025,1
52.5,41772.0,68.4,8,9166.8,89,4,2,1.361,57.067,2
26.7,50121.0,85.2,10,2981.81,119,1,1,-0.827,63.694,3
27.8,30919.0,68.2,5,300.16,23,5,1,-0.469,94.881,0
34.4,70384.0,40.0,6,17143.8,81,2,0,-0.48,84.413,1
38.1,33527.0,69.2,24,719.06,99,5,3,-1.307,70.806,3
38.6,53823.0,98.9,16,2839.93,39,0,1,0.087,89.168,3
28.5,43922.0,79.8,25,2663.05,88,2,3,0.446,61.848,3
39.4,40206.0,89.7,21,2635.03,38,1,3,-2.811,54.266,3
45.7,77557.0,27.4,11,11190.56,104,2,2,0.869,1.962,1
65.7,32551.0,75.3,11,7564.28,119,4,0,1.334,47.789,2
53.3,52580.0,71.0,8,5959.03,76,1,0,1.652,4.219,2
29.1,30953.0,92.2,7,559.47,58,3,1,-1.453,78.583,0
53.3,54141.0,45.8,5,6363.5,43,1,0,0.452,1.929,2
51.8,70293.0,66.3,9,5334.36,38,3,2,0.495,4.056,2
26.7,29516.0,83.0,4,366.48,78,3,0,-1.783,3.697,0
38.6,46768.0,94.2,15,3338.34,78,3,3,-0.499,40.686,3
48.2,56096.0,36.2,7,9497.74,74,2,3,-0.678,62.813,2
33.8,51027.0,76.1,19,1336.83,111,1,1,-0.621,91.24,3
28.6,21506.0,71.4,5,399.12,65,1,0,0.761,45.592,0
39.6,63547.0,28.0,7,12147.94,87,3,3,1.444,81.757,1
59.6,64077.0,39.9,7,8906.26,92,2,3,1.613,51.905,2
44.0,87427.0,24.0,16,13116.97,71,1,2,0.056,19.758,1
64.2,61762.0,45.9,18,6858.44,96,2,2,0.618,89.164,2
35.4,44166.0,77.5,13,2619.59,107,2,0,-2.037,76.847,3
24.3,31790.0,85.2,4,203.45,75,2,0,-0.45,61.368,0
51.0,55415.0,44.1,7,8246.91,9,2,2,-0.657,90.569,2
52.7,58653.0,72.1,6,9357.03,24,3,2,-0.899,76.009,2
39.1,76621.0,30.8,13,15164.51,104,0,1,1.001,15.672,1
49.5,41902.0,66.9,18,1923.54,68,1,1,-0.764,13.373,3
35.9,49816.0,81.5,28,3089.97,81,1,2,-1.517,40.56,3
55.2,41282.0,44.2,7,8240.52,64,2,1,-0.876,17.958,2
51.4,68658.0,51.1,9,10368.03,59,2,3,-1.255,37.173,2
40.7,69142.0,34.4,20,12471.6,21,0,0,-0.565,17.571,1
33.0,45199.0,75.6,21,2713.48,25,0,2,1.202,91.212,3
52.3,65793.0,53.5,4,8865.19,97,3,0,1.809,30.621,2
53.8,54489.0,46.0,7,9878.98,3,3,1,-0.284,86.486,2
33.3,52384.0,92.4,12,2151.49,4,3,1,-2.182,33.08,3
36.8,69021.0,37.7,13,17787.05,107,4,1,0.008,5.527,1
35.1,55028.0,72.9,22,2828.15,77,2,1,-0.146,74.309,3
23.9,25747.0,84.5,7,305.89,54,1,1,-0.172,64.306,0
53.5,60877.0,50.6,7,23757.49,29,2,3,0.159,84.478,1
41.2,76871.0,31.7,15,16914.26,115,2,2,0.037,87.673,1
33.6,42747.0,77.4,22,2849.72,36,1,0,0.72,78.562,3
39.9,58338.0,76.8,22,3861.51,6,2,3,-0.488,84.679,3
50.7,40363.0,51.3,9,9072.08,99,1,1,0.802,36.661,2
59.5,58067.0,67.9,10,8268.99,78,4,3,-1.405,31.002,2
57.0,51594.0,69.8,12,3116.17,65,1,2,0.835,43.065,2
38.4,42201.0,80.2,24,4202.99,71,1,1,-0.325,90.091,3
37.5,92723.0,30.7,9,18362.73,64,2,2,0.723,77.076,1
29.9,62191.0,35.6,8,12879.02,95,5,0,-1.094,61.429,1
20.2,34915.0,89.4,3,334.1,48,7,1,0.549,33.943,0
45.6,54104.0,77.0,19,2936.2,38,2,0,0.669,75.366,3
63.0,64599.0,34.3,9,7209.83,41,1,1,-1.802,17.039,2
40.3,69037.0,29.1,9,13521.3,108,0,3,0.965,58.962,1
25.0,27672.0,60.2,3,432.49,62,2,0,-0.106,69.658,0
35.8,39108.0,73.8,27,1954.63,20,1,2,0.532,3.478,3
25.9,26563.0,86.2,5,588.62,93,2,1,-1.147,56.608,0
51.0,74640.0,72.7,7,7230.48,91,3,2,-1.528,98.366,2
30.7,33371.0,73.8,19,2474.55,22,2,2,-0.88,39.3,3
38.9,59925.0,37.8,11,18042.02,117,5,3,0.314,78.449,1
24.0,24959.0,67.0,3,585.81,15,1,3,-0.593,71.109,0
57.5,56024.0,55.4,7,7694.57,62,1,1,1.184,6.846,2
28.6,40602.0,79.1,18,2464.29,67,1,3,-0.265,1.294,3
47.9,54878.0,48.4,4,11548.19,50,2,1,-0.345,77.643,2
41.5,39400.0,96.0,20,2974.33,13,3,1,1.478,18.66,3
22.9,34612.0,84.4,5,101.69,116,2,3,0.801,32.967,0
51.4,57139.0,49.1,8,7625.11,118,2,0,-0.665,55.448,2
71.9,44331.0,45.8,10,11596.55,31,0,2,-0.171,52.735,2
42.2,34782.0,87.9,21,4562.97,11,4,1,-0.838,15.511,3
20.8,25197.0,76.0,10,707.27,95,2,2,-0.561,6.747,0
42.1,46649.0,64.4,20,4616.28,99,1,0,0.474,66.229,3
52.6,64372.0,31.5,8,8114.19,30,2,2,1.504,85.626,2
33.3,77696.0,19.0,11,11821.8,61,3,2,0.074,98.5,1
23.7,26466.0,67.6,2,564.0,36,0,0,0.881,55.241,0
33.5,39865.0,73.8,21,1766.75,23,2,0,-0.798,56.818,3
23.9,24914.0,82.1,6,475.92,15,1,3,-0.356,74.993,0
41.6,64365.0,22.8,11,18775.12,50,4,2,-0.06,24.642,1
42.9,71146.0,34.0,11,8223.95,38,4,0,1.973,76.607,1
30.8,44475.0,79.1,21,1883.56,104,2,2,0.915,15.009,3
