age,income,monthly_expense,credit_score,loan_amount,loan_tenure_months,num_existing_loans,num_late_payments,employment_type,education,years_employed,num_dependents,loan_default
60,140133.0,110412.98020427968,323,8883,48,2,6,contract,bachelors,11.0,3,1
50,101709.0,53999.01515613772,398,16695,48,4,6,salaried,bachelors,8.0,1,1
36,79889.0,45799.76734259772,705,28123,24,1,4,salaried,high_school,2.0,4,0
64,46987.0,37792.495810349035,655,63481,48,4,7,self_employed,masters,14.0,3,1
29,98714.0,71761.10600863011,438,78438,60,3,9,salaried,phd,11.0,3,1
42,124874.0,46425.11817045309,802,22573,24,0,5,salaried,bachelors,25.0,0,0
60,78348.0,47869.13799217227,473,61494,24,3,4,salaried,bachelors,14.0,1,1
40,44596.0,24226.275388016446,328,17288,48,3,3,self_employed,high_school,25.0,0,1
44,,,795,51978,36,2,6,self_employed,bachelors,0.0,3,0
32,84106.0,58733.56645719783,650,77420,12,1,3,salaried,high_school,14.0,3,0
32,127510.0,86671.49848048444,598,59672,36,0,4,salaried,bachelors,10.0,0,1
45,89967.0,43840.888467490935,491,66821,36,4,4,self_employed,masters,4.0,3,1
57,79182.0,58810.85095526058,363,74224,24,2,0,contract,bachelors,6.0,2,1
61,113300.0,37254.76358499378,514,59796,24,1,0,contract,bachelors,11.0,4,0
45,107163.0,41557.135821696436,465,49706,24,0,2,salaried,bachelors,19.0,1,0
24,59310.0,28741.19897617597,842,9023,60,3,2,self_employed,bachelors,24.0,4,0
43,76088.0,26040.668516843707,531,41735,60,1,1,self_employed,bachelors,5.0,1,1
23,148803.0,63873.21941399709,840,77959,12,1,1,contract,high_school,21.0,3,1
45,28906.0,21869.7893729958,494,44218,24,1,5,self_employed,masters,2.0,0,1
51,56914.0,46757.03341198151,805,17213,48,3,0,salaried,bachelors,9.0,0,0
59,130350.0,60942.70439134115,633,33460,24,4,5,self_employed,high_school,25.0,3,0
23,65379.0,29125.27831194244,603,69680,60,2,4,salaried,high_school,20.0,1,1
42,98612.0,44764.02582282856,736,36017,24,4,5,salaried,phd,25.0,3,0
54,134828.0,61042.770010136766,622,35990,60,0,4,self_employed,bachelors,21.0,1,0
33,147445.0,47147.24914182593,801,24515,24,2,6,unemployed,phd,29.0,3,1
43,57650.0,46685.200051293614,692,34991,48,0,0,salaried,bachelors,3.0,3,0
46,66881.0,27925.089973500824,448,12634,12,3,2,self_employed,bachelors,12.0,3,1
48,66413.0,35265.45181458259,704,34377,48,4,5,salaried,masters,18.0,0,0
63,26012.0,7942.186356621929,582,38001,60,1,0,contract,high_school,4.0,1,1
49,70115.0,54120.036659730074,661,6391,36,2,6,self_employed,bachelors,22.0,3,0
37,27151.0,19063.709182612503,678,70206,48,1,3,salaried,bachelors,26.0,4,1
36,77716.0,63782.75061625774,497,47215,24,0,2,salaried,masters,21.0,4,0
24,113747.0,83022.62875168405,655,32114,12,1,9,salaried,bachelors,17.0,0,0
58,112653.0,53232.88883621072,839,16882,24,1,8,salaried,bachelors,0.0,2,0
28,56378.0,24599.432320115087,728,22273,24,3,0,salaried,bachelors,20.0,0,0
42,62652.0,42837.9271554559,316,50647,48,3,7,self_employed,bachelors,20.0,2,1
30,92430.0,46239.21908682125,678,69892,12,4,0,salaried,high_school,27.0,0,0
60,33467.0,20462.33486270605,805,47679,36,0,4,self_employed,bachelors,15.0,4,1
39,51010.0,15478.556478383136,375,5427,24,3,9,salaried,bachelors,15.0,3,1
25,148647.0,49653.61814373368,530,71267,12,3,7,self_employed,bachelors,15.0,1,1
46,,,547,5799,36,4,5,salaried,bachelors,27.0,3,0
35,134793.0,82404.27249182813,601,60659,24,2,6,salaried,bachelors,21.0,4,0
30,74691.0,53277.02453103706,514,12025,12,4,7,salaried,bachelors,18.0,1,1
47,84157.0,31355.29297197656,457,19481,48,1,5,salaried,phd,15.0,2,1
23,128177.0,74631.14746968096,368,30411,24,1,5,contract,masters,0.0,2,1
41,32289.0,13139.885995080136,692,19961,24,3,5,self_employed,bachelors,19.0,4,1
49,64976.0,22823.33108558811,384,26767,12,3,4,self_employed,masters,19.0,1,1
28,63596.0,33437.039785491266,566,56690,24,4,7,salaried,phd,9.0,3,1
29,43171.0,16829.57353905898,368,57870,36,4,1,salaried,bachelors,1.0,4,1
56,120441.0,50823.70377950358,646,41135,24,0,6,salaried,bachelors,13.0,2,0
35,146296.0,69440.13064912375,722,69514,60,1,3,self_employed,high_school,7.0,4,0
38,106365.0,47083.91598477754,473,75765,36,4,0,salaried,masters,5.0,3,0
57,138218.0,48124.081669670304,414,28772,12,2,4,salaried,bachelors,27.0,0,1
61,119590.0,41791.196047524485,519,23799,36,0,2,salaried,high_school,2.0,0,0
25,134014.0,54448.1699232555,330,28555,60,4,3,salaried,bachelors,15.0,3,0
23,64139.0,21025.248666095278,822,24333,60,3,6,salaried,masters,16.0,1,0
27,68713.0,44289.05765618338,642,9261,24,4,4,salaried,bachelors,11.0,4,0
63,49734.0,22779.64880536955,676,74002,24,3,3,salaried,masters,26.0,3,1
25,92588.0,42022.01581509151,429,51553,48,3,0,salaried,masters,18.0,0,1
50,83646.0,40367.48112589666,838,8088,36,1,5,salaried,bachelors,23.0,2,0
39,23654.0,15718.980688586216,301,50783,48,1,9,self_employed,bachelors,19.0,3,1
47,109022.0,84911.63586490121,400,6115,60,4,5,salaried,bachelors,2.0,3,1
55,38743.0,27798.017765401702,832,75114,24,4,6,salaried,phd,12.0,3,1
31,68368.0,47867.245126616115,357,73126,24,2,0,salaried,masters,15.0,0,0
57,110025.0,62319.82710765339,688,77908,24,0,3,salaried,phd,10.0,0,0
35,94172.0,64186.98130090431,640,74109,12,0,8,salaried,bachelors,19.0,3,0
52,26441.0,15970.874375246785,319,7978,60,4,9,contract,bachelors,26.0,3,1
36,139735.0,58540.27215587954,554,14422,24,1,5,contract,high_school,,1,1
29,44611.0,18501.234620312807,616,48626,60,2,1,salaried,bachelors,19.0,2,0
35,139891.0,64771.71582858465,337,61174,24,0,3,contract,masters,,4,0
44,127971.0,102497.28073367289,836,42743,36,4,5,salaried,bachelors,3.0,4,0
61,32149.0,19324.061836852296,685,75461,60,1,3,salaried,high_school,26.0,4,1
42,120102.0,84509.52697377319,325,62199,48,1,9,unemployed,high_school,27.0,0,1
37,79189.0,38850.70289711192,753,34430,12,1,6,contract,bachelors,24.0,0,0
39,127904.0,67052.86286214074,622,33834,48,3,2,unemployed,high_school,3.0,1,0
45,41675.0,15380.620019339098,812,29435,60,1,5,salaried,bachelors,27.0,0,1
47,91031.0,35885.53321800546,312,60797,24,4,3,salaried,masters,16.0,3,1
46,62668.0,47317.229317814694,670,48554,60,2,2,salaried,bachelors,0.0,2,0
62,33673.0,20933.19918467285,590,59555,12,4,2,self_employed,bachelors,0.0,2,1
50,149582.0,72643.42972150836,631,19716,60,1,1,salaried,bachelors,29.0,2,0
36,96666.0,71684.42823281989,560,65261,24,2,2,contract,masters,4.0,2,0
22,108204.0,47132.14192830877,504,32528,48,0,9,salaried,high_school,21.0,4,0
46,100758.0,84316.10645505764,686,6995,36,0,0,salaried,phd,11.0,4,0
28,85429.0,41830.28287668114,767,27414,48,4,2,self_employed,bachelors,5.0,3,0
30,,,714,18844,24,2,8,self_employed,bachelors,5.0,1,0
45,54068.0,25495.849099707215,368,41659,24,4,3,salaried,high_school,24.0,0,1
22,108789.0,39943.11433823805,771,20522,12,2,2,unemployed,high_school,16.0,0,0
29,29435.0,10629.727062444781,403,79034,60,2,7,salaried,masters,25.0,4,1
45,114088.0,74893.95394896099,460,47322,60,4,0,salaried,bachelors,21.0,2,0
32,72249.0,56449.22198070089,499,72638,48,2,4,contract,bachelors,12.0,3,0
38,57384.0,42164.97592878634,515,13524,36,1,0,unemployed,bachelors,7.0,1,0
29,148782.0,56181.44852952656,511,35846,36,2,6,contract,masters,23.0,4,1
56,101929.0,61164.55205067895,807,78643,12,2,4,contract,masters,11.0,3,1
56,147959.0,52980.47075313672,315,65096,24,4,1,self_employed,bachelors,14.0,3,1
54,96153.0,31241.26872703053,797,52703,12,0,0,contract,bachelors,18.0,4,0
26,124056.0,82002.53229451018,631,29399,60,3,6,salaried,masters,28.0,3,0
63,95388.0,56692.310942805685,555,53591,24,2,0,self_employed,masters,20.0,2,1
60,51401.0,17739.154693955148,471,25714,12,3,2,self_employed,bachelors,25.0,3,1
62,145511.0,46449.52457607998,797,40877,48,2,5,salaried,high_school,19.0,1,0
49,91831.0,77538.97665988594,770,64136,60,4,5,salaried,masters,27.0,3,0
28,139503.0,44154.33624433558,683,38414,36,4,6,salaried,high_school,16.0,0,1
30,135760.0,73920.03559874932,806,50468,12,2,0,self_employed,high_school,8.0,3,0
29,121529.0,70187.91499285176,826,77108,60,4,6,salaried,masters,20.0,4,1
33,147834.0,53886.096353462046,624,51835,60,4,1,contract,bachelors,17.0,0,0
55,54084.0,21254.145473823486,513,68333,36,2,5,salaried,masters,27.0,4,0
54,140387.0,69279.96718921159,507,47464,36,0,7,salaried,bachelors,1.0,1,0
44,130641.0,93920.65397943601,468,27923,36,2,4,contract,phd,10.0,2,1
45,125111.0,72426.17403613222,629,66855,12,0,9,self_employed,bachelors,22.0,1,0
58,75826.0,49351.051146919075,579,72445,36,4,2,salaried,masters,19.0,0,1
56,56451.0,47523.048845183024,604,72619,48,0,7,salaried,bachelors,16.0,2,0
61,27227.0,19668.86619300002,445,51146,60,4,7,self_employed,high_school,20.0,3,1
43,51910.0,27974.237952680836,815,65032,36,0,3,unemployed,bachelors,17.0,0,0
48,56041.0,30572.778456670214,389,22140,60,0,7,contract,masters,14.0,2,1
56,108920.0,69744.16004721845,752,7670,24,2,4,self_employed,high_school,6.0,4,1
22,85681.0,57059.336032397085,359,41519,24,0,4,salaried,bachelors,15.0,2,1
56,123314.0,70953.76690974282,610,49512,36,4,2,salaried,bachelors,24.0,4,0
58,101571.0,66495.85959439717,827,62811,60,2,6,salaried,high_school,28.0,4,0
35,85481.0,26750.669635256367,526,19691,24,0,8,salaried,bachelors,0.0,2,1
24,88576.0,47502.651135889784,773,39262,36,2,8,salaried,phd,27.0,1,0
22,127958.0,58018.19708601547,840,59892,60,3,0,salaried,bachelors,17.0,1,0
26,149265.0,55384.172963067074,378,30595,36,2,0,self_employed,bachelors,26.0,4,0
47,147556.0,52345.5768842064,732,62207,60,3,9,salaried,phd,21.0,0,0
35,84174.0,53177.403541646956,452,38440,24,3,4,self_employed,bachelors,7.0,2,1
60,46160.0,27141.170691110503,700,13630,36,2,0,contract,bachelors,6.0,0,0
48,135170.0,59403.33080191957,578,36250,24,4,3,self_employed,high_school,24.0,1,0
30,137867.0,77070.75946403464,356,79191,36,4,0,self_employed,bachelors,29.0,0,1
36,37633.0,21478.198294492762,485,69791,12,4,1,self_employed,bachelors,1.0,3,1
36,114880.0,46785.4474200335,697,68753,24,1,1,salaried,bachelors,11.0,3,0
47,37014.0,24379.31492586808,457,65520,24,3,3,salaried,masters,15.0,1,1
63,100532.0,73338.66160491355,658,9008,48,2,7,salaried,bachelors,8.0,0,0
34,69104.0,50812.513091296125,739,49464,24,4,1,salaried,high_school,19.0,2,0
53,61621.0,38904.93639077768,765,5496,60,4,8,self_employed,phd,10.0,1,1
60,97231.0,56530.22205929844,745,28212,36,2,8,contract,bachelors,14.0,3,0
53,,,787,25637,12,3,1,unemployed,phd,2.0,1,1
25,36014.0,16505.476018262954,829,50227,60,2,0,salaried,bachelors,22.0,0,1
51,112578.0,39548.57211446605,372,14884,60,1,9,unemployed,high_school,20.0,0,1
58,53755.0,44622.172707162295,316,73259,60,1,9,salaried,bachelors,12.0,0,1
44,60390.0,22603.61951681553,830,54810,60,2,8,contract,bachelors,20.0,4,0
60,43711.0,16762.140217000837,625,9761,12,3,1,salaried,bachelors,27.0,0,0
36,111658.0,88127.99032725036,845,78166,48,4,7,salaried,bachelors,12.0,3,1
64,77993.0,63888.78923724866,501,21375,24,1,2,salaried,bachelors,1.0,3,0
50,94696.0,68295.32068466397,643,30218,60,1,0,contract,bachelors,5.0,4,0
57,47213.0,14304.250463746768,822,35565,24,3,0,salaried,bachelors,5.0,3,0
34,135788.0,40836.94409235743,699,37975,24,1,9,salaried,bachelors,11.0,3,0
53,124956.0,63472.07788425839,517,32073,60,1,1,contract,bachelors,3.0,1,0
28,77784.0,29469.826003509996,744,74726,48,3,6,contract,bachelors,4.0,0,1
43,27421.0,8503.591522166422,521,6883,24,2,5,salaried,high_school,22.0,1,1
49,106936.0,59374.78952398807,682,73422,36,4,1,self_employed,high_school,29.0,1,0
23,119073.0,97483.16512046717,306,54629,24,4,3,salaried,bachelors,7.0,3,1
63,37727.0,18037.307606289218,571,69170,60,1,1,salaried,bachelors,5.0,2,1
27,132418.0,87876.20949589413,315,79489,12,4,0,salaried,bachelors,20.0,0,1
49,24358.0,16045.331802379995,723,13381,24,2,2,salaried,phd,27.0,2,1
49,85108.0,37285.3090045043,823,28238,48,1,3,salaried,bachelors,2.0,3,0
41,146609.0,96429.70741764986,320,18795,36,4,9,self_employed,bachelors,22.0,4,1
51,114018.0,47520.84229413352,527,67999,36,0,4,salaried,phd,7.0,1,1
32,144457.0,53030.75371869216,587,54907,12,0,4,self_employed,phd,18.0,3,1
49,52117.0,35739.79598143291,433,14638,12,0,6,self_employed,masters,20.0,3,1
46,108700.0,39392.059250557664,582,75467,24,0,9,salaried,high_school,10.0,2,1
60,51910.0,44035.25664533539,703,47623,60,0,7,salaried,bachelors,17.0,4,1
54,146888.0,58887.225965085185,365,43492,48,1,8,self_employed,masters,9.0,1,1
22,118032.0,73979.86378967861,736,31411,36,3,6,self_employed,masters,,4,1
48,75754.0,39865.99810553411,558,25534,12,3,4,self_employed,bachelors,27.0,4,1
34,82438.0,30461.874139653108,402,34181,48,1,8,self_employed,high_school,19.0,4,1
62,129847.0,40942.59632696242,400,24996,60,1,7,salaried,phd,11.0,0,0
24,,,497,77089,36,2,9,self_employed,bachelors,19.0,4,1
60,71501.0,53176.48491266747,525,77666,36,3,8,salaried,bachelors,27.0,3,1
27,80946.0,61770.589854978694,762,34405,60,0,9,contract,bachelors,28.0,0,0
29,58467.0,33062.644746714024,536,76325,36,1,7,self_employed,bachelors,7.0,0,1
48,,,325,33930,60,0,5,salaried,bachelors,18.0,4,1
30,53893.0,36111.86281080398,420,22529,36,3,3,salaried,bachelors,20.0,3,0
58,96329.0,67270.39290870521,805,58546,24,4,8,contract,phd,15.0,1,1
54,51007.0,29121.398602641988,481,12942,60,4,8,salaried,bachelors,26.0,4,1
63,111302.0,72165.59643183608,842,12548,48,1,9,salaried,bachelors,20.0,0,0
45,59532.0,44234.6127778554,614,23296,24,2,9,self_employed,masters,17.0,1,0
36,74253.0,38525.151528199596,572,56016,48,0,8,self_employed,bachelors,8.0,1,1
53,32323.0,24025.310807008602,531,5296,36,1,9,salaried,bachelors,3.0,0,1
53,131335.0,82164.39262623587,719,72945,48,2,2,self_employed,bachelors,8.0,1,0
45,132356.0,51783.69778989089,741,64980,24,0,2,contract,high_school,24.0,3,0
62,130944.0,41060.933255988806,795,61782,60,3,5,unemployed,high_school,1.0,3,1
33,93379.0,46644.16264841983,323,39229,12,4,5,self_employed,bachelors,8.0,4,1
60,34210.0,20549.364765059785,408,58444,48,2,5,unemployed,phd,8.0,4,1
23,36456.0,27775.869917961707,801,40036,12,0,4,self_employed,masters,17.0,1,0
24,51367.0,19011.806312470213,324,44322,48,1,4,salaried,high_school,10.0,0,1
58,74624.0,55230.22916924668,486,32167,48,0,1,self_employed,bachelors,12.0,3,0
38,30106.0,23321.762687494967,587,56667,60,1,6,salaried,high_school,5.0,2,1
23,123493.0,47282.76740770668,637,56468,36,4,3,salaried,bachelors,8.0,4,0
23,88008.0,67623.31206932914,336,77894,24,4,2,salaried,high_school,15.0,3,1
49,145926.0,123351.169337565,436,58084,24,0,7,contract,masters,3.0,1,1
44,135395.0,94744.18894137687,807,68138,24,0,3,self_employed,high_school,1.0,3,0
58,136492.0,99860.73087641095,526,27588,36,1,3,self_employed,high_school,6.0,3,0
53,92240.0,78120.67535379677,619,67901,12,1,7,salaried,bachelors,14.0,1,0
54,84315.0,53372.6334009523,481,22671,24,2,0,salaried,high_school,24.0,4,0
22,89249.0,41887.903439712536,385,36645,12,2,8,salaried,masters,5.0,4,1
40,90587.0,68904.27311654622,766,12637,36,2,6,self_employed,phd,10.0,2,0
23,30756.0,19621.31851523125,352,5660,36,0,1,salaried,high_school,26.0,2,1
47,88011.0,54536.67474040781,534,11922,60,2,5,salaried,bachelors,29.0,4,0
53,56378.0,24778.105941823746,732,49721,24,0,7,salaried,phd,19.0,4,0
27,24255.0,17366.188239803105,795,62256,60,4,4,self_employed,masters,16.0,4,0
53,34484.0,11894.117887417759,399,74506,24,3,5,contract,phd,3.0,4,1
25,145703.0,117780.169491797,702,73943,36,4,9,self_employed,high_school,18.0,3,0
32,76549.0,36682.50305418591,695,32843,36,0,7,salaried,bachelors,6.0,2,0
38,54503.0,20181.156045557065,826,14046,48,0,5,salaried,high_school,10.0,1,0
59,144465.0,78488.06466255251,714,68985,48,3,8,salaried,bachelors,12.0,0,0
45,93794.0,30329.082467843997,762,35346,36,1,8,salaried,masters,26.0,1,0
26,145941.0,98735.5672794729,840,58526,36,1,8,salaried,high_school,25.0,0,0
55,126283.0,100582.89798656401,663,78143,12,1,5,salaried,bachelors,20.0,3,1
27,120732.0,91816.04055781555,429,41787,12,2,8,salaried,bachelors,27.0,2,1
43,65113.0,24095.274688536534,383,38583,60,1,2,salaried,masters,2.0,0,1
32,125730.0,46450.83853770532,570,17563,48,2,4,salaried,high_school,13.0,4,0
37,94069.0,70306.13257476865,543,51060,48,2,1,self_employed,bachelors,1.0,3,1
54,118117.0,95478.67818431293,687,38690,36,1,7,unemployed,bachelors,28.0,0,1
30,25249.0,13971.998893406171,513,19925,36,1,3,contract,high_school,17.0,4,1
27,145654.0,83668.62648462671,465,25108,60,3,5,salaried,bachelors,4.0,3,1
37,139979.0,66496.20126012289,358,73258,48,3,5,salaried,bachelors,12.0,0,1
50,39201.0,31041.147795423327,803,10355,12,2,4,contract,masters,12.0,4,1
24,145541.0,95285.19755653512,422,51069,24,3,0,salaried,bachelors,23.0,2,1
41,78576.0,36030.11076012673,712,59471,60,2,6,contract,bachelors,23.0,3,1
57,138562.0,64338.57369846057,438,37705,24,0,9,self_employed,phd,13.0,0,1
40,145281.0,114795.24079811428,528,48909,12,2,7,contract,phd,11.0,4,1
47,29686.0,9128.406798517519,573,58739,12,2,0,contract,bachelors,20.0,2,1
24,132413.0,63227.1565209488,738,28241,24,3,9,self_employed,bachelors,12.0,4,0
40,73363.0,44376.99806224206,417,32414,60,0,6,self_employed,bachelors,17.0,2,1
41,117543.0,44844.9588311475,782,55818,24,4,3,salaried,bachelors,12.0,0,0
53,20661.0,7244.868798284749,694,25895,60,4,5,salaried,phd,3.0,4,1
28,64843.0,48528.629725297855,759,67409,60,4,8,salaried,masters,22.0,4,0
62,115673.0,91604.04136647632,377,60324,36,0,4,salaried,bachelors,29.0,1,1
54,80963.0,60963.805655896096,711,71920,48,1,7,salaried,high_school,21.0,3,1
61,133092.0,105719.41280150769,374,58555,48,0,4,salaried,high_school,9.0,4,1
60,62828.0,37961.40540471045,594,70453,12,3,1,contract,bachelors,22.0,2,1
39,68604.0,51229.48587283178,320,27689,36,2,3,salaried,bachelors,4.0,3,1
61,30526.0,15605.607068739702,470,69356,48,2,1,salaried,bachelors,17.0,0,1
22,88910.0,59253.83156025572,314,13252,60,3,6,salaried,bachelors,7.0,3,1
32,45592.0,38473.244250902135,510,35844,60,3,6,salaried,bachelors,13.0,1,1
49,48982.0,20775.727452998475,385,28365,24,2,2,salaried,bachelors,27.0,0,1
46,20207.0,10395.387295317125,448,11026,24,1,6,unemployed,high_school,1.0,4,1
44,120969.0,68229.66815220307,671,33523,60,1,0,self_employed,bachelors,27.0,0,0
52,137181.0,51567.506388693735,779,15482,60,1,0,salaried,masters,7.0,0,0
51,108733.0,37466.26417743336,450,53888,24,3,8,salaried,bachelors,15.0,1,1
63,118936.0,89956.9553558558,440,55110,48,2,5,salaried,bachelors,6.0,2,0
56,144982.0,121384.28096870902,368,5493,12,2,4,contract,bachelors,2.0,0,1
28,145839.0,76215.28422111948,559,61194,24,2,5,salaried,bachelors,28.0,2,1
37,88619.0,30857.792458553686,820,44767,48,0,5,salaried,bachelors,3.0,3,1
47,49328.0,16583.899392239615,670,34550,48,0,0,salaried,bachelors,28.0,1,1
23,66479.0,52533.36867234446,718,18833,48,4,4,unemployed,bachelors,6.0,4,1
22,128427.0,71289.54995737721,400,7970,36,0,8,salaried,bachelors,3.0,0,1
33,40103.0,19089.63051185588,542,54177,36,1,3,contract,bachelors,8.0,2,0
26,59891.0,33661.958097689385,811,72342,48,1,2,salaried,bachelors,22.0,0,0
58,30754.0,14610.218270492647,394,76200,60,1,0,self_employed,masters,16.0,1,1
53,119983.0,68266.68868580379,525,66501,36,1,1,self_employed,bachelors,16.0,4,1
30,101437.0,78386.05222879062,817,33900,24,4,2,salaried,high_school,19.0,3,0
62,118540.0,74178.27248913544,513,19126,36,1,3,salaried,bachelors,13.0,3,1
56,92982.0,63419.26340688965,366,75690,60,3,6,salaried,bachelors,13.0,2,1
40,122747.0,61443.32732265486,695,52994,12,3,5,salaried,high_school,28.0,3,0
37,75922.0,53614.46381955158,311,72061,36,3,7,contract,bachelors,24.0,2,1
24,68231.0,45485.47267512245,536,21978,48,0,8,salaried,masters,12.0,4,0
41,49301.0,18032.289328145773,698,61344,48,2,5,self_employed,bachelors,3.0,0,0
45,111652.0,68660.79590983369,706,51648,48,4,6,salaried,bachelors,12.0,1,0
54,140787.0,62116.48063822905,779,6055,12,3,3,salaried,bachelors,20.0,4,0
45,146823.0,108979.75617643716,521,49876,60,3,1,self_employed,bachelors,16.0,4,0
32,82711.0,44189.65359275496,455,43725,24,1,8,self_employed,high_school,14.0,3,1
29,61323.0,51945.259384289304,727,10255,60,3,8,salaried,phd,29.0,3,1
57,38752.0,13597.117334055898,457,79947,12,1,3,salaried,bachelors,17.0,1,1
59,117912.0,85980.40745527967,715,58380,48,1,2,salaried,masters,10.0,0,0
61,102205.0,68532.12712217186,625,58333,60,2,9,contract,high_school,3.0,4,0
41,118452.0,85537.07431462164,670,47459,24,0,5,salaried,masters,27.0,3,0
56,33395.0,15666.976636222083,643,41163,48,1,2,salaried,masters,19.0,4,0
46,105957.0,60462.239642320055,561,38971,24,1,0,self_employed,masters,10.0,0,0
56,141237.0,104244.16059011957,582,70149,36,2,3,salaried,phd,,2,0
46,76273.0,32637.04374269461,528,24476,24,1,0,salaried,high_school,21.0,0,0
50,147431.0,62557.66512966127,579,73580,48,4,1,salaried,bachelors,12.0,4,1
39,111878.0,67471.16320400174,589,74050,36,0,2,contract,bachelors,21.0,4,1
39,24895.0,14637.26342181767,346,12507,48,4,7,unemployed,bachelors,7.0,1,1
23,139968.0,63719.64240231656,513,75393,48,3,9,self_employed,masters,27.0,4,1
56,135700.0,62956.876176920145,323,17118,36,0,3,salaried,bachelors,12.0,3,1
37,96559.0,43723.348112734515,620,55529,24,3,3,self_employed,high_school,8.0,1,0
62,30699.0,22236.256835210366,573,73682,12,1,9,salaried,bachelors,29.0,4,1
57,85061.0,56016.53673908466,612,59176,12,2,8,salaried,masters,,0,1
54,29715.0,22518.902132769614,662,9414,12,4,6,unemployed,phd,0.0,4,1
25,39169.0,32765.266675317558,679,67137,12,3,1,salaried,bachelors,14.0,0,1
54,145436.0,81559.10722593694,769,8937,60,1,2,salaried,bachelors,21.0,0,0
35,138413.0,46601.115113834814,415,41731,12,4,3,contract,bachelors,3.0,4,1
42,36163.0,11805.43922178674,341,43665,36,4,3,self_employed,bachelors,26.0,0,1
41,139264.0,64425.722816017515,678,79510,12,3,9,salaried,high_school,19.0,2,0
29,25782.0,20958.17553147669,505,22500,48,1,7,salaried,bachelors,0.0,1,0
28,108177.0,63582.890256171384,765,6750,12,2,9,salaried,bachelors,24.0,4,0
24,149772.0,67319.9055474942,579,70018,24,3,9,salaried,bachelors,11.0,2,1
38,144481.0,75063.90970076065,417,9027,36,4,5,salaried,high_school,10.0,0,1
54,104328.0,65646.02670092297,536,10745,36,4,2,salaried,masters,18.0,0,0
33,135028.0,88999.9675414701,608,66731,60,0,8,unemployed,masters,14.0,1,1
43,55585.0,21381.088773205527,755,33451,48,1,9,salaried,bachelors,,2,0
43,,,774,76474,36,0,7,salaried,masters,9.0,2,1
51,67864.0,40692.93232657799,399,66536,24,2,8,salaried,bachelors,0.0,4,1
59,149992.0,56191.28918926476,560,17150,12,3,4,salaried,bachelors,23.0,0,1
59,104416.0,82645.20023736445,604,18406,36,4,2,salaried,bachelors,2.0,3,0
29,75114.0,25617.715111655118,653,24781,24,1,3,contract,masters,13.0,4,0
48,147810.0,118137.80590788249,585,62417,12,4,4,contract,bachelors,14.0,4,0
48,,,627,23325,60,0,8,salaried,bachelors,0.0,4,0
55,,,402,73684,36,0,8,contract,bachelors,9.0,1,1
42,142262.0,102961.54941043537,362,78469,36,3,2,salaried,masters,21.0,1,1
51,38073.0,18485.071991054636,581,14436,24,1,6,self_employed,masters,0.0,4,1
54,56035.0,45829.192418620296,740,22669,48,1,5,salaried,bachelors,14.0,3,0
49,84977.0,50250.52703389492,592,77010,60,3,3,contract,masters,2.0,2,1
54,122710.0,86242.26245509226,306,6843,48,0,4,salaried,bachelors,20.0,2,1
26,110373.0,89209.9975105516,391,70609,36,0,9,self_employed,phd,19.0,0,1
40,103362.0,86446.70397222928,489,55812,48,0,1,self_employed,masters,22.0,2,0
25,110517.0,83800.88523289707,775,21059,12,4,6,salaried,high_school,21.0,2,0
56,85450.0,39876.06528438795,810,45768,60,2,3,salaried,masters,11.0,3,1
38,30382.0,25265.70565633695,761,30395,48,0,1,salaried,bachelors,18.0,2,1
49,24437.0,15773.24634174954,352,25202,12,2,5,self_employed,phd,15.0,3,1
51,90971.0,73855.11219391778,785,18273,24,2,1,salaried,masters,26.0,1,0
50,84612.0,56847.22914431217,789,53889,48,1,9,self_employed,high_school,7.0,3,1
27,110355.0,51754.445599087856,663,78048,60,3,1,contract,bachelors,23.0,1,0
56,81929.0,41252.356581173226,411,50510,12,4,6,salaried,bachelors,13.0,3,1
62,122411.0,73784.39038882143,708,75649,48,2,0,salaried,masters,17.0,4,0
58,117518.0,86317.93028273882,306,7881,24,4,6,self_employed,masters,22.0,1,1
45,118864.0,56447.372890384664,496,50913,48,1,9,self_employed,bachelors,29.0,1,1
50,32329.0,20006.870878473765,666,70037,12,0,4,unemployed,bachelors,0.0,2,1
52,145605.0,71360.09995433057,549,67457,48,2,0,salaried,bachelors,1.0,1,0
56,45169.0,33816.81853087974,539,40343,60,3,5,salaried,high_school,23.0,3,1
54,107468.0,59827.48412957976,679,67389,36,1,6,contract,bachelors,11.0,4,1
42,54594.0,18681.93330506353,770,13656,12,4,0,contract,bachelors,16.0,4,0
53,96957.0,37942.074878906926,754,10741,12,0,8,self_employed,high_school,1.0,2,0
44,80631.0,26899.111750161213,665,21661,12,4,6,salaried,high_school,27.0,3,0
54,65033.0,37369.04266848229,589,33690,12,3,0,salaried,high_school,16.0,3,1
24,83133.0,29801.97619724759,702,37833,48,2,2,salaried,masters,20.0,0,0
39,93165.0,33798.11763240253,357,76240,60,3,4,contract,bachelors,6.0,1,1
46,93861.0,76738.55190450417,820,62141,24,4,3,salaried,bachelors,5.0,2,0
63,72290.0,56383.329342183875,603,44023,60,4,1,self_employed,bachelors,5.0,4,1
52,114031.0,62562.83769654829,414,45209,12,3,0,self_employed,bachelors,21.0,0,0
24,51750.0,43583.48394469898,509,19440,48,3,3,salaried,bachelors,7.0,3,1
61,115155.0,34558.31380832099,340,12960,48,3,6,salaried,bachelors,4.0,1,1
45,60461.0,38555.29654816012,472,27462,12,0,3,self_employed,bachelors,14.0,4,0
53,93800.0,59941.52967061477,533,22821,48,4,8,salaried,masters,25.0,0,1
43,98222.0,54178.63450850869,702,62772,12,1,7,salaried,bachelors,6.0,3,1
44,132020.0,68428.78926273194,338,32258,60,0,7,salaried,bachelors,2.0,4,1
23,44226.0,24344.676002370947,418,67524,36,0,4,contract,bachelors,24.0,4,1
48,26721.0,14114.786796866829,634,27115,48,0,0,unemployed,high_school,9.0,3,1
63,76154.0,53442.658271602864,635,51433,12,1,8,self_employed,masters,2.0,3,1
23,40609.0,15205.856872356551,838,75077,12,3,1,self_employed,masters,29.0,2,0
47,72130.0,29479.64433968102,373,45644,48,4,5,salaried,bachelors,13.0,4,1
38,92909.0,37097.172444941425,490,67643,24,2,9,self_employed,bachelors,21.0,3,1
61,124211.0,55194.253616673566,623,18311,12,2,4,unemployed,phd,2.0,0,1
54,75249.0,44313.54391519245,446,35531,48,4,9,salaried,bachelors,0.0,1,1
30,,,583,19588,12,1,7,salaried,bachelors,0.0,2,0
64,114473.0,89001.969059151,512,54416,24,2,2,unemployed,bachelors,18.0,3,1
60,25656.0,11892.80909598759,693,17380,36,0,5,self_employed,bachelors,3.0,1,1
50,144865.0,56409.8360550599,638,47645,24,2,5,salaried,masters,29.0,2,0
63,94520.0,63478.84940077428,321,22818,60,4,9,unemployed,bachelors,1.0,4,1
47,83740.0,26876.140746702848,404,35857,48,0,2,salaried,bachelors,24.0,1,0
56,84309.0,54040.61135478676,765,26711,24,2,6,salaried,bachelors,10.0,2,0
46,49984.0,34189.51269741379,758,10097,36,4,3,self_employed,phd,23.0,3,1
45,138947.0,58108.20400762476,731,33393,12,1,4,salaried,high_school,11.0,3,0
34,93822.0,30312.03431424576,520,27076,48,4,8,self_employed,masters,12.0,2,1
28,25901.0,12950.628142754967,678,62609,24,1,5,salaried,bachelors,15.0,4,0
57,51552.0,18261.10136658777,521,34317,36,0,9,salaried,masters,15.0,2,1
41,111245.0,40500.16811280071,557,63480,24,4,3,salaried,bachelors,18.0,0,1
22,51055.0,22456.21894427966,666,12044,60,3,7,self_employed,bachelors,22.0,2,0
29,57685.0,26679.736977652035,648,76033,48,3,8,salaried,bachelors,19.0,2,1
37,93965.0,55578.76470174277,524,60486,12,3,9,unemployed,phd,20.0,3,1
35,34716.0,23367.878983417435,535,60162,36,3,4,self_employed,bachelors,19.0,4,1
33,134099.0,83949.194719863,482,34882,24,3,1,salaried,bachelors,,2,0
44,31138.0,11882.204300386536,743,59078,48,1,5,salaried,bachelors,15.0,1,1
36,55298.0,21823.207382410936,305,63734,24,4,7,contract,high_school,26.0,3,1
49,71112.0,55703.67139020056,535,48826,48,0,4,salaried,masters,6.0,3,1
55,43429.0,26365.47548000567,426,49028,60,3,0,salaried,bachelors,12.0,2,0
23,70200.0,54648.29972817978,403,56331,24,3,7,salaried,masters,3.0,1,1
53,91308.0,46051.2428705773,779,37543,60,0,8,salaried,bachelors,12.0,2,0
44,68244.0,43534.2127589288,454,34362,36,0,0,salaried,phd,7.0,1,0
43,137217.0,80685.63762842104,556,32315,60,3,7,self_employed,high_school,1.0,3,1
46,134055.0,63745.55468533516,534,32746,48,1,9,contract,high_school,6.0,1,1
43,121268.0,67722.53353467352,799,15057,36,0,1,salaried,high_school,10.0,2,0
43,125441.0,72300.42694402595,588,47915,24,4,3,contract,masters,16.0,0,0
63,37347.0,15328.106476830722,809,26061,24,4,1,contract,bachelors,23.0,0,1
27,36920.0,17472.60062148191,597,56370,48,1,1,contract,high_school,28.0,1,1
36,51822.0,38103.43984992487,436,39157,12,2,9,unemployed,masters,13.0,2,1
64,66659.0,53572.74053957496,675,16322,12,1,2,contract,masters,27.0,4,0
58,60108.0,29926.976856151472,386,74812,24,3,7,self_employed,masters,29.0,0,1
54,148955.0,69835.28096304437,718,39017,48,2,3,salaried,bachelors,12.0,3,0
29,109099.0,44442.3985016953,498,61792,12,3,6,salaried,bachelors,14.0,2,1
26,27967.0,18826.549382507943,762,32742,60,4,9,contract,masters,21.0,2,0
60,,,736,69808,24,0,2,salaried,bachelors,27.0,0,0
25,31871.0,26875.61105834663,609,22629,60,3,9,salaried,high_school,20.0,4,1
27,114299.0,54763.69595510929,580,13245,48,4,2,salaried,bachelors,24.0,3,0
53,97452.0,50360.740317083364,622,48870,60,1,1,contract,phd,8.0,4,0
51,94270.0,59562.97307229968,451,69829,12,3,5,self_employed,high_school,2.0,3,1
56,53613.0,39723.28500597599,601,15588,12,4,5,salaried,masters,24.0,0,0
61,48179.0,26895.216877728006,577,5442,36,0,0,salaried,bachelors,12.0,2,0
37,140465.0,74792.10888239132,307,45721,24,3,6,self_employed,masters,12.0,3,0
34,72188.0,61186.60716234812,534,42145,48,4,3,salaried,bachelors,8.0,2,1
63,75099.0,22963.13407578278,601,15599,24,3,2,self_employed,bachelors,17.0,1,1
51,55262.0,43783.30389587366,337,77594,60,0,7,salaried,bachelors,4.0,1,1
40,98213.0,37520.062365910686,435,7939,48,3,1,unemployed,masters,10.0,0,1
38,137407.0,100617.498935421,720,27149,48,3,8,salaried,bachelors,1.0,0,1
40,38268.0,24486.25271270897,518,71567,12,4,7,self_employed,masters,16.0,0,1
49,97866.0,47760.174543405956,647,15208,60,2,7,self_employed,bachelors,22.0,1,0
47,106269.0,82956.89970654472,845,71098,12,3,2,salaried,bachelors,19.0,3,0
58,80545.0,24735.286972750946,378,54492,12,2,3,salaried,bachelors,20.0,4,0
47,123483.0,52440.742984592296,572,25951,36,1,1,salaried,bachelors,3.0,0,0
44,112822.0,69023.48848215584,460,53920,12,3,1,contract,masters,21.0,4,0
30,92146.0,45460.06720199671,607,51766,24,2,3,salaried,high_school,26.0,4,0
33,91966.0,58463.487203944926,673,62014,48,1,5,self_employed,phd,17.0,1,1
22,59922.0,18771.202055188773,308,33351,12,4,4,unemployed,phd,23.0,3,1
22,99364.0,36173.703842611685,743,54386,24,3,0,contract,high_school,19.0,1,0
55,62913.0,23271.70316847447,412,14308,60,4,9,self_employed,high_school,7.0,0,1
53,117033.0,47293.73811286858,504,64252,48,1,0,self_employed,bachelors,18.0,1,1
46,124792.0,68964.08903820974,704,33064,60,4,5,contract,phd,11.0,1,0
61,139425.0,99503.54916362432,496,58879,24,4,2,unemployed,bachelors,27.0,1,1
22,75677.0,60393.75445087,414,13720,60,0,2,unemployed,bachelors,10.0,0,1
37,122154.0,92770.45283538799,420,47940,60,1,6,self_employed,masters,15.0,0,1
60,69841.0,28515.265218977034,364,73475,60,4,0,salaried,high_school,4.0,1,1
26,66332.0,35993.91913680927,575,52113,12,2,0,salaried,bachelors,27.0,1,1
43,112062.0,45909.15435740932,538,53926,12,1,9,salaried,bachelors,2.0,4,0
50,139863.0,62303.301931987815,601,43203,12,0,2,contract,bachelors,11.0,3,0
24,115694.0,66749.75046346989,691,10392,48,3,7,contract,high_school,14.0,4,0
33,45032.0,15196.497080742316,821,30905,24,4,0,salaried,bachelors,15.0,3,0
47,57846.0,24295.081748308865,668,78508,12,2,9,salaried,masters,12.0,3,0
37,79474.0,64728.23419544701,532,55385,60,0,3,salaried,bachelors,6.0,1,1
58,64936.0,36128.0501690394,494,35653,60,1,8,salaried,bachelors,14.0,4,1
43,,,311,19799,60,4,3,self_employed,high_school,2.0,3,0
50,81588.0,25130.07776201604,476,65103,60,0,9,salaried,bachelors,11.0,3,1
35,90984.0,39675.3802224961,516,20052,36,0,7,salaried,high_school,7.0,0,1
49,70331.0,54609.26732328454,310,11044,48,2,6,salaried,bachelors,24.0,3,0
26,,,745,24871,24,3,2,salaried,bachelors,28.0,1,0
51,48141.0,25433.791342777553,463,25234,24,3,6,unemployed,bachelors,11.0,2,1
26,29074.0,8951.361216447458,352,26381,12,3,6,salaried,high_school,17.0,0,1
33,26406.0,14868.809700945983,517,22274,36,1,9,contract,bachelors,2.0,2,1
37,117359.0,36564.558835355165,659,54892,24,0,2,salaried,bachelors,11.0,1,0
47,143279.0,107571.7604345431,684,55521,48,1,1,salaried,bachelors,28.0,2,0
47,43291.0,32627.10944655631,355,22920,60,0,8,self_employed,high_school,22.0,3,1
42,61568.0,45145.24107717017,417,21702,12,2,0,self_employed,bachelors,20.0,2,1
60,117539.0,53580.18111136623,552,6894,48,2,6,self_employed,bachelors,25.0,4,1
57,66851.0,50838.87990144073,479,35985,24,1,3,salaried,bachelors,22.0,1,1
54,119942.0,71803.15511151767,714,33287,36,1,1,salaried,masters,1.0,4,0
51,74823.0,37830.09427136565,534,78527,12,2,1,self_employed,bachelors,13.0,2,0
58,43312.0,27889.960168090358,379,20439,24,4,7,salaried,high_school,13.0,4,1
44,63108.0,19360.750304127945,321,47235,12,3,6,salaried,bachelors,3.0,0,1
31,86918.0,32909.6304576162,776,32659,24,3,6,self_employed,phd,16.0,2,0
26,54171.0,38367.23079092171,739,29976,60,2,4,salaried,bachelors,14.0,4,1
57,61779.0,26829.93301368137,392,72865,36,3,9,salaried,masters,15.0,3,1
55,88828.0,55864.374630743005,491,73306,60,4,7,salaried,masters,4.0,2,1
52,127315.0,65160.6358331277,402,61697,24,4,1,unemployed,bachelors,23.0,0,1
31,118723.0,91433.7085620116,695,75382,48,0,1,salaried,bachelors,16.0,3,0
40,32411.0,26701.102865461467,306,21651,60,1,4,contract,bachelors,22.0,2,1
53,122821.0,96532.46692673533,530,54044,48,3,0,salaried,bachelors,6.0,3,1
22,137990.0,61935.56918727318,539,19633,24,4,5,self_employed,bachelors,22.0,2,1
26,77009.0,31326.45861030336,389,5569,36,1,3,salaried,masters,14.0,2,0
25,35422.0,19869.588041008523,531,64900,48,1,5,salaried,bachelors,16.0,1,1
37,62468.0,18992.382353938978,756,72509,24,0,6,contract,high_school,11.0,4,0
45,52371.0,16454.71504250073,532,38038,48,1,2,contract,masters,10.0,2,1
37,77022.0,46545.1534047735,653,54088,60,1,7,self_employed,bachelors,18.0,0,1
23,91229.0,53482.74328092718,632,78177,24,2,6,contract,phd,10.0,4,1
49,119071.0,100855.5296090296,738,79466,60,0,0,salaried,bachelors,1.0,1,0
53,71196.0,29262.482220806967,674,77216,12,0,5,salaried,high_school,14.0,4,1
48,100354.0,44352.16893883331,591,71793,24,3,6,salaried,high_school,4.0,4,1
41,116774.0,42324.427231855385,644,78786,48,1,3,contract,masters,17.0,2,0
45,116410.0,93669.14996458583,727,43138,12,3,1,salaried,high_school,28.0,0,0
33,46715.0,33998.998756682086,429,68310,60,4,9,contract,phd,29.0,2,1
56,47605.0,35812.59937049678,440,33757,60,1,8,salaried,bachelors,20.0,0,1
54,119853.0,95465.32155340066,714,75394,48,4,6,self_employed,masters,20.0,0,0
54,51174.0,30125.87755638943,392,61151,12,2,0,salaried,masters,15.0,3,1
64,29956.0,16420.568783703835,583,54272,36,1,7,salaried,masters,3.0,2,1
58,124444.0,59946.58010186419,522,11908,48,3,2,self_employed,bachelors,26.0,1,1
33,96373.0,60143.30901570024,762,15844,60,3,3,salaried,bachelors,22.0,4,0
24,89252.0,49075.49050865688,844,56455,24,1,4,contract,high_school,9.0,3,0
22,81949.0,44937.64154120715,575,73447,12,3,0,self_employed,bachelors,21.0,1,1
54,82646.0,67382.13712425805,439,79527,36,1,5,self_employed,bachelors,1.0,2,1
61,90017.0,75723.86065147545,656,48066,24,0,9,contract,masters,14.0,0,0
31,83037.0,61286.82083021822,322,45004,12,3,5,self_employed,high_school,3.0,2,1
64,109818.0,78653.51297510545,569,43333,48,1,1,self_employed,phd,28.0,2,1
50,26548.0,17901.501943401374,632,44697,48,1,9,salaried,high_school,15.0,3,1
34,136981.0,53606.30464112337,384,22634,12,3,5,salaried,bachelors,29.0,1,1
33,123141.0,40945.39243864694,330,29561,36,0,7,self_employed,high_school,26.0,3,0
52,93294.0,63430.54146319722,539,23033,12,3,5,contract,masters,6.0,1,1
23,129204.0,90550.35228324126,662,77887,24,1,3,salaried,high_school,24.0,3,0
56,43177.0,14068.58406015441,688,60063,24,0,3,salaried,masters,24.0,4,0
44,44022.0,35676.681781715895,598,30921,48,4,8,self_employed,bachelors,11.0,0,1
38,126297.0,44220.03413696944,670,24340,12,2,5,salaried,phd,2.0,0,0
47,140695.0,64332.126579416625,398,67781,48,3,7,self_employed,bachelors,16.0,0,1
29,25542.0,17108.399329177482,346,19901,36,1,7,self_employed,bachelors,8.0,4,1
50,111012.0,43675.443047516346,721,15638,24,0,6,salaried,bachelors,7.0,4,1
47,116320.0,38441.28687898102,779,43596,60,0,2,contract,masters,22.0,0,0
31,80428.0,38776.79740677183,361,49324,60,4,9,salaried,bachelors,5.0,0,1
47,42740.0,30827.693810120694,408,37642,12,3,0,self_employed,masters,29.0,1,1
55,79353.0,41860.55431743455,848,30378,12,0,4,salaried,high_school,14.0,1,0
62,110353.0,72737.53646821875,418,55867,60,4,9,salaried,masters,9.0,2,1
28,133132.0,82380.81730869696,681,78686,12,1,9,contract,bachelors,22.0,3,1
25,76532.0,23894.833676509945,691,47875,24,4,1,salaried,high_school,26.0,1,0
32,36052.0,30416.963987134503,351,69377,36,3,9,salaried,bachelors,24.0,1,1
50,120689.0,38956.653036337695,588,59691,36,4,1,salaried,masters,5.0,1,0
57,67076.0,55826.785036780384,636,69303,48,0,6,salaried,phd,14.0,1,1
46,73420.0,44230.06538653276,503,65839,24,0,2,salaried,bachelors,29.0,4,1
42,20671.0,17151.503136654097,537,54063,12,2,7,salaried,masters,13.0,2,1
57,20163.0,7321.477253739639,681,10492,12,4,8,contract,bachelors,,1,1
31,61424.0,34994.76908534803,435,36357,48,1,7,self_employed,masters,18.0,3,1
58,129538.0,50937.871578680024,706,76838,48,3,5,salaried,high_school,12.0,1,0
30,73744.0,24190.700232128645,807,37314,12,2,4,self_employed,bachelors,13.0,4,0
45,90331.0,57779.41237098152,661,53697,12,4,2,salaried,high_school,2.0,0,1
56,30634.0,12691.08052475725,680,75283,24,1,2,salaried,bachelors,3.0,0,0
56,24798.0,15454.940862722013,553,64567,48,2,6,salaried,bachelors,25.0,2,1
57,42420.0,15347.575728351783,776,52006,24,0,4,salaried,masters,28.0,0,0
39,137043.0,66135.93210250353,413,65011,12,3,5,contract,bachelors,13.0,1,1
60,140575.0,102605.39826658437,319,15686,60,4,5,salaried,phd,13.0,4,1
53,147158.0,79520.99531818894,827,42449,60,1,8,contract,masters,25.0,2,0
45,49300.0,31811.31692494128,444,66606,12,0,0,salaried,high_school,7.0,1,1
44,109881.0,72093.12929288374,507,23891,48,2,7,salaried,bachelors,9.0,0,0
53,30749.0,23494.24311616091,830,57115,60,3,9,self_employed,bachelors,8.0,3,1
58,124131.0,59422.44526586994,675,65719,48,2,4,self_employed,phd,13.0,1,0
33,45121.0,30592.60469360718,803,78030,60,2,5,salaried,phd,7.0,3,0
34,148563.0,123142.19102820974,465,41723,48,1,5,salaried,masters,10.0,3,0
44,57487.0,40334.82420922692,849,34877,60,0,0,salaried,bachelors,,2,0
46,113947.0,64884.69916580627,480,19026,48,4,2,contract,masters,17.0,4,1
56,53361.0,34518.94245554361,743,25422,24,1,5,salaried,bachelors,3.0,0,0
62,41223.0,29137.471451968733,631,14244,48,3,8,salaried,bachelors,3.0,0,0
51,92930.0,59173.33279826237,802,38481,24,2,5,contract,bachelors,11.0,1,0
38,34056.0,10529.15132731548,378,63031,24,3,5,salaried,masters,17.0,0,1
41,48380.0,19696.727999959392,695,13521,12,1,0,salaried,phd,28.0,2,0
46,46035.0,34330.94740873269,402,6746,24,1,8,salaried,bachelors,7.0,0,1
43,50620.0,22776.866671826883,701,73232,36,4,3,self_employed,masters,2.0,1,0
34,39877.0,28007.976452956635,523,17012,24,2,1,salaried,masters,17.0,0,1
40,145481.0,73419.33156846766,817,28457,48,1,0,salaried,bachelors,6.0,4,0
57,75316.0,44213.23203274901,535,75572,24,3,2,contract,bachelors,0.0,3,1
33,84041.0,28354.199249567377,726,34960,48,4,2,salaried,bachelors,21.0,3,0
62,128940.0,51533.97311296225,415,12910,48,3,4,salaried,bachelors,12.0,3,1
40,137360.0,113522.31619995114,462,7693,36,2,0,salaried,bachelors,28.0,4,1
33,73352.0,57916.973573040916,525,20858,24,4,6,self_employed,bachelors,2.0,2,1
30,50911.0,33537.68799403985,529,33810,24,4,0,contract,masters,28.0,1,0
28,52784.0,29179.23423562482,481,25092,60,4,3,salaried,high_school,2.0,4,0
49,23191.0,15576.669078943225,548,53700,60,0,5,salaried,bachelors,14.0,1,1
35,53160.0,34034.92763252859,617,63105,12,4,0,salaried,bachelors,20.0,2,1
52,110536.0,67725.82066903127,509,35505,48,3,6,salaried,bachelors,29.0,4,1
40,124576.0,41427.42359745992,691,78228,36,3,9,self_employed,phd,18.0,0,1
37,84641.0,54850.875172950335,395,33555,60,2,6,salaried,bachelors,27.0,2,1
26,69723.0,50403.17674719956,385,76934,24,1,2,salaried,bachelors,3.0,3,1
56,23631.0,20009.42896951128,714,77788,12,1,3,salaried,masters,12.0,4,0
33,26172.0,8011.071333174051,693,22939,36,0,5,salaried,high_school,12.0,2,1
46,62080.0,43555.04238983974,800,16825,24,4,6,self_employed,masters,14.0,2,0
42,109097.0,67038.37445036722,432,29151,24,0,3,salaried,bachelors,18.0,4,0
57,110353.0,59450.327882884,613,5036,48,2,9,contract,high_school,15.0,3,0
44,40281.0,14910.559811050165,520,44051,48,2,8,salaried,phd,6.0,3,1
37,48671.0,25552.120798064436,737,78596,60,1,8,contract,high_school,2.0,2,1
60,142811.0,70678.22793368813,345,65071,60,2,8,salaried,bachelors,29.0,1,1
63,71431.0,33326.592989802295,491,78601,24,4,9,self_employed,high_school,25.0,2,1
60,110900.0,77850.00262453806,819,34873,24,3,5,salaried,high_school,19.0,4,0
35,142139.0,97421.93367840319,678,41648,60,2,1,self_employed,masters,1.0,4,0
52,127210.0,79374.08517552498,633,76468,60,0,1,salaried,masters,17.0,4,0
26,147734.0,120590.18913989568,338,31470,24,4,3,salaried,high_school,24.0,3,1
56,112961.0,55624.24560029942,592,70129,36,2,8,self_employed,bachelors,10.0,0,1
44,135463.0,58803.27803841873,461,13328,24,2,2,self_employed,masters,0.0,4,0
50,48602.0,32113.617052764628,630,11333,36,4,5,self_employed,masters,15.0,4,1
64,108789.0,44532.53058142552,403,51638,36,2,1,salaried,bachelors,16.0,1,0
32,71399.0,33789.98936131413,460,16268,24,3,0,salaried,masters,15.0,1,1
39,43472.0,18411.754501214466,353,75603,12,1,4,self_employed,bachelors,9.0,2,1
33,69230.0,23402.12582123351,333,22045,60,4,7,salaried,bachelors,16.0,2,1
30,93616.0,70691.71720833085,541,45741,48,0,9,salaried,phd,29.0,2,0
31,27099.0,11923.486794948753,412,47770,24,2,9,salaried,bachelors,2.0,4,1
38,138614.0,77646.72889161421,617,12887,36,1,1,salaried,high_school,17.0,1,0
59,45431.0,14711.620898569154,322,29918,24,0,9,salaried,bachelors,18.0,2,1
28,76492.0,52369.23094892845,417,40497,60,0,8,self_employed,high_school,13.0,1,1
34,116722.0,56237.657721157186,511,66009,36,3,7,contract,bachelors,20.0,4,1
61,67684.0,48028.91837751574,717,16929,48,1,2,salaried,masters,24.0,4,0
63,50111.0,26399.56136970788,412,66762,48,4,0,contract,bachelors,1.0,2,1
30,125387.0,51115.96452121013,343,33546,48,1,3,self_employed,bachelors,11.0,4,0
48,83936.0,48871.42503853373,427,42338,12,1,7,contract,bachelors,10.0,4,1
23,42614.0,15842.926717414422,457,39283,36,0,2,contract,high_school,29.0,1,0
26,112260.0,60878.20934803831,693,51566,36,3,9,self_employed,bachelors,16.0,0,1
50,61991.0,29415.846117925357,811,33013,12,3,1,salaried,bachelors,26.0,3,0
58,90476.0,72523.5504370253,344,57132,36,1,6,salaried,high_school,5.0,2,1
59,137959.0,46010.81603592784,407,33084,12,1,3,salaried,phd,18.0,0,0
40,80920.0,55163.93903219015,518,26143,24,2,5,unemployed,bachelors,12.0,2,1
29,114294.0,45776.2489709524,742,19179,60,0,4,unemployed,phd,6.0,0,1
22,83530.0,39716.4092824346,614,63726,48,4,1,self_employed,high_school,21.0,4,0
43,56224.0,29716.22447488088,476,15222,12,4,9,contract,masters,10.0,2,1
38,27788.0,22213.957816953483,527,64965,12,3,1,contract,bachelors,6.0,0,1
28,48082.0,20839.606504148913,566,69068,12,0,8,salaried,masters,12.0,3,1
46,143287.0,50181.95041461999,678,28949,24,3,9,self_employed,bachelors,12.0,4,0
25,109570.0,52076.35095008292,788,21116,12,4,1,salaried,phd,20.0,2,0
57,121015.0,43271.54941589666,589,56052,60,1,7,salaried,bachelors,0.0,2,1
27,96816.0,35892.40856161627,656,56369,60,0,7,salaried,masters,29.0,0,0
52,103588.0,63770.61965867039,503,53817,48,0,0,salaried,masters,18.0,2,1
40,36531.0,12182.944684931674,512,79311,24,2,0,self_employed,masters,18.0,4,1
60,108340.0,34345.07842959842,622,34655,60,1,3,salaried,bachelors,22.0,1,0
48,114439.0,79297.95944700028,480,62802,36,1,1,contract,bachelors,14.0,0,0
31,64857.0,32357.540096558092,798,52632,36,3,0,salaried,masters,13.0,3,1
47,30142.0,11121.085077134076,619,19193,36,0,8,salaried,bachelors,28.0,2,1
40,135053.0,59354.0410486039,382,35776,12,3,2,contract,bachelors,2.0,4,1
60,68355.0,44645.90276554028,602,48225,12,1,0,self_employed,high_school,26.0,2,1
24,29866.0,13485.846312825764,561,65010,36,2,1,salaried,bachelors,20.0,3,1
34,90067.0,51517.11879692088,499,70451,48,0,7,salaried,bachelors,19.0,4,1
49,130990.0,48064.47752546974,539,53812,48,1,4,salaried,bachelors,3.0,3,0
41,123634.0,77079.80283544151,594,23895,12,2,6,contract,bachelors,28.0,4,0
49,123814.0,58668.36329105344,811,70782,36,4,5,self_employed,bachelors,6.0,1,0
29,145426.0,93775.43135787523,695,26209,48,1,0,salaried,bachelors,0.0,4,0
62,84027.0,62567.94822644807,437,66807,12,4,5,salaried,masters,22.0,3,1
60,77906.0,49579.80927194821,428,28086,36,3,6,contract,bachelors,23.0,0,1
22,48138.0,22271.58289250951,348,32207,24,4,3,self_employed,bachelors,18.0,1,1
24,112601.0,49618.64809592209,592,25897,36,1,7,contract,bachelors,2.0,2,1
34,49956.0,23982.95277796847,835,68083,36,4,7,salaried,phd,19.0,1,0
49,127268.0,49703.40791322092,610,71957,60,0,6,contract,high_school,14.0,1,1
46,124797.0,49874.436908791475,836,12283,60,1,1,self_employed,high_school,12.0,2,0
54,144917.0,106496.62032773664,533,5255,24,2,5,self_employed,bachelors,21.0,4,0
59,146303.0,74849.0415774228,508,20487,24,4,5,salaried,bachelors,13.0,1,1
27,96295.0,51979.7857521745,393,24346,36,0,6,contract,high_school,6.0,1,0
53,25439.0,15943.31339500476,626,40050,48,3,5,self_employed,masters,0.0,0,0
42,67241.0,41979.18986711687,524,13744,24,3,1,contract,bachelors,12.0,0,0
37,62533.0,21077.20284878432,310,29756,36,4,7,salaried,bachelors,3.0,3,1
42,48270.0,36557.16056608552,628,66596,12,3,3,salaried,bachelors,11.0,2,0
32,98815.0,39281.88784625297,311,30146,60,2,8,salaried,masters,6.0,4,1
58,59279.0,41358.32993236358,334,60032,48,1,7,salaried,high_school,26.0,4,1
57,129787.0,94091.5572449047,746,47687,36,0,2,salaried,high_school,1.0,3,0
56,43888.0,30422.93091370977,751,51103,12,4,2,salaried,bachelors,16.0,4,0
40,37630.0,23271.810861907867,519,26976,60,3,7,salaried,bachelors,0.0,4,1
41,81063.0,24970.23702295055,740,67863,12,1,1,contract,masters,25.0,0,0
39,138527.0,69015.05470682612,834,5591,36,2,8,salaried,bachelors,13.0,4,0
62,143239.0,90621.82726235672,528,11277,24,3,3,salaried,high_school,29.0,4,1
35,147896.0,75885.17327396788,643,66860,60,3,5,contract,bachelors,21.0,3,0
36,55144.0,42731.854428789695,379,7260,12,0,2,self_employed,bachelors,27.0,3,1
52,72161.0,33904.21454532698,652,70883,24,2,2,self_employed,bachelors,20.0,1,0
22,116718.0,53858.83664840446,695,29741,48,2,2,salaried,masters,0.0,4,0
24,145873.0,65102.93481647791,589,42211,36,4,9,salaried,high_school,25.0,4,1
37,111074.0,53652.01623142327,754,46542,36,0,1,salaried,high_school,2.0,4,0
44,97360.0,59055.9210290961,427,11869,60,4,7,salaried,high_school,10.0,0,1
32,70979.0,48894.48121469583,842,69732,12,0,8,unemployed,masters,6.0,4,1
33,117661.0,78175.42207298476,658,24422,48,2,7,self_employed,bachelors,27.0,0,0
31,26979.0,20078.980485904187,826,40613,60,0,9,salaried,phd,24.0,1,1
53,46189.0,36362.41484591681,612,62016,60,0,2,self_employed,bachelors,28.0,2,0
37,62600.0,46877.60142788158,374,65110,12,0,6,salaried,bachelors,8.0,4,1
29,79560.0,24697.012960855005,845,39033,48,1,9,salaried,bachelors,21.0,3,1
59,98040.0,69094.16789143035,495,50213,12,1,1,contract,bachelors,2.0,3,0
33,143257.0,59397.18374481273,328,66993,36,2,3,salaried,bachelors,0.0,4,0
45,81558.0,30430.139918947705,315,17938,24,0,5,contract,bachelors,18.0,0,1
49,106205.0,69157.3857642757,722,7274,36,2,4,salaried,high_school,25.0,3,1
29,26910.0,12805.359163631589,704,36815,36,1,8,self_employed,high_school,1.0,3,0
49,77713.0,25755.210364353992,830,23961,60,0,9,salaried,bachelors,26.0,1,0
57,66857.0,25117.931133969185,376,25044,36,4,3,salaried,bachelors,20.0,1,1
47,54964.0,16517.296457862296,528,26975,48,1,4,self_employed,masters,23.0,1,1
29,105667.0,84192.61206684825,596,19706,36,1,3,unemployed,bachelors,4.0,3,1
49,45227.0,14180.468655353234,809,10974,48,1,7,self_employed,masters,16.0,3,0
49,25978.0,10786.083089174943,837,26213,12,0,7,self_employed,bachelors,18.0,4,1
58,107527.0,56875.818410465734,625,6950,60,3,2,unemployed,high_school,27.0,4,1
62,37153.0,18432.13196017793,662,15411,48,4,0,salaried,phd,4.0,0,0
57,79765.0,63927.59801457115,658,51156,36,4,5,salaried,bachelors,22.0,3,1
48,119084.0,38363.972847618716,623,67744,60,2,1,salaried,bachelors,20.0,4,0
38,128212.0,74583.23965537957,625,22771,60,0,1,self_employed,bachelors,13.0,4,0
30,59071.0,39829.43128192751,464,74810,48,1,2,contract,bachelors,9.0,1,1
54,132990.0,108045.58243592226,754,40053,48,3,7,self_employed,masters,20.0,1,0
41,89519.0,57399.957765374864,452,57076,24,0,2,contract,masters,,1,1
34,29503.0,21893.154900430272,426,12045,24,0,6,self_employed,bachelors,28.0,2,1
49,80703.0,27927.169512413235,492,62623,60,3,9,salaried,bachelors,7.0,4,1
50,84379.0,43224.55449634085,829,34714,24,1,9,salaried,masters,29.0,1,0
34,115457.0,58383.247868052335,309,39386,36,0,8,contract,high_school,7.0,1,1
56,77866.0,61316.245044397496,391,13562,12,4,7,salaried,bachelors,6.0,3,1
27,36905.0,14143.994191509139,438,60048,60,4,0,salaried,high_school,12.0,1,1
39,65838.0,25251.334997864484,780,17026,12,3,6,salaried,bachelors,13.0,3,0
26,145200.0,69798.65384987986,748,36589,24,1,6,salaried,masters,18.0,0,0
46,78279.0,25828.651247005775,632,31844,48,3,7,self_employed,bachelors,10.0,1,0
23,109489.0,43834.131627150266,639,28447,60,0,9,salaried,high_school,1.0,3,0
31,46806.0,38889.48128797442,351,59708,24,4,4,contract,bachelors,16.0,1,1
51,65000.0,34807.57585025143,765,68925,36,2,9,salaried,masters,5.0,0,1
26,42168.0,27308.442289416515,774,75825,60,3,8,self_employed,bachelors,28.0,1,1
54,90119.0,63025.73131948364,700,56574,60,2,8,self_employed,masters,8.0,3,1
22,58714.0,29464.374628061425,738,23812,48,2,7,self_employed,masters,18.0,0,0
39,74093.0,28227.572593364137,808,60309,60,4,5,contract,high_school,4.0,0,1
53,75419.0,31194.773514336768,452,69230,48,3,5,salaried,bachelors,8.0,0,1
32,69145.0,32656.945787741464,813,46628,24,2,0,salaried,bachelors,29.0,2,0
42,125432.0,81510.43375589121,802,45581,36,0,5,salaried,masters,29.0,3,0
47,97425.0,50568.86537225062,305,51628,36,1,3,contract,masters,24.0,2,0
46,112949.0,34308.04232221686,799,30105,60,1,3,unemployed,bachelors,6.0,0,0
43,97811.0,57500.53909824897,417,74157,60,4,1,salaried,bachelors,29.0,2,1
48,22461.0,18122.261762597882,784,37442,24,3,3,self_employed,high_school,3.0,1,1
34,34291.0,25603.124347504236,767,7347,48,3,4,salaried,masters,26.0,2,1
54,66804.0,50361.281245095626,460,52650,36,1,4,salaried,bachelors,17.0,4,1
55,96971.0,71494.96406390629,569,22110,48,0,4,self_employed,bachelors,17.0,0,1
62,113471.0,54245.033282062206,355,67170,24,1,3,salaried,high_school,19.0,0,1
56,84946.0,61233.88547115532,527,9923,36,1,0,salaried,high_school,16.0,3,0
22,118989.0,45065.74474252782,448,56801,36,3,9,self_employed,bachelors,29.0,1,0
42,104080.0,68874.30313466467,345,67771,12,2,7,self_employed,bachelors,3.0,3,1
27,141719.0,92523.0506361169,443,53135,24,0,2,salaried,bachelors,27.0,2,0
49,81332.0,25543.403594761465,639,24199,24,3,1,self_employed,high_school,29.0,4,0
38,97794.0,71720.51318441537,712,14066,12,1,8,salaried,phd,26.0,4,0
26,50841.0,40509.420301127844,819,57136,48,2,6,salaried,bachelors,21.0,4,1
52,144447.0,64579.13410120329,643,41575,12,0,8,self_employed,bachelors,15.0,4,0
26,140029.0,104575.7433943844,686,51733,24,4,1,salaried,bachelors,21.0,1,0
59,68758.0,23743.738397306108,772,21991,48,0,8,salaried,bachelors,22.0,2,0
24,,,574,27553,36,0,9,salaried,high_school,4.0,4,1
44,96272.0,54596.40726070385,652,5634,12,1,8,contract,phd,8.0,0,0
58,57643.0,34600.66862679188,365,17771,48,1,8,salaried,bachelors,1.0,2,0
58,70408.0,56989.14071985013,378,23298,48,4,9,salaried,high_school,1.0,1,1
31,63950.0,49831.335533789956,501,40999,48,4,9,salaried,bachelors,3.0,4,1
31,76849.0,56237.79168636996,412,76887,12,4,3,salaried,bachelors,19.0,1,1
40,120500.0,54289.36528263404,390,64648,36,3,9,self_employed,high_school,19.0,4,1
38,48044.0,38507.27780812702,440,67668,48,3,2,salaried,phd,16.0,0,1
42,125469.0,44369.50596616248,588,74374,12,1,5,contract,high_school,19.0,2,1
35,145588.0,112005.37168919844,710,72509,24,1,2,self_employed,bachelors,27.0,0,0
30,35997.0,17296.12796848205,676,49440,12,4,8,self_employed,phd,20.0,4,1
22,99751.0,32875.413023326975,683,36655,12,3,2,salaried,bachelors,24.0,3,0
34,118605.0,79245.49681373067,451,48039,12,2,1,salaried,bachelors,18.0,2,1
25,43911.0,18758.953112755058,618,60255,48,3,7,salaried,high_school,2.0,1,1
22,75533.0,32778.61181746329,668,77219,12,1,5,salaried,high_school,29.0,4,0
61,102566.0,48034.318508281096,761,59989,24,3,7,salaried,high_school,4.0,0,0
53,114870.0,38484.50808365775,311,16244,48,1,6,self_employed,masters,9.0,3,0
55,34571.0,13739.20437614281,455,63595,24,4,2,salaried,masters,5.0,4,1
49,128255.0,38839.05061479232,776,44551,60,4,7,salaried,masters,2.0,1,0
52,149226.0,81324.47465809269,700,68230,12,4,9,salaried,bachelors,16.0,0,1
29,114463.0,39643.167795966285,476,33371,48,2,0,salaried,masters,9.0,2,1
60,77941.0,52645.94467936245,640,74358,48,2,0,contract,bachelors,23.0,3,0
47,,,356,33878,12,1,9,salaried,bachelors,11.0,4,1
55,106250.0,87015.11404205566,747,41157,36,0,7,contract,bachelors,0.0,4,0
24,78712.0,61331.47695269151,502,10914,36,2,8,self_employed,high_school,17.0,4,1
33,63541.0,29177.550148946208,501,32180,24,1,9,contract,phd,18.0,4,1
22,43387.0,31705.85291215413,629,8688,12,3,5,salaried,bachelors,21.0,0,0
26,113980.0,84548.61982853204,662,14916,12,4,4,contract,masters,19.0,2,0
51,68908.0,58062.550087067684,753,61363,60,4,1,salaried,bachelors,3.0,1,0
51,105457.0,66312.62632103197,655,32360,36,4,8,self_employed,bachelors,14.0,3,0
38,33057.0,11407.347709563546,515,42805,36,1,5,salaried,high_school,8.0,4,1
44,84028.0,55102.24126972426,322,18453,12,4,7,salaried,bachelors,5.0,4,1
36,130804.0,84203.6180536184,454,27703,24,2,8,self_employed,masters,11.0,2,1
58,139246.0,90662.070476917,485,64021,12,3,8,self_employed,high_school,17.0,2,1
42,75731.0,35512.54589211902,548,79176,24,4,7,salaried,phd,22.0,0,1
35,44858.0,34667.32875514347,433,12410,36,1,9,salaried,bachelors,14.0,0,1
23,68689.0,56854.55162626336,620,53268,60,3,7,self_employed,bachelors,28.0,0,1
32,64638.0,27131.275777634968,689,39248,48,4,2,salaried,bachelors,18.0,3,0
60,111598.0,38890.082499053286,733,36159,36,0,2,salaried,masters,8.0,0,0
59,122386.0,49810.40051314695,321,47039,24,4,1,contract,bachelors,21.0,4,0
55,66486.0,49951.176241805646,424,52800,12,2,0,unemployed,bachelors,23.0,0,1
59,40567.0,27267.29359540522,378,45761,36,3,3,contract,bachelors,12.0,3,1
55,49739.0,32321.697318333205,350,48663,60,2,1,contract,bachelors,,0,1
39,77804.0,40534.81219622952,475,45412,24,0,1,salaried,high_school,12.0,0,0
51,128821.0,79586.30741494105,552,40367,12,0,4,unemployed,high_school,0.0,4,1
36,23754.0,11148.483084472027,545,10813,48,2,3,salaried,high_school,17.0,4,1
48,47044.0,26460.37029487622,405,64894,24,3,0,salaried,bachelors,21.0,4,1
55,87260.0,64239.47392059289,492,56444,12,0,8,contract,bachelors,2.0,0,1
59,86912.0,72978.51834492701,615,39269,48,0,3,salaried,bachelors,16.0,4,0
54,145623.0,118372.40898595477,601,66748,12,4,4,salaried,bachelors,21.0,2,1
45,28706.0,23355.955665439433,847,46190,48,1,6,salaried,high_school,4.0,1,1
36,28894.0,15060.218927069855,567,45318,48,0,1,salaried,high_school,28.0,1,1
51,38037.0,21218.348376660244,469,42018,48,3,7,self_employed,high_school,24.0,4,1
63,103986.0,71552.7112797537,754,44759,12,3,1,salaried,bachelors,5.0,3,0
38,101942.0,82288.14924117223,591,21498,48,4,9,salaried,high_school,20.0,4,1
26,71612.0,27076.27109539682,440,30989,24,3,4,salaried,bachelors,,4,1
50,49725.0,23238.13467334402,445,30568,60,4,1,salaried,bachelors,16.0,0,1
25,25926.0,9763.362531120785,724,71577,60,0,1,salaried,bachelors,26.0,3,0
31,124555.0,79292.29734700498,613,35099,48,0,3,contract,masters,0.0,4,0
38,29496.0,13817.859812307144,483,45639,60,0,3,salaried,bachelors,6.0,2,1
31,76447.0,36645.58185056579,427,28482,60,0,7,contract,high_school,21.0,1,1
38,121604.0,41224.215385666925,586,74212,48,1,5,salaried,bachelors,29.0,2,1
41,49806.0,24523.86845991391,552,60261,48,1,9,salaried,high_school,15.0,2,1
45,108199.0,83786.39278238927,685,35048,24,0,7,salaried,high_school,4.0,2,0
26,61321.0,26257.04184387684,529,8065,36,3,6,salaried,masters,15.0,3,1
55,142041.0,96922.11758836918,570,7036,12,4,9,salaried,bachelors,3.0,3,1
27,122031.0,78868.09710866076,714,40814,48,2,3,salaried,phd,10.0,3,0
23,85095.0,65941.52251204343,497,64694,48,4,1,salaried,high_school,13.0,1,1
34,42656.0,15900.381082251479,622,21924,60,2,8,salaried,masters,28.0,0,1
64,75147.0,62948.72401252693,355,65204,24,2,1,self_employed,masters,12.0,4,0
64,111396.0,69115.17535987192,502,37844,60,0,0,unemployed,bachelors,26.0,4,1
32,69666.0,59042.68626356624,437,26518,48,2,7,salaried,bachelors,23.0,0,0
44,102368.0,82030.86670158948,721,22059,48,0,9,self_employed,bachelors,26.0,4,0
37,58787.0,24798.384731642233,356,28052,60,1,8,self_employed,masters,7.0,2,0
52,133767.0,44262.04296830507,370,74803,48,3,0,salaried,bachelors,20.0,1,0
32,82946.0,36546.13215067253,671,76524,36,2,6,contract,high_school,19.0,4,0
37,41727.0,24625.606609989336,813,13680,12,3,1,unemployed,bachelors,14.0,1,0
29,128351.0,50618.810920051306,383,72021,12,0,5,salaried,bachelors,17.0,0,1
25,115081.0,45123.58917238105,342,25043,12,2,4,self_employed,phd,6.0,4,1
61,142721.0,79128.29750001701,432,7419,36,4,0,self_employed,bachelors,20.0,1,0
25,130058.0,41397.12118688943,694,61892,48,1,1,salaried,high_school,,2,0
46,88056.0,32319.937347503885,364,22140,60,1,1,salaried,bachelors,24.0,2,0
24,23081.0,12203.472566181159,589,48484,24,2,9,contract,high_school,8.0,0,1
53,54196.0,18140.56370768922,675,68869,48,1,9,self_employed,masters,10.0,3,0
24,56735.0,29400.94397040245,766,50210,36,4,5,salaried,phd,26.0,4,1
48,124749.0,69947.19421894143,512,62600,36,3,0,salaried,high_school,9.0,2,1
50,100102.0,54875.5798310708,447,11487,12,4,3,contract,bachelors,13.0,2,1
53,99578.0,77476.28167276653,770,65692,48,1,9,salaried,phd,15.0,0,0
40,45498.0,26913.629868969052,448,67112,12,3,4,self_employed,high_school,26.0,2,1
42,96865.0,53991.51012386462,387,36110,24,4,1,salaried,bachelors,7.0,4,0
26,51656.0,27165.378228973554,623,21360,12,0,1,salaried,bachelors,0.0,0,0
39,87695.0,65744.31518822655,695,54410,24,0,6,salaried,high_school,11.0,1,1
49,57900.0,45873.077554374686,703,78167,36,3,6,salaried,high_school,2.0,0,1
63,148392.0,114155.49606900426,381,8017,12,3,5,salaried,phd,1.0,4,1
43,137235.0,92009.29055742378,585,65124,12,3,0,self_employed,bachelors,15.0,4,0
42,104899.0,39394.71038470238,681,55949,60,0,2,self_employed,bachelors,3.0,1,0
27,67701.0,30619.705592518294,569,63268,36,4,8,salaried,bachelors,1.0,0,1
22,128777.0,41895.6247334757,591,71320,60,3,9,self_employed,masters,,4,1
26,39033.0,31692.970865499017,752,36127,24,0,0,salaried,bachelors,26.0,4,1
62,143193.0,94999.84812411679,323,8196,24,3,1,salaried,bachelors,23.0,1,0
33,30805.0,21886.939758198172,610,46300,36,3,7,salaried,high_school,16.0,3,1
47,55851.0,26326.17627507389,760,54714,24,3,6,salaried,masters,19.0,0,1
55,46832.0,35831.605165410874,507,36921,36,0,8,unemployed,high_school,20.0,4,1
35,83437.0,36944.38555053138,737,9746,24,4,9,self_employed,high_school,29.0,2,0
47,135725.0,40840.204413747975,837,73535,48,0,3,salaried,bachelors,9.0,1,0
48,33944.0,17210.56621829134,635,70350,12,0,3,self_employed,high_school,19.0,3,1
30,39873.0,24478.784891654625,721,55345,48,3,6,salaried,phd,7.0,3,1
47,60372.0,34006.803326801986,620,54220,36,2,0,salaried,bachelors,17.0,1,0
43,109464.0,84740.66657905253,796,27063,36,2,9,salaried,high_school,24.0,3,1
51,35379.0,12664.723486513776,462,76736,48,2,8,self_employed,high_school,17.0,4,1
64,137322.0,83025.27838308747,840,50971,12,0,1,salaried,bachelors,17.0,3,0
38,56751.0,33036.95009492748,464,8598,12,3,0,contract,bachelors,28.0,0,0
47,120082.0,54609.22764685872,594,15564,60,2,6,salaried,masters,1.0,2,1
57,109822.0,82610.90467868785,341,54725,24,1,5,salaried,bachelors,11.0,4,1
22,25110.0,17930.216362061212,584,64940,60,1,2,unemployed,bachelors,9.0,1,1
29,74341.0,52267.116664989604,686,67085,12,1,0,salaried,phd,7.0,2,0
56,32087.0,25089.013427629383,437,22862,48,4,4,contract,bachelors,18.0,4,1
36,43762.0,30525.374830819455,486,15265,24,3,9,contract,bachelors,9.0,2,1
43,135812.0,58061.35623069824,730,14705,48,0,3,contract,bachelors,10.0,3,0
35,102617.0,70606.60082974599,715,60279,60,0,4,salaried,masters,13.0,1,1
47,120483.0,56535.026936106704,725,67471,36,3,0,salaried,bachelors,25.0,1,1
49,29596.0,12820.870523426056,715,67979,48,4,0,self_employed,bachelors,14.0,0,1
44,123555.0,42027.4774063924,325,60828,60,3,4,self_employed,bachelors,29.0,3,1
35,127539.0,90452.6636099293,670,51104,60,4,5,self_employed,bachelors,23.0,0,0
45,38313.0,26476.218920350715,684,45934,60,2,4,salaried,high_school,22.0,0,1
23,133175.0,57128.70736658609,355,11050,36,2,1,salaried,bachelors,9.0,3,0
47,86549.0,61636.602485152434,552,48952,36,4,8,salaried,bachelors,3.0,4,1
35,134914.0,108580.471695926,405,13484,36,3,4,salaried,high_school,6.0,0,1
28,43705.0,15708.27307294321,429,67648,24,2,4,salaried,phd,10.0,2,1
24,87364.0,37387.43700181221,675,64945,36,3,9,salaried,bachelors,23.0,4,1
44,93445.0,66592.96594691907,607,58678,36,2,8,salaried,high_school,21.0,3,1
64,123892.0,55872.64943677642,390,36323,36,3,2,self_employed,bachelors,21.0,1,1
39,98645.0,63484.48775876949,692,40361,48,3,4,self_employed,bachelors,,4,1
59,22023.0,7590.0138434504115,833,15315,36,1,4,salaried,bachelors,4.0,0,1
56,139654.0,76629.73675919908,409,52968,24,4,1,salaried,high_school,25.0,2,0
36,79796.0,56375.896510142324,639,31519,60,0,3,self_employed,high_school,1.0,3,0
46,100073.0,67807.73040219207,655,14107,48,4,1,salaried,bachelors,11.0,1,1
58,112197.0,83955.85446373792,467,60781,12,3,4,contract,bachelors,20.0,2,1
49,84429.0,66074.02307833842,751,8869,36,3,9,self_employed,high_school,4.0,1,1
31,124195.0,90072.5387163573,404,32370,60,4,1,contract,bachelors,6.0,3,0
60,81627.0,54638.93098108164,449,67695,60,3,9,self_employed,bachelors,3.0,4,1
38,53848.0,17093.906006620302,445,65422,48,2,8,salaried,high_school,29.0,0,1
60,57804.0,34348.967474367724,598,12971,12,3,9,self_employed,masters,10.0,3,1
43,35379.0,11347.239295369416,466,30651,24,4,5,salaried,masters,21.0,2,1
47,79664.0,59304.853020501956,347,61974,60,4,7,salaried,bachelors,8.0,4,1
46,47766.0,22755.650199444884,538,28446,60,4,8,salaried,high_school,3.0,1,1
38,129126.0,78681.14044929286,306,43108,60,1,7,salaried,bachelors,26.0,4,1
34,88099.0,39970.0686712184,763,8823,60,1,4,salaried,bachelors,29.0,4,0
41,56060.0,40944.82695167759,752,18454,48,1,4,salaried,phd,21.0,2,0
46,114733.0,90361.00191406297,670,8932,12,1,5,self_employed,bachelors,28.0,0,0
25,89122.0,46276.89900309118,848,15220,60,1,0,unemployed,bachelors,27.0,4,0
31,36087.0,27953.254228047084,786,79090,24,1,7,salaried,masters,8.0,4,1
24,68868.0,30776.506887426487,510,72965,24,1,1,salaried,bachelors,25.0,0,0
62,139119.0,82645.5211265391,464,33208,36,4,5,salaried,high_school,11.0,0,1
39,43225.0,33383.479542627894,424,77980,60,0,8,contract,bachelors,15.0,1,1
57,115286.0,55249.056055642206,636,15510,60,1,2,salaried,high_school,0.0,1,0
43,26643.0,21973.10143766149,491,49045,60,4,1,contract,high_school,7.0,0,1
55,113059.0,41496.46602554579,513,15537,60,0,9,salaried,masters,0.0,3,0
29,56727.0,17588.279434112934,627,77683,60,1,4,contract,bachelors,19.0,0,1
61,31005.0,24719.49413367774,680,74134,24,0,8,salaried,high_school,18.0,1,0
40,129079.0,43597.30564773566,538,77254,12,0,5,salaried,masters,3.0,2,1
63,85697.0,72460.1606338117,831,18782,12,2,7,salaried,bachelors,13.0,2,0
62,36029.0,29661.53264713487,381,70587,36,3,7,salaried,bachelors,22.0,4,1
58,135281.0,50779.27915184292,662,27072,24,2,6,contract,bachelors,28.0,2,1
27,34226.0,20387.45426942457,804,77746,60,0,4,self_employed,bachelors,13.0,1,1
47,83646.0,33601.113761065215,501,50702,12,4,1,salaried,high_school,8.0,2,1
55,80603.0,43161.72527646072,803,11057,48,1,9,unemployed,masters,8.0,3,1
27,48731.0,16265.619385678498,336,35916,48,3,9,salaried,high_school,25.0,0,1
58,129458.0,54781.25610783399,701,32268,48,1,4,unemployed,bachelors,16.0,0,1
54,130384.0,65165.92815712077,475,48978,60,4,6,salaried,high_school,14.0,1,0
43,88926.0,48131.74218378437,844,28259,60,3,6,contract,phd,9.0,4,1
42,25997.0,21775.68362356113,766,58583,36,2,1,salaried,bachelors,16.0,0,1
27,75506.0,56201.08689365808,500,39293,36,0,6,salaried,phd,8.0,2,1
27,98229.0,69307.97278089999,839,12043,36,4,5,salaried,bachelors,3.0,3,0
25,69815.0,41565.946663791015,846,55430,48,0,6,salaried,masters,27.0,4,1
51,62092.0,47314.02752329469,693,43893,60,0,7,self_employed,masters,28.0,4,1
32,82539.0,40165.7521427027,341,45642,48,1,3,salaried,masters,13.0,4,1
51,86077.0,59384.049911603805,692,35868,36,4,0,unemployed,high_school,2.0,0,0
52,41817.0,35401.485474113964,740,31309,60,0,7,unemployed,high_school,28.0,4,1
45,57861.0,27370.908814944745,805,28284,24,2,7,unemployed,high_school,24.0,1,1
30,33428.0,22420.481985855695,619,74000,12,3,2,unemployed,high_school,20.0,2,1
24,63934.0,48869.434588595126,514,67107,12,4,2,self_employed,masters,,3,1
52,135555.0,108944.76332860522,370,70049,36,1,4,unemployed,bachelors,21.0,2,1
61,134367.0,93366.65403595177,535,34265,48,4,2,contract,bachelors,0.0,1,1
58,30258.0,13797.17470071564,580,28880,24,1,4,salaried,bachelors,0.0,1,1
57,77775.0,37289.62688605115,461,5255,60,3,7,self_employed,high_school,12.0,2,1
45,101580.0,31633.730496733755,490,6502,48,2,0,contract,bachelors,13.0,0,0
52,114947.0,82587.95826147386,308,75192,36,0,1,self_employed,bachelors,15.0,1,1
27,25469.0,8239.39426473551,359,70424,48,4,1,salaried,masters,6.0,4,1
23,48854.0,37889.149372469394,524,75966,36,1,3,salaried,bachelors,9.0,3,1
41,26256.0,9590.354201503918,586,46366,12,3,8,contract,bachelors,14.0,3,1
49,144086.0,56846.54952018923,468,32425,12,0,1,unemployed,bachelors,7.0,1,0
32,96256.0,54104.49258703532,361,57328,48,3,8,salaried,masters,10.0,4,1
25,53937.0,38070.58077412605,648,72396,24,2,6,salaried,bachelors,23.0,2,0
36,119134.0,44848.138792802805,741,76694,60,0,9,salaried,bachelors,13.0,3,0
27,21651.0,11735.688365445616,313,10806,36,0,7,self_employed,high_school,12.0,4,1
51,70288.0,39752.65770665559,463,22106,60,0,0,salaried,bachelors,22.0,4,0
59,104730.0,43646.971388573365,719,61731,12,1,4,self_employed,bachelors,12.0,0,0
23,45051.0,16378.611235311526,819,37599,24,0,8,unemployed,masters,26.0,1,1
36,47386.0,36014.853021128634,847,76326,24,3,3,self_employed,high_school,8.0,4,0
32,95054.0,54784.95342990245,327,14004,60,1,1,salaried,bachelors,16.0,2,1
29,131562.0,40509.21329270092,745,56364,12,0,5,contract,bachelors,17.0,3,0
47,36184.0,26835.49147361274,507,30792,60,3,1,self_employed,bachelors,28.0,0,1
26,53787.0,45150.77602650885,769,69912,48,3,2,salaried,bachelors,18.0,2,0
27,41621.0,26356.889798635013,403,59645,24,4,7,salaried,masters,12.0,3,1
47,95564.0,55144.21356681618,725,12232,24,3,2,self_employed,bachelors,11.0,1,0
25,97984.0,76734.08495852863,400,59766,48,2,1,contract,bachelors,28.0,2,1
40,79792.0,65739.37082538243,840,53542,12,0,5,contract,bachelors,20.0,3,1
41,65253.0,46655.588555360795,821,10913,24,0,2,salaried,masters,19.0,0,0
54,54051.0,29457.7469677874,405,15567,36,0,0,salaried,bachelors,19.0,3,1
41,69811.0,43682.26245979996,576,43379,36,3,2,salaried,high_school,7.0,4,1
33,50447.0,34582.14749748466,364,79968,12,3,5,self_employed,bachelors,23.0,0,1
22,148046.0,60232.583800892986,487,5319,48,0,2,self_employed,phd,10.0,2,0
47,103930.0,56741.68180303992,616,9791,60,1,8,salaried,high_school,6.0,1,0
35,143278.0,108375.72214138974,437,5329,12,1,6,salaried,bachelors,0.0,0,1
59,120037.0,79236.29666173918,642,79387,60,2,4,unemployed,masters,9.0,0,0
58,50254.0,26441.757056515486,404,66032,12,4,1,contract,bachelors,14.0,0,1
32,104045.0,69174.25516835664,845,49078,36,2,8,salaried,bachelors,3.0,3,0
57,136859.0,49956.59060160363,679,26300,48,0,4,self_employed,high_school,0.0,4,0
34,77418.0,40321.128108091376,409,55945,36,0,6,self_employed,bachelors,10.0,1,1
64,134534.0,99046.71509947702,844,60609,48,0,8,salaried,high_school,29.0,1,0
24,34472.0,14522.358400595993,653,65562,60,4,3,salaried,phd,4.0,4,1
54,131193.0,52776.16643353917,616,66901,12,3,8,salaried,masters,18.0,3,1
27,23471.0,19315.46562179421,565,10703,24,4,0,salaried,masters,18.0,3,1
31,127332.0,52899.276733760664,364,68115,24,2,5,self_employed,bachelors,3.0,4,1
26,,,632,32676,48,3,1,salaried,high_school,1.0,4,0
44,143379.0,119476.11003729078,812,66710,48,3,7,salaried,bachelors,6.0,2,0
31,115804.0,81536.40519903407,432,65077,36,2,4,salaried,bachelors,27.0,3,1
23,28329.0,19399.078601212943,839,50440,24,3,2,salaried,bachelors,12.0,0,1
34,54865.0,42197.19332759988,834,41923,36,1,1,self_employed,bachelors,19.0,1,0
61,66850.0,24313.525176141335,795,34802,60,2,7,salaried,bachelors,20.0,3,1
23,74220.0,51083.839533432474,668,67904,24,2,6,salaried,bachelors,11.0,4,1
41,132234.0,76302.8177612507,398,65162,60,1,8,unemployed,phd,,0,1
22,113808.0,86042.58683820156,616,70169,12,4,7,salaried,bachelors,1.0,2,1
58,128381.0,74393.95809117598,422,73147,36,4,3,self_employed,bachelors,21.0,2,1
30,26397.0,16923.98106575006,619,27075,48,4,1,salaried,bachelors,8.0,0,0
38,117909.0,66354.2530099036,794,79716,24,3,1,contract,bachelors,15.0,0,0
30,149004.0,83887.37573503325,756,14304,36,1,1,contract,bachelors,7.0,4,0
32,55525.0,40110.343167535764,821,64622,48,2,5,salaried,bachelors,23.0,4,1
36,73072.0,47183.43221545405,819,59215,12,2,6,self_employed,bachelors,17.0,1,1
45,110106.0,71381.14294202316,614,78973,24,2,5,salaried,high_school,3.0,1,0
59,103820.0,56857.58010926396,841,17521,60,3,1,unemployed,masters,23.0,2,0
56,104530.0,61893.28160868897,778,29028,12,3,3,salaried,high_school,10.0,0,0
51,43284.0,30737.90390520441,319,44328,48,4,2,contract,bachelors,16.0,2,0
52,81330.0,61344.57622325477,429,32301,24,3,3,salaried,bachelors,7.0,4,0
26,103369.0,70612.27056802536,592,43015,24,4,4,self_employed,bachelors,18.0,3,1
35,45122.0,36469.4117714822,431,41845,12,4,6,unemployed,masters,7.0,4,1
32,90553.0,68021.44393469642,655,49159,24,2,8,contract,bachelors,5.0,3,0
30,101906.0,62063.31025038083,353,48714,48,3,1,salaried,bachelors,22.0,0,0
55,114788.0,76824.5481466461,686,30230,12,4,7,salaried,high_school,1.0,0,1
33,82812.0,67033.79256561895,564,54262,60,1,2,salaried,masters,14.0,0,1
56,,,514,46722,12,1,8,salaried,bachelors,0.0,1,1
56,42436.0,31981.629204459656,759,51359,12,3,9,salaried,masters,5.0,1,0
22,62963.0,42742.16665564499,757,67796,60,2,3,salaried,bachelors,27.0,3,0
61,22096.0,13336.372208695637,342,45159,48,2,2,salaried,masters,18.0,2,1
43,149940.0,64925.67046131793,577,10239,36,4,9,salaried,phd,3.0,2,1
50,133737.0,71455.49664363204,429,55886,36,3,5,salaried,bachelors,12.0,3,1
29,45279.0,37683.8350511052,649,32195,60,1,9,salaried,bachelors,14.0,1,1
32,141092.0,93370.58840118373,843,39674,48,4,8,salaried,bachelors,,4,0
62,128899.0,78682.20007167349,405,23105,24,4,6,self_employed,bachelors,2.0,3,1
58,134245.0,109158.1192067203,300,34739,60,0,3,salaried,bachelors,1.0,2,0
35,46201.0,28763.886937641146,731,36969,36,3,2,salaried,high_school,15.0,3,0
51,39715.0,23405.851970420936,605,19497,48,4,9,salaried,bachelors,17.0,3,1
56,49309.0,35385.172426130805,826,6816,12,1,3,salaried,high_school,17.0,0,0
42,35078.0,24272.786520545505,352,64254,48,0,2,self_employed,high_school,5.0,1,1
58,76614.0,31123.518486312016,819,74385,48,1,2,salaried,bachelors,17.0,0,1
26,25105.0,14039.206828250823,629,38826,36,2,8,salaried,high_school,10.0,1,1
40,137666.0,77076.92102316057,624,68365,36,0,3,contract,masters,6.0,3,0
35,114848.0,58345.48101966721,413,55100,24,0,8,unemployed,masters,22.0,1,0
47,22839.0,13349.65621138142,446,9359,24,4,9,salaried,phd,22.0,2,1
25,88920.0,46879.43039324372,465,17809,60,2,4,salaried,bachelors,13.0,0,1
46,63619.0,26060.888382066958,678,69450,12,4,6,salaried,bachelors,28.0,3,1
63,,,438,43428,24,3,4,salaried,bachelors,17.0,2,1
46,145736.0,49514.144277338455,598,77790,36,1,0,salaried,bachelors,6.0,1,0
39,33493.0,20654.53774604685,575,7093,48,1,1,self_employed,high_school,9.0,1,1
61,,,477,49498,60,4,4,salaried,bachelors,7.0,2,1
29,,,653,45985,24,1,5,contract,masters,23.0,1,1
60,27531.0,13716.404574201355,453,37009,48,1,6,salaried,bachelors,13.0,0,1
61,57051.0,19847.424642165053,500,22718,48,3,1,salaried,bachelors,17.0,4,0
35,27736.0,11404.54865530166,414,21705,24,2,9,self_employed,masters,4.0,1,1
53,27710.0,16626.545534311546,367,67598,12,0,8,salaried,high_school,13.0,3,0
59,87155.0,36071.83305623652,744,17239,12,4,5,salaried,bachelors,21.0,1,1
54,33975.0,20357.317550748725,744,51622,60,4,1,salaried,high_school,24.0,3,1
44,82424.0,35226.32490942679,625,51665,12,3,1,salaried,masters,,1,1
36,65603.0,50311.47393508135,658,37274,60,3,2,salaried,bachelors,25.0,1,0
54,43252.0,22426.132158812557,444,16419,36,0,0,salaried,bachelors,21.0,3,1
46,100797.0,43852.02154382978,574,20003,24,2,8,salaried,bachelors,9.0,0,0
38,21431.0,16004.22930288113,808,35866,48,4,9,salaried,bachelors,25.0,4,1
54,94603.0,46219.37702311953,478,26988,60,3,3,unemployed,bachelors,14.0,4,1
23,57481.0,20768.933081563562,776,60894,12,4,4,salaried,bachelors,5.0,0,0
35,112573.0,69088.88922168019,713,10674,60,1,6,salaried,bachelors,8.0,1,0
61,29557.0,18321.2112548155,452,75538,60,4,0,unemployed,bachelors,9.0,4,1
61,94971.0,65822.7496350471,403,71446,12,2,2,self_employed,bachelors,22.0,0,0
60,123302.0,53281.34510440319,374,34072,12,2,2,salaried,bachelors,16.0,0,0
27,20162.0,10969.624756327816,427,38717,24,4,1,salaried,high_school,0.0,4,1
27,54742.0,24924.1615433282,644,31651,48,1,7,self_employed,bachelors,13.0,3,1
24,39675.0,13669.01171421446,830,49291,24,2,4,salaried,bachelors,3.0,2,0
28,93997.0,73518.58844390704,458,68350,24,3,0,self_employed,bachelors,27.0,3,1
29,37015.0,25943.01369722477,837,9646,12,4,1,unemployed,bachelors,1.0,1,1
63,70057.0,32632.87865607786,725,44713,12,1,0,salaried,masters,2.0,3,0
36,52591.0,33114.19378747185,322,72936,48,3,5,salaried,masters,27.0,2,1
50,113583.0,46647.97966622278,346,49331,60,4,8,self_employed,bachelors,6.0,2,1
54,146133.0,115391.02153908476,824,27185,24,1,6,salaried,masters,29.0,0,0
51,120318.0,43699.315781340076,443,57107,48,3,4,salaried,high_school,22.0,1,1
60,29833.0,9012.860459063824,718,71554,24,2,2,salaried,masters,13.0,0,1
48,27896.0,16071.011376272723,384,22563,60,4,7,self_employed,bachelors,11.0,3,1
57,52972.0,32880.79588516997,715,75729,24,4,9,self_employed,bachelors,18.0,3,1
50,69733.0,43125.043774103025,781,20701,36,2,3,unemployed,high_school,28.0,4,0
59,140363.0,46317.20171902558,755,74072,48,0,8,contract,high_school,17.0,0,1
54,61800.0,29214.348997157518,596,53217,12,3,4,salaried,high_school,14.0,0,1
58,116044.0,66674.17342299053,411,49610,24,2,5,self_employed,high_school,28.0,0,1
48,25347.0,10623.397939951521,529,55131,48,4,4,salaried,high_school,28.0,0,1
54,79063.0,61664.73121129428,395,34410,48,3,9,self_employed,masters,0.0,2,1
25,115850.0,40305.38615125892,677,63715,24,3,6,salaried,bachelors,24.0,4,1
43,22643.0,12862.615252029036,455,43665,12,0,6,salaried,bachelors,25.0,1,1
23,60785.0,41350.74878076532,720,20957,12,4,0,self_employed,masters,2.0,1,0
31,38681.0,17172.93686736605,404,53127,24,1,1,salaried,high_school,24.0,1,1
26,70026.0,45049.99501694352,629,68589,48,0,6,contract,masters,14.0,2,1
31,123864.0,93661.2292304793,738,51008,12,0,7,self_employed,bachelors,3.0,4,0
54,35892.0,14524.966090561296,431,66920,24,1,3,salaried,bachelors,14.0,4,1
59,67299.0,54140.1157350718,681,37875,24,1,5,salaried,high_school,9.0,2,1
34,37073.0,22409.04151476538,437,6626,24,0,9,contract,high_school,5.0,0,1
52,122304.0,56819.6990797203,569,68822,48,3,2,salaried,bachelors,12.0,3,0
57,50682.0,27214.817512108337,849,76765,12,2,6,self_employed,high_school,6.0,0,0
45,117798.0,55565.96873944791,695,77413,48,2,2,self_employed,bachelors,25.0,1,0
36,146021.0,102041.10117654252,763,38642,36,0,6,contract,high_school,29.0,0,0
50,116894.0,86263.72336208665,749,43311,12,3,7,self_employed,bachelors,21.0,2,0
29,144302.0,109397.5923725021,630,37356,48,1,2,self_employed,high_school,0.0,1,0
26,34289.0,28877.254130525012,552,8809,12,0,1,contract,masters,21.0,3,1
50,135359.0,99516.79780143223,584,48371,36,4,5,contract,bachelors,10.0,1,1
25,27927.0,17615.26911816573,573,39875,60,3,3,self_employed,masters,13.0,0,1
33,68330.0,33247.40764401082,319,14465,24,4,7,salaried,high_school,5.0,4,1
23,86707.0,51983.23066424962,538,71095,48,4,1,salaried,masters,4.0,4,1
48,140279.0,45252.2512159759,569,78844,36,0,3,self_employed,bachelors,18.0,4,0
52,97454.0,69158.60060088069,717,70250,36,3,1,salaried,bachelors,25.0,1,0
57,127439.0,69489.37079104579,609,20250,12,4,1,salaried,high_school,18.0,4,0
57,124646.0,38766.49852125904,330,51023,12,3,1,salaried,bachelors,26.0,2,0
47,85428.0,28565.313649643256,403,51624,24,2,0,self_employed,high_school,25.0,3,1
64,70601.0,36225.83589675391,485,21427,12,4,3,salaried,bachelors,12.0,4,1
48,97465.0,60514.24809312248,427,38276,48,4,1,salaried,high_school,6.0,2,0
26,22539.0,12516.181042987591,509,76643,48,3,8,salaried,bachelors,7.0,2,1
41,122263.0,78317.0775947999,713,8439,48,2,8,self_employed,high_school,13.0,1,0
32,131487.0,74179.94816313445,580,22300,60,4,6,salaried,bachelors,18.0,1,1
31,42669.0,28329.532760563972,552,65289,48,0,5,salaried,bachelors,18.0,3,1
61,90968.0,38253.80291803538,318,22182,12,3,2,salaried,phd,22.0,3,0
59,40644.0,14715.719174940108,435,75507,12,3,6,salaried,bachelors,25.0,0,1
27,38745.0,24333.358464584155,522,55912,48,4,0,self_employed,bachelors,11.0,3,1
29,140852.0,79803.81831173203,302,31909,36,2,8,self_employed,bachelors,22.0,1,1
44,148081.0,46612.523993245435,535,24659,36,4,3,salaried,bachelors,26.0,2,0
47,48228.0,24560.834205456977,764,36403,36,1,5,salaried,high_school,8.0,0,0
64,138358.0,49583.22806654974,527,38586,24,4,5,contract,high_school,13.0,3,1
33,54521.0,32289.858203193784,798,15360,60,1,2,salaried,masters,5.0,2,0
47,142788.0,73918.16682784448,820,26424,48,0,3,salaried,bachelors,14.0,1,0
34,117239.0,74708.62429819368,438,53791,24,3,9,salaried,bachelors,12.0,4,1
61,46928.0,34871.31550734736,575,8065,36,3,2,salaried,bachelors,6.0,0,0
39,38322.0,17812.746816195486,590,73795,48,2,5,salaried,bachelors,10.0,2,1
46,77714.0,64437.04160769452,352,17300,24,4,0,self_employed,bachelors,9.0,1,1
54,107896.0,64154.85104146832,409,38370,12,0,7,salaried,bachelors,0.0,1,0
61,82292.0,52671.81252612096,303,74831,36,1,7,salaried,high_school,6.0,0,1
64,49055.0,33081.21079772369,346,32209,24,2,8,salaried,bachelors,17.0,0,1
33,,,393,25927,12,0,5,salaried,bachelors,22.0,3,1
57,,,512,39579,36,0,0,salaried,phd,2.0,3,1
25,26588.0,14246.391734686464,735,14032,60,1,2,salaried,bachelors,8.0,0,0
26,110536.0,36430.463755770856,807,45731,36,1,0,salaried,bachelors,28.0,0,0
58,26304.0,8210.720341141227,504,58767,60,3,4,self_employed,high_school,4.0,2,1
29,27345.0,13587.146875474147,680,77302,60,4,2,self_employed,high_school,22.0,3,1
63,,,372,54954,60,2,1,salaried,masters,23.0,1,0
49,44259.0,22715.14992191078,815,30102,48,4,2,salaried,masters,12.0,3,1
52,111006.0,41749.63527928693,375,39433,48,2,8,self_employed,bachelors,15.0,3,0
30,108553.0,76637.6091493723,376,20932,60,0,7,salaried,bachelors,15.0,0,0
50,35352.0,27268.073295143284,709,30714,12,1,2,salaried,high_school,11.0,0,1
35,149350.0,121913.36693621166,405,62803,60,1,1,self_employed,masters,17.0,3,1
61,53365.0,30460.702880028657,775,44743,24,0,4,contract,high_school,10.0,4,1
62,39446.0,27039.29160223591,574,7552,60,0,0,salaried,masters,16.0,4,1
43,22336.0,17211.074441185006,387,61627,48,2,3,salaried,bachelors,6.0,3,1
32,82032.0,43481.89103387146,376,50987,48,0,7,contract,bachelors,14.0,4,1
44,95415.0,44861.942002409894,376,50380,24,2,0,salaried,masters,5.0,3,1
22,117852.0,96072.77429604503,741,34250,24,4,4,contract,phd,5.0,0,0
58,118876.0,69378.66112721099,839,73344,36,1,3,salaried,bachelors,17.0,0,0
42,27521.0,15783.008317077156,544,69686,12,1,5,salaried,masters,18.0,0,1
47,91707.0,36511.20273215168,681,50028,12,1,6,salaried,masters,19.0,1,0
57,43481.0,15630.778503765268,441,20295,12,4,8,unemployed,masters,18.0,0,1
44,38474.0,29361.770684954845,667,60248,48,4,0,contract,phd,1.0,0,1
22,,,383,15523,12,3,9,salaried,bachelors,2.0,3,1
61,75718.0,36284.33221903154,442,50530,36,2,3,self_employed,bachelors,13.0,4,0
36,64629.0,26204.145996543542,651,18769,36,2,5,self_employed,masters,21.0,4,0
42,65232.0,39499.50921901398,844,68042,12,3,9,self_employed,bachelors,24.0,0,1
30,106544.0,66180.40321527112,451,49645,24,1,6,contract,bachelors,3.0,0,1
30,87169.0,36074.58387481176,457,67142,36,2,6,salaried,bachelors,21.0,0,1
31,147941.0,113659.0997618469,745,30557,24,2,7,salaried,masters,16.0,3,1
47,70669.0,24475.883170527315,602,42085,48,1,9,unemployed,bachelors,27.0,3,1
62,98021.0,48603.830165603795,749,55708,36,0,7,contract,bachelors,5.0,3,0
56,129153.0,87076.42850486905,523,56357,24,0,7,salaried,bachelors,27.0,4,0
46,89184.0,40201.13278976837,342,18470,12,3,7,salaried,high_school,18.0,1,1
47,67945.0,51313.51511017743,563,11805,48,4,7,unemployed,high_school,8.0,4,1
32,33140.0,23427.57087544556,302,67028,60,2,5,salaried,bachelors,3.0,3,1
59,146468.0,107502.02889740186,567,55772,60,2,8,self_employed,bachelors,6.0,2,1
23,103457.0,37814.422685208585,315,57104,12,3,2,salaried,masters,3.0,1,1
28,34357.0,12962.927722098577,633,78616,48,3,5,contract,bachelors,10.0,0,1
39,131672.0,60247.913497967646,763,11630,48,2,4,salaried,phd,21.0,4,0
48,88673.0,51868.60105825983,358,20701,48,1,7,salaried,high_school,29.0,1,0
55,141673.0,100787.42489882895,476,19859,48,1,3,salaried,phd,22.0,2,0
48,85633.0,65088.957372690646,362,26183,60,4,3,contract,bachelors,1.0,1,1
38,96943.0,66637.10819416032,606,45438,24,2,9,self_employed,bachelors,9.0,4,0
64,116111.0,94134.47188127217,545,47244,48,2,9,self_employed,bachelors,5.0,3,1
45,98258.0,69400.50287231315,588,79312,24,2,4,salaried,bachelors,7.0,0,1
46,32924.0,15423.160151456965,631,20021,48,2,5,contract,high_school,14.0,3,1
28,89286.0,39803.226154399585,826,74863,36,3,3,self_employed,high_school,12.0,3,0
27,113269.0,77352.06245923479,554,60565,36,0,1,self_employed,masters,28.0,4,1
45,147563.0,59922.20785015006,809,53043,36,2,1,unemployed,bachelors,27.0,3,0
54,94071.0,33018.2762322531,762,78150,48,0,2,salaried,phd,21.0,3,0
50,77326.0,45832.86631162153,498,69361,24,1,1,self_employed,bachelors,1.0,4,0
64,110023.0,82726.60873748451,570,6245,60,4,0,contract,phd,19.0,4,0
43,140101.0,49842.17952042869,363,46011,12,1,7,self_employed,bachelors,0.0,2,1
47,50651.0,37255.848092867614,529,15355,60,2,4,self_employed,high_school,14.0,3,1
49,90202.0,67323.57986508509,548,53692,48,1,9,salaried,bachelors,6.0,1,0
42,68777.0,38876.24739698458,545,54004,36,3,0,self_employed,masters,23.0,0,1
28,36994.0,12264.27568469037,456,34714,36,0,8,salaried,bachelors,25.0,0,1
38,87263.0,34558.27880416078,387,22198,24,2,7,salaried,high_school,17.0,4,1
41,79634.0,54874.55119793493,612,71951,48,3,3,contract,bachelors,9.0,4,1
62,120158.0,83086.59787282239,365,6652,60,0,7,salaried,bachelors,14.0,2,1
41,30800.0,24458.13836134025,319,48625,48,3,9,salaried,bachelors,4.0,3,1
43,57823.0,35877.8635787241,332,23740,48,1,6,self_employed,bachelors,26.0,4,1
49,128575.0,47348.907642089405,372,8810,36,2,6,salaried,masters,23.0,4,1
61,83878.0,30764.62169417033,642,21569,60,1,0,salaried,bachelors,10.0,0,0
28,38708.0,26964.87520871236,432,31783,12,4,5,salaried,masters,7.0,3,1
22,32819.0,13163.095908296915,354,14471,36,2,3,salaried,bachelors,20.0,2,1
53,94905.0,45612.48421261266,360,11163,60,1,9,salaried,bachelors,7.0,4,1
34,83870.0,47635.35906129751,819,68087,24,2,9,salaried,phd,29.0,4,0
51,29283.0,9183.75445053434,571,67071,36,0,9,salaried,bachelors,5.0,4,1
44,50573.0,22092.838559413456,545,21065,24,2,1,salaried,bachelors,14.0,0,0
40,98707.0,51755.95777281045,475,53348,36,2,9,salaried,masters,14.0,4,1
53,50933.0,23113.39413539796,616,24154,48,0,6,contract,high_school,4.0,4,1
51,25774.0,9665.344851081974,430,25229,60,1,8,salaried,bachelors,12.0,0,1
50,92055.0,64475.942615285916,401,57587,24,2,4,self_employed,high_school,13.0,4,1
50,30983.0,23151.464590038322,609,54713,36,3,7,salaried,high_school,10.0,3,1
51,116468.0,51433.83376642904,591,31997,24,2,4,self_employed,high_school,19.0,3,1
37,116334.0,84450.42461704134,794,26101,36,1,6,self_employed,high_school,20.0,0,0
61,38133.0,19526.172739223417,660,45391,36,0,6,salaried,bachelors,11.0,3,1
40,145555.0,84229.35765826491,637,77723,12,1,8,salaried,masters,19.0,2,1
39,34939.0,26931.00185563053,309,64405,12,4,2,salaried,bachelors,0.0,4,1
22,20781.0,14805.93310384471,348,39948,12,2,0,self_employed,bachelors,2.0,2,1
35,134586.0,99972.40110318152,786,58031,24,2,1,salaried,bachelors,7.0,3,0
23,76700.0,28782.81335244546,620,42921,48,0,5,contract,masters,,0,1
49,47624.0,16113.374864748042,432,77571,36,2,9,salaried,masters,11.0,0,1
51,26823.0,21226.987276579894,382,33460,60,3,9,salaried,masters,14.0,2,1
59,38489.0,19756.74426083702,356,26071,12,3,8,self_employed,masters,22.0,3,1
25,138555.0,63504.44283721955,675,71118,24,1,2,contract,high_school,26.0,4,1
22,59961.0,41887.731655986296,648,53282,24,0,9,salaried,bachelors,2.0,3,0
29,139664.0,106148.631334401,570,63445,24,4,1,self_employed,bachelors,24.0,3,0
50,49118.0,38035.47088662041,782,59816,60,1,0,salaried,bachelors,21.0,0,0
60,120417.0,57053.38525858207,410,8060,60,0,1,self_employed,bachelors,7.0,1,0
24,101816.0,78267.6712524243,375,18731,12,0,2,self_employed,high_school,23.0,4,0
53,42263.0,13630.395210101125,457,25719,60,1,6,contract,high_school,18.0,4,1
31,33565.0,10986.288378465006,831,52042,12,1,1,salaried,phd,19.0,0,1
31,40354.0,25945.021481131804,628,54116,60,2,4,salaried,bachelors,29.0,3,0
40,62951.0,21070.234973206014,421,31325,60,4,1,self_employed,bachelors,5.0,0,0
55,111179.0,53203.04751018519,340,27597,60,3,6,salaried,bachelors,17.0,3,0
54,43648.0,29244.849308238157,466,72439,12,2,9,self_employed,bachelors,27.0,1,1
44,,,322,19551,36,0,7,salaried,bachelors,27.0,1,0
49,61971.0,24712.787930593302,578,29278,12,4,7,salaried,bachelors,10.0,2,1
53,38658.0,17579.448786794197,768,20141,36,4,7,contract,high_school,11.0,3,1
28,41253.0,22757.895349729883,699,72913,24,1,9,salaried,high_school,22.0,0,1
50,84166.0,47256.02924601724,308,38615,24,4,8,unemployed,bachelors,1.0,0,1
29,68563.0,50095.56467402202,312,67751,12,4,0,contract,bachelors,26.0,0,1
22,46390.0,33056.784572330325,351,32452,36,0,0,self_employed,high_school,4.0,2,1
24,108664.0,59901.00745285833,508,27725,36,2,9,salaried,bachelors,27.0,4,1
45,71578.0,54765.54763258553,849,55391,36,4,1,contract,bachelors,,0,0
44,99025.0,35929.28295695714,701,16698,24,1,5,self_employed,masters,8.0,1,0
29,123850.0,54549.031834217196,490,7365,12,2,0,salaried,high_school,12.0,0,0
58,52658.0,39777.17153830586,350,48372,48,1,4,salaried,masters,12.0,0,1
24,26852.0,13638.042758854206,692,49134,36,4,4,salaried,phd,14.0,0,1
54,147282.0,123665.31028825106,599,42823,36,2,3,unemployed,phd,1.0,4,0
49,114986.0,63982.72990636782,495,76158,48,4,4,contract,masters,22.0,0,1
29,22551.0,16587.717128400713,716,6949,12,0,0,contract,masters,12.0,4,0
55,91947.0,47929.10904369172,719,54396,36,2,5,self_employed,bachelors,6.0,4,0
56,81001.0,43232.21299866676,821,36912,12,1,6,salaried,bachelors,22.0,2,0
53,,,655,61947,36,0,7,salaried,bachelors,16.0,1,0
45,142775.0,99298.81194513713,447,49387,60,3,1,salaried,bachelors,7.0,0,1
35,71707.0,43105.57570175951,664,68965,36,1,6,salaried,bachelors,17.0,0,1
53,53243.0,43610.16789097235,663,21508,60,4,5,salaried,bachelors,14.0,0,0
64,41800.0,18307.96837711907,701,50592,12,1,8,contract,phd,14.0,4,0
37,95939.0,34088.03837434446,791,6919,36,3,7,unemployed,bachelors,4.0,3,1
25,77828.0,40182.11517426594,528,47595,24,1,3,salaried,bachelors,1.0,1,0
58,27239.0,17410.95059397479,836,14617,24,0,8,self_employed,bachelors,15.0,0,0
42,26710.0,20658.56678275708,567,38298,48,1,0,self_employed,high_school,28.0,3,1
35,41384.0,20295.056577108273,704,11929,24,2,5,salaried,bachelors,4.0,3,0
52,41038.0,27067.955380955114,310,19456,60,3,7,self_employed,high_school,22.0,3,1
39,60846.0,29973.30392004633,619,42924,24,1,3,salaried,bachelors,5.0,1,0
28,107983.0,69051.97222676982,425,29240,24,3,1,contract,bachelors,28.0,3,1
31,87821.0,69083.89529389834,605,14228,24,0,1,self_employed,high_school,11.0,0,0
28,57991.0,24776.463567745966,810,26686,36,2,9,self_employed,bachelors,4.0,0,0
54,99057.0,51740.730388208336,388,16920,48,4,0,salaried,bachelors,19.0,2,1
44,133193.0,112720.68421943698,654,12432,12,1,4,salaried,bachelors,7.0,4,0
42,26971.0,20975.518384903913,651,68575,48,0,5,salaried,bachelors,10.0,3,1
40,49139.0,30001.910887438808,313,76725,60,3,3,self_employed,bachelors,13.0,4,1
40,105445.0,61595.188032690734,556,38910,36,3,3,contract,bachelors,23.0,4,0
57,97067.0,44314.01792004266,508,35226,36,0,4,salaried,bachelors,16.0,4,0
50,100257.0,58596.7260757486,580,78150,24,1,4,self_employed,high_school,9.0,4,1
39,104742.0,80284.72457106102,742,64099,24,4,8,salaried,masters,1.0,4,1
23,57711.0,39061.45848467569,688,23013,60,1,7,salaried,high_school,2.0,0,0
22,26530.0,12191.177437159091,782,26446,36,2,8,self_employed,masters,12.0,1,1
26,31116.0,12782.613252125951,446,75375,12,1,2,self_employed,bachelors,16.0,3,1
41,85794.0,38252.51567270828,578,67509,48,2,2,salaried,bachelors,26.0,3,1
32,20282.0,7978.28086745712,820,5557,36,3,0,salaried,masters,2.0,0,0
63,,,733,35666,12,2,9,salaried,masters,9.0,0,1
23,21898.0,11617.434171362665,443,42389,12,4,5,salaried,phd,27.0,4,1
24,24135.0,8744.467273683706,588,52700,48,0,3,contract,bachelors,7.0,1,1
44,26629.0,10506.522724843284,685,29578,12,2,7,self_employed,high_school,,3,1
33,129472.0,77816.37184194107,313,79779,60,1,1,salaried,masters,12.0,2,1
41,145147.0,56684.1999288197,556,14596,12,2,1,salaried,high_school,28.0,0,0
26,105120.0,35229.27263378508,645,62500,60,3,6,unemployed,masters,6.0,2,1
58,139798.0,66343.07955090907,644,77534,12,2,4,self_employed,bachelors,6.0,3,0
59,109087.0,45944.772231256014,699,15129,24,4,0,self_employed,phd,15.0,0,0
51,85031.0,49608.603492192415,506,68394,12,2,6,salaried,masters,26.0,3,1
30,,,471,71046,60,4,6,contract,high_school,4.0,0,1
55,149951.0,106986.12976111764,763,16596,12,1,9,salaried,bachelors,27.0,3,0
56,132507.0,105797.35672788556,569,70355,12,3,5,self_employed,high_school,16.0,2,1
43,37071.0,26279.236933551543,520,17974,12,0,3,unemployed,high_school,9.0,1,1
45,40074.0,23766.080883252907,451,71673,60,1,7,salaried,bachelors,3.0,0,1
38,110724.0,85630.32114486389,482,75202,12,1,1,salaried,high_school,22.0,2,1
31,87843.0,59926.94337933083,698,79442,48,0,1,salaried,masters,13.0,3,0
51,59901.0,18317.91253223885,371,26818,48,2,1,salaried,phd,4.0,2,1
44,31205.0,16125.170769530603,717,48246,60,2,2,salaried,bachelors,1.0,0,1
53,75661.0,58109.42941355985,582,60598,24,2,5,contract,bachelors,13.0,2,1
38,144661.0,70916.05853945823,373,7654,48,3,0,salaried,masters,23.0,3,1
38,25906.0,8273.556356943716,654,38758,36,1,1,self_employed,masters,17.0,4,1
35,22591.0,16048.619317993913,796,29204,48,4,9,contract,masters,26.0,1,1
30,145576.0,107889.43777908439,627,39928,36,0,1,unemployed,bachelors,23.0,1,0
61,82987.0,32226.053933807474,834,58609,60,1,0,salaried,masters,28.0,4,0
23,83370.0,49649.9424719988,746,35552,24,2,2,salaried,high_school,10.0,0,0
46,100685.0,40835.36835640656,672,15336,36,0,9,salaried,phd,15.0,2,0
60,130454.0,90741.05379609183,661,52037,36,4,6,salaried,phd,17.0,2,1
30,125487.0,56387.92858287143,392,21206,48,1,0,self_employed,masters,26.0,4,0
43,74400.0,35259.522815291464,620,39831,36,1,6,salaried,bachelors,15.0,4,0
64,45150.0,34527.73872301782,623,48563,60,3,4,salaried,masters,20.0,3,1
25,51852.0,29139.646633647826,683,23361,60,1,8,salaried,bachelors,3.0,3,0
47,62870.0,42020.10429145018,645,46335,60,1,1,self_employed,bachelors,0.0,1,0
50,139796.0,72876.37864933895,402,79469,48,4,0,salaried,masters,13.0,0,1
55,72756.0,33751.782796093874,514,30816,24,4,8,salaried,high_school,11.0,0,1
44,135357.0,87171.6586036955,491,20619,48,0,7,salaried,bachelors,23.0,4,1
58,139052.0,53558.89046494454,493,31819,60,2,9,self_employed,masters,9.0,1,1
32,76481.0,38634.37023319409,679,16741,48,4,5,self_employed,masters,27.0,1,0
27,21283.0,8831.814396676522,702,13798,60,0,4,salaried,masters,18.0,3,0
39,53691.0,36654.16016350856,310,30143,12,1,7,contract,high_school,28.0,2,1
42,21125.0,17308.026440533835,486,54695,12,0,7,salaried,masters,3.0,0,1
63,87065.0,73790.28933666578,314,37747,36,0,4,salaried,high_school,19.0,1,1
57,148734.0,81454.50911832077,596,26182,24,0,6,salaried,masters,20.0,3,1
62,46170.0,20263.630449233053,710,14415,12,0,0,salaried,bachelors,2.0,3,0
59,28438.0,15457.649899244174,351,16085,60,4,3,self_employed,masters,24.0,3,1
55,40095.0,30712.696845850478,327,20008,48,2,1,salaried,bachelors,3.0,2,0
38,36154.0,14942.561116303748,316,23452,48,0,9,self_employed,phd,29.0,1,1
58,28004.0,23065.567645888663,650,69075,36,3,2,salaried,bachelors,25.0,4,1
46,29752.0,14519.754694305424,727,13120,48,1,0,unemployed,bachelors,14.0,4,0
59,75426.0,63523.17474973428,528,69385,12,1,1,self_employed,bachelors,10.0,3,1
33,128896.0,98120.13214216768,509,78356,48,1,0,self_employed,masters,15.0,3,0
44,46819.0,34866.75511103567,730,23170,12,1,7,self_employed,bachelors,26.0,2,1
63,122168.0,58011.17800204398,593,21259,12,1,3,unemployed,high_school,3.0,3,1
43,112051.0,34156.22245678759,403,27099,24,0,2,unemployed,bachelors,5.0,1,1
42,147905.0,75457.15233394924,503,14649,36,2,0,salaried,masters,,3,0
48,44217.0,20604.907694106427,352,64258,60,3,1,salaried,bachelors,12.0,3,1
52,145949.0,46786.629344245455,674,46037,12,4,2,salaried,bachelors,22.0,1,0
27,108708.0,62827.88546733564,353,16805,36,3,2,salaried,bachelors,19.0,0,0
48,52994.0,27645.232720564538,575,48147,60,4,5,salaried,masters,,4,1
61,35036.0,22738.576222085634,634,79280,48,4,9,salaried,bachelors,4.0,3,1
55,97275.0,62416.744720286195,330,51053,36,3,7,contract,phd,9.0,1,1
33,117756.0,43147.05247115721,434,15985,36,0,5,salaried,phd,4.0,4,1
28,69416.0,58124.172192459104,357,17391,36,1,1,contract,bachelors,11.0,2,0
31,29587.0,11918.00711158625,404,9861,48,0,1,salaried,bachelors,0.0,0,1
38,,,565,68582,48,1,6,self_employed,masters,28.0,3,1
47,115665.0,65751.46361369462,821,56928,36,2,0,salaried,phd,23.0,0,0
42,20645.0,15425.62479666703,795,39364,24,4,0,self_employed,masters,9.0,3,0
49,50930.0,18058.569831005196,552,47923,12,3,6,salaried,bachelors,28.0,3,1
23,101835.0,54558.54459526046,594,12919,48,2,8,salaried,high_school,4.0,3,1
64,142232.0,91835.81637236968,457,60896,24,1,4,contract,bachelors,18.0,0,0
22,50090.0,20954.42979793192,848,52396,48,0,0,salaried,bachelors,18.0,2,0
57,107489.0,69341.94333375651,366,39840,36,3,4,salaried,bachelors,19.0,1,1
47,72142.0,58291.86579077887,598,47255,24,4,0,salaried,bachelors,11.0,1,1
50,131979.0,112001.99498872117,762,76160,60,2,9,contract,high_school,22.0,2,0
42,46475.0,14771.99008661566,400,13176,12,4,8,salaried,bachelors,15.0,2,1
32,38888.0,16705.25526098846,355,38529,12,1,3,self_employed,high_school,4.0,3,1
61,63732.0,29996.671207000054,631,61406,48,4,8,salaried,high_school,16.0,3,1
32,101623.0,52795.11543803533,692,17941,12,0,1,salaried,masters,13.0,1,0
57,66305.0,28726.073458511903,680,6669,60,2,6,contract,bachelors,11.0,3,0
60,66037.0,27201.855183047046,391,49859,24,2,1,salaried,bachelors,12.0,3,1
61,29346.0,24210.585382771173,746,60786,24,0,3,self_employed,high_school,20.0,2,1
56,20587.0,16576.38232993016,408,56083,36,4,5,salaried,bachelors,13.0,0,1
55,32763.0,10675.688420700826,616,45076,24,0,1,salaried,bachelors,4.0,4,0
45,79165.0,38501.67307044129,467,25323,48,3,1,salaried,high_school,21.0,4,1
43,127481.0,66651.10852431232,734,11021,60,0,1,self_employed,high_school,29.0,3,0
26,89615.0,38665.10813824868,741,44807,36,4,2,self_employed,masters,22.0,3,0
54,56116.0,36244.20731806365,517,55355,48,0,4,self_employed,high_school,4.0,4,1
57,140987.0,91953.04817992239,521,49732,48,1,8,salaried,high_school,28.0,2,1
41,105751.0,81193.21995748761,827,13711,48,0,5,salaried,masters,26.0,4,0
40,111353.0,78779.80860337453,577,68079,12,0,8,salaried,bachelors,29.0,4,1
56,110301.0,66005.80929571952,765,12904,48,4,9,self_employed,masters,17.0,4,1
64,115648.0,76266.7015301534,329,69033,12,3,4,contract,high_school,13.0,3,1
38,45556.0,20531.80811258555,658,60096,24,3,5,salaried,bachelors,17.0,3,1
64,79042.0,49494.59105206994,587,8093,12,4,9,salaried,bachelors,28.0,4,1
55,38099.0,21681.188048294447,385,29918,48,4,7,salaried,phd,19.0,3,1
30,129089.0,48194.01716777162,533,77743,60,4,2,unemployed,high_school,0.0,4,1
47,65096.0,28212.564225644786,612,67636,60,1,1,contract,bachelors,6.0,2,0
23,91986.0,42353.2425669417,664,63806,24,2,2,salaried,high_school,28.0,3,0
30,33230.0,26862.143802236074,568,14394,48,0,8,salaried,high_school,16.0,0,1
30,49009.0,20912.76034531468,430,18280,12,4,5,salaried,phd,2.0,3,1
61,90969.0,41762.42572758132,650,41303,60,4,9,self_employed,high_school,9.0,2,0
38,53866.0,27102.39626426855,479,32453,36,4,3,self_employed,masters,6.0,2,1
22,125400.0,83398.33668299294,779,65695,48,3,9,salaried,high_school,26.0,3,0
46,104246.0,38053.03370390792,462,73449,48,4,2,contract,masters,27.0,1,1
64,96975.0,79972.36033987117,395,30765,36,0,1,salaried,bachelors,11.0,4,0
61,61855.0,48003.44930042892,809,7340,60,4,3,salaried,masters,21.0,4,0
63,,,664,43057,36,0,8,self_employed,high_school,14.0,2,0
46,26416.0,17717.76136824371,652,5597,24,1,3,salaried,masters,22.0,3,0
60,92516.0,28602.54808669644,735,62988,12,2,4,contract,bachelors,20.0,1,0
56,75915.0,36926.54594131762,382,20025,12,3,7,salaried,bachelors,15.0,0,0
24,38058.0,28072.080382182237,524,12145,60,0,1,salaried,masters,7.0,4,1
58,96637.0,33109.34717610614,711,60797,36,1,2,self_employed,bachelors,5.0,1,0
51,60718.0,27643.242262083582,417,46723,48,2,5,salaried,masters,27.0,4,1
59,52602.0,32713.881070222793,781,78230,48,2,6,salaried,bachelors,3.0,3,1
55,94658.0,41746.74940675954,491,9830,48,2,3,unemployed,bachelors,29.0,4,1
33,98112.0,79832.54584959689,406,28930,24,0,0,salaried,masters,10.0,0,0
40,78067.0,29047.344772049193,681,28752,24,1,6,salaried,bachelors,16.0,3,0
58,47516.0,35093.74467069031,689,67040,48,4,8,contract,bachelors,1.0,2,1
38,149295.0,86497.30997699198,543,72696,60,1,0,salaried,phd,27.0,1,0
31,107969.0,76947.55494397767,767,69648,24,1,0,salaried,bachelors,5.0,4,0
33,21089.0,9930.671557318063,837,60030,24,1,0,self_employed,bachelors,3.0,3,0
37,57346.0,33430.956403802404,509,61815,12,0,9,salaried,bachelors,2.0,3,1
45,94663.0,73009.73259096478,372,40690,12,0,6,unemployed,masters,6.0,4,1
40,30487.0,16974.641934381347,608,62923,60,0,8,salaried,phd,6.0,2,1
29,20155.0,10034.084599240818,485,41572,24,1,2,self_employed,phd,15.0,4,1
52,143950.0,85633.76231809476,552,59030,24,0,7,salaried,bachelors,1.0,2,1
42,87494.0,60768.91519279013,312,72904,36,2,8,salaried,bachelors,7.0,4,1
38,96229.0,52344.71144568648,598,34203,60,0,2,self_employed,high_school,14.0,3,0
44,124648.0,101760.42545864372,375,10608,60,3,2,salaried,high_school,26.0,0,1
58,58547.0,27061.60623811385,350,50667,36,0,0,self_employed,high_school,15.0,0,1
37,,,448,60547,36,0,1,salaried,high_school,0.0,3,1
27,75296.0,53935.29377077525,421,27485,12,0,6,self_employed,masters,26.0,0,1
29,41447.0,28143.20101077773,510,14862,60,0,2,salaried,masters,9.0,2,0
46,56598.0,43863.59595658841,579,76880,60,3,6,self_employed,bachelors,6.0,3,1
39,61814.0,52433.41948204213,837,62560,36,4,4,self_employed,phd,15.0,2,0
46,110751.0,59226.542724811734,455,33415,48,0,9,salaried,phd,9.0,3,1
33,145118.0,52406.89635481705,537,69523,48,2,7,salaried,bachelors,11.0,2,1
36,95330.0,30193.75025458297,675,24323,12,3,4,salaried,bachelors,16.0,2,0
47,141347.0,98912.12852867607,381,58214,48,4,2,salaried,high_school,12.0,0,0
62,118745.0,92705.1143697544,791,22997,48,0,8,self_employed,bachelors,11.0,3,0
47,107960.0,45493.47192820769,655,62003,48,4,6,salaried,high_school,14.0,4,0
53,83278.0,32240.77960260554,572,8679,24,2,4,contract,bachelors,13.0,0,0
31,75077.0,25091.694411060864,343,45308,12,3,6,salaried,phd,,2,1
37,132782.0,99916.67664329977,422,44842,36,3,9,contract,bachelors,18.0,2,1
28,142046.0,66940.60746869011,648,70408,48,4,8,salaried,high_school,25.0,4,0
38,122932.0,64039.37133140967,629,74532,24,0,4,contract,bachelors,13.0,4,1
44,91906.0,52984.96751054017,708,58938,48,1,6,salaried,bachelors,17.0,2,1
47,29528.0,22491.45630485679,622,10695,24,3,8,salaried,high_school,29.0,4,1
42,113812.0,74883.54683679565,410,63499,12,1,0,contract,high_school,25.0,1,1
43,70100.0,44743.81680416792,388,28382,48,3,3,salaried,phd,28.0,0,1
28,129869.0,51508.5979720458,732,19235,24,0,0,salaried,bachelors,4.0,3,0
35,28179.0,16407.347877170214,398,67223,60,0,7,self_employed,masters,19.0,4,1
36,68781.0,47696.8419584108,838,7366,60,3,2,self_employed,bachelors,28.0,4,0
28,75267.0,62870.03478568081,445,32467,24,4,1,salaried,bachelors,5.0,1,0
30,102379.0,42054.577092024585,556,64316,48,0,3,salaried,bachelors,17.0,3,0
29,43952.0,13416.297199705908,488,11764,48,0,2,self_employed,masters,13.0,1,1
44,73798.0,25195.802358184927,539,66836,12,2,4,salaried,masters,3.0,3,1
50,118696.0,60145.50131398212,802,36923,12,0,7,contract,bachelors,27.0,0,0
39,130434.0,97995.00632125504,570,21292,36,2,9,self_employed,high_school,22.0,4,1
52,70939.0,21560.358676206644,819,6614,12,0,7,self_employed,high_school,0.0,0,0
51,49516.0,27293.3096205344,849,25939,48,0,6,salaried,masters,12.0,3,1
60,76526.0,36814.88613828856,413,23800,36,4,7,contract,bachelors,10.0,4,1
56,30449.0,10013.608574954633,638,61440,12,4,4,salaried,high_school,2.0,1,1
39,70290.0,38492.90972462005,658,28246,24,0,9,contract,bachelors,16.0,2,1
63,146688.0,64559.11810999473,633,57805,60,3,9,salaried,bachelors,17.0,1,1
60,106661.0,52641.11357395733,468,54648,12,3,5,self_employed,masters,24.0,2,1
38,92954.0,63960.57077250555,638,61851,12,0,7,self_employed,bachelors,9.0,1,0
35,42746.0,25085.620097042014,560,36688,24,3,0,salaried,high_school,15.0,3,1
52,87990.0,32429.250002392706,498,34764,48,0,5,salaried,high_school,20.0,0,1
45,78810.0,65315.99396193286,510,37470,24,4,5,salaried,bachelors,12.0,2,1
56,138362.0,89900.83695082195,586,43501,12,1,4,salaried,high_school,19.0,3,0
55,103297.0,74500.65092111439,771,62207,48,2,3,salaried,masters,11.0,0,0
24,35223.0,12101.468630509666,781,67157,36,3,0,salaried,bachelors,3.0,0,0
58,92237.0,30058.388060439567,322,8216,12,3,9,self_employed,bachelors,7.0,4,1
64,22597.0,7020.807176792142,408,27072,24,4,7,self_employed,bachelors,11.0,4,1
61,85677.0,34599.51825464997,595,42132,36,3,5,salaried,masters,18.0,4,1
47,22659.0,11962.243936146859,305,22861,60,0,2,self_employed,bachelors,14.0,2,1
44,,,849,69186,36,0,2,contract,masters,27.0,2,0
60,94567.0,52142.61843878267,502,9960,24,1,5,salaried,bachelors,15.0,0,1
36,35037.0,16104.417469815522,624,23781,36,1,6,salaried,masters,11.0,2,1
25,146498.0,89226.71492356801,543,36126,24,1,7,salaried,bachelors,19.0,0,1
50,66738.0,24130.05943155776,626,27578,12,0,4,self_employed,high_school,17.0,3,0
43,123965.0,78746.068778138,346,22883,48,1,9,self_employed,high_school,21.0,1,1
46,91678.0,56165.38759001154,312,34782,60,1,5,self_employed,phd,11.0,0,1
34,32109.0,23619.257370293162,679,61387,48,0,0,salaried,phd,15.0,0,0
39,42010.0,35400.91061021715,664,21979,48,4,5,contract,masters,24.0,3,1
54,28787.0,12608.142046660421,641,38746,48,3,8,salaried,masters,27.0,4,1
37,128400.0,74511.93855576158,520,71266,24,2,9,salaried,bachelors,19.0,4,1
63,28472.0,22774.06871679307,372,5056,24,0,3,salaried,bachelors,10.0,4,1
23,135111.0,98881.58476083999,345,36457,60,0,9,salaried,phd,21.0,0,0
56,43383.0,24644.73120608228,803,7243,24,2,0,self_employed,masters,19.0,0,0
63,81709.0,66997.65466510563,573,60031,24,2,8,self_employed,bachelors,13.0,2,1
55,89785.0,29761.948090073703,507,6701,24,1,3,unemployed,bachelors,1.0,2,1
51,133253.0,108207.99748990854,423,61381,24,2,1,salaried,bachelors,12.0,1,0
34,54518.0,17869.859109859215,309,55438,12,3,0,unemployed,bachelors,13.0,1,1
34,73909.0,44420.61048302471,628,78839,60,3,2,self_employed,bachelors,5.0,2,0
39,38351.0,30287.415438234304,486,71483,24,3,6,salaried,bachelors,11.0,0,1
53,89624.0,39837.55601515601,842,25505,60,3,9,contract,high_school,6.0,3,0
53,73330.0,41045.49033520666,359,11553,36,3,1,self_employed,masters,3.0,2,1
56,142477.0,68158.27314203867,741,38525,12,1,8,salaried,masters,27.0,0,0
60,35282.0,29061.047925258306,516,49348,24,0,1,contract,masters,26.0,2,1
50,104866.0,78964.6304166577,301,76187,12,2,4,self_employed,masters,6.0,4,1
50,127945.0,88275.75910165951,835,12273,12,0,7,self_employed,bachelors,12.0,2,0
37,41778.0,26035.83413574331,655,69236,36,2,9,contract,masters,10.0,4,0
31,44264.0,33256.67122945425,464,8535,60,1,7,salaried,bachelors,7.0,0,1
51,79675.0,41092.13209336373,390,23677,12,1,2,self_employed,phd,26.0,4,0
46,25075.0,13694.799521731476,466,5908,48,4,1,self_employed,high_school,18.0,2,1
60,95948.0,67307.61282384658,506,75153,36,4,8,salaried,phd,1.0,4,1
41,68454.0,34005.559511579355,581,40079,48,1,2,salaried,bachelors,20.0,3,1
26,48365.0,16209.312984193279,364,54323,36,1,7,self_employed,high_school,17.0,4,1
22,92766.0,31622.448380358917,815,50320,48,2,1,salaried,bachelors,25.0,4,0
51,68200.0,24787.25867697695,456,51105,48,1,2,self_employed,bachelors,20.0,1,1
24,31002.0,24129.623212465132,605,35164,12,0,0,contract,bachelors,9.0,3,1
35,33947.0,19000.968761330227,694,6885,12,2,5,salaried,bachelors,28.0,0,1
51,99222.0,68670.08794811789,373,62819,36,1,6,salaried,masters,5.0,4,1
25,114840.0,59268.93945547627,486,6049,60,2,3,salaried,bachelors,23.0,3,0
39,136219.0,60248.44060030567,636,58281,12,2,0,self_employed,bachelors,21.0,0,0
58,98610.0,48413.140803820344,539,48271,12,3,2,contract,bachelors,3.0,3,0
46,,,832,71697,24,4,8,salaried,bachelors,18.0,1,1
22,76307.0,49131.70176902568,440,71351,12,2,4,salaried,bachelors,13.0,0,1
36,24493.0,19978.986121779893,564,41534,60,2,5,self_employed,bachelors,13.0,0,1
30,144023.0,97048.11672873424,438,63097,24,3,3,self_employed,phd,17.0,4,1
36,70085.0,43004.14881384025,758,58813,48,1,0,salaried,bachelors,28.0,2,0
45,54228.0,34467.74004640611,369,30037,48,2,4,self_employed,masters,16.0,0,1
25,99676.0,81565.29858024952,684,41007,24,3,4,salaried,masters,17.0,0,0
33,71875.0,52721.068008793234,497,32278,24,0,4,self_employed,masters,17.0,1,0
58,51655.0,16179.51756388984,504,13272,24,3,5,salaried,high_school,4.0,1,0
58,63472.0,37688.20313621874,730,62183,36,4,1,salaried,bachelors,8.0,1,0
64,69437.0,47118.984855407354,624,43294,60,4,0,contract,bachelors,0.0,4,1
27,69416.0,49409.20946863282,741,78277,60,1,1,salaried,masters,3.0,0,0
60,79711.0,33257.67430994826,587,67509,48,1,9,salaried,high_school,25.0,1,1
45,26816.0,20834.625365332104,525,9694,48,4,5,contract,phd,6.0,1,1
32,97175.0,80238.7318047106,363,63150,48,4,4,self_employed,high_school,10.0,3,1
34,84307.0,36268.31650942489,797,72470,12,2,4,salaried,high_school,13.0,3,0
55,132728.0,104249.68144494195,359,26556,48,4,5,self_employed,high_school,9.0,1,1
46,66733.0,23579.326067442627,696,69471,24,1,9,contract,bachelors,18.0,4,1
28,148202.0,49001.32548927337,556,54855,48,4,6,self_employed,phd,7.0,2,1
25,115028.0,42683.79540302048,538,54086,24,1,8,salaried,bachelors,2.0,3,1
29,136450.0,45268.323661302384,337,23907,36,0,6,self_employed,bachelors,7.0,3,1
41,31240.0,23891.000258810545,324,76695,12,4,1,self_employed,high_school,28.0,0,1
50,118234.0,39310.15412893363,709,53487,12,1,5,contract,bachelors,17.0,0,0
31,112493.0,50556.07593348943,760,34158,60,3,8,salaried,high_school,4.0,1,0
64,145149.0,51827.77122933731,716,25293,36,2,6,self_employed,bachelors,19.0,0,0
55,118344.0,54731.98400603391,656,50761,24,1,1,salaried,bachelors,10.0,0,0
47,91363.0,31959.48155113259,682,38387,36,4,2,self_employed,bachelors,8.0,2,0
62,52762.0,35213.453133636605,457,45750,12,4,7,unemployed,high_school,18.0,4,1
24,28259.0,10549.925376663656,732,73602,24,0,8,salaried,high_school,11.0,1,1
27,70139.0,53902.891765827575,347,26256,36,3,3,salaried,bachelors,26.0,2,0
26,148775.0,111500.17921452082,627,10594,12,1,8,self_employed,masters,4.0,1,0
26,34849.0,10716.552842330897,732,7460,24,3,1,self_employed,phd,15.0,4,0
44,101768.0,80666.3538614342,730,77356,24,0,4,salaried,masters,25.0,1,1
30,126108.0,39839.96044272989,355,59698,12,2,1,self_employed,phd,24.0,0,0
56,109709.0,47372.91468204972,567,21191,24,3,0,contract,bachelors,12.0,4,0
41,74869.0,23794.418295883035,368,15529,12,0,4,self_employed,bachelors,5.0,2,1
63,146888.0,71198.65796832707,748,37175,48,1,1,self_employed,high_school,15.0,2,0
56,83095.0,48413.35642477938,556,22675,48,2,6,salaried,bachelors,17.0,3,1
39,137886.0,101781.19592496172,789,48158,24,4,7,contract,bachelors,16.0,2,0
38,90910.0,44172.24651426704,348,51798,24,0,1,salaried,masters,11.0,3,0
45,106710.0,73418.56229307757,615,75910,12,4,6,salaried,bachelors,26.0,0,1
24,43567.0,17563.053675816438,712,30976,24,2,3,salaried,bachelors,0.0,2,0
53,55292.0,39413.74942866293,733,68116,60,0,0,self_employed,bachelors,6.0,4,0
56,94813.0,40750.4504078399,301,67821,48,0,2,contract,bachelors,13.0,3,0
59,117136.0,44388.64219272606,444,17204,24,2,0,salaried,bachelors,27.0,2,1
34,71631.0,28793.861748629137,665,60665,24,1,4,contract,masters,17.0,0,1
46,29885.0,11958.026133648837,719,12394,36,0,7,contract,high_school,,4,1
30,79659.0,46367.47925956045,743,69814,24,2,0,self_employed,phd,0.0,4,0
25,74306.0,56817.240987271514,733,38593,60,3,8,self_employed,phd,,0,1
35,86314.0,29673.26793854212,356,46964,48,4,2,salaried,bachelors,9.0,2,1
58,85087.0,58610.135749407425,477,58365,36,0,4,salaried,bachelors,14.0,1,1
55,49165.0,32443.519028858012,592,5443,12,3,8,contract,masters,28.0,2,1
32,78929.0,61555.62000286687,345,33180,12,0,4,salaried,bachelors,10.0,3,1
62,87028.0,37794.62064268732,469,53791,48,1,8,salaried,high_school,3.0,3,1
24,115998.0,63515.913863260335,570,48665,12,2,9,self_employed,phd,14.0,2,1
49,69812.0,56492.22336555796,716,8465,60,0,7,contract,bachelors,20.0,3,0
50,70500.0,46741.246028996924,438,73247,24,2,6,self_employed,bachelors,29.0,1,1
30,99151.0,50946.0272970021,546,56559,48,0,0,salaried,bachelors,15.0,1,0
24,78643.0,29276.96521368778,447,30198,36,1,3,salaried,bachelors,29.0,4,0
46,64900.0,28839.402357011597,529,59740,24,1,8,self_employed,bachelors,25.0,3,1
55,,,673,27488,12,3,9,salaried,bachelors,14.0,2,1
33,27851.0,19356.232529129327,379,43515,12,1,7,salaried,bachelors,16.0,4,1
63,36288.0,13369.66178654483,364,32898,36,2,3,salaried,bachelors,22.0,1,1
30,92692.0,58375.4280754019,387,6919,60,1,0,self_employed,phd,10.0,4,0
36,87580.0,52783.870750383794,387,55070,36,0,9,salaried,masters,17.0,0,1
61,27368.0,15946.662965767213,503,67613,48,1,3,salaried,high_school,27.0,3,1
46,105436.0,71650.90156975611,681,52003,36,2,2,salaried,high_school,15.0,2,0
26,116136.0,88332.7253960371,775,53478,12,0,5,salaried,bachelors,26.0,1,0
32,66403.0,31717.016162596476,838,19434,60,3,4,salaried,bachelors,14.0,4,0
55,111170.0,87708.31684604945,513,51246,60,3,4,salaried,masters,28.0,2,1
45,29168.0,11327.348667071838,373,41649,36,3,1,self_employed,bachelors,10.0,3,1
36,106497.0,42083.68768128936,360,64030,48,0,2,salaried,bachelors,12.0,2,0
59,69879.0,31216.6707686869,842,58061,12,3,5,salaried,bachelors,17.0,3,1
29,79871.0,29212.177544877057,518,6999,24,1,1,salaried,masters,7.0,3,1
26,129632.0,55310.80795374993,311,19849,60,0,3,salaried,phd,8.0,3,0
47,131623.0,47190.329507708615,714,57800,36,0,1,salaried,bachelors,21.0,4,0
39,109388.0,82255.81936405883,331,10445,48,0,8,salaried,bachelors,10.0,3,0
27,118646.0,44662.26325625925,459,23040,48,4,2,salaried,high_school,16.0,2,1
58,52174.0,37096.426522470385,536,69315,12,2,9,unemployed,bachelors,0.0,0,1
34,119751.0,39081.0534780693,480,5246,60,4,9,salaried,high_school,29.0,2,1
49,112491.0,92432.30008930231,640,36153,12,4,5,contract,phd,10.0,4,1
26,26581.0,18371.14045761655,757,10212,24,4,0,salaried,bachelors,6.0,3,0
34,130155.0,39533.03262967396,379,8339,24,2,9,salaried,masters,7.0,0,1
38,91853.0,66145.28111208964,772,61238,24,4,2,self_employed,phd,18.0,4,0
61,84046.0,48977.391011993146,411,24394,48,3,7,salaried,high_school,24.0,1,1
53,69678.0,50770.933486235765,591,58871,60,0,4,salaried,bachelors,3.0,1,0
50,128392.0,75414.02565789424,682,39607,12,0,7,unemployed,masters,3.0,1,1
24,131250.0,85648.98191055216,316,57055,12,1,1,salaried,bachelors,18.0,0,0
61,46649.0,34169.571965887786,792,9395,24,3,6,salaried,bachelors,23.0,2,1
55,147795.0,77268.61971029677,630,20290,60,2,8,salaried,bachelors,8.0,0,1
61,108668.0,32762.259073578884,785,70078,60,0,6,contract,bachelors,16.0,0,1
48,102325.0,78531.42635867528,705,8691,36,4,2,contract,bachelors,17.0,0,0
34,34567.0,17611.530440665694,416,12470,60,1,6,salaried,bachelors,0.0,1,1
54,100404.0,57513.770624632954,414,8841,60,1,7,salaried,high_school,13.0,2,1
27,109906.0,33441.28031491575,848,68197,12,0,0,contract,high_school,3.0,0,0
45,128069.0,73082.65242043968,846,60773,60,3,2,salaried,high_school,,2,0
40,116019.0,97753.90501362276,635,22776,60,1,4,salaried,high_school,22.0,3,0
37,81944.0,37124.50085897329,635,76596,12,0,5,self_employed,bachelors,13.0,0,0
61,138428.0,71633.72817221156,446,32584,60,3,2,salaried,high_school,6.0,0,1
49,98002.0,66440.89671865778,421,9300,12,0,3,self_employed,high_school,11.0,0,0
54,48803.0,36511.30644588642,380,8338,36,0,4,contract,masters,21.0,3,1
62,38230.0,20245.284982164267,674,67601,48,3,2,self_employed,masters,28.0,3,1
34,37862.0,17807.175524123555,362,10487,12,3,3,salaried,masters,26.0,1,1
64,63355.0,51685.27445692966,803,41282,12,3,4,salaried,phd,15.0,4,1
46,51259.0,34468.0756156427,748,33804,60,0,1,salaried,high_school,4.0,2,0
63,119075.0,43517.354007886424,727,14915,12,1,9,salaried,high_school,10.0,4,0
57,107445.0,36306.77572639752,726,16158,24,2,8,salaried,bachelors,3.0,0,0
48,50795.0,28747.55306899324,720,79157,24,2,9,salaried,phd,,0,1
59,134604.0,56674.95178762488,621,15547,36,0,7,salaried,masters,12.0,1,0
28,28770.0,12649.927745049146,465,7459,12,0,5,salaried,bachelors,29.0,4,1
26,31093.0,24337.44560396186,760,33768,60,1,9,salaried,high_school,7.0,0,1
64,66571.0,23250.674892618616,758,68146,60,3,2,self_employed,bachelors,6.0,4,0
52,20193.0,14002.841168349334,488,55870,48,0,1,self_employed,bachelors,,1,1
44,120311.0,54035.06760555956,763,55460,36,4,6,salaried,bachelors,10.0,4,1
63,37569.0,26981.324022462628,678,65817,60,3,7,self_employed,phd,25.0,2,1
31,137082.0,95590.8785727674,301,43247,48,0,9,self_employed,bachelors,16.0,1,0
53,31190.0,9483.804373326126,663,20419,60,4,0,salaried,phd,21.0,4,1
64,82824.0,48039.94729190019,371,40577,48,1,5,salaried,bachelors,13.0,0,1
51,62752.0,23634.01688700294,726,7921,24,4,6,salaried,bachelors,1.0,3,1
60,52327.0,40627.98400599974,469,9676,24,0,8,salaried,masters,19.0,3,0
52,62070.0,48375.634662098266,504,54684,60,2,2,salaried,bachelors,20.0,1,1
39,105925.0,56149.80381232699,636,18463,36,0,1,unemployed,bachelors,,3,0
57,60197.0,32772.30567414483,771,30474,12,2,4,salaried,masters,21.0,2,0
23,22261.0,10391.559832746298,494,45935,36,1,9,self_employed,masters,26.0,1,1
35,138424.0,96084.73067998383,574,72005,36,1,0,salaried,high_school,1.0,0,1
34,113905.0,56640.82740554086,306,63596,12,3,5,salaried,bachelors,20.0,0,1
50,46512.0,20804.159966248208,477,77828,24,3,8,salaried,bachelors,14.0,1,1
33,26716.0,14365.916742147345,541,60152,24,2,9,self_employed,phd,4.0,3,1
60,106795.0,37412.22523940376,502,77467,12,2,8,salaried,phd,5.0,3,1
23,,,842,57576,48,1,6,salaried,high_school,16.0,0,1
53,127225.0,39048.917433491704,761,71627,36,4,6,unemployed,high_school,7.0,2,1
34,24378.0,15954.591256361973,379,30772,60,2,7,salaried,phd,18.0,3,1
48,60583.0,24268.06489341474,822,21363,24,2,9,salaried,bachelors,4.0,2,0
62,132082.0,56507.61517765067,716,33490,60,4,1,salaried,bachelors,22.0,3,0
38,105371.0,68448.74863078482,683,64004,12,3,5,self_employed,high_school,18.0,1,1
61,49033.0,41487.74832675331,690,58806,60,3,4,salaried,bachelors,13.0,4,0
52,44000.0,32020.763235555725,425,5260,60,2,4,salaried,bachelors,9.0,0,0
55,131032.0,55585.32027922253,793,27320,36,3,2,salaried,bachelors,12.0,1,0
45,95868.0,38041.72766895588,346,47145,12,3,2,salaried,bachelors,21.0,3,1
56,62604.0,48607.50343563048,775,68688,60,3,5,self_employed,phd,4.0,0,1
27,88336.0,48081.3882729767,763,53581,24,1,9,self_employed,high_school,6.0,4,0
40,115074.0,43196.36782795594,422,25754,12,0,9,salaried,high_school,9.0,4,1
51,115655.0,89541.98419036432,773,74837,24,2,6,salaried,masters,10.0,3,0
28,93869.0,70293.87519163983,433,12207,48,2,0,salaried,masters,2.0,0,1
31,25410.0,21373.58338864481,322,32920,60,1,2,self_employed,bachelors,12.0,3,1
62,103375.0,82737.11448765802,534,29016,12,0,0,salaried,bachelors,29.0,4,0
53,76044.0,58438.64948220622,358,65522,24,0,9,salaried,bachelors,1.0,1,1
55,83315.0,27403.62977449305,463,79092,60,1,2,unemployed,bachelors,3.0,1,1
49,116055.0,41481.359138907246,515,59068,36,4,4,salaried,high_school,2.0,2,1
36,91344.0,55988.46049528369,482,25102,24,4,8,unemployed,bachelors,14.0,4,1
51,26796.0,15871.63483585222,389,6924,24,0,2,salaried,high_school,3.0,4,0
58,106716.0,58894.4013186059,610,59333,48,4,9,salaried,masters,22.0,3,1
50,74245.0,38476.2929059732,556,51099,36,4,9,salaried,bachelors,20.0,2,1
43,63056.0,33871.52458348282,832,62346,48,4,8,salaried,bachelors,3.0,2,1
25,37709.0,23119.910689058946,832,55062,36,0,0,salaried,high_school,29.0,0,0
41,139664.0,42058.70811475376,351,5306,24,4,5,salaried,high_school,14.0,3,1
53,78557.0,34831.37454325496,637,74767,48,2,8,unemployed,bachelors,5.0,1,0
57,37543.0,21964.676554598955,470,17207,60,0,4,salaried,masters,22.0,0,1
25,57418.0,40032.91217450388,366,44426,36,1,9,self_employed,masters,27.0,2,1
48,114611.0,45361.44996967082,599,11336,24,4,1,self_employed,masters,29.0,1,0
38,123291.0,74071.33973858452,531,22256,12,3,4,self_employed,high_school,26.0,4,1
33,133504.0,92511.97410061808,367,54817,36,0,0,self_employed,bachelors,4.0,3,0
43,123001.0,66979.6056030875,805,38719,36,1,8,salaried,high_school,11.0,2,0
38,116038.0,36539.74232384296,327,47017,60,2,9,salaried,high_school,6.0,4,0
31,36724.0,20091.608118320622,350,50704,36,1,9,salaried,masters,2.0,2,1
22,23828.0,11033.428831842224,559,35013,36,4,8,salaried,masters,6.0,1,1
43,136656.0,110870.00823451798,483,75258,60,3,5,salaried,masters,11.0,0,1
47,37087.0,13667.945149058669,322,41776,60,4,8,salaried,masters,14.0,1,1
39,32605.0,21482.188191122314,428,15060,48,1,2,contract,phd,18.0,3,0
35,,,590,11655,24,0,3,contract,high_school,29.0,3,0
50,25482.0,13897.723302988723,800,54923,24,3,5,salaried,phd,5.0,2,1
33,85333.0,51599.902370623124,485,9030,48,3,3,salaried,bachelors,7.0,1,1
57,112541.0,52204.98025893224,778,38289,24,1,0,salaried,masters,28.0,0,0
56,108296.0,59594.379063373555,791,24739,36,4,6,salaried,bachelors,5.0,3,0
33,,,812,66687,48,1,4,salaried,bachelors,25.0,0,1
28,25463.0,11898.048068452534,366,41491,48,3,7,contract,masters,26.0,4,1
50,132164.0,84797.54297898764,766,77115,24,1,8,salaried,bachelors,2.0,2,1
32,90448.0,42147.866298891364,584,9781,12,3,4,salaried,phd,27.0,0,1
54,24648.0,19591.677068142028,716,25448,24,4,7,salaried,high_school,4.0,2,1
27,53623.0,34620.28645927054,399,56550,12,0,0,unemployed,bachelors,8.0,4,1
36,79156.0,42843.73593682533,488,54294,48,0,0,contract,high_school,23.0,0,1
53,55634.0,17876.111843941762,687,26446,12,1,6,self_employed,bachelors,15.0,0,0
32,64602.0,37130.101852990694,540,22101,36,3,5,salaried,bachelors,21.0,4,1
44,134598.0,96994.94395065402,716,71178,60,0,4,salaried,high_school,15.0,1,1
47,69334.0,30926.893775325978,475,33016,12,3,4,salaried,bachelors,8.0,0,1
55,88648.0,65929.77487122316,686,23932,60,4,8,salaried,bachelors,17.0,0,0
55,42054.0,18440.414956727072,770,49653,36,1,0,self_employed,high_school,12.0,3,0
50,90028.0,67796.53189793906,532,57802,60,3,7,salaried,bachelors,10.0,1,1
25,42207.0,14641.506491922237,751,12549,36,1,1,salaried,phd,24.0,0,0
38,100650.0,78144.7646637173,576,30362,60,3,6,self_employed,high_school,9.0,4,0
56,119821.0,68843.46085550543,528,52842,60,3,5,salaried,bachelors,28.0,2,0
34,101554.0,47029.21810696284,470,51539,24,4,9,self_employed,high_school,9.0,4,1
62,41386.0,18450.38733992474,512,38717,12,1,1,salaried,high_school,5.0,1,1
60,103276.0,55521.77736625068,581,59596,60,2,2,salaried,bachelors,15.0,3,1
36,79518.0,67548.7298946131,340,28016,48,3,3,salaried,bachelors,24.0,3,1
50,72781.0,30653.906411979384,421,60200,24,3,6,contract,bachelors,11.0,3,1
50,72780.0,25965.659237977477,526,65287,12,0,7,salaried,high_school,3.0,4,1
32,81440.0,50636.89527724631,593,47607,24,1,1,salaried,bachelors,4.0,2,0
53,64199.0,36509.86579164894,566,32621,12,2,7,salaried,masters,1.0,2,1
23,81035.0,47673.53465408832,840,17823,36,4,8,self_employed,high_school,18.0,0,0
35,28210.0,18810.836471109003,750,34986,60,2,6,contract,high_school,0.0,2,1
41,64363.0,28765.706572996532,748,69325,48,4,0,salaried,high_school,3.0,2,1
43,131175.0,105053.56442321486,360,62771,24,2,5,salaried,bachelors,11.0,0,1
32,98279.0,53033.27824253792,801,59973,24,2,7,unemployed,high_school,1.0,4,1
48,80348.0,29808.899684018583,446,19690,24,1,4,self_employed,bachelors,11.0,4,1
24,75284.0,53320.97078107704,633,44107,24,0,1,self_employed,high_school,15.0,1,0
38,127628.0,83431.36727375105,441,62888,60,2,4,salaried,high_school,1.0,4,1
49,129835.0,61497.499563833226,343,15956,12,3,7,salaried,high_school,16.0,3,1
50,92124.0,59128.43501310198,443,61227,60,3,1,self_employed,bachelors,25.0,3,1
42,,,632,41533,36,3,0,salaried,high_school,27.0,1,0
37,42432.0,23111.08303254554,796,61234,60,0,3,salaried,bachelors,1.0,2,0
58,146252.0,116223.0841056086,695,72594,60,2,3,salaried,bachelors,3.0,1,0
41,84089.0,31402.51807273984,354,61901,36,4,8,salaried,bachelors,5.0,0,1
27,75398.0,38655.27641488506,606,16519,60,4,2,contract,masters,28.0,1,0
40,119291.0,89662.49554302324,722,36115,12,1,3,contract,masters,27.0,1,0
26,23321.0,19431.523495778314,716,71266,48,0,2,salaried,bachelors,22.0,3,0
24,101348.0,55706.8783407419,624,6832,36,2,1,self_employed,phd,6.0,0,0
22,57383.0,33216.13756147714,379,46368,24,3,3,self_employed,bachelors,22.0,0,1
59,133816.0,82255.96978093132,330,74715,12,0,7,contract,high_school,14.0,1,1
36,98682.0,80207.88862198382,411,76835,48,0,0,self_employed,bachelors,19.0,0,1
55,143053.0,110438.88083830038,771,78366,12,2,7,unemployed,bachelors,11.0,0,1
56,99190.0,39064.05905317149,373,42570,12,1,7,unemployed,bachelors,4.0,4,1
46,72893.0,39378.023188979765,778,11615,24,1,2,salaried,high_school,13.0,0,0
45,55820.0,30991.277146058488,686,77298,48,1,9,self_employed,bachelors,15.0,2,1
33,141262.0,103686.71220804966,732,43311,12,3,9,salaried,phd,10.0,0,0
39,86262.0,54482.31021162053,711,28434,24,3,5,salaried,bachelors,11.0,3,0
36,23760.0,15677.352997795142,766,20739,36,2,3,salaried,phd,18.0,4,1
37,42190.0,35819.72975742682,547,71202,24,1,0,salaried,bachelors,16.0,3,1
48,87411.0,29827.08279786652,419,38649,60,2,0,self_employed,high_school,29.0,3,0
29,43377.0,18333.523413482504,366,52445,24,1,4,salaried,bachelors,23.0,2,1
46,66737.0,34993.063144800704,626,44470,24,0,7,contract,bachelors,25.0,4,1
38,89569.0,44003.48713227718,769,79965,24,4,0,self_employed,bachelors,26.0,1,0
50,58211.0,18156.30537436309,792,53621,12,4,1,self_employed,bachelors,6.0,0,1
29,102909.0,36067.30793738823,585,37926,48,1,6,salaried,bachelors,29.0,2,1
36,23744.0,16015.905223097583,611,42997,24,2,7,salaried,high_school,8.0,2,1
48,145566.0,114069.65965860897,608,64940,24,3,2,salaried,bachelors,13.0,1,0
28,44995.0,26224.20440455196,396,45724,60,1,7,salaried,bachelors,25.0,2,1
24,36977.0,22058.817700946583,412,36704,60,1,0,contract,phd,19.0,1,1
50,149508.0,65828.57992574686,755,33391,36,3,8,self_employed,bachelors,11.0,1,0
45,117938.0,85190.39141582795,762,68291,36,1,1,salaried,masters,14.0,1,1
24,,,431,7526,60,0,1,contract,bachelors,11.0,2,1
41,30651.0,19113.998207115717,420,29686,48,3,3,salaried,high_school,20.0,1,1
36,119239.0,49718.5322726293,496,78339,36,0,9,salaried,bachelors,20.0,2,1
46,98931.0,34958.26014162742,781,11574,48,4,2,self_employed,bachelors,28.0,4,0
51,115344.0,38678.443861515385,338,13733,60,3,3,salaried,phd,22.0,1,0
35,122112.0,76440.01614944231,811,55290,36,3,5,self_employed,bachelors,12.0,2,1
28,36715.0,27674.64445828035,773,77793,24,2,6,self_employed,phd,8.0,2,1
38,64409.0,49729.01262931767,460,41051,60,2,4,self_employed,masters,23.0,2,1
41,44306.0,24589.481794223488,588,20909,36,3,1,salaried,bachelors,6.0,0,0
57,39086.0,28585.51540258629,499,78432,48,4,2,salaried,bachelors,,0,1
30,34376.0,28215.274496180467,827,33133,48,1,9,salaried,bachelors,0.0,1,1
59,,,802,56571,36,2,2,unemployed,bachelors,27.0,4,1
43,91425.0,47438.4385673234,547,55908,48,4,4,salaried,bachelors,9.0,1,1
23,123358.0,100205.36206280775,682,16278,36,4,4,salaried,bachelors,,3,0
45,56636.0,27526.62698573996,517,56458,36,2,3,contract,bachelors,5.0,3,0
29,106120.0,85175.30356092197,386,69265,48,1,7,self_employed,high_school,25.0,4,1
32,134889.0,113249.38823355344,381,61782,12,2,5,contract,bachelors,14.0,4,0
34,,,361,60415,24,4,5,unemployed,masters,14.0,4,1
38,,,799,59160,60,0,0,salaried,bachelors,8.0,0,0
29,30058.0,21408.812313146558,341,59399,24,2,5,salaried,bachelors,12.0,0,1
42,144876.0,99202.94880846865,311,30298,60,4,2,salaried,bachelors,22.0,3,0
39,148265.0,69508.42454455936,414,27191,60,2,5,salaried,masters,0.0,4,1
51,94637.0,31362.880271126738,517,61964,24,4,9,self_employed,bachelors,8.0,2,1
39,,,405,38092,36,1,5,salaried,phd,2.0,3,1
52,90194.0,60142.69333721464,827,67513,48,4,1,self_employed,phd,29.0,4,0
59,96917.0,34540.35226755411,771,56097,12,3,0,salaried,phd,8.0,2,1
53,84200.0,25811.92179172239,686,35279,12,0,2,salaried,high_school,19.0,4,0
32,125848.0,47423.40313903404,525,19404,12,4,4,self_employed,bachelors,24.0,1,1
46,126022.0,87415.76010497769,780,75022,24,2,3,salaried,phd,28.0,2,1
54,66619.0,55629.29898585786,707,40198,24,2,6,self_employed,masters,14.0,1,1
59,37154.0,31234.832217218976,756,54997,36,4,3,unemployed,phd,23.0,0,1
62,39539.0,22603.992867819637,320,5567,12,3,7,self_employed,bachelors,6.0,3,1
29,145381.0,113127.31877881264,502,66032,36,4,6,salaried,bachelors,3.0,4,1
32,80058.0,56461.26881700465,716,7179,12,1,9,contract,high_school,24.0,3,0
43,82068.0,47236.05359286884,715,7019,24,3,8,salaried,masters,19.0,4,0
45,97313.0,59849.2751589021,747,23704,48,4,0,self_employed,masters,16.0,1,0
62,119932.0,45031.45938143002,811,23030,48,0,4,salaried,high_school,21.0,2,0
38,50373.0,41089.951415601776,384,74445,48,3,3,salaried,bachelors,3.0,2,1
33,53154.0,26234.761268412276,466,78551,48,4,5,unemployed,bachelors,25.0,4,1
53,26031.0,14196.841212160121,683,8420,60,0,0,salaried,bachelors,18.0,1,0
36,113533.0,76000.48055323644,767,64875,12,4,5,contract,high_school,27.0,4,0
37,91975.0,44483.373900260136,371,52653,48,1,0,salaried,bachelors,4.0,4,0
43,42785.0,18818.663011601264,820,21740,60,2,0,contract,high_school,15.0,4,0
49,98928.0,64014.04990759001,772,70263,60,4,7,unemployed,bachelors,2.0,2,1
41,138696.0,43514.65575188986,557,69559,60,3,1,salaried,phd,10.0,4,1
54,48669.0,33893.033762474544,574,24465,36,4,9,self_employed,masters,24.0,2,1
31,114475.0,66706.05389663742,319,56432,36,4,5,self_employed,masters,,0,1
61,137154.0,86841.05093572753,789,9131,60,4,5,contract,masters,21.0,1,0
53,22282.0,14428.354539586504,789,15652,48,4,5,salaried,bachelors,14.0,0,1
54,54624.0,32221.473261537387,625,69973,12,3,7,self_employed,masters,18.0,4,1
23,68438.0,42458.495663269,828,52147,24,3,3,salaried,phd,20.0,2,0
54,109900.0,74301.57780278847,388,52671,36,4,2,salaried,bachelors,23.0,1,0
54,87534.0,62518.12784296408,785,24171,48,2,5,salaried,bachelors,13.0,3,0
62,51705.0,36198.60924029687,649,60692,48,4,3,self_employed,masters,15.0,1,0
34,58244.0,45330.667530286824,383,63541,24,3,1,contract,phd,23.0,1,1
51,94964.0,38383.86840302008,686,14470,24,1,5,salaried,high_school,5.0,4,0
54,57437.0,29903.504758035204,386,66344,48,4,9,self_employed,bachelors,4.0,0,1
34,97872.0,80381.08311513183,606,49308,24,4,4,self_employed,phd,20.0,0,1
47,94878.0,49158.64628414441,453,55639,48,4,8,salaried,phd,16.0,3,1
43,139006.0,51248.529450711576,739,26326,24,4,5,contract,bachelors,15.0,4,0
60,125368.0,73841.10253097555,563,9597,24,0,2,salaried,bachelors,1.0,1,0
23,92982.0,33493.97928553245,720,35788,48,4,4,salaried,bachelors,27.0,0,1
59,70583.0,29049.794582020902,792,70020,60,3,9,salaried,bachelors,10.0,0,1
60,58392.0,49579.20585853022,710,54477,48,3,7,contract,phd,3.0,2,1
47,27461.0,16414.7976771479,472,38071,12,0,8,unemployed,high_school,5.0,1,1
36,120123.0,54803.9702266869,303,75603,24,4,7,salaried,bachelors,26.0,4,1
55,30516.0,25850.903882577528,771,66923,36,2,2,salaried,phd,6.0,0,1
63,99285.0,82566.14122581108,409,75560,24,4,8,salaried,bachelors,16.0,4,1
61,37514.0,20347.836412979283,336,78251,12,3,2,self_employed,masters,7.0,1,1
32,148657.0,65888.00971869625,330,62492,36,1,7,self_employed,bachelors,27.0,1,1
24,141251.0,107508.93300408797,680,36770,36,1,9,unemployed,masters,0.0,0,1
27,120962.0,83898.20224148764,567,40399,48,2,8,contract,phd,24.0,3,1
30,56268.0,38139.45136562764,310,62439,60,4,6,contract,bachelors,14.0,4,1
27,110486.0,87417.91065306509,643,49415,48,0,3,salaried,masters,19.0,4,0
30,120424.0,81789.50291112623,843,17569,36,4,9,salaried,phd,11.0,2,0
60,56788.0,25900.37467419392,465,7369,36,2,8,self_employed,phd,14.0,1,0
52,95749.0,65264.88713754172,641,5528,60,2,2,salaried,bachelors,22.0,1,0
53,81049.0,37946.93360181632,781,35314,24,2,2,salaried,bachelors,26.0,0,0
62,82493.0,59195.44563186447,318,23047,60,1,1,salaried,bachelors,29.0,0,1
33,56027.0,35905.537173979435,483,24748,48,4,9,salaried,bachelors,21.0,0,1
29,113547.0,38898.51722126686,844,40109,24,4,2,self_employed,bachelors,14.0,2,0
29,62849.0,36581.85433152743,309,18919,48,0,0,self_employed,bachelors,28.0,3,0
49,120127.0,58719.94353961723,491,52498,60,2,3,salaried,masters,8.0,0,0
41,37858.0,18198.864857688557,619,60808,24,2,7,self_employed,bachelors,15.0,0,1
28,,,774,75441,60,3,4,salaried,masters,29.0,0,0
32,99003.0,47252.018528320565,726,79420,12,3,1,self_employed,masters,1.0,2,0
41,72395.0,52652.27259571047,358,33906,36,1,2,salaried,bachelors,14.0,4,0
37,59758.0,20254.09504823567,735,76486,24,4,0,contract,bachelors,14.0,3,0
25,74312.0,49284.724496621224,396,71896,36,0,1,self_employed,masters,26.0,4,1
27,88670.0,66064.2167821338,795,26946,12,0,0,self_employed,high_school,6.0,1,0
43,136758.0,91635.713937576,577,52020,24,2,1,self_employed,high_school,26.0,1,1
47,102279.0,58654.55766059757,564,79266,36,0,2,self_employed,masters,20.0,0,1
24,35434.0,29150.448298600317,308,27161,36,2,0,salaried,high_school,12.0,4,1
62,84047.0,39079.01163863182,756,32738,24,4,8,self_employed,masters,22.0,2,1
63,,,572,8925,36,0,9,salaried,phd,16.0,3,1
35,95769.0,51484.854563625246,307,13463,36,2,4,salaried,bachelors,10.0,4,1
32,134682.0,42849.962453010325,507,62153,24,4,7,salaried,masters,26.0,4,1
39,86677.0,71479.50674430233,422,66009,36,4,4,contract,bachelors,9.0,3,1
33,103555.0,43022.434775091715,332,46552,36,2,7,salaried,masters,24.0,4,1
44,148379.0,108896.81158758093,812,61271,48,2,6,salaried,masters,0.0,4,0
33,105920.0,76899.4712774058,503,14797,48,1,3,unemployed,high_school,13.0,3,1
34,128439.0,53912.385180506964,817,76942,12,4,6,contract,bachelors,4.0,2,1
46,65734.0,42179.83761502083,816,18965,48,2,5,salaried,bachelors,29.0,3,0
40,121665.0,39716.74023549718,742,18733,48,4,2,contract,high_school,7.0,0,0
57,108503.0,61409.0112999447,638,58223,12,0,8,salaried,phd,0.0,0,0
29,60603.0,18669.112919751984,737,31926,36,3,9,self_employed,bachelors,6.0,0,1
50,96708.0,78007.49030049088,744,33783,36,3,8,self_employed,bachelors,1.0,0,0
53,101926.0,85296.49925641106,435,41394,48,2,4,salaried,high_school,6.0,1,0
39,88803.0,37497.557089193455,686,69796,12,2,7,self_employed,bachelors,6.0,2,0
27,59332.0,24590.640984569593,324,33287,36,4,6,salaried,masters,8.0,1,1
39,111703.0,79816.94268538576,805,35436,60,2,8,salaried,bachelors,,4,0
40,41312.0,18150.785348440608,624,78567,24,4,6,self_employed,masters,3.0,4,1
43,113376.0,89826.90998434334,637,8188,24,2,3,salaried,masters,22.0,3,0
58,104526.0,64352.58428531496,394,11765,24,4,3,unemployed,bachelors,6.0,0,1
53,64179.0,31635.606386948355,844,56626,48,2,7,salaried,bachelors,19.0,3,0
62,91442.0,69311.34985452602,445,15807,24,1,5,salaried,high_school,17.0,4,1
24,134332.0,76753.76988396273,530,15204,24,4,8,self_employed,high_school,,0,1
49,137961.0,110561.68362447424,794,62944,60,1,9,salaried,high_school,10.0,2,0
31,60379.0,48931.61437971581,337,47120,36,1,6,salaried,phd,8.0,4,1
56,37297.0,14582.421477663305,724,27658,60,1,6,salaried,phd,13.0,3,1
50,22011.0,6631.427270803454,736,42081,48,1,3,unemployed,high_school,7.0,3,1
36,136130.0,114507.38538487186,667,39986,24,0,2,salaried,bachelors,20.0,4,0
54,140234.0,111959.41018271552,644,55304,36,3,7,salaried,high_school,13.0,1,0
28,64014.0,21156.299225090137,459,70592,24,0,6,salaried,masters,20.0,2,1
33,132094.0,100149.55543356744,849,63548,24,2,3,salaried,bachelors,16.0,4,0
51,31738.0,17512.797122260257,840,44986,48,2,3,salaried,bachelors,26.0,4,0
42,114333.0,50584.22145302627,443,79095,24,3,0,contract,bachelors,24.0,3,1
52,67498.0,52871.89807032998,644,71151,12,3,6,unemployed,masters,26.0,0,1
45,147792.0,60323.81398518556,568,78598,36,3,0,salaried,bachelors,13.0,0,1
41,31120.0,25549.986790073865,567,33214,36,1,9,salaried,high_school,25.0,0,1
58,136517.0,56394.05574993802,468,43745,12,0,9,unemployed,high_school,26.0,3,1
25,28767.0,18339.70334376602,332,47548,48,2,3,salaried,bachelors,23.0,0,0
49,42852.0,18113.432583979597,676,15681,24,0,2,salaried,phd,4.0,4,0
41,99239.0,59555.08695355229,513,11984,24,0,2,contract,bachelors,9.0,1,0
45,,,739,32579,36,0,0,self_employed,high_school,5.0,1,0
53,97487.0,39445.712660524514,791,59933,48,3,3,salaried,phd,27.0,1,0
62,138387.0,81162.20144582939,692,32399,48,3,0,salaried,high_school,9.0,0,0
57,111575.0,62256.937539180144,788,36481,48,2,7,salaried,high_school,10.0,1,0
55,146155.0,49556.860878862935,328,5944,24,2,0,salaried,masters,25.0,0,0
57,134149.0,100621.04648832833,338,14114,48,2,5,self_employed,masters,,4,1
23,115040.0,55751.29685347388,472,44846,12,0,6,self_employed,bachelors,5.0,4,0
36,37438.0,23062.564571570998,316,37596,60,3,9,self_employed,masters,9.0,3,1
55,68515.0,39953.243021044036,355,11907,48,1,1,salaried,masters,13.0,3,0
57,25744.0,14990.558136313806,525,33114,60,0,3,salaried,high_school,19.0,2,1
27,103820.0,37268.50593169884,366,30009,24,4,2,salaried,bachelors,2.0,4,1
60,62417.0,33262.962114223585,496,55241,48,0,8,contract,bachelors,6.0,0,0
63,125284.0,68756.07438323977,322,40725,36,3,6,self_employed,phd,28.0,2,1
33,27069.0,19043.13792520389,536,23996,24,4,1,salaried,phd,1.0,4,1
24,62359.0,47518.20388685856,437,11047,12,0,5,salaried,bachelors,6.0,0,0
39,39799.0,23869.062327356438,772,33767,12,3,8,contract,bachelors,,4,1
61,118746.0,41291.62076487075,528,21347,60,3,2,salaried,high_school,12.0,4,1
42,113762.0,48948.05821070236,616,29102,60,1,5,salaried,high_school,25.0,0,0
36,140906.0,55053.906693241006,500,9263,36,0,2,salaried,bachelors,20.0,4,1
54,90188.0,33237.73082539543,557,72438,36,3,2,salaried,bachelors,8.0,4,1
56,109859.0,55066.23207576955,779,35540,12,2,3,contract,bachelors,12.0,4,0
47,142521.0,60737.66522629958,477,68769,48,3,8,self_employed,bachelors,14.0,3,1
29,127674.0,53631.59732358267,422,45843,12,1,7,self_employed,masters,12.0,1,1
57,27597.0,9109.252146329693,641,32690,12,3,0,contract,masters,16.0,4,0
51,67093.0,20779.944973503025,470,7994,36,0,0,unemployed,masters,7.0,0,1
44,57226.0,20402.358499632028,358,72546,60,0,6,salaried,high_school,8.0,4,1
63,92127.0,36363.32045277357,764,12377,36,4,2,salaried,masters,8.0,3,0
35,134650.0,72312.57749917581,559,31467,36,0,6,salaried,phd,7.0,3,1
35,111369.0,64681.57203932507,672,5048,36,4,8,salaried,high_school,15.0,4,0
23,97362.0,36737.170685457364,394,41978,12,2,2,self_employed,bachelors,19.0,2,1
58,46417.0,24769.542599940483,424,52606,48,1,2,contract,phd,29.0,1,0
26,38693.0,18880.708375864408,340,78414,12,2,1,self_employed,bachelors,29.0,0,1
59,99674.0,39957.6125331084,553,54222,24,4,9,salaried,bachelors,6.0,0,1
62,140956.0,42817.134472800404,306,53115,36,3,0,salaried,high_school,16.0,0,0
35,,,770,45647,36,3,8,salaried,bachelors,6.0,0,1
60,139028.0,94137.03526826318,810,59607,24,2,5,contract,bachelors,5.0,3,0
46,147517.0,62613.96442549059,368,62410,36,3,5,salaried,high_school,4.0,1,1
41,,,380,26996,36,4,7,salaried,bachelors,16.0,4,1
23,141316.0,111339.13286084679,841,59921,36,1,4,salaried,high_school,7.0,4,0
60,22169.0,10004.063299705093,561,51022,24,0,8,unemployed,masters,25.0,2,1
27,104092.0,44029.55665070193,388,45148,12,4,4,self_employed,phd,0.0,4,1
38,42052.0,32439.0522774619,507,72764,36,4,1,contract,bachelors,15.0,1,1
46,91849.0,68832.45847325232,512,13888,48,0,5,self_employed,bachelors,16.0,4,1
49,93851.0,51298.07053286406,565,44159,24,0,8,salaried,bachelors,29.0,3,1
23,28036.0,15954.765395443997,592,47197,60,1,2,salaried,high_school,2.0,4,1
56,51778.0,21734.425841392793,506,29474,24,1,9,salaried,phd,12.0,0,1
58,47734.0,16375.90856626916,632,22333,12,1,3,self_employed,high_school,7.0,0,0
26,43173.0,26568.124707843974,376,41355,24,3,9,contract,high_school,15.0,0,1
22,50403.0,17847.18349560133,587,78903,60,4,7,salaried,bachelors,23.0,0,1
61,86321.0,47226.305492314736,346,71258,48,0,5,salaried,bachelors,29.0,3,1
33,91675.0,74923.54437052415,499,36145,60,4,6,self_employed,bachelors,6.0,3,0
57,26344.0,21709.008031570433,726,54854,24,4,6,salaried,high_school,20.0,3,1
44,38800.0,16747.350994920635,509,72664,60,1,3,self_employed,masters,14.0,4,1
52,45372.0,29186.100751871287,719,40285,24,1,5,salaried,bachelors,23.0,0,1
32,81516.0,45709.44040975886,453,22533,48,4,8,salaried,high_school,1.0,2,1
31,40538.0,31685.58803614706,821,37624,48,1,2,salaried,bachelors,23.0,2,0
24,83918.0,37703.26439757481,714,51996,12,3,7,self_employed,bachelors,27.0,0,1
35,34973.0,10563.116350782562,652,51947,48,0,6,salaried,bachelors,26.0,1,1
37,91155.0,35496.54669967298,456,32956,36,4,3,salaried,bachelors,1.0,4,0
31,120240.0,59186.64188693463,560,56030,60,0,9,contract,masters,9.0,2,0
50,79500.0,37654.90639921461,376,63597,60,3,2,salaried,bachelors,4.0,3,1
31,56575.0,41596.746432157495,787,47443,24,1,6,salaried,high_school,26.0,1,0
33,125455.0,84595.35610374635,430,70464,48,2,9,self_employed,high_school,28.0,3,1
51,62261.0,28936.171808548715,754,8952,12,3,8,salaried,bachelors,3.0,1,0
62,130659.0,72092.29217391615,462,61880,12,2,9,salaried,high_school,14.0,1,1
22,47716.0,16822.634012461756,314,57201,12,0,2,unemployed,bachelors,12.0,4,1
26,23236.0,18448.931935511926,531,47460,36,4,9,self_employed,high_school,16.0,3,1
41,35848.0,29197.610008757078,494,27796,48,1,8,self_employed,bachelors,20.0,3,1
29,22352.0,18750.9127425591,841,36746,12,3,7,self_employed,bachelors,22.0,2,1
64,21932.0,17056.605376637246,658,5015,36,1,2,salaried,high_school,0.0,0,1
33,96449.0,38162.794511577296,630,54757,60,2,7,salaried,bachelors,17.0,0,0
22,28556.0,9292.352725868142,726,30957,24,2,3,salaried,bachelors,27.0,2,1
41,106836.0,66107.78778342325,796,26292,48,4,5,unemployed,bachelors,14.0,1,1
49,25498.0,20447.681636506055,785,36876,48,2,9,salaried,bachelors,13.0,2,1
64,96118.0,38211.06199900614,748,65727,60,4,1,salaried,high_school,8.0,2,0
58,70098.0,21300.931826127704,712,52046,48,3,7,contract,bachelors,11.0,3,1
58,84386.0,62700.72413726234,629,19817,48,4,8,self_employed,bachelors,4.0,2,0
33,132169.0,45233.204838071346,446,14759,48,2,6,unemployed,masters,29.0,1,1
58,29569.0,15598.780511651228,558,53432,48,0,7,self_employed,phd,28.0,0,1
49,136127.0,91666.29310222376,591,11412,36,4,6,salaried,high_school,22.0,4,1
36,146060.0,62840.66043245132,442,62757,36,1,9,contract,bachelors,1.0,2,1
27,76882.0,26614.96539160118,664,25504,24,0,3,salaried,bachelors,22.0,2,0
41,90393.0,65400.39089709425,389,13507,48,4,0,salaried,high_school,22.0,3,0
35,20340.0,13151.768674631334,463,26050,60,1,2,self_employed,high_school,6.0,3,1
23,63949.0,53951.837895845674,780,9820,12,0,6,self_employed,masters,20.0,2,0
30,102302.0,50063.47023358416,383,12835,24,4,6,contract,bachelors,8.0,2,1
58,82443.0,27533.43202710761,376,18587,12,3,2,unemployed,phd,17.0,1,1
41,111668.0,78602.269860202,816,62732,12,1,0,contract,bachelors,3.0,0,0
47,94027.0,55189.465495982775,784,56921,48,3,9,salaried,high_school,1.0,0,1
50,20138.0,8402.82542367292,403,50499,60,2,8,self_employed,masters,23.0,4,1
22,20358.0,14860.341316987391,751,11840,12,4,5,self_employed,phd,27.0,0,1
56,139619.0,57532.17544838581,786,70077,12,4,6,unemployed,masters,26.0,4,1
27,95250.0,42230.41244256046,638,36440,24,1,0,salaried,masters,0.0,3,0
58,105376.0,36975.458919721066,777,40183,60,4,0,salaried,bachelors,24.0,4,0
26,119931.0,62326.67196104717,522,7389,60,2,3,contract,high_school,11.0,4,0
54,50654.0,26867.442500129313,308,60076,12,4,6,salaried,bachelors,12.0,0,1
35,45879.0,26747.869208664273,352,71299,60,0,7,self_employed,bachelors,13.0,2,1
33,101532.0,70050.00798328625,376,44023,24,3,9,salaried,phd,4.0,3,1
63,75778.0,60497.78389544992,802,55029,24,2,8,salaried,masters,26.0,1,1
41,57772.0,21708.045898520562,615,44941,24,2,0,self_employed,masters,27.0,4,0
45,78478.0,25889.221534213248,464,58950,48,3,3,salaried,bachelors,2.0,4,1
64,84353.0,26165.640831060537,578,70363,12,3,3,self_employed,bachelors,27.0,4,1
55,46762.0,17722.412584689693,326,66742,60,2,2,salaried,masters,26.0,2,0
46,33283.0,22029.093004398423,369,50215,24,3,6,salaried,bachelors,3.0,1,1
50,83922.0,58754.83223679209,517,52857,12,1,0,salaried,bachelors,16.0,0,1
60,59420.0,43529.79322381256,664,60476,12,3,8,self_employed,masters,18.0,3,1
52,75568.0,32799.49818645306,605,33173,48,0,7,salaried,bachelors,10.0,2,0
64,105090.0,49207.56725910922,423,14395,60,0,1,self_employed,phd,7.0,1,0
44,40219.0,22752.855770499355,318,64768,60,1,1,self_employed,bachelors,11.0,3,1
59,77169.0,25832.37702088375,556,51229,24,3,7,self_employed,high_school,17.0,0,1
41,120455.0,76624.77869812587,595,31639,24,0,0,self_employed,bachelors,17.0,3,0
44,94965.0,79870.7186101601,321,67583,12,4,6,salaried,bachelors,8.0,4,1
37,66840.0,33315.96161887814,749,33924,60,3,8,salaried,bachelors,4.0,4,0
63,64695.0,46196.5070705704,849,77969,60,1,2,self_employed,high_school,20.0,2,0
29,125209.0,71997.51059400527,347,35104,24,3,6,salaried,phd,16.0,3,1
42,104754.0,38790.04106927014,482,42594,36,2,5,contract,masters,12.0,4,1
22,97988.0,60775.155723297314,734,8664,12,2,6,contract,high_school,5.0,2,0
29,78342.0,36423.61246614472,406,15528,60,0,6,salaried,high_school,23.0,2,1
50,134516.0,42900.08009357897,487,33190,48,2,9,self_employed,bachelors,21.0,2,1
53,,,385,71033,48,1,0,contract,masters,13.0,0,1
59,21307.0,16457.799361884085,755,66161,36,0,2,salaried,bachelors,14.0,4,0
26,100388.0,49152.31104774951,436,78177,24,1,9,self_employed,high_school,22.0,4,1
43,110768.0,57008.141445515284,635,75179,24,1,0,salaried,bachelors,13.0,1,0
55,55428.0,43791.55241392863,768,75592,24,2,4,salaried,bachelors,3.0,0,1
22,128707.0,96206.53224813976,702,37899,48,2,2,contract,bachelors,17.0,4,0
47,112021.0,77655.6516359015,839,75979,24,1,0,self_employed,masters,0.0,4,0
64,138418.0,60466.29558382077,371,22241,48,2,1,self_employed,phd,11.0,1,0
31,95774.0,76678.49945202649,323,51211,36,2,9,contract,high_school,21.0,3,1
51,58975.0,22701.168115481294,784,68472,12,2,4,self_employed,bachelors,8.0,3,0
39,137850.0,88875.17385591523,355,79248,60,3,2,self_employed,high_school,,0,1
38,21140.0,6676.871326214372,522,78757,36,1,5,self_employed,bachelors,20.0,2,1
47,148865.0,97364.54193270969,478,36346,48,4,8,self_employed,high_school,27.0,1,1
29,44842.0,20287.838864687863,733,47220,36,1,5,contract,bachelors,17.0,1,0
61,46421.0,25407.25022681501,749,22942,60,0,1,unemployed,masters,16.0,4,0
33,21708.0,10634.65159282998,791,54167,12,2,1,self_employed,bachelors,18.0,4,1
48,23630.0,9334.233182553868,488,41373,60,2,7,self_employed,bachelors,3.0,1,1
29,39595.0,25423.531161071824,719,72143,48,4,7,salaried,high_school,15.0,2,1
46,96021.0,75384.79612908594,548,7016,60,0,5,contract,bachelors,6.0,3,0
25,48308.0,39974.6928668981,463,74110,36,3,9,self_employed,high_school,8.0,0,1
54,64789.0,26290.76068730845,554,51309,24,1,6,self_employed,bachelors,7.0,3,1
22,75690.0,52570.86989785455,775,12274,36,3,0,salaried,bachelors,,0,0
40,46086.0,30665.00922716421,716,20748,48,0,8,contract,phd,6.0,2,0
52,36859.0,18018.809070261043,469,25175,12,4,4,salaried,high_school,9.0,1,1
37,27684.0,8596.0082291997,616,16826,60,0,8,salaried,bachelors,7.0,2,1
35,111088.0,75471.54154482041,473,39129,12,4,1,self_employed,high_school,23.0,1,0
26,21207.0,17390.210229336924,769,75009,48,3,7,self_employed,bachelors,16.0,4,1
62,66099.0,42810.079366176455,644,28490,60,3,6,salaried,bachelors,11.0,0,0
47,87496.0,47196.30470753668,744,46435,36,0,3,self_employed,masters,13.0,4,0
49,86093.0,50694.54081316384,317,13520,36,0,2,salaried,bachelors,11.0,1,1
23,49689.0,20362.3457030975,369,66877,48,2,3,salaried,bachelors,24.0,0,1
27,68651.0,48934.38406222181,637,24798,60,4,3,salaried,bachelors,1.0,0,0
30,33893.0,24082.0240141881,826,59638,36,2,9,contract,high_school,11.0,4,1
54,117808.0,44771.10616822297,755,74072,48,1,9,salaried,bachelors,26.0,0,0
62,86418.0,67655.62472237054,568,72309,48,1,7,salaried,masters,13.0,1,1
46,145074.0,65001.037745392656,487,34894,12,0,3,self_employed,bachelors,6.0,1,0
34,123065.0,103404.23817654047,828,67963,36,3,4,salaried,masters,28.0,4,1
30,80011.0,40853.349180873745,733,59567,60,1,1,self_employed,bachelors,25.0,2,0
34,58635.0,23327.12748114356,587,40326,36,1,3,contract,bachelors,25.0,1,1
52,76115.0,37558.64695129088,798,60059,36,2,6,contract,bachelors,12.0,1,0
62,115071.0,62379.89483193309,740,10079,36,2,2,salaried,high_school,20.0,0,0
32,98405.0,33272.627273208374,602,30838,48,1,0,salaried,bachelors,3.0,0,0
25,92702.0,57291.70020688877,386,52109,24,0,7,self_employed,masters,0.0,1,1
55,98518.0,61938.05399105238,737,30594,24,2,7,salaried,bachelors,16.0,4,0
59,126233.0,89172.47449357146,840,47749,12,1,5,salaried,bachelors,2.0,2,1
25,123651.0,39079.08749340349,321,41292,36,3,6,salaried,masters,29.0,0,1
59,92805.0,55467.78686979238,816,79534,24,2,9,salaried,bachelors,16.0,0,1
40,78954.0,25983.68941754862,802,56818,12,1,1,unemployed,masters,7.0,2,1
27,48064.0,32954.08768366248,766,18429,48,4,4,self_employed,bachelors,2.0,0,0
55,142813.0,47221.17445205308,400,62748,36,2,6,salaried,bachelors,26.0,4,1
39,99063.0,79394.07271214692,440,53807,60,4,8,salaried,bachelors,9.0,0,1
34,22454.0,15406.709076253468,437,12140,48,2,0,unemployed,high_school,1.0,0,1
62,40878.0,23670.993349433076,527,68226,12,2,2,salaried,masters,21.0,1,1
44,71098.0,38593.925265594735,580,19901,48,4,5,self_employed,masters,3.0,4,1
40,82154.0,30550.603603434134,730,33525,60,0,6,salaried,bachelors,28.0,4,0
32,32991.0,15177.49847362029,339,25491,48,1,5,contract,high_school,28.0,1,1
22,88344.0,68725.22774568133,818,73816,12,0,0,self_employed,bachelors,13.0,3,0
45,124946.0,99638.06854641806,510,39980,60,0,3,salaried,bachelors,10.0,2,0
28,56593.0,17001.173282897405,601,13078,60,1,5,salaried,bachelors,13.0,4,1
46,56304.0,35289.94046216363,385,53704,48,3,7,self_employed,bachelors,12.0,3,1
42,50386.0,35049.27426748666,696,21997,60,0,9,contract,masters,26.0,2,0
36,75220.0,48164.18141125363,552,5868,48,0,3,salaried,bachelors,28.0,4,1
22,133613.0,46086.31313269848,832,31398,36,0,6,self_employed,phd,3.0,0,0
33,89338.0,37499.50885489298,680,26246,60,3,2,salaried,bachelors,1.0,4,0
28,114289.0,50022.826350313175,743,25561,48,2,7,contract,phd,1.0,2,0
36,41083.0,31118.258665348854,332,21254,36,4,0,self_employed,bachelors,10.0,3,1
42,38354.0,21277.253149105785,559,39512,60,4,3,salaried,high_school,21.0,0,1
40,42190.0,23953.605243990427,533,62865,36,3,7,salaried,masters,4.0,2,1
50,26142.0,21284.585712665383,814,28580,60,0,9,salaried,masters,8.0,2,1
46,48398.0,31477.92556683479,607,75959,12,4,3,self_employed,masters,19.0,4,0
54,71971.0,57164.20723164572,369,77144,12,3,1,salaried,bachelors,20.0,1,1
53,61862.0,34090.90294502585,753,47485,48,1,1,salaried,phd,16.0,1,1
56,118668.0,45353.71605921692,738,55621,24,4,3,unemployed,high_school,11.0,0,0
59,73410.0,59569.61457853825,663,55665,12,1,3,salaried,high_school,27.0,2,0
47,39503.0,21817.02550131812,780,75412,24,0,1,self_employed,bachelors,17.0,3,0
32,145438.0,58160.26090436665,443,55603,36,4,6,salaried,masters,2.0,0,1
56,68456.0,31922.241539034916,323,26038,36,3,5,salaried,bachelors,4.0,0,1
29,120167.0,39407.73713733311,724,19325,24,2,2,salaried,bachelors,27.0,4,0
35,102035.0,56891.17796708873,474,40892,48,4,7,self_employed,bachelors,20.0,3,1
31,125388.0,96451.0193707144,624,6753,60,4,7,salaried,high_school,19.0,2,0
23,28016.0,22790.154530515876,647,22996,24,4,0,contract,bachelors,13.0,2,0
30,22384.0,18196.652297018863,317,73811,24,4,2,salaried,bachelors,15.0,2,0
24,82320.0,30365.914640367137,343,79283,24,3,4,salaried,bachelors,25.0,0,1
42,35072.0,17891.266572085286,454,50211,24,3,1,contract,bachelors,18.0,4,1
47,122239.0,38569.56044301848,676,67820,24,2,4,salaried,phd,8.0,0,0
29,131431.0,101246.68005022011,701,5824,48,3,9,salaried,high_school,16.0,1,0
23,100018.0,49740.51859321407,524,18880,12,3,2,salaried,bachelors,21.0,1,1
27,60510.0,39156.89024676752,516,71617,60,0,8,self_employed,bachelors,6.0,2,1
49,68933.0,47783.95171758995,330,16517,12,0,0,contract,bachelors,9.0,4,1
50,41826.0,22436.075736172468,358,26683,24,1,3,salaried,bachelors,3.0,2,1
47,88026.0,41243.99121444443,652,21876,12,2,9,salaried,phd,9.0,2,0
46,141668.0,117473.52820266811,744,61354,48,0,5,self_employed,bachelors,2.0,0,0
33,,,534,78802,36,2,8,contract,high_school,23.0,2,1
26,45518.0,20901.4105299948,406,14982,12,2,2,salaried,high_school,8.0,2,0
55,44045.0,24832.29806236031,490,79504,60,4,2,contract,masters,12.0,4,1
58,70876.0,59186.01642405326,829,31598,48,2,4,salaried,masters,0.0,4,0
36,112446.0,34034.88813197689,544,19639,36,4,6,salaried,high_school,14.0,4,1
57,110102.0,58020.78527667261,375,75210,48,1,4,salaried,high_school,14.0,2,1
36,71919.0,25549.343583528065,846,74852,24,1,7,salaried,bachelors,10.0,4,0
64,119441.0,69280.18511061955,566,14695,36,1,4,salaried,bachelors,27.0,4,0
44,47103.0,14770.015877796312,616,53582,60,4,6,contract,high_school,9.0,3,0
