age,income,credit_score,loan_amount,debt_to_income,employment_years,num_accounts,late_payments,savings,education_level,default
56,157207.17,507,11922,0.545,0,1,0,4048.63,1,0
69,37914.86,520,65198,0.4636,18,1,2,7022.72,1,1
46,97410.4,561,59739,0.2208,12,14,1,6521.15,1,0
32,24401.44,709,74602,0.401,21,12,0,3848.19,1,0
60,65226.6,630,13089,0.1432,16,2,2,3583.16,2,0
25,184765.36,643,33600,0.1617,8,6,0,5907.14,0,0
38,19835.98,373,47176,0.21,18,3,1,16248.0,2,0
56,15375.96,553,9167,0.2136,18,12,3,2846.27,2,0
36,40579.1,631,79352,0.4442,27,8,1,18668.82,1,0
40,19374.0,697,22164,0.3847,22,5,0,12872.12,1,0
28,77093.36,644,32415,0.1909,22,3,1,3036.65,1,0
28,125691.37,754,74653,0.7001,28,14,1,139.22,0,0
41,40613.92,414,72895,0.4134,5,8,2,799.31,0,1
53,28471.45,612,76829,0.2348,6,8,1,21444.77,1,1
57,40644.33,527,59650,0.3029,4,2,2,16446.88,1,0
41,72841.01,544,59981,0.1203,7,5,0,4773.53,2,0
20,15409.29,825,75868,0.4527,25,3,0,636.9,2,0
39,55062.03,827,1615,0.4564,13,7,0,16667.07,2,0
19,57753.81,726,46612,0.3665,17,2,0,2946.96,1,0
41,60686.26,341,78937,0.324,20,9,0,30601.18,2,0
61,27469.55,764,42936,0.4719,26,2,1,7400.25,3,0
47,71337.65,577,30372,0.6372,24,11,2,12558.92,0,0
55,19312.84,318,68875,0.5491,19,2,2,6195.59,2,1
19,25000.43,365,62700,0.0709,23,6,3,280.77,0,1
38,109472.99,466,9109,0.1241,2,3,1,652.55,2,0
50,75397.86,702,24758,0.3182,21,3,0,37289.64,0,0
29,15622.84,708,14317,0.4271,7,10,1,5314.44,1,0
39,27848.37,411,70001,0.4199,13,2,1,2023.29,3,1
61,25859.21,573,52423,0.3502,24,14,0,12740.21,0,1
42,29211.72,706,26622,0.2142,13,13,0,21387.0,2,0
66,27799.52,672,7800,0.3174,28,5,0,3105.87,1,1
44,17905.5,338,36539,0.3123,6,12,1,8465.88,3,1
59,42640.17,404,3600,0.221,5,11,1,2815.5,1,1
45,74377.9,623,72054,0.0332,26,5,2,17290.78,1,0
33,56996.85,713,30369,0.1373,5,7,0,908.0,0,0
32,65283.12,728,17689,0.4212,11,8,2,4660.52,3,0
64,18808.42,360,39469,0.2551,21,8,1,4778.68,1,1
68,151170.0,606,1958,0.2525,14,12,0,10131.44,2,0
61,97043.98,653,61012,0.6678,25,14,1,1962.7,1,0
69,88584.85,692,70074,0.4084,24,3,1,6443.7,2,0
20,92918.13,503,61021,0.1369,18,6,1,8030.64,1,0
54,136443.8,557,51782,0.0944,3,12,1,22153.13,3,0
68,50361.88,785,76519,0.439,2,5,1,7479.25,3,0
24,25057.33,816,60315,0.1703,12,4,0,1414.75,3,0
38,58162.0,745,25642,0.0895,24,10,0,1068.45,0,1
26,76119.82,479,1205,0.3069,15,6,2,25788.35,1,0
56,75259.3,641,13442,0.2594,12,4,1,38955.89,3,0
35,48164.66,432,6691,0.549,29,14,1,1827.6,2,0
21,18191.16,742,39909,0.3941,20,8,0,13917.26,2,0
42,35871.16,552,20504,0.3513,29,9,1,2886.36,1,0
31,129091.09,564,65270,0.1082,9,1,0,17892.58,3,0
67,54516.74,392,59051,0.6486,12,12,1,1015.98,0,1
26,49780.91,710,39798,0.5237,7,1,0,5746.9,3,0
43,29091.37,437,50330,0.8264,11,4,1,9065.15,1,1
19,35680.94,507,79919,0.5174,7,6,2,19139.39,0,0
37,116569.34,606,42716,0.3034,8,8,1,19430.01,2,0
45,64410.07,565,75624,0.2122,9,12,1,2037.02,3,1
64,84672.68,617,47982,0.4697,6,12,1,34148.48,3,0
24,42259.61,412,28444,0.5177,2,1,1,10176.39,2,1
61,59771.43,677,25734,0.0745,4,3,1,10752.07,1,0
25,27848.81,753,42745,0.3022,2,12,2,21981.62,0,0
64,70005.45,490,35571,0.0709,17,4,4,3860.98,2,0
52,40106.38,739,16389,0.3119,18,10,0,5365.16,0,0
31,41296.85,486,46038,0.5409,27,2,2,41989.52,1,0
34,62154.95,666,73795,0.5111,9,13,2,166.76,0,1
53,138896.99,388,46168,0.0394,8,9,1,20186.02,0,0
67,17976.6,486,79082,0.3748,24,3,0,18483.69,3,0
57,93367.64,431,68690,0.1055,23,4,1,3043.71,2,0
21,30563.36,675,75302,0.1563,6,4,1,17242.59,0,0
19,41407.9,398,12230,0.3879,0,1,0,4008.41,0,0
23,15997.06,333,6902,0.2873,24,5,0,9914.92,2,0
59,31117.67,470,67758,0.1381,9,5,1,5921.77,2,0
21,46429.06,665,28050,0.3583,1,2,1,1068.39,1,0
46,17601.7,358,75586,0.3676,5,1,1,22572.19,2,1
35,45397.29,480,70110,0.1221,25,5,0,7880.29,0,0
43,132846.56,318,77693,0.3847,20,5,0,6574.15,3,0
61,20011.7,525,20575,0.3539,5,7,1,21160.86,1,0
51,80060.67,772,59940,0.5236,23,11,0,3975.28,2,0
27,38718.39,394,41244,0.5836,7,10,0,8447.66,2,1
53,62912.15,596,15962,0.3079,25,10,0,21394.06,2,0
31,28564.12,474,78332,0.4653,17,2,1,4198.9,1,1
48,22818.71,521,25450,0.3039,6,14,1,15776.27,1,0
65,22870.69,353,54494,0.279,17,13,1,7223.1,2,1
32,18289.49,702,46037,0.5029,0,12,2,1716.98,1,0
25,24241.24,617,31041,0.5264,27,14,1,414.38,3,0
31,64108.38,648,11715,0.3462,23,8,0,12972.78,0,0
40,111050.35,742,22803,0.5498,24,5,2,3036.42,3,0
57,90720.81,839,69906,0.3402,13,5,0,16913.47,0,0
38,67002.41,581,62726,0.1519,22,9,0,2093.99,1,0
33,20265.86,659,2908,0.3308,19,2,3,8389.97,2,0
62,30360.59,307,38075,0.267,6,10,1,981.3,1,1
35,31685.27,790,65587,0.4166,19,11,1,13309.27,3,0
64,27943.11,640,54648,0.2412,6,2,1,14511.65,3,0
41,47562.81,771,22134,0.402,3,5,1,24834.6,1,0
43,49510.93,548,57143,0.3205,29,1,2,8240.76,2,1
42,34864.5,534,70123,0.4285,29,11,4,1125.44,2,0
62,34648.33,382,46153,0.292,24,5,1,17588.97,0,0
58,94357.33,392,3413,0.0179,4,5,1,3767.23,3,0
46,85077.87,693,23555,0.2852,22,8,0,22985.28,0,0
32,31554.34,567,11952,0.2343,26,6,3,38092.22,1,0
62,125292.8,716,69993,0.8369,23,11,0,1421.27,0,0
18,152415.58,828,75000,0.6044,20,6,2,866.04,2,0
42,32803.24,552,67686,0.2766,0,5,2,22789.02,3,0
24,34692.62,421,33264,0.3915,19,5,0,22914.1,2,0
26,46701.58,309,48553,0.1576,2,8,1,8799.53,0,1
41,142452.04,615,55359,0.2397,12,14,0,21903.4,1,0
18,109052.39,572,10808,0.2984,6,1,2,26667.39,0,0
61,19869.8,605,53330,0.8119,5,9,0,8105.57,2,0
25,37445.24,509,39345,0.1326,5,6,2,11600.46,3,0
41,51271.23,763,70617,0.5062,1,9,2,9508.12,0,0
28,46474.43,715,40222,0.4545,15,2,0,1918.86,3,0
68,24697.57,515,58755,0.1877,5,3,2,5731.19,3,0
34,103096.35,379,9933,0.5971,7,1,1,11437.7,0,0
25,65846.38,779,69207,0.4574,20,5,1,9422.98,2,0
52,96881.71,846,44739,0.4779,24,2,2,2421.96,1,0
52,103079.63,317,48738,0.4013,10,11,1,24052.73,2,1
50,77088.27,464,22883,0.4319,17,1,1,15327.93,0,0
22,41028.44,824,44401,0.2181,22,9,1,709.14,3,0
59,57435.52,501,16380,0.5091,5,11,0,4217.14,2,0
56,22865.48,645,19212,0.5478,13,9,1,54121.88,1,1
58,65389.69,665,29174,0.2275,14,6,4,4939.85,3,0
45,23889.33,747,7861,0.4906,10,11,2,10889.49,1,0
24,68280.25,812,7094,0.2448,26,11,3,1061.14,3,0
26,26737.94,618,52319,0.3399,14,8,1,3724.04,1,0
25,20627.46,516,47728,0.1912,12,13,1,21375.27,1,0
29,23129.89,333,25363,0.1795,5,11,2,7144.51,0,1
51,15089.74,565,40300,0.264,3,12,2,17436.11,0,0
50,72081.35,379,55808,0.331,13,9,0,76.89,3,0
65,74321.96,712,6943,0.1659,12,5,2,10970.36,0,0
40,47556.1,551,43616,0.4114,9,2,1,3565.72,0,0
41,22918.97,311,75329,0.1509,24,4,2,19716.75,1,1
54,18926.36,700,26287,0.3678,21,3,0,28832.36,3,0
52,15869.14,581,34971,0.437,28,10,0,11635.32,1,0
61,23154.9,411,57152,0.2597,11,7,1,1579.16,0,1
57,114678.73,677,43351,0.5678,23,10,1,6313.13,0,0
39,27440.75,567,61040,0.3368,7,10,1,6245.46,2,1
44,34681.91,597,61616,0.3366,19,10,2,17737.14,1,0
52,20009.29,616,24897,0.4604,4,8,0,6173.27,0,0
18,26317.2,808,24010,0.4059,1,13,2,4044.18,3,0
52,47955.98,845,41154,0.3404,19,5,2,9450.8,3,0
54,57113.82,664,21114,0.1021,11,2,0,10415.2,0,0
64,27667.69,846,20050,0.3803,5,12,0,16604.57,0,0
31,17675.96,570,22125,0.0674,29,9,2,23070.09,0,0
20,37319.59,773,51396,0.1937,14,14,1,22068.83,3,0
18,27007.74,836,45846,0.1333,17,1,0,9854.37,0,0
22,26155.03,533,21396,0.3993,17,5,2,7429.25,1,0
43,159695.33,358,39973,0.2446,9,12,2,16155.62,2,0
31,58105.3,550,24574,0.3638,6,12,0,3664.22,2,0
56,51626.0,385,14869,0.1456,9,3,3,14185.33,2,1
44,39186.12,689,67194,0.2068,4,8,0,7054.28,1,0
26,40212.09,479,63167,0.1499,15,8,1,1319.91,0,0
32,50032.42,448,57147,0.6955,28,13,0,13978.28,2,0
32,68646.41,420,13122,0.1824,18,12,1,10454.6,3,0
43,69501.85,555,44827,0.1971,2,12,1,860.2,0,0
59,23476.76,608,14335,0.5891,6,1,0,5985.08,3,0
30,46201.77,358,64576,0.3824,18,4,1,6664.95,2,1
68,38893.07,368,22677,0.4073,11,12,0,10599.07,1,1
49,106992.72,745,29223,0.209,9,10,2,11347.21,2,0
56,59914.26,687,30814,0.4045,4,8,1,2113.71,2,0
66,49216.41,385,44185,0.2394,28,9,0,342.8,0,1
69,20517.61,526,77794,0.3981,1,9,2,15802.33,0,1
49,56871.86,483,76675,0.4826,2,2,1,39951.16,2,1
21,20609.75,621,43325,0.2838,13,9,0,28249.33,1,0
47,33508.14,617,41503,0.6398,14,8,1,6947.48,3,0
54,21935.98,698,20514,0.4421,19,11,2,7527.55,3,0
40,68005.26,592,57196,0.2976,12,14,1,26675.21,1,0
56,25394.52,592,21917,0.8004,16,11,0,7855.83,0,0
62,37380.71,784,55699,0.0906,19,13,2,3252.66,2,0
32,116710.9,746,51119,0.1919,3,14,4,11319.34,2,0
60,25284.91,711,26061,0.428,18,9,2,6485.53,2,0
46,46899.62,807,10947,0.3641,25,9,0,15371.19,3,0
53,39456.25,543,33632,0.0315,14,3,2,15292.73,1,0
30,15823.06,719,20352,0.2943,14,5,0,27482.28,1,0
49,85824.09,453,24653,0.4551,8,13,1,1482.92,2,0
24,18219.54,723,68115,0.3206,2,11,1,7367.44,2,0
68,43932.26,572,44755,0.5933,1,3,1,15411.3,1,1
39,52013.55,819,72988,0.2188,6,6,2,5706.49,3,0
45,59550.38,427,38921,0.665,8,10,0,9858.66,0,1
19,67505.04,672,60003,0.2648,21,13,1,16984.43,2,0
59,28142.47,458,47668,0.4825,29,5,2,6412.5,1,0
62,15451.3,475,56175,0.2192,4,2,2,5247.25,3,0
23,72840.33,510,48738,0.8281,16,3,0,1991.3,0,0
45,49520.89,746,54452,0.2322,2,7,2,17404.01,1,0
45,96387.31,466,69323,0.5764,8,10,1,15885.52,2,1
61,92514.37,759,47149,0.3184,7,10,0,13592.65,1,0
61,98411.51,656,16839,0.7731,8,12,0,4997.47,3,0
37,44869.75,603,3155,0.1714,23,5,1,8751.26,2,0
47,33265.85,532,8019,0.4609,16,3,1,1323.74,1,1
28,85564.29,626,55512,0.7565,23,4,0,3849.55,1,0
45,42008.67,481,62690,0.3435,7,6,0,5718.63,2,1
42,24119.59,633,27190,0.3715,20,8,1,445.16,2,0
56,101887.91,328,11928,0.2787,13,12,0,1093.55,3,0
50,111382.2,392,49425,0.0436,21,7,0,17703.38,2,0
18,43257.29,629,75134,0.0993,15,12,0,35475.16,3,0
44,18542.32,483,49974,0.511,17,3,2,3885.93,1,1
69,37083.25,394,48796,0.2557,16,2,0,1128.78,2,0
30,88227.8,652,49743,0.189,23,3,1,27394.22,3,0
58,119421.81,564,71035,1.0,6,5,1,24570.37,1,0
20,25237.23,318,38677,0.1282,19,14,1,10632.22,0,1
56,18119.48,798,57321,0.244,14,7,1,4133.82,1,0
23,109429.09,438,59973,0.0276,26,14,0,1194.26,2,0
25,37199.46,824,53414,0.1258,27,8,1,28050.02,3,0
44,50116.39,554,26602,0.4797,6,6,0,25304.97,0,0
26,169983.52,384,30692,0.2982,1,13,0,13594.66,3,0
54,18099.76,757,49750,0.4558,26,2,1,27163.79,3,0
50,62026.26,831,22760,0.6289,1,11,0,1505.44,0,0
68,18464.77,391,69456,0.2405,6,2,3,1156.91,0,1
59,36183.94,368,25085,0.1174,18,10,1,2132.43,3,0
61,88291.27,336,64964,0.3329,5,11,1,2426.99,2,1
41,40570.31,439,23925,0.3835,29,5,0,17554.42,0,0
32,279233.41,477,6615,0.4089,27,11,0,25476.54,2,0
49,51848.02,436,38083,0.8609,11,14,3,2428.24,0,0
49,32431.78,489,69319,0.821,14,5,1,6211.89,3,1
41,26187.18,641,10605,0.3378,12,1,1,6060.25,0,0
58,34421.28,304,45608,0.2477,6,1,0,1958.57,3,1
69,35972.91,556,20192,0.1792,6,9,1,19196.88,0,0
66,18203.48,542,4331,0.572,14,14,2,7391.76,0,0
66,35761.19,714,52330,0.1873,25,7,0,8352.61,0,0
69,43082.98,642,50949,0.5014,3,8,2,2989.83,1,1
29,72725.62,678,69382,0.4081,2,12,0,8190.7,0,0
56,63115.64,445,38586,0.2245,0,13,0,15728.16,1,1
19,70513.22,622,53243,0.361,6,5,1,3637.45,2,1
20,15377.95,421,59618,0.3005,8,3,0,1202.43,2,0
66,26046.39,551,79311,0.2253,0,13,2,8771.67,0,1
54,63769.91,610,8549,0.1875,4,3,0,10101.36,2,0
66,44773.26,774,53494,0.4574,14,12,2,2257.27,0,0
34,15239.74,791,24958,0.2437,3,3,2,2854.24,1,0
66,88447.54,646,38538,0.2259,9,1,0,1661.36,2,0
19,81688.5,786,6833,0.2307,1,11,0,25431.48,3,0
19,50775.04,772,24386,0.3365,22,11,1,2395.42,0,0
45,18094.88,681,72778,0.5888,6,3,0,106.95,0,0
40,80458.69,579,25832,0.223,28,13,0,18335.37,2,0
54,54437.18,371,78857,0.3239,23,2,1,16257.07,2,0
49,83538.45,820,39930,0.6168,18,8,1,6097.9,2,0
50,77698.81,665,33407,0.2789,5,10,2,15953.49,0,0
18,88105.29,393,5073,0.181,14,14,0,5971.4,3,0
36,47842.26,672,18667,0.291,19,10,0,2542.66,0,0
19,21804.01,638,17035,0.4395,11,6,0,5552.21,0,0
61,65047.93,736,7732,0.2171,10,5,1,6672.34,1,0
43,58597.42,635,56097,0.3136,2,1,1,90.44,0,1
49,76009.99,791,4487,0.5192,19,2,1,1202.82,0,0
23,23378.38,339,58702,0.4166,27,2,0,20775.64,0,0
49,24759.7,658,30075,0.0468,16,7,0,4982.8,3,0
21,114495.21,553,72031,0.5342,6,12,1,4026.7,2,0
28,77379.25,697,15781,0.1816,22,7,5,21924.45,0,0
34,122480.4,469,40865,0.1948,22,6,0,1679.1,1,0
55,78980.0,810,9469,0.3531,17,14,1,2446.06,1,0
41,55914.19,559,46167,0.4396,16,8,1,17599.73,2,0
22,62776.51,758,20928,0.8009,15,4,3,3280.25,1,0
69,113972.02,828,77521,0.1476,24,9,0,10030.26,1,0
51,53909.86,640,40599,0.3965,1,8,0,13454.28,3,0
23,60033.13,356,17775,0.4843,4,3,4,2519.55,0,1
39,22657.55,517,67504,0.278,29,3,2,2922.36,0,0
28,43903.69,763,76918,0.665,20,12,1,7262.8,0,0
65,71708.11,546,71687,0.7816,12,12,2,15712.45,0,1
33,29220.13,672,27804,0.4038,28,9,0,8082.83,0,0
50,25168.44,716,33259,0.1071,10,9,0,697.11,1,0
26,31948.13,330,44560,0.1029,23,13,2,4320.72,3,1
23,27438.6,667,28256,0.3716,0,11,0,4014.3,0,0
33,25888.21,407,7125,0.4198,26,5,1,16481.89,1,0
46,39890.66,717,5370,0.6105,22,10,0,3420.17,2,0
20,122289.58,697,5838,0.3474,2,14,1,23148.34,1,0
37,46831.52,571,58429,0.2923,17,14,0,4079.44,3,0
53,24367.06,415,4134,0.3772,20,1,1,2158.06,0,0
36,18604.29,555,44199,0.3321,3,3,0,7763.98,0,0
43,68605.86,380,78092,0.2401,28,11,1,4883.91,0,0
20,36715.21,427,34822,0.7455,8,5,1,10429.61,3,0
36,92626.01,534,21113,0.3754,10,4,0,24735.27,2,0
37,63481.73,480,64594,0.1089,16,4,0,28264.18,2,0
49,86586.88,456,3669,0.3261,10,1,0,2579.48,1,0
24,29282.11,753,50427,0.5429,2,6,2,1770.61,1,0
69,68046.97,323,13938,0.4127,18,12,2,28126.95,0,0
58,28797.42,772,6717,0.2105,19,10,0,16735.91,0,0
50,140910.21,699,78818,0.7448,22,11,1,3033.73,0,0
57,60523.36,433,48659,0.481,20,4,2,16345.22,1,1
56,32654.38,720,65575,0.154,10,1,0,13511.38,0,0
35,29131.9,512,17289,0.1132,25,10,4,2924.43,1,0
57,24533.95,781,25406,0.2131,13,14,0,23621.69,1,0
18,68382.02,647,13873,0.0424,5,6,2,3883.2,3,0
28,26106.72,465,24461,0.6886,18,5,1,6542.71,0,1
45,55707.78,647,21710,0.3053,20,5,3,9397.17,0,0
42,28832.48,697,14448,0.1209,28,2,1,2122.82,1,0
67,63807.79,734,16198,0.3246,14,1,0,9449.17,1,0
40,90918.32,520,74158,0.1071,27,7,1,12251.01,1,0
48,82733.62,607,68938,0.5437,10,5,0,1070.81,3,0
47,79380.14,765,51799,0.4538,17,3,1,4769.85,3,1
59,24356.09,398,35961,0.4696,3,14,1,9469.04,1,1
52,19164.19,541,44007,0.3478,27,6,2,26066.25,3,0
24,69021.38,457,66470,0.4154,18,3,1,22162.56,3,0
33,35673.69,526,53256,0.2711,2,6,1,1859.29,2,1
43,40480.96,722,21739,0.4944,11,6,1,9429.12,0,0
65,16424.0,371,59186,0.4844,3,14,0,1031.61,1,1
69,28523.98,542,27547,0.356,23,9,0,3479.69,2,0
66,16541.54,829,52431,0.6262,11,8,2,9094.9,2,1
19,110107.56,344,26476,0.5427,23,1,0,848.66,3,0
18,27551.23,771,79411,0.1431,0,7,0,21969.83,1,0
65,51672.61,670,11686,0.1476,27,11,0,17660.25,3,0
29,16789.17,391,18536,0.1117,15,9,1,6412.95,2,0
22,64461.96,321,35062,0.1916,20,2,1,6767.9,2,1
54,32555.6,471,49216,0.413,29,9,1,21316.86,2,0
49,117689.57,491,26041,0.8302,1,6,4,517.54,0,1
26,113564.05,376,32653,0.3453,25,3,0,1553.46,1,0
58,32706.3,580,22673,0.3762,21,8,2,3681.76,0,0
52,119050.82,663,11367,0.4571,2,7,2,4531.61,2,0
36,265275.48,478,20629,0.4215,27,12,0,43777.78,2,0
65,93540.63,537,73190,0.2048,15,8,0,1595.37,2,0
33,98857.52,434,26063,0.249,25,8,0,3611.19,0,1
20,27886.26,579,20322,0.4399,9,7,1,17599.7,3,0
37,53685.59,318,13693,0.2577,28,1,2,15341.2,1,1
41,18133.1,670,10241,0.2684,28,13,1,10636.8,3,0
50,19487.83,411,30778,0.2581,8,10,1,3983.18,3,0
41,321258.8,520,13651,0.4761,13,10,0,1253.1,2,0
69,32796.33,603,26966,0.1651,24,10,1,41072.2,0,0
28,77057.53,624,10275,0.2453,7,8,0,2895.86,3,0
66,88949.9,736,46606,0.7711,1,5,1,18619.88,0,0
25,102844.15,737,2658,0.4851,10,13,1,22538.73,0,0
53,286986.62,469,73468,0.1694,1,2,2,5814.26,0,0
55,27438.35,674,15248,0.3835,26,2,1,19026.73,1,0
57,16853.44,680,25437,0.1816,14,2,1,3271.67,3,0
37,38834.44,313,40727,0.8045,17,9,1,22064.67,2,1
52,21270.97,799,19201,0.1471,4,14,2,10105.09,2,0
65,16020.65,690,42150,0.1635,27,5,1,2161.33,1,0
42,35112.94,848,15999,0.4528,25,3,1,15443.39,3,1
52,83906.96,829,7376,0.2159,24,6,0,24498.37,2,0
42,52580.72,791,52673,0.6139,6,9,2,8449.7,0,0
46,31879.4,849,4476,0.3978,22,11,1,14286.71,2,0
35,62803.75,684,70902,0.5978,18,9,1,15837.57,3,0
63,26879.51,495,78994,0.1461,18,9,1,15483.63,0,0
35,15651.86,599,63878,0.1382,25,11,1,6059.08,1,0
19,80043.99,846,21615,0.3594,15,10,1,13468.53,2,0
52,58986.74,607,12164,0.4869,18,14,0,7952.48,2,0
33,79654.06,551,40316,0.073,16,11,0,5355.62,1,0
58,16787.24,307,69560,0.4786,12,4,1,1812.97,3,1
53,96663.27,507,30559,0.4229,27,5,0,23973.15,0,0
50,58485.21,430,63968,0.4514,7,12,0,5359.92,2,0
21,52292.72,325,67800,0.2151,27,14,0,2738.65,3,0
50,59091.03,753,10047,0.6253,10,1,2,2774.62,0,0
31,104923.1,485,45985,0.1001,17,11,3,2771.88,2,1
38,54786.93,783,73123,0.3863,10,10,1,24.77,3,0
65,54139.47,350,7577,0.4749,22,6,0,5766.43,3,0
37,225397.6,304,4870,0.1555,8,2,2,22135.45,1,0
25,78611.28,459,35094,0.069,13,7,0,254.68,2,0
24,41276.53,507,56329,0.6988,1,4,1,31372.38,0,1
20,70302.23,556,10217,0.5116,28,4,1,1973.82,2,0
34,37186.6,504,67141,0.4798,16,9,0,12689.53,1,0
50,26695.74,310,23343,0.3004,20,13,1,15386.46,0,1
65,55880.31,307,51822,0.3724,15,1,1,13284.61,3,1
29,133512.97,708,14003,0.3368,25,6,1,4142.67,1,0
68,134116.91,331,60538,0.5237,4,2,0,12167.62,0,0
39,33828.29,839,33089,0.3306,0,6,1,6405.06,0,0
39,48754.19,686,54595,0.1593,8,7,0,1651.07,2,0
63,25700.79,527,31029,0.1512,2,3,0,2243.06,3,0
47,259496.08,774,52324,0.6143,13,4,1,263.74,1,0
55,193629.36,506,52962,0.0982,17,2,4,4034.23,3,0
55,62178.9,617,40042,0.4698,11,7,0,13019.15,1,0
62,88428.99,647,77380,0.2221,22,9,2,34753.27,2,0
68,71502.79,533,46957,0.0468,13,5,2,1433.6,0,0
25,55469.89,343,44739,0.4776,27,11,3,4358.43,2,1
44,17467.07,441,39733,0.431,15,5,1,2002.8,1,1
44,42294.17,475,46389,0.3081,4,9,1,14308.2,3,0
51,65547.28,748,30715,0.2253,19,8,3,25205.4,0,0
38,65928.76,381,40116,0.6816,19,1,2,1210.4,1,0
47,36015.19,434,57922,0.3423,14,2,3,23391.1,0,1
50,142890.71,476,57251,0.2687,8,7,0,3167.58,0,0
45,23241.77,682,62794,0.1349,24,3,1,2523.97,2,0
64,46223.98,542,18580,0.1432,16,6,0,583.01,1,0
50,67831.74,440,1823,0.4825,11,1,1,838.91,3,0
22,68751.19,756,8084,0.2655,12,8,4,717.37,2,0
65,62067.34,739,78991,0.0137,9,2,0,5913.35,2,0
36,29489.16,355,11607,0.2044,6,1,1,10748.29,2,0
21,22643.14,826,77355,0.5408,26,2,1,2038.57,1,0
52,60469.69,718,12969,0.4471,23,8,1,2454.39,1,0
66,56154.64,387,64059,0.229,20,13,1,1898.26,0,1
34,23894.97,307,18333,0.784,6,10,2,16427.79,0,1
61,69956.33,776,78236,0.1287,7,14,3,1475.49,0,0
45,42327.83,514,37668,0.109,23,5,1,762.39,0,0
47,64585.48,796,12945,0.0986,14,12,0,374.08,2,0
46,96731.68,802,47526,0.1843,24,9,1,409.79,3,0
63,23370.11,544,48717,0.451,20,12,0,7911.41,0,0
23,15869.87,777,60426,0.2215,17,3,1,987.0,1,0
52,82952.56,608,79349,0.2876,21,8,0,2515.77,0,0
58,57337.49,530,5601,0.0678,0,4,1,17878.28,1,0
54,69124.74,682,13930,0.6133,9,7,0,34453.97,3,0
41,96950.22,454,5333,0.5502,21,10,0,19722.6,2,0
46,88061.65,474,71935,0.2721,18,10,0,32089.9,3,0
66,160896.67,414,18839,0.2707,28,8,0,11100.31,3,0
63,49547.89,689,52337,0.3221,2,3,0,43595.94,2,0
48,45167.96,610,41204,0.3694,6,3,1,6858.61,1,0
52,38128.92,599,21195,0.3455,3,1,0,15832.26,3,0
50,22509.19,317,28848,0.3683,4,8,1,35635.79,2,1
69,53252.33,311,41854,0.2844,5,2,0,12354.33,1,1
38,29596.35,703,51998,0.1444,27,7,0,31400.64,1,0
49,129399.34,531,68390,0.3716,9,11,0,2925.53,1,0
40,54380.7,577,32558,0.2424,11,7,1,3570.69,2,0
50,55434.73,652,3985,0.3342,13,14,2,5062.36,0,0
20,34727.47,602,62794,0.0976,21,7,2,6247.16,2,0
35,17402.53,840,44585,0.2538,1,4,0,22769.63,3,0
42,16451.63,769,41264,0.1849,2,7,1,21880.29,2,0
59,39772.23,376,34326,0.4496,0,10,2,10728.28,2,1
48,18976.03,820,60261,0.3498,2,14,1,2643.59,3,0
20,57010.03,323,35022,0.2,23,11,1,2749.33,2,1
57,110778.22,314,16667,0.2183,14,8,0,9989.75,2,1
63,111518.41,824,19065,0.4027,15,9,2,6999.46,3,0
41,63420.27,646,11006,0.388,19,7,2,2991.24,0,0
67,25677.73,471,72819,0.3144,1,6,2,1842.08,0,1
49,104448.81,626,46076,0.423,19,5,0,12823.87,1,0
64,112756.95,784,69861,0.5678,15,10,2,16778.86,0,0
39,24853.62,788,51393,0.1837,29,10,1,3028.7,2,0
40,75175.02,761,4143,0.0885,14,7,2,5532.5,3,0
19,30192.01,677,58505,0.4411,6,10,0,12499.96,1,1
44,88022.73,463,13417,0.2136,24,2,2,6334.11,2,0
59,280129.38,671,32300,0.4284,4,5,1,32508.07,1,0
19,16371.87,723,29896,0.4654,28,13,1,1388.01,3,0
43,117446.31,776,51629,0.3709,4,8,1,19265.33,2,0
34,58853.87,681,28606,0.2053,27,6,0,3653.89,1,0
57,178178.59,454,40916,0.0355,20,6,1,11617.02,1,0
50,43147.78,556,62330,0.1244,25,1,0,2926.21,0,0
26,99593.52,367,8551,0.1535,8,2,2,33953.04,1,0
60,17899.15,643,57422,0.4015,22,3,0,514.35,0,0
65,33377.46,576,68782,0.6291,13,7,2,7206.65,0,0
56,18121.55,690,66391,0.1585,18,12,0,24136.65,3,0
46,181621.49,748,64411,0.3535,29,10,0,6345.77,0,0
59,91415.69,558,74185,0.2557,17,6,0,18347.48,1,0
43,101141.19,606,1888,0.1752,8,5,1,29923.11,0,0
52,140102.71,394,58135,0.4753,2,9,2,702.46,0,0
67,19002.49,763,30424,0.5523,28,10,1,6710.09,1,0
42,36919.73,545,42559,0.3639,10,7,0,11597.09,3,0
41,18315.78,486,12075,0.4478,23,9,1,17848.48,3,0
30,25652.7,672,23699,0.3568,14,11,0,1781.17,1,0
24,26724.36,705,48972,0.3037,27,11,2,8365.21,2,0
53,43493.78,707,10950,0.5919,3,3,0,1778.38,2,1
62,29073.44,424,6413,0.137,20,11,4,14081.18,1,0
37,19790.16,636,40305,0.1451,23,8,0,3349.65,0,0
18,23249.01,640,4569,0.0352,4,12,0,3130.93,1,0
25,22169.35,477,67778,0.3985,25,9,0,14688.15,1,0
63,177664.51,469,31085,0.4453,17,2,0,18452.08,2,0
33,79087.78,338,77023,0.3277,21,4,1,4205.83,2,1
31,169556.68,368,37163,0.3847,22,2,0,6953.55,1,0
29,41070.98,535,50592,0.1799,11,13,1,11824.09,0,0
68,29680.83,680,58333,0.2394,0,7,0,13671.59,3,1
40,87042.3,356,9039,0.2667,25,14,1,14701.89,1,1
32,32770.59,576,9198,0.1455,24,4,2,4949.32,1,0
45,31010.75,398,35354,0.1505,21,14,1,7686.08,3,1
51,26908.11,826,4824,0.3562,19,12,1,1160.25,2,0
19,21250.19,624,51420,0.1679,1,6,4,29671.77,0,1
49,28335.16,760,4436,0.4243,8,8,0,12087.04,2,0
40,34755.04,478,41857,0.593,21,14,4,4708.88,3,0
39,65437.81,418,17057,0.2606,24,13,2,4936.61,3,0
68,17907.35,768,2310,0.3242,17,6,1,948.43,3,0
42,25636.39,848,76355,0.0962,4,4,2,6105.04,3,0
39,89502.25,754,79993,0.134,21,6,1,11178.68,0,0
39,22150.69,325,67013,0.1059,13,1,0,30481.74,1,1
66,33878.91,789,61022,0.3518,10,6,1,10429.5,1,1
69,104998.07,307,9906,0.455,20,11,1,10518.57,3,0
59,22574.86,815,10868,0.1735,21,14,1,15437.15,0,0
23,18886.24,832,19546,0.5354,2,10,0,7129.52,3,0
32,44821.13,448,73855,0.5948,8,13,1,326.67,0,1
60,31206.18,787,34149,0.2865,1,11,0,22059.8,1,0
54,52294.06,324,68381,0.3485,13,8,1,5149.53,0,1
50,88289.05,724,24684,0.3001,27,4,2,41776.01,1,0
25,21638.07,592,30858,0.3327,1,9,1,5215.12,0,1
61,54112.49,484,46330,0.0467,20,6,2,11036.28,2,0
61,46690.16,730,60204,0.2829,26,6,1,6159.52,0,0
22,22000.96,616,26293,0.0223,9,4,1,2645.12,3,0
56,59017.29,697,57869,0.5167,18,8,0,26703.43,2,0
21,29386.95,623,5629,0.5062,28,5,0,9866.87,2,0
23,45109.82,845,6704,0.2618,28,12,0,5987.86,2,0
62,18863.46,375,2776,0.6366,1,1,2,1556.81,2,1
49,42693.73,785,58255,0.7208,15,7,0,70210.04,2,0
69,31467.81,387,49281,0.2462,5,8,0,22551.83,2,0
47,92765.2,531,32236,0.4718,11,6,1,5495.41,2,0
64,17639.99,306,67780,0.6112,21,7,0,1880.87,0,1
52,39404.8,849,2333,0.21,6,12,2,301.36,3,0
57,42597.85,351,70205,0.0971,3,7,0,1646.8,0,0
69,73095.28,695,51946,0.3516,7,4,1,7644.91,2,0
33,53429.6,520,56333,0.367,18,14,1,16916.92,2,1
30,64511.28,727,28277,0.3639,9,4,2,4518.05,2,0
67,82536.2,442,51606,0.2203,0,14,1,5691.28,0,0
59,104188.81,662,2933,0.2474,4,12,1,6410.71,3,0
47,31951.33,681,34514,0.0605,5,1,1,177.33,3,0
36,49750.78,576,63958,0.328,26,2,1,1948.49,0,0
34,97496.57,570,7827,0.6456,28,3,1,6949.66,1,0
36,219828.15,313,31844,0.4373,18,5,1,3276.62,1,0
45,114131.15,597,1792,0.0856,17,10,0,7409.16,3,0
43,35896.52,763,40695,0.1863,18,9,0,1144.01,1,0
54,24770.39,826,43510,0.216,18,5,0,16236.14,0,0
43,45246.94,533,40137,0.5246,22,13,0,15312.94,3,0
40,75903.31,326,74410,0.7513,0,6,1,11082.36,3,1
26,45527.76,770,40632,0.1302,26,14,0,7580.91,0,0
29,44702.8,392,37790,0.416,19,7,1,4941.06,0,1
18,96971.2,608,31885,0.4615,10,4,1,11477.61,0,0
18,35181.73,351,66214,0.0563,2,8,2,15224.31,2,1
64,103409.13,618,77544,0.1783,9,11,1,16533.5,1,0
51,38500.43,480,45870,0.6003,26,6,0,4270.68,1,0
49,32902.97,419,49110,0.0364,6,11,2,2156.08,3,1
65,42230.3,342,6171,0.1231,16,1,1,4182.93,1,0
42,79681.4,559,10589,0.7371,23,6,2,77.55,3,0
57,21060.48,496,19077,0.3784,25,2,2,5503.07,3,0
62,24840.49,554,65874,0.1787,15,4,1,3194.92,2,0
18,151127.45,635,73246,0.2309,6,11,0,15608.38,3,0
33,23683.56,801,39227,0.4412,12,4,1,11233.53,2,0
56,52741.44,554,15937,0.5846,11,10,1,263.28,1,0
22,53964.14,813,10754,0.5725,11,13,2,1558.2,2,0
39,45267.38,541,26688,0.1076,7,10,2,7813.04,0,0
46,61571.41,448,8048,0.3078,7,5,1,9625.89,2,0
20,26751.29,598,23568,0.1936,12,10,0,14648.16,3,0
29,51199.86,752,76019,0.1733,10,12,1,34509.88,1,0
43,35947.1,692,18545,0.3012,24,2,1,12103.92,3,0
33,63767.64,511,46217,0.4294,0,6,0,7872.31,1,0
68,21851.1,837,49122,0.1492,24,11,0,5351.62,3,0
54,53070.57,430,34746,0.1607,16,3,1,13401.48,2,0
39,24220.45,628,9709,0.2749,18,9,5,27295.51,3,0
46,29697.95,555,26358,0.6173,12,6,0,5497.56,0,0
31,26106.39,778,12023,0.3648,22,3,1,8785.92,0,0
45,24086.29,362,29756,0.1388,14,3,0,2319.75,1,0
22,93616.81,610,64175,0.5993,28,5,0,19481.81,1,0
64,30140.83,706,55281,0.2807,23,6,1,12501.1,2,0
66,132854.68,404,50289,0.3213,11,4,0,4380.51,3,0
47,172685.03,314,59097,0.3561,20,12,1,20718.52,0,0
63,53110.76,558,77681,0.1758,16,5,1,35351.98,2,0
69,21944.34,711,48259,0.138,2,3,0,3404.08,1,1
22,36117.65,558,19839,0.0353,6,10,2,2065.69,2,1
29,86917.34,559,28410,0.026,1,13,0,17831.5,1,0
33,35605.6,344,12447,0.4478,1,4,0,8733.04,1,1
43,19096.72,630,76665,0.2528,24,8,1,21573.45,2,0
43,51616.5,464,14907,0.0043,5,8,2,4269.72,3,1
65,98929.96,492,22637,0.7469,3,1,0,8704.91,2,0
38,86517.35,820,39196,0.4523,15,4,1,8608.84,1,0
56,23663.45,700,23369,0.244,14,2,0,2085.4,0,0
53,65268.4,673,3589,0.6982,9,4,1,48198.12,3,0
50,26209.86,364,24560,0.4364,13,5,1,10908.21,3,0
47,26077.47,686,4034,0.2891,8,1,1,10910.77,0,0
54,108241.94,794,1169,0.0733,14,12,0,3522.13,3,0
40,27925.83,714,4239,0.2736,6,5,2,10509.15,1,0
27,28747.64,329,4415,0.2972,6,7,2,17896.18,2,1
22,15029.41,565,77944,0.1978,7,5,0,16793.38,1,0
53,107042.12,627,4484,0.3453,18,7,0,25222.97,3,0
51,85788.64,791,54987,0.5039,17,13,0,1609.65,0,0
69,59417.66,516,19225,0.2721,16,9,1,2019.05,3,0
48,77431.11,619,62104,0.0772,17,13,0,12384.56,1,0
27,22421.94,698,21936,0.153,18,8,1,16489.0,3,0
36,42588.89,404,40612,0.7726,20,1,3,11218.09,3,1
49,34469.73,629,40952,0.0594,7,14,0,1541.52,1,0
18,19431.12,346,59945,0.332,12,10,2,9037.41,3,1
22,44960.37,613,6380,0.2658,26,10,1,13798.41,1,0
62,129075.78,446,51298,0.4406,10,2,2,1473.18,0,0
21,16839.76,761,28260,0.3016,28,6,1,574.54,3,0
33,30504.75,785,33879,0.2702,18,5,1,2941.0,0,0
41,25467.65,709,17143,0.552,6,1,0,951.37,2,0
33,27240.05,326,50744,0.4319,26,14,1,1608.02,3,0
19,122581.56,328,73949,0.2954,26,2,1,2273.7,2,1
66,43405.87,570,32578,0.3346,4,3,0,7564.96,0,0
45,43256.41,800,58331,0.6556,4,10,0,1694.35,0,1
49,79328.3,552,64815,0.3201,29,5,0,9280.65,1,0
44,22551.81,684,72519,0.573,7,7,4,3434.21,2,1
37,45059.86,359,20178,0.5818,9,6,0,3718.68,2,1
41,40294.18,406,76857,0.1559,4,3,2,34233.98,1,1
29,55886.87,519,61197,0.152,25,6,1,16355.38,2,0
67,362558.83,740,37366,0.3922,14,4,2,5518.95,0,0
52,81027.72,845,53955,0.6016,22,3,0,5932.19,0,0
50,37827.36,395,42911,0.1952,15,4,1,1219.33,0,0
50,94094.95,388,54619,0.4247,28,11,0,18613.77,0,0
68,23423.25,530,45296,0.4334,27,8,4,39.97,3,0
60,16392.18,574,23791,0.032,9,1,3,1560.47,1,0
54,25292.38,545,9301,0.461,23,3,2,7637.07,3,0
29,33726.26,410,36779,0.2029,7,10,2,2087.83,3,1
20,47154.11,533,37894,0.3259,18,12,0,10017.95,2,0
18,57968.13,577,50250,0.0626,3,8,0,36.47,1,0
50,123661.43,776,71994,0.2081,13,12,3,1035.98,3,0
57,47087.34,716,42770,0.3026,28,14,4,14468.24,3,0
27,46306.58,427,23300,0.3601,7,10,0,8592.52,1,1
60,17319.71,536,69235,0.2373,20,9,0,196.5,0,0
61,16599.1,427,30485,0.2862,13,3,2,2304.38,1,0
46,51048.99,693,41285,0.4298,11,9,0,2730.74,1,0
30,40945.71,774,67555,0.3514,0,10,1,18908.77,1,0
29,97236.24,694,33471,0.1254,22,11,2,8735.61,0,0
48,22882.32,410,49671,0.1048,18,10,3,7796.31,1,1
63,16137.99,389,21270,0.5388,17,4,1,906.91,0,1
19,41824.09,579,14698,0.4511,11,12,0,10698.64,3,0
68,27200.61,632,73265,0.3984,9,4,1,1694.71,3,0
67,17289.94,523,40729,0.3151,20,13,0,7376.04,0,0
52,73028.6,400,12171,0.2136,0,13,1,8980.47,2,0
40,20324.64,431,61684,0.1813,13,12,0,18443.77,1,1
34,57178.9,312,56165,0.4354,8,13,1,16422.04,3,1
43,29848.34,756,50948,0.1677,25,7,1,2108.51,3,0
25,23574.78,740,35725,0.3568,29,13,0,24792.24,0,0
46,36493.58,397,20450,0.4297,14,6,2,27.58,2,0
43,87751.19,419,14300,0.1305,20,10,1,4006.65,2,0
27,37398.04,592,5441,0.27,21,14,1,686.71,2,0
43,77522.0,300,20332,0.4348,22,3,0,12764.18,0,1
51,21033.93,549,21115,0.2928,13,8,1,6935.97,0,1
68,81680.95,448,42997,0.0578,8,12,0,1923.03,1,0
58,27168.44,694,14615,0.6433,10,14,1,889.74,3,0
24,65909.44,343,15732,0.3197,4,14,1,2562.92,3,1
21,52539.34,343,26367,0.1558,11,5,1,25351.66,0,0
67,134120.21,377,43738,0.6471,15,2,1,11321.32,3,0
62,37046.25,525,1981,0.1069,19,10,2,2773.89,1,0
28,18080.51,461,63881,0.4269,27,14,0,22419.1,0,0
46,15870.36,552,59609,0.3528,2,3,1,1467.55,3,0
53,93914.09,431,9566,0.2027,4,7,1,11661.7,2,0
42,48474.78,747,72885,0.1068,29,10,0,5531.17,0,0
38,82173.31,773,11728,0.5433,25,9,0,3124.07,3,0
53,27020.8,408,37214,0.2592,25,1,0,3042.28,3,0
27,34046.16,334,58935,0.5073,28,12,1,6947.55,1,1
54,16375.48,766,46588,0.04,18,6,2,26808.25,1,0
26,161560.4,574,19953,0.5424,4,11,1,13560.53,2,0
41,64600.01,486,69408,0.5779,23,14,0,10850.61,2,0
52,136775.78,542,75904,0.4111,17,9,0,20836.17,2,0
66,28885.22,563,35103,0.2096,28,7,2,8447.52,1,0
52,57541.58,821,71949,0.2633,3,3,1,2131.14,3,0
65,66064.09,840,50264,0.3565,23,7,1,37795.4,0,0
53,32192.95,386,21156,0.3012,14,12,0,7651.68,0,0
35,99806.72,834,14423,0.2231,29,2,1,3787.64,1,0
66,147323.15,509,39062,0.5729,4,10,0,15058.47,1,0
56,112270.38,345,43805,0.1643,7,2,0,6236.13,1,0
49,75457.12,766,2987,0.5909,15,1,0,125.4,1,0
41,29624.5,839,63979,0.2298,21,3,1,3855.84,0,0
40,29883.8,325,38597,0.363,0,1,1,6110.03,2,1
49,163798.06,565,28868,0.5226,4,8,0,4662.04,0,0
54,15465.2,474,77970,0.157,25,13,2,8023.93,1,1
29,71653.07,815,64805,0.1874,17,11,2,2025.57,2,0
66,70125.59,610,17636,0.2636,15,8,1,8496.51,0,0
30,58860.91,621,58467,0.3445,22,4,1,43067.92,1,0
40,222725.15,434,18007,0.7217,29,1,0,14016.6,1,0
42,31820.6,354,77864,0.0592,9,2,1,11537.53,3,1
52,33696.28,842,4389,0.2183,3,2,0,2239.06,3,0
58,18700.33,830,10458,0.2961,17,2,2,8717.33,1,1
47,41317.25,455,69481,0.4404,16,9,0,17129.95,0,1
34,28613.54,446,75888,0.288,20,7,2,2752.77,3,0
66,33929.7,784,77022,0.1158,26,9,0,907.84,0,0
37,95964.81,319,42400,0.2931,25,10,1,10840.13,0,0
65,138338.25,568,68628,0.1558,12,10,0,11195.95,3,0
42,24246.02,632,52857,0.5191,7,2,3,16316.28,1,1
39,35971.16,700,65367,0.7387,7,5,0,9930.77,3,0
30,133794.85,605,37527,0.3331,11,1,0,18843.3,0,0
36,17871.05,327,71648,0.1008,28,2,0,3093.78,2,1
66,19360.86,766,17937,0.1456,25,4,3,359.2,3,0
53,22995.67,559,38672,0.2311,17,10,2,13197.23,2,0
29,55697.72,833,2112,0.6111,5,1,1,4876.62,1,0
58,22338.36,400,36545,0.1465,6,12,0,2352.54,3,0
36,169998.41,652,49355,0.1196,25,8,2,530.19,2,0
29,41634.65,599,76561,0.0557,16,6,2,14080.34,1,1
26,46328.45,595,35082,0.3585,4,14,0,17505.59,0,1
24,27745.66,652,61482,0.0984,21,14,0,4926.96,1,0
45,43651.13,429,12304,0.1175,22,1,0,21636.33,1,0
31,63800.43,455,57625,0.5771,26,9,0,5370.95,0,0
48,77595.63,373,73551,0.3664,24,1,0,30271.82,1,0
69,78084.94,641,45885,0.3987,18,11,0,40869.03,3,0
36,53812.14,764,72246,0.1731,7,4,0,17016.98,1,0
64,120622.28,389,13588,0.6177,25,5,0,2960.27,2,0
33,91522.51,754,21967,0.5293,18,13,4,4562.18,1,0
22,78670.13,631,25256,0.322,26,11,2,7606.88,2,0
52,17574.51,647,59348,0.1447,24,9,2,3985.1,1,0
29,15310.58,532,26052,0.6386,7,13,2,17088.7,3,0
42,25747.12,401,59479,0.1164,24,12,1,26248.33,0,0
69,64015.23,780,61200,0.3332,20,2,2,42536.48,0,0
38,38834.9,513,3506,0.0781,26,12,1,4099.22,2,0
53,38167.99,407,21709,0.7149,24,9,0,3150.45,1,1
40,112165.68,464,59535,0.2837,28,12,2,1756.25,1,0
33,116662.64,634,45840,0.11,18,14,0,486.26,3,0
56,122947.06,385,61587,0.0778,6,1,2,1948.17,1,0
62,31951.5,723,60321,0.5416,2,4,0,3347.85,2,0
59,67856.76,663,44202,0.198,5,11,1,4960.4,2,0
56,29262.77,359,57588,0.0314,7,7,1,1162.09,3,1
31,24516.34,781,4090,0.2613,17,4,2,17161.04,2,0
48,24185.23,549,60231,0.8974,14,8,1,9650.56,2,1
22,33842.13,416,22552,0.2222,23,7,0,8269.86,3,0
52,40292.01,844,34741,0.8566,16,6,1,7880.64,2,0
40,94990.01,343,22661,0.6972,3,5,2,3424.32,2,0
46,20746.93,808,42025,0.4063,6,10,0,27732.76,0,0
60,74748.56,464,7092,0.1765,29,3,0,2636.2,3,0
28,49115.53,667,36674,0.4344,16,8,1,11046.63,0,0
35,30282.03,591,1570,0.2581,21,4,1,2918.34,1,0
64,45549.98,585,13084,0.3834,25,8,4,45678.43,3,0
29,31046.65,503,66843,0.1549,5,1,0,24266.01,1,1
26,55794.45,823,61752,0.1925,29,11,0,3072.82,2,0
27,40599.85,420,70278,0.4483,12,13,1,43796.64,0,1
61,23082.53,487,1765,0.3673,6,2,3,9833.91,2,1
34,20578.11,312,25198,0.042,8,14,0,13039.92,0,1
55,50603.62,499,62201,0.499,22,2,0,3325.62,0,1
24,119715.51,755,74271,0.2908,18,12,1,2433.07,0,0
63,33968.85,747,48199,0.1532,19,6,1,19524.15,0,0
30,74422.82,370,12377,0.5852,12,5,2,3218.48,2,1
57,63369.61,429,9036,0.2658,14,13,0,24953.13,2,0
59,135677.56,342,41364,0.2847,16,10,0,4567.25,2,0
26,92411.85,819,38443,0.4831,4,10,0,91.89,0,0
67,52624.78,312,2663,0.2518,22,13,1,8968.88,1,0
44,63155.12,834,40244,0.0501,18,7,1,4363.78,2,0
19,117896.03,601,59391,0.145,5,2,1,37286.02,2,0
22,37951.08,826,78564,0.5394,11,9,0,4889.28,3,0
46,32806.72,414,16077,0.1159,14,2,2,3775.61,1,0
54,15489.15,759,58849,0.4082,14,1,2,8356.21,2,0
55,93834.24,804,20631,0.3749,2,14,2,13089.17,2,0
36,87645.91,607,53652,0.4093,3,2,1,33967.05,3,0
25,19964.5,624,68446,0.2988,4,11,0,721.57,0,1
65,53702.07,474,34500,0.144,5,3,2,5438.8,1,1
62,43061.41,813,20897,0.2433,5,14,1,10896.85,1,0
18,20686.54,471,59915,0.2471,16,6,1,49.81,3,1
39,192338.06,801,38377,0.6328,27,7,2,6714.5,1,0
69,25875.79,633,77670,0.4883,7,11,3,16426.42,2,0
34,18132.05,583,27897,0.1446,18,6,3,522.11,1,0
24,55657.11,774,48280,0.469,19,1,1,4163.44,3,0
42,75422.59,353,58320,0.082,23,9,0,5123.57,0,0
62,16484.16,757,73592,0.3609,20,12,1,12597.84,3,0
21,63377.03,719,69289,0.3391,21,8,2,3505.78,1,1
53,49195.99,708,32941,0.1682,12,12,3,2827.18,3,0
23,19904.77,603,15234,0.0789,28,2,1,1227.37,3,0
48,23521.88,521,76172,0.1541,14,1,1,54917.88,1,1
36,52767.16,832,4376,0.1578,16,7,3,6380.27,0,0
61,30816.83,457,31783,0.1599,23,3,2,494.13,2,0
56,140357.68,647,42249,0.4551,20,3,0,796.2,3,0
44,91852.08,458,44025,0.0445,16,11,0,1369.13,0,0
27,199881.44,534,17447,0.5863,22,10,0,2379.33,0,0
43,28529.72,704,17713,0.1426,1,9,1,13487.11,3,0
36,172382.45,556,5858,0.3881,27,14,3,8180.04,1,0
56,40392.87,346,52115,0.4478,21,2,2,14990.57,1,1
20,34213.78,512,60834,0.5725,29,14,0,200.17,3,0
62,17324.76,778,5539,0.4718,2,13,2,3080.43,1,0
30,17439.38,786,64983,0.2159,21,5,3,5200.78,1,0
67,67996.14,641,19857,0.173,8,4,2,5603.9,0,0
45,42556.12,823,6364,0.4893,5,14,1,550.48,2,0
37,26558.59,802,66985,0.5249,0,1,1,7164.57,2,1
45,57832.84,305,60169,0.3329,21,6,1,3377.46,1,1
25,28117.51,443,22078,0.1448,18,6,1,2125.41,1,0
58,53784.5,560,38574,0.2672,3,11,1,11121.89,3,0
56,35027.32,531,1869,0.4352,12,1,2,875.75,1,0
18,93062.87,569,63624,0.1271,19,7,1,20174.63,3,0
20,92340.31,746,41075,0.3964,24,6,0,23008.4,2,0
30,44197.98,521,4659,0.2039,7,14,2,3938.38,0,0
45,34441.97,351,37370,0.1878,22,14,0,43351.15,3,0
66,35263.27,415,59185,0.2885,4,4,3,5129.39,0,1
42,88729.2,837,44751,0.5709,9,7,1,32785.01,2,0
50,32899.38,840,63758,0.4553,26,3,1,43334.99,0,0
55,25553.96,318,6131,0.3924,19,10,1,17539.45,2,0
23,18982.08,691,2358,0.9168,28,11,0,1333.38,0,0
61,43289.62,718,58371,0.5636,18,6,1,8780.78,0,0
62,44611.58,608,17246,0.2905,11,6,1,13164.7,1,0
49,97722.47,485,18216,0.264,0,13,0,806.29,2,0
62,26252.28,560,42209,0.496,8,10,1,22409.43,3,0
64,36583.62,827,43987,0.3949,23,6,1,19092.24,2,0
38,89356.89,572,21577,0.1112,15,3,1,27159.27,1,0
33,93081.07,459,43320,0.1729,16,10,0,7221.56,3,0
38,36847.54,523,12301,0.1105,17,5,1,3920.13,1,0
28,42655.44,555,76051,0.146,13,13,0,7059.18,2,0
54,31262.11,479,1891,0.2014,16,1,1,13069.48,2,0
53,136339.85,319,22972,0.2881,0,6,2,5382.06,1,1
52,20683.2,767,51457,0.2128,29,7,2,4334.99,3,0
36,137144.0,509,55435,0.2158,24,5,0,801.86,2,0
37,66821.57,812,21932,0.4076,20,5,0,5928.25,1,0
35,49126.79,357,5192,0.29,14,13,2,4990.45,2,0
64,16494.19,392,17128,0.6003,18,6,3,10885.4,1,1
58,44047.2,520,23836,0.4646,1,7,1,5775.8,2,1
66,38572.05,531,25837,0.4174,27,4,2,40.47,2,1
31,22911.24,663,23778,0.5021,29,7,0,6623.34,0,0
32,63073.73,673,44130,0.1373,23,5,1,14859.59,3,0
48,174555.45,755,17708,0.4457,23,7,3,29059.77,2,0
18,52168.54,387,25232,0.1864,13,1,1,2143.77,3,0
20,71448.03,319,58266,0.5974,21,10,2,5491.09,1,1
33,18190.77,313,40412,0.3343,1,12,1,18803.34,0,1
40,39332.08,432,5782,0.208,26,2,1,437.91,1,0
28,20566.67,333,62196,0.6499,14,2,1,4306.22,3,1
29,57696.14,507,27315,0.4311,0,7,0,8942.38,1,0
27,140479.26,498,11052,0.2605,21,9,0,4193.35,1,0
49,63782.34,454,20521,0.6771,0,7,4,6721.42,1,1
33,18596.07,377,70434,0.7011,11,12,2,27986.49,3,1
25,34709.44,471,70690,0.2765,21,6,1,242.17,2,1
55,50999.23,588,36546,0.0491,14,3,0,811.17,1,0
29,38228.38,844,26972,0.2656,25,5,1,2193.54,3,0
41,95713.14,719,79059,0.449,17,10,4,4859.69,0,0
45,90853.02,306,65385,0.2456,14,2,1,6363.7,0,0
25,57584.15,459,23030,0.1254,6,9,2,373.61,3,0
45,36039.27,539,41376,0.338,11,6,1,21418.76,1,0
53,28267.02,722,78400,0.206,9,9,1,14212.58,2,0
43,20035.9,835,79412,0.5085,1,9,1,3119.89,0,1
25,34725.59,369,19055,0.0695,1,12,2,2967.47,2,1
67,38986.1,515,26493,0.6385,5,7,2,259.18,3,1
45,65690.94,403,75861,0.5466,19,14,2,5093.8,0,0
45,63303.54,353,37775,0.0825,5,5,3,2936.74,1,0
54,18270.91,629,52057,0.1493,27,4,2,9634.35,0,0
58,37633.0,502,37253,0.282,23,1,2,7938.14,1,0
53,24028.02,587,52884,0.6407,26,9,0,31496.58,2,0
44,22675.48,344,77497,0.1779,9,6,0,15859.36,0,1
34,94029.53,497,18705,0.2436,2,14,1,843.22,3,0
26,16926.86,515,45676,0.5068,15,2,0,12183.66,0,1
50,39449.37,780,8101,0.3409,4,12,1,1132.98,1,0
37,23287.54,608,63495,0.3038,4,7,4,3902.14,2,0
30,110161.39,734,5743,0.1481,9,12,1,8097.21,3,0
45,51642.46,631,9951,0.4746,24,6,0,6846.19,1,0
65,26842.17,326,8014,0.6294,22,13,1,11819.99,1,1
46,46410.61,465,37180,0.4913,12,4,0,16608.8,3,0
30,74168.41,617,57977,0.314,24,6,0,17683.48,3,0
63,157780.47,573,60534,0.3804,23,13,1,601.04,2,0
52,26206.5,682,64209,0.2278,2,11,1,10262.61,1,1
23,112791.87,664,42908,0.451,17,6,0,32539.32,1,0
35,137522.35,402,51918,0.4336,18,5,0,14065.83,2,0
68,126688.09,802,9219,0.398,5,1,1,7337.67,0,0
22,60404.72,672,8163,0.2447,26,3,0,65290.9,3,0
64,59719.55,544,3470,0.3001,27,7,0,449.79,2,0
42,38228.6,468,17543,0.2087,25,2,2,922.83,3,0
19,77816.95,717,20276,0.3707,19,10,1,14616.31,2,0
27,49100.08,655,37881,0.2686,26,10,0,7979.47,2,0
47,65915.71,777,79950,0.2402,0,1,1,1328.74,1,0
67,40173.77,424,8749,0.9387,9,8,0,4705.04,3,1
62,74170.1,836,25182,0.0448,9,7,0,664.48,2,0
22,93297.93,701,78450,0.4076,28,6,3,7474.35,1,0
50,22125.08,816,22383,0.0912,24,10,0,1098.92,2,0
18,95520.33,830,79578,0.3073,21,5,1,69.23,3,0
35,49972.81,553,26412,0.4942,0,6,0,3892.34,2,0
49,98797.97,420,14181,0.1589,18,1,3,2664.0,1,0
64,40398.24,331,45898,0.0674,10,12,3,4495.7,1,1
66,36442.02,336,60630,0.414,26,9,1,4314.86,0,1
28,125961.85,641,4405,0.1806,12,1,1,9942.87,3,0
38,28015.9,312,11862,0.1354,16,4,0,11394.81,0,1
43,98666.76,482,55679,0.2555,27,13,1,1362.31,1,0
42,44775.98,564,29688,0.7224,24,3,0,6707.24,0,0
39,47478.44,387,49017,0.2349,19,4,0,21995.9,3,0
44,31598.08,761,13939,0.2009,17,1,1,1606.51,1,0
66,53298.15,345,40585,0.2518,3,10,0,34074.53,0,1
30,32701.0,691,23942,0.1186,14,4,2,195.35,0,0
50,16802.76,418,6272,0.2569,1,4,1,1050.45,1,0
51,29285.35,830,45134,0.6357,5,3,2,1955.01,2,0
58,15287.98,746,25265,0.1402,21,8,0,6344.88,1,0
52,187483.69,345,49192,0.1505,26,7,3,3554.65,0,0
18,166829.43,807,29668,0.4612,22,9,0,5415.77,3,0
38,37625.26,825,70283,0.5036,8,2,1,28270.32,0,0
65,73649.29,302,10297,0.5874,10,10,1,4176.1,1,1
23,34095.82,327,65005,0.0584,24,3,0,18846.38,0,1
45,65039.13,680,59434,0.2302,19,6,2,755.94,1,1
34,88663.36,456,65749,0.4882,15,2,0,16710.23,0,1
22,146979.36,810,2607,0.1057,24,13,1,23182.99,0,0
48,38003.08,632,60183,0.5743,7,12,1,3354.72,2,0
22,83815.44,413,57305,0.5028,27,12,1,7920.82,1,0
55,28911.69,688,28973,0.1026,16,2,2,2072.22,2,0
20,223753.44,786,24117,0.2224,22,10,0,952.52,2,0
40,16174.84,549,8645,0.238,22,2,0,14714.23,0,0
54,56631.84,614,43238,0.3998,25,12,0,9937.93,1,0
54,63481.1,538,70694,0.2577,3,2,1,13953.08,3,0
27,67420.42,533,42773,0.1731,6,13,0,5792.58,0,1
27,20772.33,602,17786,0.6618,10,5,1,2871.57,1,0
36,140514.11,633,41693,0.2178,26,12,2,5566.08,2,0
34,23995.28,412,27578,0.3037,10,14,1,669.84,0,1
38,58868.53,661,47408,0.4242,10,1,2,3334.15,3,0
31,26335.42,396,70702,0.2243,25,7,0,3531.42,0,1
26,31516.69,315,16076,0.4323,25,1,1,12536.0,2,1
63,50580.09,675,20377,0.244,20,1,0,545.99,2,0
18,39295.5,689,10278,0.7297,20,5,3,2813.98,1,0
68,22857.99,516,65808,0.1975,14,7,0,3238.07,3,1
62,23435.63,698,34539,0.25,4,3,3,8015.36,0,0
30,39369.01,559,12440,0.5388,5,7,1,2806.33,2,0
21,78713.66,619,27245,0.5779,22,9,0,1420.58,1,0
18,117709.62,495,23097,0.305,4,11,2,2983.8,3,0
66,18954.52,777,74703,0.7373,8,4,0,5479.79,3,0
57,37472.9,717,68092,0.082,29,5,2,7454.45,1,0
49,19753.5,774,2151,0.297,27,14,1,372.55,2,0
51,15752.93,843,22698,0.2417,10,8,1,3707.9,3,0
45,63774.48,530,18601,0.3298,24,9,2,14446.37,0,0
48,56509.49,820,27807,0.18,29,5,0,9103.51,2,0
25,23007.93,499,46302,0.3397,22,12,0,6088.78,2,0
56,26984.8,320,9039,0.1164,25,5,2,6032.55,1,0
43,16079.7,610,48427,0.2879,2,2,0,4602.9,3,0
51,96067.05,733,72839,0.2866,19,9,0,4186.17,1,0
20,180446.07,670,59049,0.3566,3,13,1,5118.86,3,0
67,21550.07,377,20053,0.2934,22,6,0,20341.41,1,0
29,26847.71,841,56413,0.2278,14,5,2,6326.76,2,0
18,106262.73,584,66958,0.1571,17,5,1,11064.57,1,0
61,132448.99,439,32275,0.4067,26,4,0,16494.72,2,0
22,39483.82,581,27597,0.2227,4,1,1,5655.75,2,0
47,17337.69,557,78521,0.4575,10,6,1,18273.77,1,0
47,16808.49,659,69908,0.2318,10,1,0,49175.61,3,0
34,53393.92,739,56188,0.1375,3,10,1,7015.04,2,0
65,37457.42,569,35710,0.0885,15,2,1,5154.14,1,0
64,16308.19,433,76486,0.1847,25,7,4,16388.47,2,1
40,54387.35,403,50050,0.7039,10,13,0,10474.53,2,1
32,15511.51,394,50249,0.0993,24,1,0,9498.36,1,0
54,84669.49,779,35247,0.1399,0,8,0,21726.54,2,0
38,31465.82,540,71162,0.2922,25,8,2,10482.64,2,0
31,16849.09,312,27408,0.1973,12,7,1,10260.43,1,1
19,54941.42,446,77313,0.2858,29,7,0,2318.09,0,0
28,37813.82,394,71683,0.4143,18,1,0,11654.83,1,1
68,178890.52,592,6443,0.6394,5,13,1,24418.23,3,0
56,50356.42,324,1079,0.2214,26,3,1,8588.29,0,0
55,29486.11,571,39345,0.7533,19,9,2,23368.96,2,0
51,70617.36,804,13901,0.593,18,5,0,4148.65,3,0
55,29254.05,465,68759,0.1835,5,5,1,435.14,0,0
67,120567.51,386,43732,0.6061,12,7,2,5890.19,1,0
51,36130.15,790,18507,0.1639,10,11,2,39.65,2,0
35,50919.7,440,36391,0.1011,18,10,1,1682.02,0,0
47,17335.35,402,35171,0.1403,6,8,1,2114.52,1,0
32,39990.17,525,52730,0.2562,11,6,2,7632.16,0,1
44,95368.09,593,8485,0.0434,15,5,0,29943.27,1,0
68,88713.98,605,38748,0.1398,0,1,1,200.17,3,0
51,26430.6,553,4878,0.065,24,10,2,2700.9,3,0
69,26532.85,479,2949,0.765,14,10,0,34885.2,2,0
55,91497.25,339,21881,0.231,12,10,1,21341.32,1,0
50,134923.56,819,52306,0.4394,9,13,1,18009.01,0,0
41,19509.87,845,10958,0.2083,17,9,2,962.91,2,0
32,41907.46,535,60185,0.2942,3,6,0,10331.01,2,1
47,33524.96,762,9697,0.0865,21,3,0,2270.7,1,0
59,107048.88,527,16493,0.176,5,12,2,10527.54,3,0
68,18924.92,782,43801,0.3493,26,12,1,5577.97,2,0
34,25671.69,729,22199,0.0835,7,10,1,10096.94,0,0
22,77829.75,321,66792,0.1923,23,12,1,5601.22,2,1
46,17369.53,642,35488,0.3302,19,7,2,23827.57,1,0
21,45524.77,339,31493,0.1169,21,4,1,256.34,3,0
27,41261.47,472,50002,0.6127,8,13,1,2126.56,1,1
34,33318.07,738,24731,0.2663,22,3,2,17897.44,2,0
27,37581.91,478,8076,0.4215,28,12,0,13346.47,0,0
34,48970.33,432,2071,0.2588,7,7,1,2061.54,2,1
37,22919.21,650,68602,0.372,23,6,2,1294.67,2,1
41,53188.01,824,42410,0.1991,17,14,2,3728.93,3,0
22,88663.89,839,55327,0.1214,6,11,1,6575.26,1,0
51,79250.42,805,62072,0.1168,18,4,0,480.76,3,0
23,22520.29,383,42041,0.4037,22,14,0,18681.37,2,1
19,22273.64,763,54326,0.2628,17,10,0,7359.56,0,0
30,29049.59,642,39549,0.1857,0,8,2,25192.9,0,0
60,35158.55,579,54096,0.0997,10,2,0,3940.88,3,0
60,38625.83,562,56578,0.2587,8,6,1,500.63,0,0
65,66231.98,465,47390,0.2755,9,3,0,20507.4,0,0
28,17625.76,592,47052,0.397,9,8,3,1620.69,0,1
68,16587.96,808,44167,0.396,0,11,1,4089.34,2,1
64,37384.5,525,55587,0.5555,26,8,1,6242.56,0,0
40,68755.33,469,62292,0.0608,16,11,1,6771.68,3,0
33,24673.7,747,76419,0.364,26,11,1,237.61,0,0
48,61162.76,801,43139,0.2378,11,1,1,7481.15,2,0
28,28539.28,826,11707,0.2577,11,2,1,801.61,2,0
33,112754.06,678,14140,0.1991,18,4,1,3957.74,0,0
25,116717.44,500,12093,0.0921,16,1,1,37079.39,3,0
21,30876.32,549,73043,0.1735,6,3,1,3290.19,0,1
57,26761.05,708,6830,0.2776,22,4,3,16759.62,1,0
21,38843.04,424,31608,0.3757,10,10,0,7140.0,3,0
42,27381.14,412,48287,0.4058,23,3,1,2261.66,3,1
20,65216.07,436,34427,0.1232,1,5,3,12799.05,3,1
49,93708.23,795,29395,0.2955,15,11,1,8099.94,3,0
20,65313.46,449,18970,0.3602,22,12,1,7614.98,3,0
44,93266.9,642,71218,0.3084,8,10,0,303.59,0,0
46,37762.13,620,77475,0.0383,29,7,0,4062.33,0,0
49,22649.03,831,75362,0.3127,26,8,0,13269.18,3,0
67,75265.06,588,24371,0.2125,9,8,2,15900.6,3,0
68,35116.3,788,20266,0.218,20,11,1,16863.56,1,0
36,65063.45,791,20195,0.5324,9,2,0,381.1,2,0
38,29201.7,551,28315,0.4949,29,1,0,1775.86,2,0
22,18812.36,376,76246,0.2187,2,13,2,42389.09,3,1
35,235671.82,691,42581,0.2528,24,14,2,1689.47,3,0
45,22642.87,711,46537,0.1272,16,6,2,2395.46,2,0
59,215635.27,472,76265,0.0944,27,1,0,16226.46,0,0
39,185302.8,500,23184,0.5269,13,6,0,4999.48,1,0
38,86054.84,516,24279,0.6307,18,13,1,1236.56,1,0
23,63470.13,675,27570,0.4969,17,7,1,1336.39,3,0
18,53803.18,310,44030,0.7619,17,9,1,874.96,0,1
22,105480.31,311,63245,0.3531,13,10,2,1992.66,0,1
58,30376.55,734,56467,0.2888,2,10,1,6871.3,0,1
29,43373.07,672,36133,0.3903,9,1,1,151.89,0,1
43,58469.1,572,79731,0.3407,22,7,0,1245.79,3,0
63,38834.36,808,44805,0.3349,12,4,1,23764.82,2,0
51,40097.35,431,44998,0.3001,21,9,2,20921.73,3,1
66,33040.61,618,18238,0.3234,11,11,0,17902.43,1,0
31,52379.02,467,69264,0.4424,8,4,1,12251.34,1,1
43,100543.09,696,49245,0.1399,25,2,1,10832.95,3,0
62,25127.51,479,24557,0.4775,28,1,1,3222.95,1,0
44,137610.75,357,71474,0.424,26,7,0,4079.6,2,0
26,67570.99,779,66667,0.0609,9,12,2,2689.29,2,0
43,92991.76,759,66074,0.3676,29,7,1,39278.29,3,0
64,51556.21,360,59204,0.499,18,3,2,10059.55,1,1
39,83037.0,668,26575,0.1675,15,5,1,33745.76,2,0
64,15734.99,420,77024,0.4529,28,10,0,3171.61,2,1
47,91762.85,845,21069,0.5964,20,12,1,9707.71,1,0
60,16843.5,316,25400,0.3451,24,14,2,14227.54,0,1
65,114291.95,795,25146,0.4448,2,12,1,995.32,1,0
34,232065.06,796,7846,0.1142,11,7,1,10994.96,3,0
43,30670.6,804,41352,0.4954,7,8,4,1852.13,0,1
53,25625.65,831,24694,0.3338,24,14,0,3976.2,3,0
18,80237.27,614,22740,0.5674,26,12,1,12593.2,2,0
25,28127.64,368,50438,0.487,14,9,2,5799.34,0,1
66,105299.48,460,31996,0.3112,10,10,1,25403.58,3,0
52,19883.58,444,64874,0.3336,22,10,3,2760.2,3,1
69,21058.06,684,60682,0.2379,12,1,2,1669.77,3,0
32,189171.42,568,45200,0.3398,5,9,0,4112.4,0,0
64,65416.37,753,23970,0.6277,12,6,1,19100.24,3,0
39,99446.12,817,11895,0.3005,10,6,1,18800.96,0,0
31,32642.23,649,39071,0.6244,5,14,1,4609.34,0,1
43,65782.77,409,53268,0.6355,5,7,1,16599.02,3,1
45,55589.91,782,23258,0.1635,4,9,1,809.8,2,0
40,56588.87,706,58300,0.2773,6,7,1,76.31,1,0
31,66632.09,350,62915,0.2003,22,7,2,20010.35,1,1
41,53543.02,702,9444,0.5309,22,11,0,20720.42,0,0
19,40221.39,775,76147,0.3129,18,12,0,1547.83,3,0
62,29528.57,386,77064,0.3352,10,3,1,3534.15,1,0
43,80858.71,367,67535,0.5175,5,10,1,19011.03,1,1
31,26544.09,341,4760,0.7422,24,9,1,874.85,3,0
68,68046.29,356,37884,0.7401,8,4,0,19884.52,1,1
24,26956.61,495,27022,0.2675,19,6,1,8549.2,3,0
20,59176.95,361,55504,0.6489,24,13,2,10708.33,1,1
64,76860.38,562,44130,0.4526,17,7,2,9034.21,2,0
40,26106.62,411,44881,0.4668,7,12,1,8735.48,3,1
63,17781.68,477,63399,0.7671,17,13,1,2046.42,1,0
60,21317.19,325,37451,0.1329,4,12,2,2692.63,0,1
64,56912.85,709,52413,0.2825,5,9,2,8676.28,3,0
62,100204.63,830,63278,0.6334,1,13,0,5131.71,1,0
35,17071.83,616,30639,0.2666,24,13,0,7793.35,2,0
55,74617.25,831,35621,0.4122,21,10,0,2921.8,1,0
52,33788.19,405,14079,0.2256,23,12,1,6232.9,0,0
68,44299.52,763,7895,0.2584,3,3,1,1547.9,3,0
32,133939.46,545,53142,0.4449,18,14,0,391.52,2,0
42,33154.1,380,13552,0.5057,3,11,1,30183.13,1,1
54,43175.33,695,49821,0.2333,15,2,0,12839.37,0,0
45,15619.96,821,34630,0.5027,0,2,1,6892.82,0,0
27,18830.44,563,71063,0.2936,15,2,2,8007.59,0,1
56,28464.16,573,13247,0.4809,0,9,2,7157.48,1,1
34,16271.14,471,18603,0.3272,23,8,0,22907.5,2,0
56,59908.93,564,46564,0.4043,16,9,0,14856.22,1,0
39,40011.91,325,1527,0.3146,4,9,0,3932.54,2,0
43,50747.75,768,57521,0.0986,25,1,1,2461.39,3,0
61,23637.49,775,69458,0.2666,15,10,0,688.46,2,0
42,30789.62,655,6849,0.3434,24,10,1,1599.21,0,0
34,64055.48,325,51314,0.3021,2,9,1,6734.64,0,1
30,166249.23,333,46724,0.7976,9,1,1,2263.62,0,1
37,17327.94,563,18230,0.5018,17,5,1,3745.39,1,0
42,114484.87,437,73495,0.4074,20,4,2,1430.96,3,0
21,53704.6,761,43730,0.3392,27,8,1,25615.39,2,0
27,52346.79,467,4323,0.0751,29,5,0,343.07,0,0
20,46216.7,380,1445,0.3279,17,12,0,4335.73,3,0
58,18236.37,706,10963,0.4865,25,9,1,2986.15,3,0
62,19237.89,345,51511,0.2132,16,1,0,83.37,1,0
35,56335.8,352,16437,0.212,10,8,2,26394.3,2,0
64,33763.6,775,17855,0.1404,8,6,1,3763.06,3,0
53,127146.73,315,11847,0.1612,10,1,2,6977.08,2,0
64,38484.18,659,4236,0.9627,25,13,0,8737.26,1,0
39,21959.06,786,62897,0.5001,26,2,1,9428.39,2,0
51,71442.6,801,14487,0.4143,8,4,1,6166.69,1,1
64,30625.11,440,78384,0.4098,16,14,1,9009.82,0,1
25,48544.4,746,63423,0.7309,19,5,1,13933.63,2,0
57,68854.86,589,14155,0.5844,4,14,0,30384.11,1,0
66,118735.34,508,12255,0.0635,11,1,1,10701.33,3,0
61,85701.16,774,2979,0.1788,17,10,1,6203.23,0,0
36,65765.71,712,22305,0.4322,26,7,3,5880.75,3,0
59,66222.99,726,75543,0.3709,24,13,1,12373.83,0,0
58,146281.95,670,36094,0.3439,24,4,2,9862.71,0,0
54,30782.72,589,36098,0.1283,15,14,0,5453.94,2,0
23,15050.07,731,34770,0.2828,8,14,1,4093.03,3,0
69,29282.63,567,10734,0.4671,7,14,0,49833.09,3,0
43,26059.27,450,72984,0.2359,5,1,1,14558.46,0,0
51,63789.9,554,40605,0.1116,16,12,0,2316.49,0,0
62,60195.04,652,78932,0.5213,13,6,1,3455.54,0,0
23,55503.44,676,56619,0.1069,25,9,0,22413.83,1,0
54,15736.96,657,28881,0.5113,20,9,1,10812.51,2,0
50,73716.8,669,64401,0.2964,23,11,0,3721.55,0,0
39,32589.05,526,32177,0.2965,27,4,0,4528.87,2,0
38,64220.64,602,41122,0.4645,13,7,2,4762.76,0,0
23,51595.54,688,36297,0.2375,3,10,1,2061.58,1,0
23,33884.78,676,37680,0.6395,7,1,0,7157.38,0,0
65,21504.12,417,52044,0.1821,21,10,2,14506.01,2,1
21,19463.03,304,45084,0.4598,16,13,0,8302.51,0,1
47,95141.78,743,35189,0.2173,0,9,0,10669.45,2,0
28,127765.32,651,14510,0.3841,2,14,3,9048.23,3,0
47,62214.75,832,23152,0.369,16,1,1,607.01,2,0
48,19913.26,423,27445,0.4243,19,14,1,2083.29,1,1
41,38139.45,576,77688,0.1299,2,9,2,4313.19,0,0
26,73743.55,693,72153,0.567,6,6,0,22003.44,3,0
20,83099.13,659,2195,0.5023,10,10,2,4287.73,2,0
68,20661.5,768,60949,0.4072,24,11,0,3961.84,3,0
48,15001.38,356,26433,0.213,14,7,1,840.19,1,1
57,71037.18,550,6305,0.2126,6,4,3,35783.86,3,0
54,34844.22,449,59860,0.5613,26,9,0,15075.57,3,1
53,28215.38,751,74613,0.1497,4,12,1,14521.23,2,0
41,15584.16,461,49648,0.247,16,6,1,4840.3,1,0
48,49973.09,419,64090,0.6984,4,12,0,816.11,0,1
23,100716.95,650,43113,0.2591,0,6,2,3058.74,0,0
19,157260.91,398,43642,0.418,21,12,0,19166.4,0,0
37,52535.55,466,34062,0.2647,28,14,4,1988.14,0,1
45,47512.34,813,72633,0.6852,23,10,0,22466.74,0,0
28,19000.18,700,42604,0.7169,6,6,2,7673.42,3,0
21,50820.27,664,7678,0.5684,16,4,0,12536.41,0,0
32,36510.09,625,33121,0.3752,7,13,1,6044.8,3,0
23,57043.05,546,49503,0.3606,11,7,2,26928.08,2,0
66,37149.47,733,72279,0.4929,29,14,0,2739.87,2,0
47,27367.37,392,17494,0.5221,29,2,1,8496.45,1,1
55,19490.19,567,45185,0.3271,29,2,0,716.21,0,0
68,32019.78,620,10678,0.5212,24,13,0,6547.48,3,0
19,19573.78,361,38632,0.3866,27,11,1,36013.94,0,1
32,23760.32,599,47235,0.1098,25,11,0,922.6,3,1
28,211605.2,702,2648,0.2232,29,6,1,7066.84,2,0
25,41422.8,602,68917,0.4285,1,9,3,9220.73,1,1
43,49155.59,552,17489,0.4172,16,3,2,26845.17,1,1
68,108080.27,777,78281,0.427,21,7,0,3529.88,1,0
62,258859.84,668,6818,0.7096,27,9,1,6990.46,0,0
61,54329.3,459,34149,0.1018,19,12,1,43579.86,3,0
22,90322.66,465,28312,0.413,13,9,1,14654.2,0,0
23,32816.5,504,38124,0.5931,22,3,1,16629.16,1,0
43,31421.15,566,2316,0.416,2,1,1,15164.54,0,1
21,38190.39,437,71990,0.2214,18,2,1,7240.73,0,0
36,65233.02,667,61046,0.1642,13,11,0,5697.87,0,0
37,66583.81,742,79643,0.1313,7,8,1,2941.2,0,0
50,32040.87,316,70610,0.2432,6,7,1,6272.97,3,1
37,21433.13,367,65042,0.4147,4,1,3,207.15,3,1
66,60033.74,432,24102,0.3108,2,3,0,1021.56,1,0
29,21180.28,729,32957,0.835,0,8,1,3386.35,1,0
64,53876.3,607,13872,0.1202,26,7,1,4059.1,2,0
18,68202.76,473,51094,0.2926,18,5,1,12293.5,3,0
43,69270.59,711,48719,0.162,14,3,0,1882.62,0,0
31,78012.61,396,74885,0.0903,24,7,0,15885.22,3,0
55,107810.78,453,20693,0.8724,0,5,1,16134.54,0,0
54,46187.93,541,51478,0.6027,4,1,0,8843.98,0,0
28,73961.55,603,44677,0.3566,19,5,1,6762.83,2,0
53,58443.42,584,61012,0.5181,10,3,1,6299.82,2,0
30,24296.16,326,11760,0.1867,13,2,0,5456.57,2,1
60,16171.14,701,12584,0.172,21,13,3,927.46,2,0
20,30067.42,659,3106,0.0396,17,3,1,10654.97,0,0
50,41336.27,359,14669,0.4889,19,10,2,8610.85,0,1
23,58199.86,501,26223,0.62,8,4,0,158.93,3,0
67,100358.2,669,61666,0.2636,29,14,0,2265.19,0,0
27,24830.78,832,36706,0.1024,14,13,1,5732.76,3,0
22,21037.2,451,69019,0.4754,10,13,1,23157.49,3,1
40,163945.22,401,62585,0.4136,4,1,0,46334.43,2,0
27,20145.26,745,28482,0.4558,14,4,3,13916.14,3,0
61,44296.3,528,61369,0.2075,23,9,0,13836.65,1,0
19,54637.62,424,35143,0.2836,1,1,0,5366.13,1,0
30,50078.45,535,25240,0.5931,11,11,2,8461.82,0,1
57,19048.2,461,11015,0.1561,26,7,0,2650.3,1,1
19,17642.29,652,64023,0.4843,24,8,2,13399.91,2,1
37,20016.23,367,52500,0.3377,27,9,1,616.46,2,0
18,54640.22,472,64925,0.3797,22,7,0,5399.91,3,1
54,50370.86,560,50631,0.5161,6,13,3,17799.98,0,1
26,26980.56,516,77190,0.7536,1,9,4,39050.27,1,1
34,60696.93,423,64652,0.3179,7,10,0,11925.67,0,1
26,92182.81,461,52087,0.1054,8,13,0,2197.31,3,0
28,16911.06,500,55909,0.0386,25,14,1,8464.7,2,0
32,46023.63,753,12565,0.561,26,3,1,8221.47,3,0
41,67603.24,701,28597,0.2345,27,1,1,33745.06,1,0
55,28084.62,761,66623,0.324,4,2,2,18337.49,2,0
52,31552.72,574,10432,0.0683,14,14,1,502.53,1,0
47,57794.11,505,75300,0.1673,18,10,1,2485.81,0,1
48,117696.67,339,66714,0.2456,29,13,1,18446.79,2,0
66,89715.01,572,50314,0.5489,18,1,0,35925.53,0,0
22,54374.16,392,42965,0.2739,12,2,1,3490.93,2,0
61,73956.97,341,68957,0.6953,12,9,0,11735.37,1,1
67,35423.28,764,44715,0.1536,5,5,1,3678.83,1,0
31,61095.16,678,54450,0.1087,29,4,0,419.65,3,0
28,43246.48,406,62902,0.3026,0,2,0,17689.05,3,1
26,24478.9,627,29317,0.2889,9,3,1,13426.59,2,0
51,69440.28,364,67753,0.1929,26,9,2,547.76,2,1
29,51584.0,664,36242,0.3802,24,14,1,1571.94,2,0
52,34986.1,783,1929,0.2703,5,13,4,76687.98,3,0
52,124032.18,323,14580,0.2316,24,13,0,10520.0,1,0
18,15952.04,839,21742,0.5572,2,14,1,16115.94,0,0
57,32075.96,361,18833,0.5132,25,3,0,4920.45,0,0
39,17635.35,790,72347,0.4599,12,8,0,7303.23,2,0
46,80461.06,572,75155,0.7869,18,12,2,9672.73,0,0
25,69496.01,528,14527,0.2273,9,1,0,16400.03,0,0
28,33112.4,319,59139,0.4602,12,12,1,4138.6,0,1
58,65668.73,302,70585,0.6242,6,5,0,11155.43,3,1
54,37683.47,720,42057,0.4293,14,2,0,14945.83,3,0
31,78523.25,606,68439,0.6266,22,4,0,16354.36,0,1
47,42246.27,731,45261,0.2378,3,2,1,6916.31,1,0
52,38917.69,435,71912,0.3896,10,3,0,6412.45,1,0
38,137814.97,814,1042,0.3759,29,5,1,1104.1,3,0
54,27998.47,492,23769,0.1245,7,2,2,6886.08,1,0
22,20775.38,714,68113,0.3367,26,9,1,12104.38,2,0
36,54526.94,417,78918,0.1775,29,8,0,25331.06,2,0
31,171789.15,508,23449,0.5631,1,5,2,1337.6,1,0
43,36355.05,333,39653,0.1805,0,11,3,34700.75,0,1
21,17882.0,617,29859,0.7102,0,1,2,2666.68,1,1
42,33650.85,419,9576,0.5954,15,5,1,1934.22,0,0
62,46728.66,824,46874,0.0864,17,4,0,1216.23,0,0
59,22949.04,388,78199,0.1689,10,14,4,46189.08,1,0
42,63295.96,811,37345,0.2386,26,13,2,8232.98,2,0
35,289344.91,346,71780,0.4448,21,9,3,3155.33,0,0
57,42045.21,821,70428,0.6493,7,2,0,3820.43,0,0
25,34713.79,583,5321,0.3703,18,7,2,30011.71,3,0
56,38040.0,676,6776,0.6718,11,2,0,23022.7,1,0
57,20504.98,433,17119,0.2637,5,13,1,4307.58,3,0
31,111656.52,547,31569,0.3403,23,13,1,656.97,0,0
49,39113.05,617,39596,0.2804,24,11,1,17928.95,0,0
68,37042.71,735,53967,0.5942,15,12,0,24583.28,3,0
55,63505.46,475,34063,0.283,7,3,0,18172.82,1,0
50,41255.53,650,23340,0.6421,6,14,1,24416.09,3,0
40,62015.44,442,76723,0.4108,19,3,2,8577.91,3,0
32,17853.68,697,56430,0.1766,2,10,1,18304.52,0,0
50,90623.5,668,7668,0.4144,22,8,1,28808.32,2,0
42,141983.04,800,9195,0.2858,0,2,0,22063.96,2,0
34,62083.54,669,58995,0.4951,22,1,1,8847.34,2,0
50,154117.18,681,39250,0.5725,5,6,5,13725.14,1,0
64,22389.24,385,17076,0.544,2,6,1,12776.3,3,1
19,44203.65,759,16376,0.4077,29,11,2,16243.72,1,0
31,56436.8,624,56839,0.2603,18,1,0,2598.72,2,0
57,54223.98,821,65723,0.3439,1,5,1,21.8,1,0
57,38096.92,788,44442,0.1516,16,9,2,7131.45,1,0
68,33567.78,696,6392,0.7447,15,10,1,14505.17,1,0
56,21102.82,654,28106,0.267,26,11,1,1336.71,2,0
68,37372.06,587,25809,0.4357,20,10,2,7609.71,1,0
23,22988.67,758,1693,0.0881,28,5,0,3774.74,1,0
23,74653.56,835,60821,0.3752,6,12,1,18216.43,2,0
20,25540.96,590,75159,0.0858,22,7,1,1056.43,2,0
24,17715.76,467,75710,0.704,5,6,1,18831.78,1,1
68,51170.08,727,12352,0.2618,10,11,1,9435.78,3,0
25,55699.6,789,53196,0.4486,14,10,0,25188.11,1,0
59,107477.07,654,72066,0.437,25,4,1,27430.56,0,0
69,53715.28,495,5992,0.1231,21,13,0,16548.4,2,0
32,34073.45,844,54076,0.2404,10,12,0,7552.57,3,0
64,88107.53,310,24354,0.2531,6,2,1,1538.03,0,1
46,49971.09,555,4312,0.0522,14,10,0,2554.39,0,0
50,18716.98,695,46833,0.4447,15,13,0,5408.59,0,0
69,52546.49,708,5318,0.0699,7,5,2,13057.15,3,0
47,122377.57,661,67003,0.4859,4,12,1,7871.38,0,0
56,37711.45,558,28192,0.4046,16,12,1,5767.91,2,0
44,30814.79,302,38489,0.5693,22,14,1,6491.96,3,1
53,21968.94,383,41309,0.041,1,14,0,13528.08,2,0
46,22389.94,455,29273,0.6949,26,10,0,349.6,3,0
55,40514.69,475,48553,0.026,20,13,1,5845.28,2,0
50,55749.67,771,30473,0.4462,6,9,3,8502.76,3,0
54,18782.28,723,62410,0.0864,22,13,0,8884.65,0,0
44,141281.08,433,14679,0.2826,24,3,0,9641.35,2,0
50,78316.92,679,46310,0.0861,20,3,0,549.31,2,0
21,54752.89,576,61683,0.2294,5,13,0,8163.28,2,0
39,94326.65,535,26992,0.4231,25,12,2,7997.29,1,0
19,18761.31,312,30433,0.3844,29,11,1,19300.14,0,1
27,44153.96,641,77574,0.2488,11,7,1,14274.38,2,0
22,59752.68,334,26933,0.5871,15,14,0,317.25,2,1
27,94382.88,513,46020,0.0933,10,10,0,8117.4,3,0
50,83851.09,711,30236,0.0803,21,2,1,11742.33,0,0
55,29599.88,704,59735,0.0883,16,8,2,8678.42,0,0
30,142268.5,793,10770,0.2782,9,7,0,11281.52,2,0
48,20975.28,458,70285,0.0659,22,8,2,1240.41,1,1
64,108623.0,409,36271,0.3318,15,10,0,1854.17,2,0
53,174228.05,848,74391,0.2745,15,6,1,8740.39,1,0
62,23774.35,825,24439,0.2216,14,5,2,16128.72,0,0
41,72616.73,646,12101,0.0953,25,11,1,263.33,0,0
69,16850.38,578,45917,0.5213,14,4,0,5731.27,1,1
32,38395.71,778,42196,0.3051,22,14,2,48350.55,0,0
46,47681.51,410,24569,0.2818,19,8,1,14513.48,3,0
25,54106.71,730,42887,0.2042,3,14,1,5981.76,1,0
22,138655.15,841,21893,0.3449,26,2,0,1031.86,3,0
46,65197.78,414,56304,0.6755,21,6,1,4450.11,2,0
64,44537.42,389,33399,0.1612,2,14,0,1677.43,2,0
21,89656.0,511,26236,0.1684,13,12,2,25355.13,3,0
29,150290.06,849,50531,0.1135,29,14,1,11572.3,0,0
62,16004.1,838,10442,0.3506,9,10,2,19358.44,3,1
19,197104.68,659,57437,0.4737,5,6,1,22775.46,0,0
44,19053.12,785,61342,0.1328,26,5,0,9336.65,3,0
48,90784.06,671,79179,0.2811,10,2,3,66.2,3,0
68,29803.61,514,36069,0.2534,3,5,0,8120.93,0,0
68,21379.68,314,74246,0.3913,9,3,2,16219.91,3,1
53,41080.23,558,39560,0.4061,15,7,3,3775.92,1,0
53,61471.62,762,59070,0.2239,23,7,2,26276.44,0,0
43,36580.75,419,43427,0.099,20,8,3,57506.21,2,0
60,17524.98,427,61496,0.1102,28,11,1,7968.71,2,0
44,56172.5,822,65557,0.1792,7,12,1,7576.67,3,0
22,119711.01,624,73752,0.3529,8,14,2,10647.6,2,0
37,36745.59,619,78248,0.1336,3,10,0,8354.92,1,0
28,25969.69,805,71441,0.3576,16,11,2,1748.96,2,0
27,41299.42,825,49534,0.3447,9,14,0,3162.31,2,0
57,17230.71,349,28930,0.8064,22,9,2,2253.82,0,1
55,92287.99,368,8288,0.6252,12,1,2,748.59,3,0
23,93779.73,690,62518,0.9453,22,4,1,1512.75,2,0
25,54902.99,682,33400,0.3955,20,6,1,35873.06,3,0
40,34600.56,315,2567,0.3845,20,7,1,8096.37,0,1
64,87375.99,738,48878,0.1391,16,11,3,1345.64,2,0
43,51404.01,431,49850,0.6212,18,5,0,12486.05,2,0
63,93674.0,547,2094,0.1904,16,6,1,6477.68,0,0
60,59919.12,572,12135,0.1635,22,1,0,2544.68,0,0
29,84046.01,648,46113,0.6389,20,14,3,28747.61,2,0
43,56071.71,783,59791,0.4879,27,11,3,2543.03,1,0
30,39060.43,849,10684,0.1408,3,5,1,1026.86,3,0
57,157595.88,656,72727,0.1675,29,2,0,2303.86,3,0
35,50052.89,617,59552,0.1956,22,14,2,24296.04,3,0
42,56809.33,347,9046,0.3058,24,11,0,19504.91,1,0
50,26208.9,309,5934,0.4467,5,2,1,22473.83,3,1
64,59215.48,532,60556,0.526,13,1,1,24790.71,0,1
57,53147.21,335,47806,0.3129,8,10,1,806.66,0,1
60,24196.6,712,2354,0.2563,5,9,0,12424.78,2,0
29,17764.63,761,54046,0.4454,9,4,0,10921.97,1,0
61,56726.2,303,66064,0.3055,24,4,0,49488.41,1,1
53,79917.92,343,58184,0.1528,5,9,1,12541.24,2,0
65,48348.63,554,3963,0.633,29,5,1,15703.68,1,0
21,26573.2,413,28424,0.2711,8,4,2,12552.19,3,0
22,64418.02,696,4042,0.1672,12,7,1,9691.16,2,0
54,18757.34,473,8139,0.2305,15,13,3,8052.49,3,1
25,41239.43,554,12226,0.4746,29,13,2,34822.04,3,0
59,23026.63,765,39108,0.1447,15,5,0,27542.31,2,0
66,24175.66,576,71647,0.6274,18,8,3,5759.87,0,1
45,25170.68,763,69617,0.4037,4,3,3,3342.9,2,1
48,37001.07,801,30815,0.4792,10,14,0,7114.52,1,0
26,17362.71,740,8802,0.4194,20,8,0,13708.72,3,0
68,37821.96,368,43230,0.1418,14,11,3,5124.06,3,1
46,47257.83,808,64372,0.4253,28,6,1,7705.27,1,0
31,44712.68,625,55020,0.1096,25,14,0,3548.28,2,0
57,36714.14,366,18465,0.4086,29,13,1,5581.0,0,1
58,97226.79,603,8994,0.2399,7,9,0,31534.49,1,0
39,22066.62,783,4531,0.2452,14,6,2,2418.91,0,0
28,46707.27,847,10343,0.1438,10,4,2,44860.04,3,0
40,17882.23,716,60066,0.262,28,2,1,2427.6,2,0
18,18321.64,458,7229,0.3953,12,11,1,3845.4,2,1
63,53385.05,448,45789,0.109,26,3,1,912.0,3,0
54,52563.89,326,45069,0.178,22,7,2,13947.12,1,1
38,109680.4,547,10524,0.3401,1,10,0,177.92,3,0
43,51727.18,400,64103,0.0319,26,5,2,15504.19,1,1
63,159614.92,395,9103,0.0615,1,7,0,8606.98,3,0
53,17246.42,683,59581,0.1557,22,7,0,13813.75,0,1
40,19641.72,581,55203,0.3414,25,6,0,15284.13,2,0
18,17027.98,621,16090,0.3842,11,2,2,1328.26,0,0
68,24220.81,695,16915,0.4181,25,5,1,216.23,1,0
57,50068.22,577,42477,0.3765,19,11,1,1848.45,1,0
32,61676.28,828,57987,0.4039,21,10,0,4846.18,3,0
38,17099.56,562,54238,0.1881,8,6,0,761.43,0,0
64,146320.45,592,16029,0.3199,25,8,0,6101.66,2,0
26,98079.34,593,54520,0.3667,26,1,1,3355.98,1,0
26,30833.13,694,71053,0.4451,19,12,0,4522.97,3,0
27,18614.82,812,52464,0.0511,14,12,2,28195.53,2,0
69,23378.71,479,22961,0.2781,6,12,0,12883.36,3,0
43,21109.02,534,27835,0.4234,24,10,0,10734.12,1,1
58,20920.74,636,28725,0.1627,13,7,0,10600.61,2,0
52,47893.97,307,26357,0.1993,16,14,1,8105.38,3,1
69,27697.23,742,2244,0.1352,25,5,1,7194.51,1,0
42,34952.31,838,68952,0.6518,26,14,0,21383.64,3,0
43,220059.96,390,49061,0.1605,1,14,1,779.64,3,0
28,66885.36,571,7490,0.2102,28,7,0,3404.08,3,0
55,148899.78,304,78219,0.2412,8,3,1,1099.57,2,0
19,21921.0,518,6839,0.1283,12,4,0,111.14,2,0
24,36667.16,417,25992,0.3568,4,2,3,139.64,1,1
35,51408.53,414,45938,0.2761,3,12,1,243.03,3,1
44,18593.88,562,57249,0.7516,22,6,0,11448.79,2,1
51,15188.83,605,45735,0.1903,20,5,0,1181.14,2,0
44,64949.08,721,51734,0.0838,0,1,3,2261.59,3,0
34,61202.32,506,48080,0.6326,8,1,0,5429.77,1,1
60,38803.68,602,75460,0.2777,23,8,3,3136.84,0,1
61,45269.11,411,25260,0.2431,15,8,2,16966.18,3,0
68,39160.54,716,60607,0.3046,18,6,0,9767.15,1,0
41,16093.4,584,62852,0.4965,25,11,0,4054.28,0,0
42,33383.72,484,29380,0.7077,2,9,1,3824.07,1,0
24,23770.46,520,72257,0.093,2,1,3,11510.44,0,0
69,19662.5,743,42191,0.7723,6,10,2,1871.37,0,1
23,156303.36,416,5930,0.1042,17,8,2,3292.62,1,0
41,56161.11,369,5353,0.6129,24,2,1,4360.8,2,0
50,73696.6,369,8832,0.1297,19,8,3,6063.2,1,0
66,32049.04,726,50554,0.3358,6,3,1,2113.78,0,0
46,37476.1,742,55017,0.1802,23,6,2,1710.65,3,0
60,27167.89,436,58298,0.2779,15,7,0,46011.86,0,0
39,19589.76,803,52389,0.5015,20,3,0,24441.26,0,0
43,23877.18,430,74306,0.4941,23,14,0,7415.36,1,1
45,86868.81,517,26525,0.3957,3,2,0,14505.14,0,0
67,65930.74,470,74471,0.1623,12,1,3,11208.69,3,0
38,50626.78,774,69211,0.4045,9,14,3,780.85,2,0
66,44003.77,428,32280,0.184,1,5,2,7295.98,3,1
24,130048.34,356,12240,0.3326,18,1,1,2032.42,2,0
34,18398.21,480,66092,0.4332,13,1,1,8772.1,3,1
37,29820.25,545,70541,0.1351,5,5,4,637.83,2,0
58,34380.93,443,63851,0.1628,25,3,3,1778.22,1,0
66,83634.69,350,7544,0.1519,12,10,1,15219.67,2,0
37,235266.16,667,58981,0.2902,21,3,1,18530.86,1,0
39,27389.38,758,18332,0.3919,27,11,0,23801.21,3,0
45,108326.2,517,27836,0.2287,11,7,0,22703.75,0,0
57,94903.21,556,15388,0.679,11,3,2,23754.67,1,0
66,26450.26,455,2694,0.1178,29,2,2,994.99,2,0
24,37937.12,741,50294,0.3784,22,3,0,10773.07,1,0
18,38718.53,324,39769,0.6829,11,11,1,12074.91,1,1
49,187205.72,835,40420,0.0489,10,4,1,3122.41,1,0
30,23979.26,359,38855,0.1329,13,9,0,49520.02,1,0
47,87235.65,766,2460,0.0909,3,12,0,3366.32,0,0
40,33303.98,733,48646,0.2278,12,2,2,8554.02,1,0
68,74065.29,365,42252,0.1025,7,14,2,20585.06,3,0
36,39513.58,405,10835,0.1466,23,6,1,3413.45,1,1
49,53862.13,395,11910,0.6122,26,5,1,9326.88,1,0
47,95434.78,467,9463,0.4107,22,6,1,12730.18,0,0
46,88371.86,341,14336,0.4825,2,5,1,9854.01,3,0
66,105588.54,403,27534,0.2158,13,6,2,5208.17,0,0
62,17766.08,503,3369,0.5079,18,12,1,28959.75,0,0
46,68001.88,819,26381,0.1191,17,4,0,9475.49,3,0
47,21786.37,581,26407,0.2479,10,8,1,2540.67,3,0
33,39189.47,342,63552,0.1952,12,12,1,16405.64,1,1
57,50791.91,409,36939,0.5307,22,9,1,10667.6,3,0
36,38193.08,509,68576,0.2971,29,10,0,1159.89,1,0
35,47992.22,348,27170,0.2617,5,7,2,3259.27,0,1
18,269814.19,414,72908,0.2413,27,14,1,1721.39,1,0
31,21537.47,454,23369,0.496,22,14,1,754.49,1,0
68,65640.04,802,74098,0.2568,17,14,0,2616.24,3,0
64,37688.22,370,45544,0.0933,19,11,1,3259.22,0,0
67,21422.74,818,6900,0.7397,0,12,1,6283.43,3,0
19,22778.28,635,41733,0.3655,1,1,1,34822.88,0,1
45,149158.46,366,1589,0.0578,6,5,0,28694.31,2,0
66,110262.67,792,61044,0.3029,4,7,2,14011.37,0,0
67,121902.32,512,66311,0.0666,25,5,1,10399.04,0,0
47,229719.86,480,58926,0.1891,18,5,0,29426.21,0,0
55,25511.65,547,71599,0.5879,1,12,1,1536.73,0,1
68,34763.39,513,50008,0.414,2,5,1,4009.71,1,0
21,64783.45,658,67794,0.1911,19,5,0,8059.29,3,0
18,44756.97,548,3866,0.7339,9,13,0,16816.55,0,0
25,39387.95,815,53890,0.0856,9,11,1,9775.99,1,0
46,34929.29,387,42504,0.2425,20,5,2,16547.97,3,0
56,55538.79,475,54374,0.3546,7,1,1,1661.43,1,0
20,53567.85,725,30404,0.5466,8,12,0,2141.03,0,0
49,22924.07,380,66223,0.3455,1,6,2,13492.5,3,1
27,43717.49,437,1637,0.2356,27,11,1,4281.95,0,0
27,51281.37,732,16828,0.0829,2,11,3,5728.68,2,0
36,53008.69,769,54544,0.3922,15,12,1,15686.06,1,0
63,25613.61,649,46097,0.2011,3,13,1,726.1,0,0
51,76013.17,425,33022,0.6844,22,6,2,1838.98,3,0
50,16148.49,608,33202,0.2331,29,8,1,3507.08,3,0
40,34720.99,529,29704,0.0548,5,14,1,21498.08,1,0
45,83179.27,759,24641,0.1911,12,5,0,5189.94,2,0
49,52344.04,644,38479,0.1438,5,2,1,2904.98,0,0
67,28620.47,609,79771,0.2479,9,13,0,11345.32,3,0
24,68428.04,319,23027,0.205,22,7,1,307.58,2,0
46,52706.44,840,43912,0.3005,16,14,5,14921.29,3,0
25,86587.36,776,72474,0.1632,7,1,2,11969.73,1,0
18,74765.42,568,43692,0.2037,8,5,1,566.58,3,0
20,57384.84,302,33209,0.5831,1,12,3,6892.13,2,1
41,45140.0,315,58563,0.5266,16,5,1,5177.67,3,1
40,21431.69,657,57738,0.4339,19,12,0,1721.41,2,0
25,28630.86,432,38242,0.2584,10,3,2,1672.89,1,1
64,39442.91,611,10941,0.342,17,2,2,1745.89,1,0
54,56154.32,781,8073,0.1375,21,11,0,9154.47,1,0
20,47442.56,843,38827,0.1561,2,4,1,1876.64,3,0
68,30297.15,604,47225,0.2077,8,7,0,614.46,1,0
50,15291.84,568,38096,0.6582,7,10,0,31600.64,1,0
45,45854.42,713,51546,0.1361,28,3,0,399.6,1,0
64,30135.69,324,67457,0.383,6,13,1,10903.35,2,1
25,74694.68,615,69309,0.5219,26,14,0,27493.87,1,0
51,16090.69,575,70998,0.7767,6,6,0,386.74,3,1
52,54557.79,688,31268,0.717,22,7,1,33735.4,3,0
49,142722.97,743,43078,0.5224,20,13,1,6978.36,1,0
41,23624.52,726,2865,0.2853,7,2,0,15375.14,3,0
31,43709.79,356,29887,0.306,19,3,1,9811.54,1,1
49,19314.35,667,50876,0.1071,4,9,2,9593.21,1,0
63,59219.22,641,34479,0.0964,2,1,0,15547.53,3,1
60,50986.05,603,41478,0.2611,18,8,0,676.79,0,0
33,38542.99,673,27401,0.4871,1,1,0,4982.22,3,0
21,48157.89,411,29502,0.4923,13,3,0,34922.64,2,0
69,117100.74,305,14394,0.5316,20,6,0,561.34,2,1
54,24833.5,578,10262,0.4439,27,11,1,3048.9,0,0
38,16027.03,681,5487,0.2545,1,8,0,11150.68,2,0
31,104013.43,312,28341,0.2889,9,7,1,1058.45,3,0
48,53729.7,602,14570,0.3316,19,3,1,7693.23,3,0
65,114597.55,459,58268,0.1041,9,12,2,12495.65,2,0
35,55890.73,453,30605,0.1104,27,6,0,14164.25,1,0
24,89771.07,480,72602,0.4971,16,1,1,8236.88,2,1
27,40269.57,825,27723,0.1696,1,8,1,6944.09,0,0
24,77358.04,479,70108,0.1716,26,9,1,12513.74,2,0
50,124904.58,676,79206,0.4148,0,9,0,1567.24,0,0
40,53201.37,467,61098,0.1026,17,14,1,11410.54,0,0
38,23973.4,513,49707,0.2346,3,4,0,25163.39,3,0
36,29087.92,449,50028,0.5215,0,4,0,11480.75,2,1
65,24965.28,315,57921,0.3905,21,7,0,476.2,1,1
36,27757.51,390,61760,0.0792,16,7,0,7051.92,0,0
53,31464.7,419,11249,0.2973,2,11,0,12956.32,2,0
46,51449.18,552,68847,0.0624,1,6,2,442.07,2,0
35,54902.02,359,44839,0.0869,17,7,2,14363.18,3,0
19,40019.86,565,40673,0.0525,3,14,1,3307.33,1,0
18,58002.25,708,4642,0.4041,24,1,2,8886.1,1,0
64,18829.27,330,7338,0.1647,2,9,1,33915.5,2,1
22,19134.74,320,52761,0.1841,11,14,0,52843.13,1,1
37,23484.13,588,10622,0.1816,21,13,0,10062.36,0,0
28,47848.74,842,49423,0.1315,15,6,1,6762.58,3,0
59,25835.63,797,43873,0.214,27,8,0,1956.41,2,0
19,29988.43,773,48565,0.2363,10,13,1,2336.15,1,0
20,38010.62,704,8806,0.7724,9,5,2,5607.16,2,1
40,90177.07,847,1757,0.6469,18,12,0,12116.23,1,0
29,15628.16,431,22470,0.4991,9,7,0,14666.51,0,0
37,62162.2,623,7220,0.332,20,3,1,2509.11,2,0
22,64736.88,431,55754,0.2343,24,10,2,7666.15,3,1
54,87123.27,820,23505,0.6791,2,1,2,8955.21,1,0
55,136472.19,329,29288,0.3689,23,7,1,22356.56,3,0
47,15915.45,600,75492,0.3382,5,5,3,20908.79,3,1
26,22514.11,303,20109,0.3946,13,1,0,17003.76,0,1
51,112787.72,624,4497,0.6046,11,9,4,7270.38,0,0
61,42605.09,808,58326,0.3263,7,9,2,672.98,1,1
52,52416.09,536,10864,0.1006,1,6,3,4071.77,2,0
69,63948.89,834,75310,0.0398,8,11,0,9721.22,1,0
39,66143.48,315,22017,0.1426,13,9,2,10150.27,1,1
61,135799.68,833,2821,0.3711,0,7,2,18909.59,0,0
41,275659.02,745,51337,0.183,2,8,2,4770.59,1,0
34,72308.77,802,46485,0.4429,19,11,1,27586.41,1,0
27,30236.29,529,57388,0.513,5,2,1,1782.12,2,0
47,110319.11,406,11372,0.3969,26,2,0,511.52,1,1
63,17271.31,688,72333,0.1258,19,4,3,1944.24,2,1
40,26824.63,562,17283,0.1636,12,1,1,6204.98,1,0
49,117455.02,364,41857,0.7183,10,8,1,17310.89,0,1
34,28318.73,564,52772,0.7036,14,5,0,1670.42,1,0
67,26218.34,637,60670,0.7179,17,12,1,7944.86,2,0
68,21689.04,600,74133,0.5386,18,14,1,14987.53,3,0
34,103190.47,677,32261,0.6989,18,7,0,354.84,2,0
31,46196.87,474,58154,0.103,5,12,0,424.07,1,1
26,65562.07,451,7107,0.188,14,2,2,6745.04,1,0
57,27294.41,775,36561,0.4496,20,5,1,2016.83,1,1
19,78854.31,565,77674,0.1274,13,9,0,5988.72,2,0
62,79221.28,628,36268,0.3221,4,9,0,449.3,2,0
42,31867.62,462,32608,0.1798,29,2,1,37666.53,0,0
56,38795.57,737,14138,0.6665,10,14,0,10618.62,1,0
26,25589.87,642,38693,0.3191,19,11,2,11605.81,3,0
39,183900.97,666,22248,0.2031,12,2,0,7127.96,2,0
60,61680.13,764,19632,0.7045,12,5,1,17424.56,2,1
63,137686.89,498,48547,0.1696,3,3,2,17922.06,2,0
21,31268.54,799,13100,0.3373,8,13,0,1732.71,2,0
43,83524.2,315,48930,0.5727,22,1,1,14627.24,3,0
46,80332.36,595,67861,0.1309,28,11,2,8362.67,0,0
62,67944.21,810,77905,0.2822,12,13,0,14371.04,3,0
51,166687.46,538,54025,0.1171,27,1,3,25096.04,3,0
40,37506.38,600,76876,0.4052,7,5,3,4081.13,2,0
54,21303.91,305,79944,0.5524,19,3,1,8460.92,2,1
28,65123.45,519,51840,0.2481,10,9,3,15487.33,1,1
23,73805.11,752,20369,0.3273,18,13,2,43251.62,0,0
35,53511.39,732,19460,0.5351,0,12,0,9482.36,0,0
38,25426.61,685,2461,0.2028,8,3,1,12773.61,0,0
59,46594.46,594,43362,0.1698,24,3,0,18730.46,1,0
53,31840.9,417,29610,0.3779,1,3,1,13914.33,0,1
58,40095.78,704,21995,0.3504,3,14,3,28530.53,3,1
55,61631.4,311,8717,0.2155,28,1,1,2609.87,2,0
51,76530.04,508,79867,0.5324,3,3,0,23837.49,3,0
34,26891.62,464,65022,0.3446,27,5,0,2320.65,3,0
54,38388.34,593,54668,0.4695,0,8,2,8327.03,0,1
42,29110.33,818,52645,0.5123,27,7,1,7400.22,2,0
55,24964.55,377,30550,0.244,17,12,0,17798.21,0,0
29,83833.98,733,4576,0.3251,13,13,2,5084.07,0,0
40,122985.44,376,41868,0.3185,12,13,0,1545.31,2,0
59,35808.18,347,47380,0.2314,7,11,1,12268.86,1,0
39,77614.04,381,6728,0.2683,5,4,0,9330.1,1,0
38,117284.13,508,33800,0.5424,16,4,0,17548.58,1,0
44,99222.43,744,11886,0.3238,22,12,0,14214.27,2,0
48,24084.95,821,70909,0.1905,10,4,1,22521.32,3,0
23,155859.96,328,48236,0.1062,14,8,0,18270.82,3,0
44,36271.03,603,46805,0.1162,6,8,0,11584.78,2,0
57,33646.45,764,33532,0.1094,21,2,0,6268.12,0,0
51,17900.94,801,29688,0.6879,28,7,1,205.75,0,0
29,44964.15,745,12063,0.4721,29,12,0,3675.82,2,0
62,20194.18,789,24089,0.3263,26,11,0,13001.99,0,0
24,27858.17,727,56942,0.6669,7,14,1,613.47,0,1
27,32152.94,658,52829,0.4042,10,12,1,14130.27,1,0
62,89455.78,390,51553,0.0881,27,5,1,7264.63,2,0
34,108751.13,352,34585,0.1317,20,2,0,20233.32,1,0
43,31209.2,503,72739,0.273,1,13,2,10782.69,3,0
38,103058.55,455,60004,0.2424,19,3,3,16016.77,3,0
45,102593.71,301,3438,0.3569,10,11,1,1881.44,3,1
63,80100.85,656,24212,0.5061,13,7,0,1898.47,3,0
19,22138.73,357,51362,0.2132,23,6,0,2371.04,0,1
60,67750.12,553,73177,0.8662,12,6,1,4054.33,0,0
18,145538.69,479,17983,0.4071,7,12,0,23478.71,1,0
68,66633.22,792,15026,0.4268,11,7,2,14885.82,2,0
53,33130.22,334,51998,0.3073,20,6,0,4535.68,0,1
68,46243.79,374,56744,0.5242,21,11,1,25069.19,2,1
43,61695.69,588,58013,0.3234,8,2,1,15092.57,1,0
46,47153.16,670,52039,0.1886,25,8,0,10672.81,3,0
38,20750.1,628,50831,0.3767,25,7,2,5737.06,0,1
28,31832.68,603,35603,0.4136,9,6,1,10545.76,3,0
57,87967.07,520,78758,0.2505,10,5,1,8995.05,1,0
28,103933.2,463,68713,0.1958,10,11,0,15226.45,2,0
53,21645.97,779,14105,0.2941,15,6,0,2556.4,0,0
66,152008.99,754,68182,0.3468,17,14,2,21678.6,2,0
56,32942.48,674,53147,0.4155,20,3,0,8961.69,2,0
57,63853.71,519,76400,0.4686,8,2,3,16438.15,3,0
52,77712.98,553,47434,0.3628,2,9,0,4266.42,0,1
51,90196.23,487,27515,0.236,21,1,0,4974.39,1,0
64,146136.61,490,59001,0.4015,3,2,0,27692.05,0,0
41,31888.67,688,59397,0.2325,19,11,0,9727.42,2,0
39,102997.55,514,62415,0.1285,18,10,0,3823.4,3,0
22,21354.13,674,17960,0.2078,9,10,3,857.3,2,0
50,69941.34,385,46778,0.2841,12,1,0,5697.85,2,0
53,75961.92,773,31941,0.3596,0,8,0,18910.24,0,1
64,65955.51,830,41955,0.2625,11,4,1,2895.93,2,0
37,28084.79,346,79565,0.3779,10,6,0,19681.65,0,1
36,107875.86,364,57908,0.317,23,11,0,1763.16,0,0
52,23322.98,774,65067,0.2808,4,5,0,1391.84,2,1
69,17480.7,445,56696,0.1014,1,8,0,9306.23,3,0
60,71877.88,681,19429,0.0755,16,10,1,16329.01,2,0
34,44036.86,365,77676,0.1234,16,7,0,15143.68,3,0
62,100100.62,816,15847,0.2362,19,1,1,7844.05,2,0
60,36758.86,392,48191,0.1673,14,8,0,10180.24,1,0
51,23291.6,725,35256,0.2942,3,4,0,2986.75,1,0
26,96476.5,767,29774,0.1398,21,7,0,8012.25,1,0
43,50823.94,393,10127,0.2464,10,3,0,2328.17,2,0
19,24437.79,432,29205,0.0994,22,2,1,26360.81,2,1
26,72345.21,733,59764,0.1538,0,1,0,11333.8,3,0
26,47203.13,640,39664,0.4317,9,10,3,8315.91,1,0
57,56720.93,613,57795,0.4719,17,5,0,2838.79,0,0
34,42803.3,511,33333,0.1893,14,11,0,5259.02,1,0
18,94397.61,819,37079,0.2086,18,14,1,15151.13,1,0
42,94622.45,458,25259,0.27,24,3,0,2736.59,0,0
60,70609.61,567,27571,0.6432,3,11,4,1379.49,1,0
57,20012.11,773,52119,0.3008,5,3,0,3672.36,1,0
59,97144.96,709,9009,0.1565,1,8,1,15821.72,3,0
42,65028.16,773,62829,0.5824,12,1,1,21465.74,1,0
56,68734.6,655,39230,0.0965,26,13,0,5350.56,0,0
52,35293.14,492,57049,0.2828,1,2,0,15198.61,0,0
20,110142.5,570,37498,0.6127,12,1,3,4038.03,1,0
67,73155.14,413,29820,0.1325,14,7,1,7108.85,2,0
54,20375.19,822,41315,0.2941,28,4,2,203.91,1,0
61,38574.32,354,33795,0.283,17,3,1,12447.8,0,1
61,112870.45,364,40191,0.8162,10,3,1,12683.72,0,1
68,17175.61,571,55453,0.4567,4,10,1,1055.87,0,1
47,161472.01,801,13453,0.5318,28,11,0,4444.22,2,0
55,66156.93,661,51325,0.3779,24,3,1,6607.7,2,0
51,59909.01,445,50490,0.4685,13,2,2,14876.91,2,1
29,29196.47,508,75796,0.275,21,5,0,17350.38,1,0
36,27873.26,585,50993,0.365,15,1,1,12699.66,0,0
54,143174.25,309,46706,0.1063,13,5,0,2431.51,1,0
61,30939.45,485,43817,0.0593,8,10,1,4405.86,1,0
66,82225.64,763,65544,0.8833,5,14,1,2840.92,2,0
34,37474.22,433,56710,0.7542,8,8,4,10138.63,1,1
27,21748.02,470,51799,0.5862,28,7,2,10422.78,3,0
66,15484.79,512,61964,0.4116,4,14,3,163.01,2,1
64,50362.21,829,54678,0.853,10,14,1,13156.92,2,0
29,182423.75,801,72150,0.3102,11,11,2,2607.29,0,0
33,35729.94,326,61438,0.7381,16,3,1,16163.41,3,1
41,34885.94,367,78223,0.5448,5,13,3,17886.52,3,1
36,33978.04,707,62926,0.5147,19,12,0,15944.31,3,0
25,48079.63,408,4801,0.3776,24,9,3,5244.4,0,0
48,41145.29,373,42048,0.5809,5,11,2,4281.74,1,1
38,110379.86,561,41144,0.1172,14,10,0,5711.44,1,0
34,46691.26,667,11148,0.5577,16,13,0,7491.6,0,0
40,46895.3,536,20861,0.5596,21,7,0,2875.75,1,0
54,21701.9,665,62717,0.7001,2,1,1,26829.15,3,0
33,197670.16,585,23480,0.5268,18,6,1,7013.1,0,0
23,27944.07,677,19637,0.4107,22,4,0,760.14,3,0
25,18428.75,675,45621,0.5007,1,6,1,58788.83,3,1
42,63964.79,375,61304,0.3298,8,14,0,6618.5,0,1
35,55714.8,308,48431,0.2344,8,3,2,29372.53,2,1
42,39137.66,495,57172,0.3208,6,5,1,4947.62,0,1
29,39683.13,589,26437,0.1857,24,3,1,2545.84,0,0
32,84183.66,360,9149,0.3804,15,7,0,13351.45,2,0
43,24800.94,688,15671,0.4999,26,5,2,5665.05,2,0
58,92229.3,307,24119,0.1054,5,4,1,21324.93,3,0
62,62081.2,668,47117,0.3946,8,10,0,6245.38,2,0
43,39432.86,344,17279,0.2102,25,7,1,4130.04,2,0
64,42564.39,643,69835,0.5182,12,7,1,34015.36,3,0
49,28346.3,674,5803,0.3897,1,10,0,17741.63,3,0
27,77765.44,326,61805,0.4039,13,9,2,2301.67,3,1
33,47365.53,492,19201,0.0721,4,3,0,6711.02,3,0
24,32411.4,656,29634,0.2519,10,11,0,1202.67,0,0
34,55790.9,361,15760,0.3565,14,11,0,1140.03,3,0
40,260573.31,361,11826,0.4775,5,10,1,19200.48,0,0
43,40712.72,721,46775,0.3266,27,8,0,26856.89,3,0
38,129048.39,679,75676,0.3953,5,7,2,13425.94,0,0
39,34041.56,576,7798,0.0585,15,9,0,45316.13,0,0
24,17532.94,730,67103,0.3177,26,2,1,463.36,0,0
31,25280.71,414,78160,0.7188,19,6,0,4027.33,0,1
32,39411.6,420,78751,0.434,28,5,0,1417.07,2,0
24,26159.7,824,74502,0.2279,3,3,1,15233.45,0,0
26,15010.22,715,52410,0.3958,4,7,2,22110.37,2,1
68,125930.5,462,41888,0.2795,5,5,1,5926.12,2,0
65,98570.7,636,50047,0.4471,27,6,1,17672.9,0,0
25,76016.81,678,46955,0.5146,12,4,1,18813.88,3,0
67,23266.5,623,2982,0.4458,13,7,1,1504.63,2,0
40,20771.1,472,34864,0.4227,23,13,0,4731.86,0,0
46,18149.93,363,40265,0.2574,27,13,0,2082.9,1,1
35,72935.71,400,47313,0.2026,12,7,0,11088.17,2,0
48,133906.84,621,45350,0.4286,9,5,3,4899.31,3,0
47,40337.67,365,16378,0.1487,16,7,0,11019.42,1,0
69,20708.58,757,70815,0.3048,23,7,3,20864.76,2,0
56,47321.03,752,28924,0.5433,17,10,0,5323.09,0,0
52,34304.44,558,8312,0.8038,26,13,1,35728.32,0,0
35,36137.56,725,31353,0.5886,6,8,2,5252.86,0,1
59,58699.13,477,17192,0.5822,3,14,3,2404.61,0,1
56,72077.91,579,18450,0.0741,23,11,0,7534.77,3,0
34,20274.55,643,6432,0.4221,21,1,1,5092.24,3,0
31,16630.76,316,58225,0.4689,20,4,1,1335.33,2,1
48,247767.88,595,79711,0.2242,15,11,1,234.65,0,0
41,26921.15,501,66604,0.319,9,1,0,13625.94,1,0
52,17490.01,493,11295,0.4348,25,3,2,27009.68,2,0
61,24475.52,448,7774,0.1945,29,8,0,5806.66,1,0
62,16788.17,674,13190,0.6123,20,13,1,676.44,0,0
51,37377.12,334,32286,0.511,19,12,2,13495.5,0,1
20,87968.38,668,77325,0.3198,29,7,1,20179.47,0,0
54,33783.12,328,73427,0.6143,18,3,3,3910.49,2,1
60,41429.26,520,65014,0.1041,2,4,0,2510.48,1,1
57,65658.17,352,76852,0.2139,29,2,0,4110.66,0,0
43,46999.29,652,56256,0.4302,18,2,3,23893.99,0,0
40,103942.18,691,59630,0.6286,22,5,0,5412.18,0,0
61,105458.18,375,63771,0.3876,23,13,1,10617.73,2,0
56,15448.21,793,52715,0.4693,12,2,1,772.65,2,0
32,82737.89,821,8466,0.1086,7,11,2,3306.44,0,0
66,42789.55,416,18637,0.4691,17,7,0,2588.04,1,0
21,217296.05,579,69745,0.6047,29,1,1,646.71,0,0
46,44707.26,474,37317,0.6801,18,9,2,1285.3,2,0
39,210067.51,594,50766,0.1989,17,10,1,5388.9,0,0
42,78213.34,750,4078,0.2395,21,1,2,8164.56,3,0
30,27862.06,817,28299,0.3248,26,11,1,3738.48,1,0
35,49787.06,320,4543,0.6379,18,1,0,5438.68,3,1
50,233043.63,372,52052,0.0452,21,14,0,14250.04,2,0
33,102688.26,335,23064,0.1116,3,9,2,2839.38,3,1
62,19609.76,806,73287,0.1954,12,7,1,347.18,1,0
59,70144.87,532,15425,0.3379,11,14,1,2970.44,1,0
61,34080.24,796,52481,0.3122,14,10,0,25434.0,3,1
19,15315.3,505,78347,0.2305,25,12,1,181.9,0,0
52,38248.99,725,73317,0.1241,14,4,0,1380.44,3,0
59,27040.13,343,51530,0.4382,9,3,0,672.95,2,1
51,91884.13,390,26888,0.3201,21,12,0,4730.92,3,0
47,33516.56,769,28491,0.3265,28,5,1,10434.08,3,0
30,94087.29,766,33352,0.6443,18,2,2,24117.77,2,0
30,15026.92,753,22676,0.3088,20,6,0,15802.03,3,0
35,31555.86,632,66836,0.3366,7,6,0,2886.24,3,0
49,27418.7,806,38463,0.3906,18,12,0,10074.2,2,0
49,26970.38,769,49990,0.4167,24,1,1,10901.82,3,0
52,18178.02,320,64627,0.2103,8,12,0,948.74,3,1
56,24322.97,527,21221,0.7833,28,10,0,5571.04,1,0
63,51491.25,675,73843,0.1289,6,9,1,3728.77,2,1
69,30498.41,429,52313,0.5524,7,1,0,1709.23,1,1
46,39311.05,713,30251,0.4904,8,6,1,604.63,2,1
66,36284.78,370,47586,0.289,16,7,0,275.11,0,0
46,108901.83,703,75418,0.3176,14,8,1,19570.73,1,0
61,121066.38,696,54884,0.0962,15,2,0,4014.37,0,0
33,45562.17,636,53620,0.5619,6,11,3,6793.91,3,0
61,33031.97,804,11040,0.359,9,8,1,3447.92,0,0
64,20082.55,575,72677,0.4619,18,11,1,1813.49,3,0
27,152979.74,312,46878,0.6807,5,10,0,3028.64,0,0
47,17795.26,302,6969,0.1219,24,14,2,1863.13,3,1
42,30899.57,523,14162,0.2642,11,2,0,14183.12,3,0
56,30926.23,474,66435,0.5134,14,2,2,23806.95,0,1
37,32381.38,684,75667,0.261,9,9,2,5700.48,1,0
22,23076.14,540,6037,0.3317,26,7,1,17311.78,2,0
18,83787.1,846,61526,0.4403,23,8,1,5547.55,1,0
47,20880.41,313,15693,0.1774,17,1,1,5920.03,0,0
66,60342.1,494,60090,0.5478,3,10,1,6638.13,3,0
20,20949.6,696,3451,0.4251,29,6,1,17161.12,0,0
62,18291.61,730,66560,0.5219,10,1,0,27539.59,2,0
31,123073.2,605,6962,0.3225,4,5,2,13643.1,0,0
47,24489.6,633,17444,0.2788,12,2,0,21932.22,1,0
67,92479.56,709,41443,0.5822,9,9,0,10292.51,3,0
21,50399.11,302,17506,0.0684,21,3,1,18279.51,1,1
35,18647.45,751,39384,0.2661,28,10,0,8137.88,3,0
54,154999.61,794,25248,0.1631,6,7,0,14815.1,1,0
42,27763.73,716,47162,0.371,10,2,2,12216.33,1,1
65,103361.23,690,43690,0.2455,3,10,1,13833.47,0,0
18,23320.36,672,70625,0.4367,3,4,0,2670.65,2,1
63,101569.09,351,69008,0.2319,4,10,1,1669.42,1,0
32,15599.27,675,61309,0.3618,24,3,2,10585.16,0,0
26,47264.55,694,44237,0.1698,8,1,1,6594.94,3,0
32,81026.49,441,36732,0.3597,29,10,1,14467.24,3,0
66,137860.22,385,9104,0.0758,0,6,0,1584.15,1,0
41,122960.38,763,35980,0.5778,28,5,0,29506.18,3,0
21,92072.24,345,75990,0.441,15,6,0,12175.21,2,0
29,113593.49,537,40560,0.6271,4,14,2,232.57,0,0
54,24997.59,309,10554,0.3088,4,1,0,8592.82,1,1
54,30044.96,829,46987,0.6947,6,11,2,3748.68,2,1
60,30346.74,477,31985,0.6089,7,8,3,3211.37,0,1
23,36298.29,305,49167,0.4414,18,4,0,23244.7,0,1
56,37488.97,606,41428,0.4767,0,7,3,18075.76,1,0
63,50391.65,847,68238,0.0747,17,8,3,96.0,3,0
41,22839.46,626,63723,0.3333,21,3,1,2004.91,0,1
28,67884.57,655,18038,0.3997,10,14,1,12712.95,0,0
30,23253.09,694,23219,0.0894,29,4,1,18851.3,3,0
51,31717.99,599,5271,0.3368,21,9,0,12644.44,3,0
42,46493.7,825,28397,0.3838,26,12,0,7450.81,1,0
24,86630.88,584,75491,0.1677,28,9,2,41719.06,1,0
69,75526.54,629,30602,0.3885,15,7,0,15959.28,0,0
21,61671.47,349,55471,0.3148,20,3,0,6309.77,3,0
25,22620.04,677,63150,0.4054,10,14,0,8758.12,1,0
37,50638.35,837,45227,0.3659,20,11,1,458.54,1,0
46,19117.89,443,24116,0.2167,8,4,1,33448.74,3,0
68,36320.63,359,7674,0.2972,26,7,1,4505.76,3,0
62,39012.49,374,18469,0.4231,6,13,1,10832.87,0,0
63,16828.15,302,6446,0.1821,21,6,0,10994.63,3,0
27,29408.5,747,21760,0.4682,14,6,0,586.28,1,0
60,155203.38,574,2963,0.197,10,11,0,3090.46,3,0
51,153202.15,829,77002,0.4493,22,4,1,10676.72,2,0
43,34546.62,514,28262,0.549,18,10,1,24322.1,0,0
58,16982.54,784,6177,0.1587,28,8,1,15079.33,3,0
66,23880.65,628,12160,0.3495,6,9,0,8678.3,0,0
20,37407.24,554,8543,0.4582,15,10,2,2645.97,3,0
23,147852.78,686,40278,0.4556,2,7,2,29728.47,2,0
22,21849.82,425,30607,0.3342,15,8,3,5169.58,1,1
22,79884.33,849,18221,0.0946,7,10,1,1624.07,1,0
64,20177.46,623,4323,0.4996,25,2,0,218.76,1,1
40,193963.46,503,53105,0.4025,9,4,1,29987.56,0,0
66,36629.09,471,77151,0.3842,8,3,1,15046.97,1,0
26,82171.4,516,67968,0.3969,2,6,1,2438.37,1,0
52,33875.21,544,24238,0.5991,6,2,1,1528.91,0,1
37,59458.73,635,64830,0.3756,7,7,3,32059.07,0,0
66,24594.59,597,74967,0.3998,2,8,1,2754.79,1,1
59,22103.19,481,9330,0.2097,15,4,0,6197.8,3,0
52,140174.52,633,45153,0.4711,21,8,1,9437.99,2,0
67,127353.47,810,9611,0.1076,28,8,1,644.11,0,0
35,113303.67,682,14872,0.4588,13,3,0,4222.55,2,0
34,59189.36,498,50455,0.2375,6,1,0,28759.99,2,0
41,89324.6,631,35930,0.4429,3,11,4,12051.32,0,0
20,18219.11,464,73022,0.1111,5,3,0,4585.26,2,1
49,33344.3,541,63714,0.0238,6,10,1,15689.21,3,0
52,31940.02,526,49716,0.4947,11,12,2,18151.52,1,0
55,60433.24,750,67704,0.2496,6,14,0,1646.14,3,0
30,34799.59,495,1415,0.5603,26,13,0,8833.26,2,0
64,22234.37,503,77441,0.4376,0,1,1,4568.97,1,1
42,55837.37,757,71779,0.4928,17,12,0,7069.68,0,0
26,90783.37,556,72435,0.3897,10,14,0,6331.12,3,0
21,36666.0,828,10888,0.447,10,2,1,7008.25,1,0
31,21384.29,571,46299,0.2974,16,8,3,7380.36,0,0
54,24855.56,308,59765,0.1798,24,4,2,717.71,3,1
51,27200.89,500,63714,0.1252,11,14,0,1956.43,3,0
28,31043.79,358,16935,0.181,22,13,0,8351.66,3,1
58,61325.05,692,74002,0.4421,26,9,1,27494.17,3,0
20,56339.58,418,77729,0.6639,22,7,2,13724.54,2,0
45,68594.56,698,2320,0.1817,18,3,1,2726.53,0,0
46,35259.19,630,47032,0.4174,20,14,2,4489.75,1,0
26,93176.61,566,78763,0.2555,17,1,0,4085.4,0,0
20,25271.98,819,18907,0.3176,20,13,0,14675.77,2,1
42,43488.15,779,39002,0.2297,23,1,1,35826.05,2,0
51,87636.42,433,45838,0.22,12,14,2,4391.34,1,0
29,23939.0,654,39912,0.4775,9,1,1,148.71,1,0
59,20237.1,797,1552,0.0668,18,10,1,27627.56,0,0
26,111815.0,406,21140,0.3402,3,3,3,13992.91,3,0
32,33898.39,589,49737,0.1234,23,5,1,17979.13,1,0
57,66822.1,446,34367,0.3702,14,8,1,2340.54,0,1
42,16155.39,626,25061,0.465,17,8,2,10374.91,1,0
22,67710.04,714,43124,0.4824,0,2,1,2648.89,2,0
28,32097.55,509,46638,0.176,18,9,0,116.85,2,0
51,17580.96,595,2982,0.0962,1,9,1,1708.67,3,0
41,57350.79,697,36765,0.0203,9,7,4,25614.47,3,0
32,27397.28,402,55681,0.0915,29,12,1,2424.79,3,0
55,37008.42,807,64232,0.7212,17,10,1,8798.19,3,1
25,18780.59,508,63349,0.5371,3,5,1,34424.33,1,1
22,22163.42,727,64474,0.4357,28,5,0,787.04,0,0
65,30920.53,692,30513,0.047,28,8,1,16499.33,2,0
43,19232.09,408,23592,0.3031,21,8,2,9102.02,0,0
35,123772.59,647,24618,0.171,9,5,0,3906.75,2,0
23,15272.94,349,52632,0.1938,25,6,0,4529.57,1,1
54,44761.99,404,16409,0.3908,20,6,2,275.59,1,0
65,20918.87,719,10529,0.6349,3,6,1,2954.93,3,0
30,31546.76,672,25154,0.6515,23,5,2,5506.07,1,0
45,132202.29,326,33882,0.809,26,9,2,12620.03,2,0
22,22936.77,572,45917,0.24,20,14,1,3212.78,3,0
30,166941.38,639,16701,0.2186,17,1,1,8682.39,1,0
34,25368.58,600,76281,0.4036,19,10,0,13156.04,1,0
67,75890.19,779,69225,0.3372,22,3,1,11990.88,1,0
57,50601.79,843,53492,0.3732,3,7,3,8923.09,0,0
62,112123.53,564,3988,0.151,14,13,1,8679.56,1,0
49,51333.95,841,36919,0.2424,21,9,1,12773.0,0,1
46,49414.67,465,49426,0.3707,17,2,3,4087.38,3,0
68,24786.69,615,53167,0.3539,8,13,2,5982.28,0,0
20,23180.86,300,10013,0.4772,19,11,3,33863.14,2,1
57,126725.04,560,40113,0.4785,28,13,1,11044.35,1,0
51,32876.53,362,4574,0.1272,16,14,2,7337.45,3,0
57,35940.57,782,8838,0.1662,29,4,0,8634.9,2,0
44,79187.18,620,32368,0.2285,2,8,2,1102.94,1,0
30,33618.05,500,33228,0.3469,12,5,0,8964.61,0,0
62,151703.52,521,50711,0.1232,29,12,0,18109.36,2,0
50,75261.08,451,47097,0.1333,6,11,1,7415.3,0,0
23,55944.8,761,56773,0.3242,13,8,0,1946.75,1,0
41,110748.8,516,29639,0.2184,29,12,2,5945.88,2,0
36,17289.53,495,15823,0.6696,25,11,1,3257.63,1,1
33,28371.46,501,24510,0.0966,24,2,0,4458.82,2,0
57,43150.04,533,39333,0.7745,5,12,1,2549.04,1,0
45,26585.18,440,5435,0.1591,13,8,2,4063.32,0,1
50,76299.34,797,39418,0.4683,13,6,1,17242.78,3,0
65,128214.5,356,58955,0.773,28,5,0,14176.04,0,1
58,39806.19,803,60507,0.1901,13,13,1,6744.02,3,0
30,33843.83,441,52033,0.429,19,2,0,15255.65,2,0
60,161628.7,838,73972,0.2053,17,7,1,37117.46,1,0
62,41483.46,405,48219,0.3817,8,1,2,5211.19,1,1
42,45216.62,464,35477,0.4599,11,14,0,39113.83,0,0
59,34499.6,514,43721,0.4421,13,6,0,2822.38,3,0
53,123132.35,370,68228,0.0627,23,3,2,30908.74,3,0
44,52869.48,389,16523,0.1642,22,6,2,19982.95,2,0
55,79629.83,527,33326,0.0773,15,1,2,2220.58,1,0
24,90162.86,378,43205,0.2829,1,1,0,4305.42,3,1
22,33824.44,648,1125,0.7795,15,2,2,12307.31,3,0
60,40587.96,545,67735,0.6938,17,10,1,2127.24,1,0
62,99914.25,571,17375,0.2858,23,7,0,8933.23,0,0
68,35312.4,702,3711,0.1453,8,12,0,7653.03,1,0
48,86080.39,415,33437,0.7848,24,14,1,3451.33,3,1
40,142353.95,734,29022,0.7532,7,12,0,3574.37,0,0
59,58923.07,829,10182,0.228,0,4,0,7263.07,2,0
27,75900.85,741,72531,0.1442,4,4,1,3564.6,1,0
49,88586.47,471,41950,0.2808,6,4,0,1987.62,1,0
60,98906.37,315,13920,0.1005,9,5,1,14843.87,0,0
47,37617.67,355,23144,0.2342,21,2,1,8717.04,3,1
56,17368.09,402,3565,0.0574,10,11,0,5756.06,0,0
48,38128.09,583,54942,0.1699,11,7,1,1999.74,1,0
35,65404.97,816,71560,0.2324,0,3,0,9023.03,0,0
53,41931.34,577,25691,0.5872,25,11,5,9904.93,0,0
19,77197.0,568,34799,0.336,5,3,0,6534.57,2,0
31,34871.25,699,67777,0.2461,3,11,1,4663.93,3,0
30,60322.07,802,35510,0.2164,2,13,1,20192.63,0,0
46,24283.98,385,78366,0.7486,3,2,1,12201.35,1,1
29,77269.89,619,29975,0.1584,23,6,1,4403.23,0,0
56,50504.49,331,54242,0.0353,26,4,4,8991.64,3,1
19,25270.66,635,47546,0.546,5,4,0,2662.22,3,0
49,30533.36,350,24267,0.2635,24,8,0,115.36,1,0
30,77133.51,378,78911,0.212,4,12,2,20313.93,3,1
63,44652.36,473,70939,0.1907,26,2,0,17086.45,1,0
44,25952.39,800,5897,0.3463,8,7,0,10199.95,3,0
66,168877.48,375,1163,0.5159,3,2,0,16676.69,0,0
58,71506.72,615,53540,0.5087,13,6,0,15178.74,1,0
34,156736.31,672,31030,0.4164,14,13,1,19679.45,3,0
57,40067.38,380,56313,0.5818,27,5,3,22243.66,2,1
48,44004.67,370,30870,0.1542,3,8,1,17081.72,2,0
51,117705.46,370,30482,0.0283,21,6,1,19088.47,1,0
41,48504.5,345,32058,0.6293,13,12,2,6965.45,2,0
62,70284.08,346,58255,0.2425,28,7,1,12310.27,0,0
52,28076.26,721,65930,0.5703,9,6,2,4053.35,0,1
65,41635.62,448,51500,0.088,26,8,1,19742.31,3,0
23,20929.26,429,27379,0.3453,6,2,1,19560.96,0,0
36,25379.1,755,68787,0.1805,29,12,2,684.31,1,0
47,15042.47,804,24674,0.3228,17,7,0,4262.09,0,0
24,16802.55,543,7590,0.43,19,5,1,1880.72,3,0
27,185310.51,773,32432,0.4748,14,14,2,1459.51,0,0
58,27489.24,681,41426,0.271,28,12,1,5359.6,3,0
49,63986.76,402,50584,0.1411,7,13,1,9825.95,1,0
51,97213.67,788,39015,0.2661,8,9,1,4211.77,2,0
45,50998.94,336,74251,0.6695,4,11,0,3699.27,0,1
32,22480.13,848,70353,0.3392,5,9,2,992.21,3,0
47,73607.16,819,5600,0.0656,25,8,0,4827.56,1,0
54,56261.38,632,25690,0.2276,11,8,1,6367.25,2,0
46,74128.92,696,34762,0.3727,6,14,0,5086.71,2,0
39,81085.87,595,38499,0.6284,6,4,2,11396.98,2,0
21,181744.37,406,8670,0.7268,14,12,2,3398.99,0,0
37,53353.11,829,18341,0.4713,18,8,1,12589.31,2,0
49,33810.23,382,74823,0.2025,12,2,2,21436.12,2,0
53,62045.01,587,18015,0.1881,17,11,2,8946.28,2,0
67,18190.29,760,66126,0.3111,9,5,0,4921.31,0,0
21,117460.1,514,56197,0.326,7,4,2,1980.76,1,0
44,20720.86,580,50849,0.2072,24,5,0,26944.98,2,0
34,32876.84,758,16852,0.08,10,5,1,13937.45,1,0
29,91114.65,643,56361,0.4205,7,5,0,2829.48,2,0
39,55931.74,493,22258,0.1974,7,7,1,1632.66,2,0
34,37512.33,457,63355,0.4438,14,1,2,505.67,0,1
27,43862.18,764,42508,0.4055,1,13,2,2114.04,2,0
18,101755.72,403,68784,0.6082,26,2,2,13181.69,3,0
39,33698.49,333,72728,0.7488,19,7,1,9929.93,2,1
43,106688.84,401,28410,0.1017,21,1,0,34245.68,1,0
35,19151.82,624,10895,0.1405,23,9,1,3885.65,3,0
67,82485.6,440,72942,0.6944,12,12,0,15445.88,0,1
31,99640.64,773,34924,0.5233,17,3,2,1283.55,3,0
64,24030.15,330,71831,0.1335,11,11,0,8268.68,3,1
46,40322.72,362,13264,0.712,7,6,2,6288.41,3,1
29,23141.5,386,29038,0.0901,16,4,1,18213.91,3,0
53,70180.46,603,10136,0.1135,26,3,0,12093.31,3,0
52,49490.97,360,14213,0.2695,5,8,0,2160.63,1,1
69,60393.49,695,78608,0.5324,15,13,1,41279.72,3,0
29,24844.28,633,28431,0.2314,23,2,2,17324.16,1,0
24,25707.06,710,43290,0.4045,23,13,0,4379.32,1,1
46,16907.23,583,68539,0.0505,27,3,0,17488.74,1,0
28,32491.84,765,43747,0.8374,26,8,0,31444.79,0,0
50,51918.02,379,76974,0.2095,22,3,2,22098.41,3,1
23,102816.15,376,70208,0.4132,22,8,1,8124.04,2,0
64,64472.77,839,73994,0.3501,13,7,2,8607.33,0,0
32,40723.41,660,70015,0.3418,26,2,0,1127.2,2,0
49,152707.5,376,15887,0.1296,9,1,1,1799.72,3,1
68,72162.31,808,1051,0.0559,26,1,1,40517.82,3,0
28,134773.03,463,68695,0.1938,27,2,2,14687.64,2,0
40,48745.67,308,70926,0.4388,24,7,1,258.38,1,1
43,28483.15,474,29491,0.2149,1,9,1,7930.62,3,0
51,17442.29,761,17080,0.5101,12,7,0,4235.73,2,0
63,73272.16,606,35880,0.4949,0,3,0,3732.59,0,0
51,20819.18,544,60965,0.0715,27,8,0,8132.92,2,0
46,31229.13,421,48361,0.2599,17,8,0,3858.84,0,1
21,49213.22,484,67890,0.4009,29,9,1,2897.57,0,0
34,52398.1,331,72156,0.1681,13,11,0,27776.56,3,1
52,56298.74,609,70290,0.6033,2,12,0,406.73,0,1
30,23182.26,671,17593,0.2685,14,13,3,5730.04,3,0
58,36492.56,355,17167,0.0886,8,9,1,7157.73,2,1
56,58210.24,572,34005,0.6072,25,12,0,5797.32,1,0
32,172524.22,763,66471,0.3762,12,14,1,10707.58,0,0
46,73526.91,755,51728,0.337,22,9,0,260.11,3,0
46,130146.77,548,9691,0.2898,4,4,0,21628.1,1,0
28,79636.92,377,10756,0.1194,4,10,1,6935.72,0,0
69,55310.76,833,37308,0.1978,21,4,0,8067.07,2,0
49,24595.0,407,65079,0.037,1,11,1,6213.31,0,1
19,64440.12,572,66524,0.3823,0,2,0,5879.02,2,0
64,58943.28,314,61466,0.2469,26,8,1,2066.55,2,1
31,56511.73,669,10327,0.1381,16,2,0,7019.77,2,0
37,45281.61,603,29520,0.0939,18,3,1,5470.53,2,0
39,48847.58,504,44308,0.1507,16,9,1,6313.36,3,0
28,33320.86,412,17533,0.1889,8,2,0,139.27,3,0
44,47964.22,552,45488,0.1996,9,1,0,1402.9,3,0
20,24904.19,740,68160,0.6341,28,5,1,14404.18,1,1
34,88604.27,485,41429,0.2081,14,7,0,5431.84,2,0
61,24248.44,526,52726,0.2121,12,4,2,13583.17,0,0
45,18995.75,827,74065,0.5335,28,4,0,1876.69,1,1
46,40791.18,653,21653,0.145,20,11,0,11980.25,1,0
38,63322.98,300,57921,0.8405,24,3,2,3412.4,1,1
64,40908.74,719,14654,0.1956,20,6,1,12211.92,1,0
33,29580.27,460,3108,0.3931,16,12,0,907.83,0,0
54,51757.47,460,70483,0.6346,26,13,0,4059.27,2,0
37,34178.18,427,8899,0.3604,27,8,1,1271.02,0,0
23,136549.04,450,14372,0.0509,22,11,0,9932.91,2,0
36,130170.83,743,38682,0.2429,6,13,2,4985.65,1,0
22,46405.59,770,68799,0.4182,3,14,0,771.8,1,1
20,32879.59,762,37583,0.0585,2,11,2,7473.2,3,0
18,75124.72,329,30295,0.0582,0,2,2,252.12,3,1
55,16683.17,772,67113,0.6304,6,6,1,17063.77,1,0
32,43976.27,379,50574,0.3377,4,8,0,27862.22,1,1
51,33448.21,338,65934,0.0931,25,1,2,16611.04,2,1
52,128960.24,539,31066,0.1957,16,4,0,30263.12,1,0
66,15543.4,636,9945,0.3004,16,1,0,22741.11,2,0
42,51215.22,579,30418,0.381,14,14,0,22531.32,1,0
41,75733.31,415,50874,0.1411,2,4,0,2816.21,0,0
29,44863.05,568,18130,0.4183,2,14,0,2628.84,1,0
35,19017.23,634,69248,0.4003,1,11,1,16577.0,2,1
32,176647.48,611,42394,0.287,7,9,1,6760.63,2,0
61,47842.48,352,50635,0.255,12,6,2,28527.16,0,1
33,57858.02,367,18404,0.2374,27,6,0,22755.41,2,0
44,27149.37,333,73629,0.3641,23,5,1,22365.94,3,1
25,44730.43,685,14156,0.2062,5,14,2,3947.03,0,0
63,40228.26,548,56618,0.2943,4,3,1,1426.04,1,0
42,18503.2,410,50999,0.2313,12,14,1,11330.29,1,0
34,20050.3,393,14785,0.2576,29,2,2,5808.49,1,0
46,96760.87,709,49359,0.4113,21,9,2,27172.29,2,0
25,27339.0,478,15694,0.4815,0,9,1,19232.03,1,0
32,24758.75,346,37114,0.3065,17,7,1,26426.7,1,0
44,46635.84,675,70549,0.8404,6,2,0,8390.2,1,0
63,80890.96,501,58230,0.2942,16,4,2,7470.29,3,0
67,17877.67,744,33799,0.2299,7,11,5,18778.64,3,0
69,53696.81,596,12156,0.0637,18,8,0,7172.15,3,0
24,20712.14,607,11304,0.232,15,10,0,23028.74,1,0
20,16671.41,792,41645,0.3736,13,6,1,350.35,1,0
46,17438.36,637,39938,0.6836,19,5,2,4443.97,2,1
61,95854.05,365,57982,0.3257,22,11,0,18008.02,2,0
41,20648.94,721,78614,0.2329,9,10,0,2356.6,2,0
20,17079.11,839,3315,0.2944,22,2,2,5091.05,2,0
37,40923.39,792,13420,0.7497,1,1,2,100.93,1,1
63,98603.58,616,19312,0.4974,20,1,2,3591.32,2,0
32,28696.42,374,22395,0.502,23,1,1,3836.62,0,0
42,39645.79,358,41301,0.2646,15,11,1,13188.07,1,1
47,16833.36,685,47972,0.5849,24,6,0,11311.33,1,0
31,41827.33,314,64294,0.1119,12,4,1,5887.1,0,1
24,53782.51,530,49225,0.6085,4,11,1,13038.05,2,0
34,53073.68,498,23854,0.2116,17,9,2,5592.02,0,0
61,33184.77,653,71780,0.3053,19,9,0,5702.41,2,0
37,32060.18,334,31929,0.2073,10,3,1,10372.0,0,1
53,20073.63,461,58103,0.4444,4,6,1,12833.16,1,1
26,35563.48,770,64620,0.4099,21,6,1,18766.92,2,0
55,19715.96,830,45590,0.4532,27,10,1,13919.2,2,0
65,80474.29,722,73554,0.0991,21,10,0,11096.18,2,0
39,167527.28,647,11621,0.1563,12,1,0,8243.44,1,0
19,172906.93,446,1973,0.3388,27,9,0,3683.26,2,0
41,105135.33,673,59786,0.3175,0,4,1,3025.71,0,1
25,56322.29,715,38097,0.3941,5,6,0,18531.09,2,0
28,69308.82,793,35245,0.1056,10,10,2,12635.26,2,0
30,30109.23,555,66211,0.0991,9,12,1,10948.55,1,1
34,59835.15,402,55841,0.3336,0,8,1,2995.35,0,1
25,42367.29,420,26346,0.8465,15,1,1,34998.34,0,1
38,44601.61,718,72980,0.1275,12,8,2,848.1,0,0
35,78805.26,649,50153,0.0869,20,6,0,18217.23,2,0
47,29902.74,341,77942,0.285,26,1,2,2367.1,3,1
35,32225.27,666,6972,0.5973,15,12,1,4980.13,3,0
63,131347.61,328,49063,0.556,14,12,0,5584.06,2,0
64,17604.0,313,66488,0.2625,6,9,0,10867.86,1,1
48,44916.94,784,58055,0.4844,13,13,1,7911.18,1,0
55,124780.21,488,65366,0.1301,29,9,4,2058.98,2,0
49,57414.29,594,11931,0.6136,23,10,0,304.76,0,0
28,50574.98,482,8702,0.2135,10,14,0,12630.63,0,0
62,27930.35,847,22540,0.3438,26,8,2,7030.42,2,0
42,33922.08,336,58450,0.3421,12,14,3,4490.81,0,1
50,100989.16,313,66252,0.3788,4,7,0,3348.29,0,1
55,51864.23,458,47904,0.1328,17,1,2,17318.56,3,0
58,47538.37,793,53320,0.869,2,11,1,15873.4,3,1
25,19720.21,628,32000,0.1636,11,1,0,17489.89,2,0
28,15727.11,382,3599,0.6323,6,8,1,2473.15,3,1
39,164198.83,321,57165,0.4505,25,13,1,19102.72,3,0
68,36293.4,431,59855,0.2444,19,10,1,42363.68,1,1
41,56596.01,764,1018,0.0896,14,8,0,9141.75,2,0
58,18738.24,755,1858,0.2435,0,1,0,483.2,1,1
34,66714.63,601,26992,0.0938,18,8,3,12115.53,3,0
29,136347.74,566,33580,0.2139,9,8,0,7724.22,3,0
63,53575.47,694,71916,0.1606,13,12,0,12449.59,0,0
49,21066.31,419,36800,0.0823,14,10,0,2085.45,1,0
32,54222.35,545,59770,0.1936,1,10,1,9308.94,1,0
33,80426.36,337,55941,0.6563,24,13,1,7747.79,2,1
39,38470.99,544,38487,0.1734,16,14,2,9225.37,0,0
45,110351.06,320,13943,0.204,24,12,0,13010.25,0,0
37,62072.98,409,62457,0.09,9,3,2,7857.38,0,1
50,118279.61,693,19836,0.4082,4,1,1,3883.28,3,0
27,58958.31,709,12394,0.2554,27,3,2,3696.21,3,0
57,21333.46,307,73158,0.3142,5,8,0,11876.19,3,1
49,31677.76,743,26280,0.3254,5,14,0,10902.04,1,0
67,25142.54,627,78318,0.2509,27,8,0,5481.86,1,0
50,122774.59,589,2159,0.6128,5,12,0,4362.42,2,0
19,79295.31,810,71162,0.2015,24,7,4,9679.2,0,0
50,65770.89,660,24440,0.528,13,2,2,3742.0,3,0
50,31112.54,518,78166,0.1443,12,13,0,33040.14,3,0
58,24152.81,705,53712,0.4268,12,5,1,9075.18,0,0
30,78559.69,519,48656,0.0568,24,10,1,8963.47,3,0
47,43923.95,406,7589,0.215,26,8,1,1465.68,3,0
50,26516.02,585,49241,0.3864,9,13,0,9407.06,1,0
30,58143.02,307,24233,0.2555,15,3,0,3494.51,1,0
69,16852.64,488,36011,0.7975,6,6,0,6011.69,3,1
43,32765.0,380,9177,0.3576,2,2,0,7726.22,3,1
39,43447.17,407,35528,0.3017,14,8,2,6499.95,1,0
56,22205.39,620,62351,0.3545,22,9,0,16575.43,0,0
19,202961.92,645,57831,0.336,4,1,2,1047.64,0,0
55,25556.12,627,52827,0.2139,24,4,1,1831.17,3,0
56,21285.06,601,24508,0.2252,7,6,1,1707.76,2,0
43,25240.74,499,55933,0.45,25,14,0,16973.59,2,0
63,80952.1,718,69772,0.3711,27,2,1,1258.18,3,0
67,39941.93,338,16611,0.1073,21,6,3,35558.33,0,0
32,52501.46,606,23282,0.3641,4,11,0,34791.14,2,0
51,15955.48,303,42003,0.2118,25,7,1,48056.43,1,0
59,16576.71,376,75216,0.3322,1,6,1,38966.01,2,1
61,41562.41,767,12340,0.2738,26,10,1,1613.66,1,0
66,91337.41,478,75684,0.0826,27,10,1,10712.42,2,0
57,112420.61,575,19165,0.4198,18,11,0,5103.1,0,0
28,19081.41,451,19260,0.5896,10,8,2,13161.09,3,1
20,49783.95,463,55515,0.6508,10,5,1,5207.38,3,1
23,125002.08,589,31480,0.1391,2,3,2,4832.73,3,0
26,37094.03,677,53527,0.2192,12,2,0,23428.98,1,0
23,94623.28,609,60789,0.1642,19,2,1,6823.0,3,0
26,21458.35,688,52902,0.1868,18,2,1,13461.44,2,0
56,138275.5,482,33191,0.2824,22,10,2,10495.85,0,0
48,77640.18,605,60488,0.2741,28,12,1,10720.92,3,0
49,142615.57,371,76082,0.6083,14,5,2,4294.26,1,1
58,65801.34,518,37044,0.1676,5,10,0,2909.52,1,1
67,35322.9,472,50600,0.5571,12,4,3,21665.83,0,0
29,140259.63,571,49776,0.3885,23,14,1,248.97,0,0
25,29506.46,767,13836,0.6134,17,2,0,1898.61,1,0
25,33167.64,568,75525,0.3233,17,5,1,1424.71,0,0
67,69300.2,319,53648,0.2212,0,7,1,29835.49,2,1
45,80228.25,802,14740,0.0364,20,5,1,50.39,2,0
37,134284.85,446,14102,0.1596,22,11,1,80.55,3,0
64,25312.41,728,52334,0.1493,24,8,0,2571.25,3,0
24,86976.5,464,31255,0.2,20,12,2,3272.37,1,0
28,75367.37,609,26221,0.2981,26,6,1,8205.82,1,0
37,17966.42,817,64265,0.4725,10,13,2,32500.9,2,1
33,37038.95,313,1719,0.4982,15,9,1,6255.68,0,1
21,29955.86,431,24140,0.3186,0,10,1,3407.73,3,0
23,31339.97,738,56779,0.105,18,5,1,16982.71,0,0
39,198213.99,562,2069,0.3398,7,8,0,4874.06,3,0
43,61322.83,524,55714,0.2962,18,14,2,1528.56,3,0
20,71911.52,557,74285,0.326,22,6,2,15826.95,1,0
58,184009.8,533,13935,0.6054,15,7,0,24.17,0,0
59,36308.97,635,45035,0.1028,25,12,0,2295.58,1,0
31,87840.66,708,28937,0.2762,2,8,1,10082.23,0,0
28,40654.49,323,19540,0.0965,1,4,1,1081.0,0,1
35,106648.8,570,74480,0.2053,11,4,0,2954.7,3,0
29,23966.39,394,49702,0.101,28,11,0,4997.28,0,0
40,147772.26,441,79283,0.356,9,6,3,5048.74,3,0
29,26109.95,380,77041,0.5321,29,2,0,36046.48,3,1
30,32768.36,573,78233,0.3614,21,9,0,11256.11,3,0
42,78511.88,575,37907,0.0862,1,12,2,377.24,2,0
62,37521.21,764,16221,0.2448,25,8,0,2501.94,3,0
68,57166.48,507,55781,0.1958,29,2,3,9582.36,1,0
36,41460.85,595,8087,0.0464,20,12,0,12497.47,0,0
63,76030.38,338,23789,0.6802,4,12,0,4789.98,0,1
53,26664.0,587,57023,0.658,4,14,0,19419.2,2,0
62,17710.63,423,34400,0.1405,5,1,0,28722.41,2,0
25,31045.83,582,3199,0.4374,2,10,0,9520.79,2,0
46,43936.85,479,48316,0.2971,9,4,1,8264.26,1,1
49,23277.61,396,53062,0.2766,4,14,2,13895.21,3,1
68,34718.58,490,72609,0.8659,23,11,0,15234.61,2,1
61,37985.88,373,17744,0.4063,19,4,2,2426.26,2,0
35,17659.71,746,77095,0.1622,29,14,1,6608.15,0,0
23,54393.28,796,56517,0.2622,4,2,0,5931.8,0,1
35,112070.85,783,49865,0.2442,14,5,1,28381.61,2,0
36,22405.72,415,74937,0.4159,16,12,4,1185.2,0,1
39,55987.16,834,78195,0.2094,16,3,0,28729.92,0,0
54,64178.1,397,14894,0.465,23,3,0,8500.22,3,0
49,39461.13,627,30160,0.3467,17,12,0,3397.52,2,0
58,69343.72,706,54095,0.0333,25,10,2,20351.83,2,0
20,38799.3,612,30272,0.118,9,12,1,517.41,3,0
45,46610.93,447,55021,0.1658,22,3,1,3841.05,2,1
27,15332.11,641,34645,0.2656,6,4,1,13964.93,2,1
68,67953.62,794,22179,0.1529,10,11,1,17584.7,3,0
52,63724.49,322,11691,0.1321,13,5,0,1833.2,3,0
46,16762.09,404,46311,0.4698,8,4,4,28433.44,2,1
32,35666.78,521,40038,0.5072,16,9,0,552.19,0,0
50,188913.76,314,25967,0.2769,1,4,1,5683.75,3,0
24,39569.91,377,29478,0.2572,29,11,1,1025.28,3,1
29,46367.05,621,56775,0.2584,16,7,1,1028.06,1,0
66,123322.65,540,71624,0.6635,16,10,0,24522.3,0,0
47,71845.54,317,41332,0.1377,26,11,1,23430.43,2,0
38,54259.87,753,8066,0.7925,19,5,1,9551.83,1,0
48,86933.45,742,40313,0.1973,23,10,2,33899.23,1,0
41,104900.87,576,68857,0.2385,9,9,0,6754.12,1,0
37,42469.79,723,46900,0.2389,23,9,0,15271.92,0,0
54,44005.36,775,42098,0.1408,11,13,0,1023.31,3,0
21,36952.95,326,9294,0.0719,11,13,0,5035.48,2,0
45,168107.2,813,63580,0.2204,26,13,1,7237.96,0,0
61,68755.71,763,39101,0.305,14,8,5,15057.52,1,0
37,18910.1,662,26059,0.5813,8,6,3,4071.89,0,0
41,104436.59,682,41626,0.2433,17,13,1,39289.83,2,0
67,44475.17,824,21703,0.2919,15,12,1,13273.84,0,0
66,18205.43,681,62417,0.2533,28,11,1,7613.57,1,0
68,50904.58,483,60228,0.4941,6,6,1,4016.2,1,0
49,39293.25,493,4205,0.2499,27,12,2,10273.58,3,0
58,109575.7,761,35929,0.4086,13,2,0,11179.88,0,0
53,25266.72,355,34411,0.2045,3,7,1,11368.81,2,1
51,93811.82,529,12628,0.3123,2,9,2,8823.71,3,0
53,51708.36,788,71089,0.5565,11,9,0,5116.33,3,0
19,17527.11,327,7518,0.2542,15,2,1,16963.86,2,1
32,175651.85,483,39491,0.0721,3,9,0,2987.75,2,0
51,47341.56,724,8946,0.3573,3,7,0,9818.61,0,0
53,30467.67,674,1610,0.2435,2,5,0,6380.38,1,0
23,43519.19,340,70838,0.2628,8,5,4,22334.11,3,1
56,102791.72,783,35311,0.3465,23,6,0,8929.52,3,0
59,31366.68,559,42876,0.5445,13,13,2,19356.59,0,0
68,24631.38,740,51333,0.1696,11,8,1,30643.61,1,0
68,21218.78,383,52298,0.296,9,2,2,1358.47,0,0
29,30912.97,345,42811,0.3882,13,3,1,8101.14,1,1
20,83145.59,739,71072,0.4644,11,10,2,21539.56,2,0
62,43707.82,818,43974,0.1733,11,7,1,20563.01,0,0
35,26614.48,737,20856,0.2764,1,3,0,2180.43,2,0
57,23178.47,435,45830,0.1259,18,1,2,6565.59,0,0
38,33205.19,482,46823,0.2763,12,6,1,2524.39,2,0
32,141546.8,471,75397,0.373,9,7,1,22712.58,1,0
50,33905.04,838,68078,0.1402,22,9,1,32.35,1,0
52,214495.9,419,68951,0.4353,20,1,1,2464.12,1,0
43,44881.62,580,13905,0.4375,0,11,0,5259.97,3,0
25,23884.43,607,22601,0.3213,0,9,0,2499.2,1,0
53,114796.21,576,41955,0.0593,27,10,1,36336.84,0,0
65,42758.0,829,73179,0.3792,7,7,0,2797.49,1,1
47,70653.38,594,49435,0.0888,5,8,0,4499.11,3,0
40,200278.55,352,25044,0.379,19,3,0,1912.47,2,0
59,17316.51,731,12246,0.3301,2,5,2,26127.77,3,0
61,19576.25,351,3458,0.3241,12,3,0,5297.99,3,0
31,72356.92,371,59507,0.0741,24,7,1,3036.06,2,0
31,29896.89,327,7028,0.3166,24,2,0,2825.21,0,1
19,24166.97,768,52901,0.4181,11,6,2,8809.62,0,0
54,16807.09,846,7306,0.1544,19,10,3,38007.21,1,0
22,15994.0,700,28678,0.4927,15,2,3,36563.0,3,0
55,82021.71,500,13363,0.1286,10,9,0,39998.04,0,0
62,21496.69,765,15066,0.3505,23,6,1,4888.08,1,0
58,43376.4,678,64804,0.6098,3,5,1,24582.94,3,0
64,56901.41,476,49544,0.2734,7,6,2,5876.9,3,0
31,40165.42,351,1189,0.077,6,13,0,7145.08,0,1
56,16236.64,378,12752,0.4787,15,12,1,7337.61,1,1
42,83857.73,684,8482,0.3295,29,6,3,657.04,2,0
37,15475.6,307,17679,0.69,11,6,0,1948.81,3,1
19,79575.99,513,1799,0.1728,5,10,1,21723.81,1,0
56,115699.93,324,10934,0.4109,22,6,1,22667.98,2,0
23,40520.12,749,58558,0.4685,5,9,1,2256.38,2,0
34,49509.83,756,60223,0.0987,10,7,0,3604.5,0,0
42,44166.39,760,42556,0.1989,11,11,3,17708.34,2,0
45,37184.99,497,10909,0.1393,15,1,2,2283.67,3,0
19,113285.92,393,44558,0.5587,21,10,2,21271.59,3,0
52,115966.01,736,29013,0.3354,15,9,1,17326.86,1,0
54,33413.85,826,23875,0.429,29,6,1,16479.2,3,0
22,57961.19,677,12408,0.5017,22,10,0,22232.74,0,0
18,132721.37,403,36607,0.0334,15,8,0,21796.66,0,0
57,162226.94,338,62684,0.7124,3,14,0,24914.23,3,1
29,47005.25,757,37281,0.1741,11,3,2,21164.56,1,0
53,42134.38,663,28326,0.5149,4,3,0,9337.48,0,0
62,29701.15,434,14601,0.6023,8,13,0,1716.49,1,1
40,158597.84,673,2135,0.0717,17,14,1,9394.07,3,0
64,21934.53,531,23741,0.5289,8,12,1,28509.68,2,0
48,54019.27,338,12913,0.2436,15,9,2,34319.14,0,0
28,29942.36,346,11101,0.3777,20,12,3,13036.59,2,1
27,29720.74,335,19631,0.3147,25,9,2,11836.33,0,1
20,38361.35,394,73084,0.0773,0,5,1,27876.62,3,1
31,317380.39,660,37870,0.5041,26,5,1,3442.91,1,0
33,17544.06,824,49985,0.6278,22,3,1,1636.74,1,0
27,53881.56,445,28215,0.3149,4,7,1,3424.91,1,0
46,18878.16,667,63110,0.0428,18,7,2,29749.21,3,0
27,22553.33,364,20215,0.2759,2,3,1,2386.48,1,1
29,41056.73,527,15024,0.5044,0,8,1,2545.54,0,0
47,47143.02,819,77949,0.5942,22,6,3,2143.69,2,0
58,28476.35,480,46483,0.2652,13,3,1,6631.99,3,0
18,32120.97,800,79157,0.1402,17,6,0,15915.41,2,0
22,19094.25,454,11511,0.4482,7,1,1,4810.28,0,0
37,31257.84,834,20923,0.5192,13,6,1,1054.95,0,0
25,167908.01,734,11558,0.6527,19,7,0,13478.51,2,0
60,145280.21,398,1526,0.4775,19,4,0,9411.71,2,0
29,33350.34,671,2753,0.2954,12,4,0,6522.93,0,0
18,53068.11,661,27248,0.1339,26,3,2,33269.82,0,0
37,123155.7,411,15656,0.0959,20,5,1,6356.79,0,0
45,15279.14,752,24266,0.4239,15,12,0,13187.45,0,0
60,89895.09,468,65555,0.2596,8,13,0,1725.7,0,0
54,148363.97,438,63995,0.5862,6,11,1,5387.72,2,0
64,19309.59,530,76756,0.4708,2,1,1,2385.96,2,1
54,22923.52,538,79277,0.1837,19,6,1,4279.24,3,1
29,160696.93,552,71377,0.6514,24,2,0,6533.82,1,0
54,49703.8,735,66402,0.5014,0,4,1,1917.62,1,1
66,15643.43,721,55176,0.4108,23,14,0,16247.82,2,0
66,28405.96,602,42733,0.4383,7,6,2,4716.23,2,0
61,41898.06,371,15418,0.6887,13,11,1,22690.27,1,1
45,68127.49,562,38185,0.363,12,11,3,11228.74,1,0
64,74449.84,521,42745,0.2962,6,6,1,1943.2,1,0
32,257387.4,376,54787,0.3255,12,12,1,10271.42,3,0
23,30254.6,361,53035,0.5315,21,10,2,235.22,0,1
61,49770.01,770,66984,0.3196,6,7,0,16470.2,1,0
37,49295.36,456,53462,0.3306,25,1,1,36583.22,0,0
67,38412.55,424,38353,0.1066,19,12,2,11324.51,3,0
31,23339.41,460,74644,0.0677,19,6,2,26103.87,0,0
19,185654.01,840,49302,0.2143,4,9,1,3492.73,1,0
26,101376.72,834,77979,0.2062,3,8,1,5509.34,2,0
54,46041.85,405,23435,0.5136,3,8,2,5526.85,3,0
37,56599.68,430,58728,0.165,24,11,0,1188.17,1,0
43,26601.63,656,2238,0.259,5,14,1,15918.1,1,0
46,50315.8,301,14049,0.5044,13,6,1,6833.28,1,1
18,68430.55,532,58193,0.3336,2,4,1,6741.84,1,0
52,47577.79,668,36584,0.1926,2,1,1,11040.33,3,0
23,223534.58,550,67634,0.0458,25,5,1,1875.2,1,0
54,57527.46,407,15679,0.3349,23,13,2,16615.53,0,0
22,35861.2,575,35505,0.4753,2,5,1,4555.04,1,0
50,81558.45,479,52341,0.5361,29,14,2,829.91,3,0
66,23409.91,592,51374,0.6618,3,7,2,2111.23,2,1
68,36840.57,474,47998,0.478,21,1,0,2914.93,2,0
31,34175.19,422,77970,0.5831,8,13,0,1959.48,0,1
29,40438.24,526,56701,0.1336,21,11,1,2773.7,0,0
59,83501.28,743,45859,0.7535,15,6,2,54851.12,1,0
37,44789.28,727,34178,0.5095,18,7,3,7715.99,1,0
67,86097.72,382,28575,0.5005,15,1,0,9236.34,0,0
41,53662.9,364,20329,0.3739,11,3,1,1815.54,2,1
60,33839.51,580,58254,0.2006,5,10,2,450.19,3,0
51,89727.87,690,74662,0.1531,19,9,3,3715.72,1,0
42,27248.5,727,41068,0.161,20,13,2,14688.72,3,0
67,26434.34,406,59951,0.3746,29,8,1,8182.16,2,0
46,46598.72,847,36171,0.3836,20,13,0,108.42,0,0
56,28601.4,561,9262,0.6055,2,14,0,15548.05,2,1
48,15410.79,458,44270,0.4645,20,10,0,1098.14,3,0
64,62023.64,564,21785,0.6007,27,6,1,5804.99,2,0
60,47201.31,767,40469,0.2344,27,8,1,75495.08,2,0
67,41537.43,501,69831,0.3792,4,12,0,1293.88,1,0
40,168463.23,454,46643,0.7715,6,2,4,16875.42,0,0
61,53104.32,312,68657,0.1179,24,13,1,16054.86,3,0
55,104591.83,596,4582,0.197,4,13,2,5888.61,3,0
37,21758.27,797,31280,0.7223,8,12,3,44451.96,1,0
40,52895.69,544,43589,0.463,14,7,1,3681.24,2,0
62,106115.96,599,41000,0.6673,20,2,1,3794.79,3,0
69,54371.52,661,2085,0.2202,19,3,2,1653.4,1,0
33,71965.43,653,16600,0.1154,5,2,1,4616.46,3,0
67,35937.8,820,60801,0.2467,7,11,2,3515.65,1,0
59,19365.27,685,62739,0.691,19,5,0,9275.77,1,1
25,42553.74,611,75181,0.7151,4,13,2,415.86,0,1
67,37575.0,713,42596,0.2523,25,10,1,3714.39,0,0
38,105803.64,577,71410,0.6114,16,5,3,47.18,2,0
18,27586.85,655,53188,0.5732,9,6,0,63.3,1,1
25,168145.18,824,27825,0.3994,27,6,2,17164.64,3,0
46,157802.08,315,11913,0.2051,0,7,1,13855.58,2,0
49,27803.82,344,15332,0.3912,29,14,1,13631.28,1,1
55,34250.57,620,55895,0.0455,15,8,0,4363.91,2,0
22,116659.58,625,5432,0.2538,23,4,2,12014.54,3,0
64,167993.92,447,27570,0.3313,22,9,0,2964.34,3,0
39,41369.04,654,7103,0.1233,20,3,0,3701.96,0,0
64,32420.84,535,16900,0.2332,24,5,0,8266.43,2,0
51,48603.58,404,59415,0.1819,0,3,1,12027.11,0,1
18,67380.57,773,68567,0.1589,2,2,0,3088.74,1,0
43,29376.68,695,63713,0.6573,5,12,1,11372.0,1,1
60,75012.01,745,59639,0.6321,16,11,1,32832.31,3,0
27,17386.77,519,9988,0.2665,29,5,1,6808.95,1,0
47,17274.79,741,79488,0.3313,27,9,0,5227.42,2,0
67,36970.31,327,3977,0.4064,21,6,1,2646.16,3,1
35,34626.33,774,55641,0.2726,1,4,0,4402.87,3,0
34,32066.76,604,2268,0.2409,25,7,1,7525.16,2,0
43,45390.57,704,55431,0.2931,29,10,0,28843.25,2,0
25,32403.38,812,17756,0.0485,4,5,0,3021.23,0,0
64,24608.06,801,21764,0.289,10,12,1,2632.67,1,0
57,31663.28,647,60912,0.4036,9,7,0,32336.32,3,0
66,180827.6,539,41385,0.1616,14,13,0,9310.08,1,0
29,38828.48,636,16032,0.2286,17,2,0,13290.45,0,0
44,41472.14,325,46702,0.3502,16,2,0,17701.69,0,1
25,53668.86,708,12885,0.6392,13,9,2,853.29,3,1
42,199265.58,376,10796,0.2887,27,4,1,6632.26,1,0
63,27444.57,516,33863,0.3204,29,1,0,1509.42,1,0
21,66455.2,627,33117,0.1545,29,9,0,9790.01,3,0
50,71642.72,322,21753,0.3181,27,1,0,30733.06,3,0
18,57064.72,609,21325,0.3901,12,14,2,578.98,0,0
36,19173.73,566,8021,0.3039,19,11,2,3203.49,3,0
48,65836.84,714,54096,0.0709,1,2,1,80519.97,0,0
33,17980.84,566,72404,0.336,24,9,0,55.03,1,0
31,55801.21,632,14071,0.1779,11,11,2,1503.07,1,0
65,75545.88,749,65649,0.0214,26,3,0,842.2,0,0
22,25662.79,546,9041,0.1635,10,11,1,14441.92,1,0
58,97924.68,335,41058,0.5024,18,1,0,13900.19,3,0
43,16387.08,700,49263,0.1819,11,3,0,15032.09,0,0
45,98551.52,327,45470,0.4169,24,9,1,14910.16,1,0
19,42755.81,519,29223,0.3164,3,12,0,18031.46,2,0
67,26041.82,705,34575,0.2861,9,2,0,14822.73,2,0
23,21462.64,570,46799,0.1983,11,5,1,6607.7,1,0
26,152887.41,810,22661,0.6182,6,1,0,13683.93,3,0
50,18394.85,585,37432,0.6835,22,10,1,9103.5,0,1
58,24990.49,753,32147,0.3661,5,1,1,4565.31,2,0
42,34234.72,616,30114,0.3684,7,14,0,18113.99,3,0
65,58569.1,596,7030,0.132,26,12,0,15513.56,0,0
30,50415.94,637,48429,0.3137,10,7,0,1905.45,2,0
26,21042.02,606,48743,0.3147,5,10,2,247.32,2,1
30,30394.83,727,66615,0.1588,24,10,1,3797.61,2,0
48,27275.81,650,48577,0.7029,20,3,3,5171.25,1,1
58,25809.77,810,3966,0.3817,26,1,0,1915.93,1,0
28,38830.84,824,4728,0.429,2,1,2,19318.93,3,0
21,69787.59,791,38304,0.3256,20,13,0,341.57,0,0
51,26034.05,308,50277,0.4375,19,11,1,6609.1,1,0
55,35555.0,796,1947,0.247,18,11,2,570.76,0,0
63,37311.06,739,79101,0.4621,0,5,4,7692.45,2,0
21,183700.8,407,67130,0.194,23,3,1,6229.67,1,0
55,154216.76,544,22414,0.5289,3,11,2,15148.2,2,0
36,87455.67,554,20439,0.2503,27,4,0,11701.35,0,0
23,27447.99,332,59220,0.4309,18,6,0,18576.13,1,1
51,18170.81,322,47785,0.3377,27,2,1,7860.23,1,1
35,32150.4,348,37973,0.1568,19,7,3,17284.3,2,0
30,28964.82,761,74318,0.6504,16,5,3,12698.83,3,1
58,46728.13,635,69196,0.2933,27,8,0,15118.62,1,0
40,82673.39,657,7089,0.3618,21,4,1,9179.85,0,0
36,102939.23,421,71854,0.5018,18,14,1,12714.53,1,1
62,98855.42,743,63235,0.5439,23,12,1,5136.88,2,0
28,35060.11,658,30400,0.576,26,8,0,888.12,0,0
18,67303.55,645,16405,0.22,13,4,1,5388.57,1,0
41,31883.09,492,53763,0.2126,29,11,0,1904.35,2,0
24,17827.76,715,31209,0.2937,29,14,0,9925.76,2,0
42,69414.18,676,74598,0.5882,28,14,1,3054.96,3,0
38,15444.43,762,18424,0.7328,9,5,1,31734.6,2,1
32,38681.17,445,21556,0.4489,20,3,0,3163.47,2,0
18,32979.82,777,20330,0.0558,8,11,1,1032.88,3,0
29,68196.21,707,4236,0.7107,24,4,1,21254.72,3,0
24,80406.77,585,70216,0.4195,15,9,2,5351.38,3,0
32,31314.37,410,31312,0.2558,14,5,1,4397.25,3,0
38,90119.91,349,22191,0.3168,26,13,0,21662.06,2,0
36,30661.0,313,37640,0.3648,15,4,1,10597.42,0,1
46,41603.09,433,63293,0.6807,17,4,3,7596.54,2,1
42,73425.81,642,37688,0.5614,20,7,0,3962.01,2,0
50,68129.15,585,72229,0.0681,22,2,0,3460.09,1,0
66,211720.17,613,25122,0.3387,22,4,0,8663.38,0,0
49,26479.5,596,42224,0.1519,9,3,1,6959.4,2,0
66,63854.27,463,7331,0.5999,2,7,0,3229.68,1,0
52,57335.7,796,43262,0.5259,6,4,0,2034.0,0,0
61,125981.83,315,60592,0.196,6,8,1,17038.01,0,0
55,22651.44,643,34926,0.3755,19,5,0,11639.41,2,0
43,77708.09,377,18528,0.6496,10,9,0,50046.07,0,1
28,52797.83,645,1068,0.5014,22,9,1,7252.57,1,0
52,29450.53,371,70253,0.2947,23,3,1,51828.35,0,1
25,43947.66,569,44968,0.2666,2,9,0,6177.18,2,0
63,33275.86,586,49623,0.3641,17,4,1,7656.25,3,0
31,53964.02,365,43129,0.7036,24,9,2,2345.93,2,1
27,113920.38,367,62321,0.2186,27,12,1,1619.42,3,0
19,52905.98,492,12526,0.5105,11,14,3,28170.76,1,0
63,59951.32,354,27709,0.1024,22,2,1,39747.33,0,0
26,47911.38,678,16063,0.4343,16,5,0,7930.99,1,0
20,17363.44,467,5723,0.0806,25,6,1,3178.03,0,0
38,26928.78,708,5213,0.4459,25,3,2,30241.9,0,0
43,45477.48,807,23797,0.5101,8,2,1,15933.08,0,0
25,31713.21,836,46217,0.2056,4,1,3,1982.17,3,0
65,24027.18,401,69283,0.623,17,11,1,3543.07,0,1
19,46565.12,721,24655,0.5237,22,7,2,42.15,3,0
23,32541.14,777,78990,0.3054,8,4,1,8722.8,2,0
45,28434.8,419,13587,0.511,12,8,1,7473.84,3,0
46,43061.73,590,23555,0.0343,2,8,3,1789.94,2,0
43,21436.99,787,29071,0.6809,3,8,2,4144.96,3,0
42,133240.38,460,21239,0.0886,24,2,2,28005.04,1,0
29,106021.46,377,50151,0.1719,17,13,2,10469.51,0,0
22,70336.63,337,3203,0.0272,19,5,1,19877.71,1,0
51,20052.99,693,14635,0.375,20,8,0,18220.84,1,0
65,82300.26,740,53571,0.104,14,10,0,25340.06,3,0
54,89251.7,839,2144,0.4611,19,2,0,424.28,3,0
32,80700.17,761,33699,0.342,22,2,0,3044.5,2,0
61,20444.99,593,13213,0.0831,5,1,1,5371.23,1,1
53,61465.47,699,17944,0.3489,8,6,1,10219.23,1,0
32,95897.67,391,67723,0.2166,10,14,0,9368.17,3,0
60,53754.85,305,69669,0.4771,28,14,0,2825.04,1,1
65,61782.44,570,69947,0.1406,28,5,0,2141.89,0,0
40,42592.21,398,35457,0.2586,12,13,0,5752.07,0,1
23,48852.42,825,36191,0.235,3,1,1,2885.08,3,0
63,16574.17,493,73264,0.3894,26,11,0,33556.08,1,0
67,60844.87,456,58924,0.208,14,8,0,33656.14,1,0
61,18823.02,414,34744,0.6224,24,8,1,1203.08,0,1
60,40692.99,695,54424,0.5026,16,5,0,12210.98,3,1
62,30580.66,821,79337,0.403,11,11,2,2590.66,0,0
38,50477.95,513,77084,0.6956,5,3,1,12638.37,1,1
40,21443.85,832,33886,0.0516,6,8,0,14571.75,3,0
60,67942.43,314,1972,0.487,24,3,3,493.66,1,1
33,86316.07,718,7621,0.5374,16,13,0,11885.86,3,0
64,23025.96,667,50738,0.2233,10,4,1,22710.57,0,0
32,19957.4,512,58694,0.3853,11,11,1,2437.32,0,1
42,22076.56,304,55777,0.4132,27,14,0,1228.09,3,1
53,109347.38,530,15530,0.1169,12,7,0,8366.12,3,0
28,48802.98,500,8354,0.4794,0,7,1,7286.9,0,1
68,43337.56,701,47529,0.5644,17,4,1,21695.41,0,0
32,20078.07,448,52714,0.2823,21,9,0,5998.13,1,0
21,62184.95,791,42232,0.1325,18,6,0,5336.67,3,0
38,106122.76,525,53079,0.1103,10,8,0,12516.59,3,0
30,94260.39,468,13550,0.2071,29,7,1,805.9,3,0
39,59264.06,451,61385,0.6126,21,4,2,587.35,0,1
36,18521.83,523,65736,0.4045,17,12,0,7030.31,0,0
51,20365.38,803,31268,0.3627,28,2,1,932.47,0,0
31,17275.48,849,5290,0.4366,9,11,1,27990.38,2,1
21,28396.7,343,56034,0.5477,5,13,4,10620.14,2,1
65,21560.58,803,31138,0.3934,22,2,2,14009.96,0,0
69,28552.65,540,72982,0.9153,21,14,0,2599.02,3,0
63,36880.23,650,14432,0.3466,1,8,0,6812.71,3,0
44,143898.09,322,68058,0.6052,4,8,1,1436.93,3,0
46,57415.8,342,59175,0.6844,9,12,0,2270.31,1,1
64,96074.29,765,34329,0.4259,14,1,3,8398.13,0,0
45,70758.92,339,70076,0.2692,28,13,0,3283.83,3,1
52,20370.76,602,13328,0.2245,13,1,0,24904.6,3,0
25,74917.71,474,35247,0.2975,5,4,0,53481.31,0,0
33,29477.4,831,7677,0.3171,13,1,1,39.34,0,0
59,60862.92,760,62810,0.515,23,10,0,14233.68,0,0
53,33763.83,492,51357,0.2246,24,1,0,1225.47,2,0
47,287828.65,543,56812,0.1988,20,10,1,8547.79,0,0
35,28766.22,579,42616,0.1056,13,11,1,2593.97,0,0
19,29728.37,335,62284,0.6477,11,5,1,33488.12,2,1
66,135100.95,839,50741,0.3567,22,1,2,20859.18,0,0
30,16122.89,453,54478,0.0673,3,10,1,9048.51,3,0
21,68684.85,322,55056,0.296,25,12,1,1936.05,3,0
43,73147.73,390,46534,0.1972,11,6,2,15263.9,3,0
42,96459.0,689,65162,0.4588,20,4,0,7345.9,3,0
47,180001.49,658,45711,0.0009,16,10,1,9456.25,3,0
28,182096.29,849,23805,0.2265,28,13,0,12656.47,1,0
24,18037.72,527,21143,0.1293,18,11,2,5384.23,2,0
48,92628.13,501,76828,0.2698,15,11,4,77.69,0,0
61,61770.04,649,63473,0.4318,17,5,1,4528.27,3,0
27,61901.56,337,17017,0.4832,5,14,3,5337.98,3,1
56,21181.53,799,64202,0.4174,8,9,0,4571.67,3,0
30,62266.07,342,42423,0.1731,25,2,1,17781.82,1,0
48,197005.18,816,42713,0.1429,18,3,2,4039.95,0,0
24,124276.15,367,75310,0.1496,11,13,2,5384.32,0,0
66,41022.03,422,3205,0.2434,10,3,2,635.83,3,0
59,16834.55,635,54266,0.0528,27,11,1,12618.06,1,0
59,35244.47,452,13342,0.0897,15,9,0,2426.05,1,0
53,93792.56,461,70563,0.0268,1,3,0,2678.95,3,0
37,69404.21,513,64190,0.0846,17,10,1,8839.55,3,0
21,42673.71,675,22200,0.1637,29,5,0,41076.4,1,0
24,17550.5,742,8188,0.1836,5,6,0,5278.78,0,0
18,40050.86,722,3808,0.06,25,6,2,3962.44,1,0
61,43486.81,837,14851,0.3636,21,6,0,368.78,1,0
62,133747.57,529,65928,0.4798,4,1,0,15482.2,0,0
59,61110.27,358,16058,0.6326,8,6,0,3028.46,0,0
64,31805.79,395,15620,0.5273,12,1,2,14646.45,0,0
30,48529.98,561,53755,0.2081,6,6,0,3316.55,0,0
39,18075.21,653,63995,0.5071,22,13,1,303.45,2,1
38,176822.41,611,37681,0.3633,26,10,1,6895.77,0,0
39,35087.13,435,65509,0.4048,0,6,1,23650.78,1,0
45,44242.51,772,68703,0.1927,9,3,0,2364.71,1,0
26,34752.54,729,68680,0.1214,25,3,0,1671.42,0,0
43,66629.15,836,68703,0.253,17,6,0,2043.03,1,0
26,63842.84,445,43136,0.1,11,2,1,11720.75,1,0
32,71537.89,823,37343,0.4167,2,12,0,4579.12,2,0
27,29047.67,386,19254,0.2727,4,5,0,2957.96,2,1
41,32069.08,408,62273,0.3031,13,10,0,4120.33,3,1
59,21021.83,722,60611,0.6286,26,3,1,3697.54,3,0
25,62956.06,644,61002,0.1262,14,5,2,7847.74,0,0
41,16827.48,565,13926,0.0392,11,14,1,1431.01,2,0
33,55973.1,793,65264,0.4046,3,13,0,7107.44,3,0
66,106704.79,632,28563,0.2442,23,3,0,3736.01,1,0
43,114669.09,712,31688,0.3504,15,2,0,26975.78,3,0
44,41824.01,490,35130,0.4859,10,4,1,5478.64,0,1
54,42670.39,441,1925,0.8471,3,5,1,1053.71,3,1
21,18604.17,372,52595,0.5663,5,6,1,27121.92,0,1
67,64994.26,466,17321,0.2768,24,13,2,27725.91,3,0
41,92481.89,467,11769,0.1575,15,13,2,1929.71,3,0
36,27626.13,558,37748,0.3609,1,14,0,16951.29,1,0
53,39613.77,738,41028,0.1636,12,14,0,19800.73,1,0
56,97140.91,410,17151,0.4195,7,14,0,4394.3,1,0
27,109344.79,830,77133,0.7299,11,2,3,1737.59,1,0
42,27538.34,589,35187,0.9122,20,13,0,16017.11,2,0
35,50989.95,809,44835,0.3869,25,14,2,287.14,3,0
36,24621.17,474,1059,0.2112,5,3,2,9660.26,1,1
53,19835.26,601,28235,0.331,2,3,0,4185.12,0,1
27,123921.32,484,68114,0.3037,14,6,0,9064.07,2,0
50,92292.98,638,46366,0.1115,7,1,2,15551.75,0,0
67,79226.78,809,33160,0.36,29,7,2,17645.62,1,0
22,17249.8,609,6277,0.1963,1,13,2,64807.3,3,0
64,98527.3,806,2780,0.2825,15,8,2,10222.77,3,0
66,40934.93,645,47579,0.387,12,7,0,2529.12,3,0
52,33861.8,380,61750,0.6842,0,4,0,3231.05,1,1
61,50581.85,673,57902,0.6505,10,7,1,5729.58,0,1
51,19310.95,455,33161,0.2146,27,1,0,18869.76,3,0
50,78595.82,731,45499,0.4343,0,13,0,4570.56,0,0
38,54299.19,799,32886,0.6134,7,13,1,11656.18,1,0
34,24293.4,446,9800,0.1979,1,8,1,461.36,3,1
39,24384.34,780,50460,0.404,12,14,0,5622.21,2,1
65,24164.06,734,71975,0.1983,28,10,0,1827.53,1,0
54,17641.12,818,70843,0.3486,20,10,2,27877.91,2,0
32,54880.93,368,3364,0.3948,1,3,1,15675.07,1,1
52,97564.2,485,17568,0.5836,26,9,0,1493.6,2,0
45,15794.39,503,39092,0.6899,3,1,0,5139.16,1,1
24,17261.07,312,72019,0.61,24,6,1,840.25,0,1
49,53269.5,573,63679,0.5775,1,1,0,13726.23,0,1
28,92040.03,597,66781,0.3107,12,8,2,2124.08,3,0
27,32802.99,350,9430,0.1494,3,14,0,16313.46,3,0
26,34358.54,799,74719,0.0741,28,3,1,769.06,3,0
31,55823.93,668,39692,0.5808,25,4,1,8508.72,1,0
30,29422.43,656,31086,0.5822,20,12,0,9370.07,3,0
42,16213.59,302,50671,0.3156,25,6,0,4069.68,1,1
19,74799.97,553,14901,0.6499,14,4,2,1793.76,2,0
52,59215.37,774,4907,0.2971,28,14,1,3913.1,2,0
24,54118.6,805,29604,0.4316,25,8,2,6842.11,1,0
38,75910.75,555,38869,0.7084,20,9,1,34772.47,2,0
35,65608.83,449,15537,0.0581,11,5,1,5922.92,0,0
20,25373.54,787,13501,0.349,11,1,1,2099.58,0,0
59,34557.32,578,38371,0.4667,4,8,1,262.27,1,0
56,21066.04,358,37821,0.1395,28,14,0,82.63,0,0
58,21259.4,745,7073,0.4549,9,13,1,5391.19,2,0
66,65742.72,412,62005,0.1571,25,2,0,3514.16,3,0
28,103027.35,788,77097,0.4252,1,6,2,1222.6,3,0
56,163033.62,706,19101,0.3472,7,6,1,1889.54,1,0
41,59540.77,666,32426,0.5903,26,11,3,4306.38,0,0
63,24155.93,359,8313,0.1625,4,7,2,11603.71,3,1
36,20024.63,628,31773,0.2251,21,12,3,9405.53,3,0
21,90413.25,768,29003,0.5351,7,9,2,833.33,3,0
43,53904.49,362,60668,0.1628,23,1,0,1543.48,1,0
55,58338.65,483,72250,0.3553,12,10,5,23903.57,0,1
59,83435.81,610,43294,0.4369,28,13,3,737.34,0,0
49,69673.07,837,14582,0.3411,12,12,1,2217.36,3,0
56,95933.93,476,14760,0.5099,25,8,0,3826.41,0,0
62,17603.51,728,72791,0.6186,22,11,2,2615.19,0,1
63,76939.16,372,36983,0.4427,14,5,0,3436.72,3,1
53,100626.96,466,41309,0.129,14,13,0,13009.99,1,0
57,30167.77,524,30715,0.2371,23,6,1,998.35,3,0
54,61030.25,308,37415,0.2209,25,8,0,4342.25,0,0
50,31970.13,535,52581,0.4704,10,8,0,9460.52,0,0
53,157622.87,327,4652,0.216,22,12,0,500.74,0,0
20,16529.77,326,27297,0.0415,9,11,1,453.06,1,1
26,54015.34,849,15028,0.6565,5,7,1,6902.86,0,0
25,23195.66,495,14803,0.1354,4,7,0,23008.32,0,0
50,71050.19,502,7307,0.2723,4,12,1,5883.7,0,0
23,23705.32,384,32325,0.4409,7,12,4,5219.62,1,1
58,27077.13,329,59616,0.2742,0,1,1,102.1,3,0
56,45687.83,765,61483,0.2831,1,8,2,13194.26,0,1
21,125842.39,398,32574,0.9503,16,3,1,1792.29,0,1
30,25705.27,489,68071,0.2336,28,5,1,11989.64,1,0
66,22009.44,311,15932,0.6552,25,4,1,4284.87,2,1
19,79028.8,329,16749,0.2324,6,10,0,460.32,1,0
22,46247.42,337,9727,0.578,28,3,1,3973.49,2,1
61,124259.08,593,56406,0.1144,24,10,2,10775.17,2,0
44,22134.48,659,18332,0.1549,22,5,0,14624.79,2,0
49,61721.46,479,11834,0.5537,8,3,0,10093.5,2,0
38,26929.99,411,21325,0.2399,3,9,2,12415.39,2,1
25,22672.69,743,10213,0.8365,6,11,1,2690.75,1,1
55,66759.41,320,2403,0.3749,27,13,5,33595.23,0,1
25,55528.15,444,57971,0.408,9,9,2,2573.6,1,0
67,78260.69,798,55030,0.2377,15,13,2,1864.49,3,0
20,31662.83,445,74042,0.1168,9,6,0,2874.31,1,1
61,41737.01,740,8591,0.2749,6,3,0,35775.23,0,0
20,38399.41,720,13996,0.0478,25,5,0,671.59,0,0
39,201334.82,615,53485,0.4986,25,11,1,14847.69,3,0
23,30554.83,465,48830,0.2022,1,8,2,1112.52,3,0
19,30718.42,502,35370,0.3697,1,9,2,14840.9,1,1
40,34701.21,795,58572,0.4343,7,3,1,3243.79,1,1
61,52416.44,767,30098,0.2049,13,5,4,12969.04,3,0
19,28085.27,684,62561,0.3843,17,13,0,502.42,3,0
55,126083.44,613,3196,0.2665,0,14,0,4073.6,1,0
34,28896.81,554,12091,0.2467,16,14,1,6247.87,3,0
52,116771.74,322,66254,0.3599,16,13,1,208.92,3,0
51,19915.31,638,50262,0.2375,21,2,1,1994.86,1,0
40,63093.78,792,7023,0.7002,4,2,2,1848.83,0,0
47,121875.0,810,21543,0.1059,15,2,0,6566.26,3,0
69,23317.08,665,61029,0.3039,6,12,1,1429.16,2,0
25,170353.02,671,43337,0.1251,14,6,2,37796.79,3,0
39,42139.2,518,41409,0.8327,18,3,1,21797.46,1,1
61,146107.92,774,71540,0.6555,20,10,0,2540.36,2,0
53,65829.57,722,10963,0.6208,1,5,1,2668.47,2,0
22,31152.5,655,14796,0.0246,26,8,1,29455.62,3,0
30,24388.24,759,41972,0.4099,15,5,2,3560.24,1,0
46,31291.13,802,73613,0.288,24,2,1,5504.14,1,0
48,19393.44,326,79062,0.5536,8,6,0,12089.16,3,1
64,21989.88,522,4261,0.3192,19,2,3,4216.5,0,0
33,19974.85,447,18046,0.262,17,13,0,23274.6,2,0
59,39741.68,723,14397,0.4424,9,8,0,8892.5,1,0
47,86440.68,650,61436,0.4866,23,2,0,8375.62,1,0
33,21859.48,485,26757,0.32,19,7,0,8080.99,3,1
29,21283.37,714,16299,0.5022,20,14,1,1188.37,3,0
34,61404.98,728,2902,0.2923,3,4,0,15627.54,0,0
33,24883.28,340,43399,0.4146,29,4,1,8488.98,3,1
29,19621.88,692,49330,0.8084,1,14,2,550.05,1,1
25,23214.29,378,47308,0.314,29,8,1,18995.26,2,0
37,130807.23,843,4846,0.5234,13,4,0,13073.29,1,0
20,92535.25,749,13359,0.4634,21,8,1,3409.27,1,0
33,34667.51,773,50376,0.2556,0,9,1,3369.27,3,0
47,62996.67,441,69056,0.3628,27,8,0,7026.24,0,0
62,49678.07,550,41832,0.2223,7,4,1,72.58,2,0
40,65871.95,593,21098,0.1995,10,5,2,16587.37,3,0
45,66651.75,435,50962,0.2806,0,6,0,28480.97,2,0
68,59587.64,783,36885,0.1233,4,9,0,5916.78,3,0
57,28922.3,611,22157,0.4475,24,13,2,7691.09,2,0
22,16790.44,345,49372,0.2962,12,5,1,16595.99,1,1
37,42360.45,535,20674,0.7872,16,14,0,3251.75,1,0
57,114727.55,347,33357,0.1968,9,14,2,6767.43,3,0
61,52926.07,497,13578,0.6492,22,2,1,1176.51,3,0
18,95375.47,383,3251,0.8859,29,7,0,12103.52,1,1
47,230209.16,842,38429,0.4127,6,6,0,15743.36,3,0
38,23040.05,460,47871,0.2797,12,11,0,692.49,2,0
37,67962.02,727,26499,0.3225,20,12,0,21406.32,2,0
23,65479.15,370,7421,0.5193,3,14,1,4692.35,3,1
39,190940.9,819,53204,0.3909,24,3,0,25536.99,2,0
35,205826.01,351,25591,0.1033,20,8,1,23043.12,2,0
25,67223.66,344,61940,0.1324,12,3,3,15649.41,1,0
56,27564.2,592,13202,0.7203,0,10,2,17728.37,0,1
49,87100.94,764,20290,0.0639,24,11,2,3416.08,2,0
50,20094.06,849,19130,0.1988,10,4,0,4577.38,3,0
33,83279.02,679,38077,0.6617,27,9,1,2745.18,0,0
29,123455.72,777,20396,0.3467,20,13,0,4377.37,2,0
55,36717.73,561,61848,0.6732,8,4,1,8253.2,0,1
69,59818.68,478,61530,0.4265,12,2,1,19953.24,0,1
51,40306.62,656,65274,0.2279,10,9,3,7922.68,0,1
31,40912.6,718,28122,0.3234,26,10,1,11929.87,1,0
53,31722.06,500,30381,0.1068,7,8,2,1459.4,0,1
50,79621.32,312,46435,0.3887,28,4,1,28062.37,1,1
40,138823.57,742,24267,0.4,27,13,1,8750.94,3,0
67,142170.18,585,62978,0.0171,25,11,2,14952.6,3,0
62,23644.81,557,8088,0.1266,6,6,1,65472.31,0,0
19,108482.68,847,13822,0.0584,28,6,2,19641.55,1,0
58,75175.94,789,51216,0.4871,26,11,3,7019.23,2,0
38,28116.26,797,37589,0.5937,27,2,1,20252.62,3,0
19,18134.48,632,66262,0.1465,21,9,1,10756.54,2,0
44,29038.7,331,58911,0.0103,24,6,3,13094.01,0,1
26,124475.44,342,2436,0.4389,29,5,2,10141.65,1,0
18,60129.62,650,62854,0.3615,27,2,1,3391.63,2,0
28,72453.27,633,62888,0.564,19,13,1,4071.82,1,0
20,28376.89,569,28281,0.2557,14,14,1,8172.13,3,0
69,72185.23,712,54952,0.342,14,10,1,20720.78,3,0
40,16283.6,318,23766,0.1452,20,1,1,6024.71,1,1
43,36173.31,646,22213,0.6488,11,7,0,7777.63,3,1
21,59348.21,336,63239,0.6348,16,4,1,4606.02,3,1
35,22107.17,391,23537,0.6792,22,11,0,183.02,3,1
23,92923.16,484,3794,0.2679,5,13,1,10315.32,2,0
52,27056.42,327,60204,0.3647,12,7,0,8345.63,3,1
39,62536.24,847,33324,0.0471,15,5,1,38284.34,1,0
60,38378.64,671,57764,0.2315,26,1,1,7092.09,3,0
32,55790.17,829,31858,0.1281,22,5,1,7656.06,1,0
39,20115.3,644,43850,0.3611,0,12,2,3316.51,1,0
54,15767.59,718,14018,0.4746,12,4,0,1049.15,2,0
69,123140.29,495,51790,0.447,6,1,1,12295.39,1,0
59,29139.18,377,10850,0.4152,12,10,2,16524.27,2,0
29,92085.25,466,46975,0.4176,6,2,1,20379.04,1,0
64,345255.03,389,66510,0.4432,7,13,1,5179.71,1,0
66,25689.11,563,66696,0.3645,17,13,3,12159.27,2,1
59,28865.27,771,26832,0.2268,16,9,0,3047.5,2,0
55,63926.54,507,25886,0.1296,15,12,0,2914.11,1,0
35,166438.87,570,9418,0.4216,27,1,2,54550.32,1,0
62,126362.89,562,8081,0.1011,16,10,1,18933.89,0,0
52,46451.17,805,11114,0.4442,7,4,2,2960.01,1,0
47,86337.75,811,19722,0.584,6,8,0,5681.0,2,0
41,21564.98,823,18985,0.1992,24,5,1,8323.37,1,0
59,185617.34,611,6888,0.4117,17,10,2,130.57,0,0
47,165034.36,473,70254,0.6206,3,7,1,32008.79,1,0
31,23046.11,730,20299,0.0658,23,11,0,1151.54,3,0
23,31013.3,762,57050,0.2068,21,2,2,16995.79,0,1
20,19748.97,400,23036,0.1672,1,4,0,37267.98,2,1
33,29267.99,315,30346,0.2598,15,4,1,12181.7,3,1
24,91166.07,557,27691,0.4375,25,1,1,34019.08,2,0
69,36389.52,543,18986,0.5222,17,12,1,198.86,1,0
31,19164.78,647,28846,0.0597,22,8,1,4378.05,0,0
26,33850.19,548,50665,0.3195,24,11,0,6471.27,2,0
32,194266.41,404,42401,0.0599,7,3,2,15275.81,1,0
38,59702.89,586,74728,0.7682,13,12,4,10628.55,2,1
52,39215.85,468,51054,0.7636,17,13,1,13318.41,3,0
19,23197.55,719,39487,0.2573,18,12,2,1562.58,1,0
44,207663.3,346,10412,0.0912,23,13,2,18628.18,0,0
19,92378.68,342,52473,0.2357,3,4,0,17272.41,1,0
52,29875.11,620,67553,0.0785,21,2,0,14649.59,2,0
35,18269.01,520,6279,0.3551,27,12,2,17034.73,1,0
31,17623.14,812,76948,0.3292,13,10,0,2402.83,2,0
37,20771.84,740,8712,0.4971,1,5,0,1511.33,0,0
35,54119.95,443,16817,0.1979,29,12,4,22543.81,2,0
27,133878.7,327,54832,0.1896,16,5,2,31467.95,3,0
42,45899.48,466,57224,0.1952,5,3,0,5521.1,2,0
19,98302.3,548,7624,0.1803,7,14,0,5923.97,0,0
42,41567.37,656,30126,0.3638,28,8,2,13508.39,3,0
50,70485.09,410,38462,0.4562,15,1,0,6831.95,0,0
53,74233.21,533,59676,0.4346,20,13,2,3762.3,1,0
48,23600.25,323,47815,0.5572,0,2,3,2108.4,0,1
31,35168.51,325,27093,0.393,25,1,0,229.12,3,1
18,60638.33,680,33525,0.2663,17,6,0,8860.01,2,0
63,18299.4,645,30030,0.6894,2,4,3,1533.31,1,0
33,35191.34,677,45067,0.4314,28,10,0,19544.03,0,0
63,49437.9,821,6207,0.0774,28,1,1,40668.45,2,0
69,266064.93,316,77433,0.5771,27,7,2,6120.1,0,0
20,43956.1,544,27639,0.0929,17,9,2,1228.12,2,0
52,91190.76,838,3792,0.1864,24,5,1,8747.11,0,0
58,40458.85,501,1420,0.5183,9,7,0,8530.31,1,0
23,86619.86,547,20198,0.2808,1,4,0,1431.24,1,0
42,55720.18,417,36608,0.1539,18,4,1,10410.9,1,0
30,112955.72,308,47205,0.2296,29,4,1,3798.89,2,1
51,38815.42,322,18875,0.5473,29,13,1,18675.09,1,0
25,56719.95,539,71511,0.1842,24,5,1,8865.33,1,0
38,59743.62,326,22331,0.2275,10,8,1,5673.09,1,0
51,39310.13,380,17893,0.8324,18,4,1,33054.67,2,0
21,22013.23,498,65913,0.2789,23,7,1,6757.48,1,0
42,19420.34,391,19243,0.191,23,9,1,21829.76,3,0
32,15756.54,383,16535,0.778,26,6,2,3069.47,1,1
21,108050.27,599,64203,0.4349,29,4,3,5829.94,0,0
62,27141.42,595,71597,0.608,2,5,2,876.17,2,1
29,25693.41,753,68394,0.2894,9,8,1,5494.93,1,1
49,74937.31,580,26489,0.4074,15,4,0,22489.76,1,0
49,32355.88,358,14346,0.6984,29,13,1,17687.98,1,1
45,46738.96,641,49005,0.5571,29,4,0,37175.29,0,0
30,22980.63,764,7773,0.4415,27,7,0,13852.3,0,0
48,159564.25,641,76324,0.224,25,6,0,3167.52,0,0
31,100847.34,361,33343,0.3208,2,1,1,1753.44,1,0
37,104709.96,728,75783,0.4635,23,9,0,1978.61,2,0
35,38498.07,555,46963,0.2256,18,13,3,10828.85,2,0
46,79665.16,646,42983,0.2198,19,5,1,4816.67,0,0
23,21990.31,825,36972,0.524,20,10,1,5344.99,1,0
49,15389.54,603,17959,0.5224,6,11,0,19702.22,2,0
46,15907.88,544,35133,0.3093,16,2,4,12970.58,1,1
60,54750.47,711,52150,0.1772,7,5,2,2348.04,3,0
19,42346.25,516,22734,0.6249,2,8,0,1876.57,0,0
40,47842.94,815,18400,0.4168,6,6,3,17255.94,0,0
36,15337.1,773,21002,0.1715,26,8,2,30706.43,3,0
48,39721.65,335,37492,0.8183,9,5,2,2047.42,1,1
68,71974.05,477,31875,0.4927,26,4,1,30315.96,2,0
22,41308.81,686,26046,0.1761,18,10,0,5616.58,2,0
36,74291.4,316,24664,0.1899,24,3,1,23608.4,3,0
51,26938.19,347,25453,0.2054,14,2,2,13897.29,0,1
27,90483.28,361,5746,0.4031,25,9,0,23550.44,1,0
42,54950.06,368,14217,0.1973,14,1,1,10360.53,3,0
19,25650.99,665,64184,0.42,4,10,1,1708.0,3,0
28,27155.89,461,42835,0.4291,2,14,1,622.65,0,0
67,59502.45,787,10133,0.1558,2,2,2,9864.78,2,0
48,94722.07,730,41533,0.2695,28,6,4,601.28,1,0
32,39174.77,788,6404,0.2394,3,13,0,2691.7,1,0
26,28446.5,529,34339,0.2953,14,6,0,2309.62,0,0
40,105787.2,669,29725,0.1542,15,12,1,5570.51,1,0
36,64790.15,477,75332,0.2099,4,1,0,9097.63,1,0
26,41746.3,709,46380,0.1636,20,8,0,24209.69,1,0
52,45115.61,569,49073,0.3486,7,11,0,27518.77,1,0
38,25281.53,505,61873,0.2819,9,4,1,40383.66,0,0
26,59354.15,381,42341,0.6459,21,14,2,14431.76,1,1
45,34994.59,492,2236,0.6271,20,7,1,25420.74,2,1
63,259641.21,488,68916,0.3483,1,10,2,15636.32,0,0
68,44442.57,575,15538,0.5059,13,9,2,24146.48,1,0
24,44938.93,373,12971,0.4059,4,2,0,1100.1,3,0
33,52546.62,309,39655,0.1507,6,7,0,32590.45,0,1
33,126869.07,515,78022,0.2506,10,1,0,2673.08,2,0
50,87609.16,589,61784,0.3029,2,3,0,8404.18,1,1
21,41995.22,744,62289,0.3799,29,4,0,7273.82,1,0
21,72074.89,492,38410,0.3106,11,3,1,8311.73,3,0
56,54710.62,588,52302,0.466,13,8,1,12107.61,3,0
57,45509.85,443,22703,0.1815,22,11,0,7756.54,0,0
34,24611.28,688,45191,0.6854,28,12,0,11671.52,0,0
54,43057.6,706,55112,0.4134,0,14,1,7644.04,0,0
56,27695.51,669,12399,0.492,28,12,0,121.16,3,0
69,125846.19,740,13685,0.0861,21,14,0,9871.6,0,0
46,33386.11,828,5487,0.4005,15,7,0,8101.33,0,0
69,151893.14,312,13018,0.6955,14,3,3,8815.13,1,0
53,49269.5,639,31825,0.1889,0,7,1,15.62,0,0
55,59929.58,611,8750,0.3832,22,2,1,6325.17,0,0
56,50232.37,403,59956,0.3443,21,12,0,20792.59,3,0
67,21234.77,638,51229,0.3023,12,11,2,4042.99,0,0
54,36209.33,497,44118,0.3191,25,11,2,5885.75,2,0
69,19698.55,599,60615,0.111,26,3,2,1306.15,3,0
52,58892.47,743,58290,0.4525,14,7,0,5982.63,1,0
24,41647.64,658,16105,0.195,16,10,1,5038.14,0,0
44,82725.46,667,19913,0.4494,8,13,2,21459.28,1,0
45,26207.91,468,50515,0.5383,4,5,0,360.84,1,1
39,23091.18,448,48342,0.2076,26,12,0,30203.57,0,0
31,38464.59,341,53184,0.3668,22,13,2,8589.73,2,1
24,132523.45,501,61506,0.8022,11,9,2,7542.45,2,0
54,70769.85,543,25967,0.3809,16,8,3,21733.32,1,0
39,39429.29,763,37023,0.3085,10,6,0,2119.68,0,0
22,47773.6,748,55288,0.2313,10,12,1,2344.74,1,0
19,18958.72,736,27622,0.3374,23,4,1,20748.59,3,0
44,202732.07,830,46201,0.1078,7,3,0,26513.52,1,0
38,64402.55,572,76033,0.3789,14,6,1,18189.95,3,0
55,30121.71,729,17350,0.3279,24,9,0,421.41,0,0
32,54664.2,512,55820,0.1818,1,5,0,10557.52,2,0
38,20217.86,403,49709,0.1186,21,12,0,5999.07,1,0
27,166947.11,491,28470,0.2142,9,7,1,16493.48,1,0
40,23645.01,679,31889,0.1557,20,7,2,1721.34,1,0
56,61989.46,380,11224,0.4247,21,14,2,25298.96,1,0
22,27673.78,848,6465,0.0633,13,7,0,4085.71,1,0
18,71893.23,676,56214,0.0921,4,9,2,3904.23,0,0
30,82490.23,453,3944,0.5407,26,2,1,1965.35,2,0
38,65358.58,539,25336,0.2217,16,8,0,69.75,3,0
43,57894.57,673,39624,0.4846,17,2,0,3750.47,0,0
67,115348.96,503,66206,0.1168,18,11,3,1605.49,3,0
62,18685.05,649,45764,0.6197,6,1,3,13399.44,0,1
38,33082.97,442,46420,0.3773,25,12,0,14132.04,0,0
35,27843.06,488,66671,0.386,24,10,2,17598.68,3,1
54,214080.58,571,16773,0.3004,17,6,4,54.57,2,0
62,37198.34,831,27447,0.1503,11,2,1,4330.68,0,0
49,74357.57,599,5033,0.2642,14,14,1,58.25,3,0
53,66943.97,725,56852,0.4717,28,13,1,7086.97,2,0
34,25726.21,345,21497,0.2041,13,5,0,23969.81,1,0
52,27290.35,394,73082,0.0717,9,1,0,5240.63,1,0
66,29863.04,363,74932,0.3017,16,7,1,20688.05,3,1
28,38829.53,712,21978,0.212,0,13,1,29484.44,0,0
38,27014.89,308,13882,0.4263,3,1,3,2716.33,1,1
69,15893.12,758,17945,0.3967,8,12,4,102.07,1,0
43,110184.83,708,57485,0.1354,3,12,2,13454.18,3,0
21,166649.3,769,69850,0.4523,18,8,0,8651.47,3,0
51,33805.39,805,60870,0.4387,25,12,0,4264.06,1,0
69,33596.51,372,19595,0.5165,23,5,0,4582.39,0,1
65,15320.27,383,65038,0.4826,24,5,1,844.44,3,1
35,66309.81,358,57126,0.4686,4,3,2,20484.65,3,1
57,93546.88,320,36449,0.5885,17,2,1,2771.57,0,1
52,22134.15,757,19639,0.653,14,6,0,1021.48,2,1
58,22828.03,456,46370,0.3702,19,4,0,15120.12,3,0
46,85246.99,628,75628,0.4153,25,13,0,6637.33,1,0
69,58104.16,502,72918,0.217,7,10,1,14392.6,0,1
46,17065.41,405,43710,0.1156,1,12,2,23215.12,1,1
55,58843.91,421,55051,0.4284,24,4,0,4814.72,0,0
59,31627.34,617,61639,0.419,12,6,2,560.11,2,0
38,35700.63,481,4159,0.3854,26,2,0,2920.11,3,0
59,81082.9,615,72192,0.5843,12,2,0,524.2,2,0
30,89954.94,705,67988,0.0695,29,13,0,1615.25,3,0
66,38013.91,369,19706,0.469,27,10,0,18901.25,0,0
58,147315.89,459,10862,0.1376,13,10,2,28373.66,1,0
34,38474.49,539,11219,0.4477,14,13,0,11298.34,2,0
26,81496.08,822,35536,0.0709,28,4,3,13161.05,0,0
58,44763.48,437,72632,0.3977,20,6,0,13148.51,2,1
18,117519.36,794,78391,0.8463,11,2,3,1316.54,0,1
19,122251.87,546,63886,0.2543,22,14,1,482.58,2,0
65,19116.42,842,34937,0.2153,4,7,1,11986.51,0,0
46,139047.47,823,22094,0.5354,2,11,1,381.35,2,0
50,93571.36,542,28924,0.4506,17,8,2,16700.1,2,0
27,85510.9,635,1123,0.2096,2,9,1,8943.77,0,0
67,25092.75,721,54149,0.365,13,6,0,1204.86,2,0
57,88591.53,493,72445,0.3609,1,2,1,10767.32,0,0
38,100410.24,607,32854,0.4676,17,6,0,9321.84,2,0
45,30358.24,805,61796,0.5511,12,8,0,4721.01,3,0
28,151889.43,580,70432,0.4324,1,10,2,17022.12,3,0
51,17301.57,738,59968,0.4205,11,1,0,3632.8,2,0
25,22308.55,782,41834,0.2552,26,11,2,4746.7,0,0
39,49707.79,522,18111,0.7214,1,6,0,11927.79,3,1
25,53588.96,416,73575,0.3398,7,12,0,13944.52,2,0
66,61622.72,491,25099,0.4209,28,11,1,3196.01,2,0
32,15770.16,815,70206,0.5586,4,1,0,169.29,0,0
34,160263.94,829,51293,0.2803,28,6,0,1939.53,1,0
40,17052.57,606,16029,0.4241,24,10,1,3054.34,0,0
41,21947.53,831,32811,0.4084,10,4,2,23539.55,1,0
62,15635.11,421,16793,0.7518,12,3,2,22406.49,2,1
36,52651.08,453,49106,0.164,27,3,3,10808.64,1,0
22,136148.1,836,1972,0.0931,20,4,1,12355.31,1,0
49,64340.53,751,1360,0.3346,16,3,0,9708.87,0,0
61,92835.25,468,3632,0.352,23,9,4,15104.3,1,0
18,15601.66,358,36958,0.0407,15,4,1,4326.31,1,1
40,50141.38,600,19008,0.3915,18,1,2,7912.14,2,0
54,42691.97,849,78656,0.0463,25,4,0,11106.62,3,0
25,46098.83,416,31283,0.2898,26,1,2,6319.19,0,0
30,18372.9,426,51908,0.4628,25,10,0,14813.48,0,0
25,66902.63,704,8818,0.1364,14,10,2,26969.25,3,0
40,46482.4,698,71655,0.4314,17,3,1,10900.5,3,0
60,80196.15,814,31579,0.2703,28,4,3,776.06,3,0
18,44886.88,797,56178,0.3556,5,14,0,9422.15,1,0
62,22280.63,827,58584,0.4291,3,4,0,11917.66,2,0
68,62018.45,697,66020,0.3169,3,9,1,3330.3,0,1
41,23514.4,564,1975,0.4603,29,6,2,3882.66,2,0
52,107646.55,562,64479,0.4132,12,3,2,9048.17,1,0
41,57733.39,697,17265,0.5096,8,7,2,12279.7,3,0
34,22696.36,826,64518,0.054,9,11,2,20512.82,1,0
22,162559.73,735,5318,0.615,13,14,0,14376.8,3,0
37,47875.64,659,36081,0.3219,27,4,2,1438.37,0,0
38,18406.15,428,59649,0.1831,7,7,0,4278.51,1,1
57,59357.8,540,44069,0.1401,2,2,2,1610.68,2,0
48,28138.04,521,79670,0.1953,8,7,2,14144.52,2,0
63,88263.5,513,77377,0.3696,28,8,1,3098.58,1,0
53,91624.72,434,13427,0.2296,0,12,0,1318.27,1,0
28,188732.81,685,41251,0.5234,14,7,1,1011.8,2,0
69,46360.2,602,26165,0.1614,14,6,1,1215.98,1,0
32,42310.07,586,68285,0.4089,27,4,0,2838.48,1,0
36,78013.24,488,65927,0.4668,29,13,0,15248.9,1,0
24,21394.77,596,74170,0.4123,6,9,0,2714.52,3,1
68,50625.45,825,77150,0.2671,14,1,2,3304.01,2,0
45,50559.16,688,25866,0.2144,6,5,1,21260.61,1,0
68,19217.93,758,11282,0.4555,12,11,1,5839.61,2,0
60,39356.59,560,21319,0.2429,11,14,0,7109.61,0,0
22,101366.79,412,37726,0.2531,17,1,0,27.26,1,0
22,102255.42,335,16412,0.2431,6,11,1,856.75,3,1
47,19703.12,378,74586,0.5361,6,10,2,13493.7,3,1
49,19279.64,574,25583,0.4761,14,11,1,4056.6,1,0
25,28713.94,577,62922,0.0862,8,1,1,1619.76,1,0
27,108490.73,611,7185,0.4537,5,6,0,5600.27,0,0
55,21210.07,828,57389,0.0821,25,6,1,461.46,1,0
64,72282.94,503,18423,0.3141,26,11,1,12357.26,2,0
49,19799.54,316,52268,0.4774,25,7,2,835.91,1,1
65,58914.41,775,42644,0.2843,8,10,1,564.38,2,0
45,34807.25,810,37786,0.042,18,13,0,5442.12,2,0
34,84997.03,509,76525,0.5975,23,9,2,8844.88,2,0
48,26977.61,798,31477,0.5394,19,6,2,14434.9,2,0
25,60874.65,701,4571,0.333,29,2,0,736.05,2,0
57,27094.74,728,20576,0.3578,15,4,0,4076.97,1,0
42,71275.94,377,63703,0.4952,15,13,2,3127.48,1,1
26,108101.46,379,10680,0.1297,26,13,0,13616.35,1,0
19,21101.67,605,26706,0.1719,0,9,1,4611.25,3,0
32,105646.69,357,65527,0.2536,22,2,4,9884.69,2,0
67,55516.04,829,71565,0.9167,12,14,1,6721.26,0,1
20,21117.58,507,49436,0.3677,18,7,0,8431.76,1,1
66,40101.7,810,3774,0.4609,3,14,0,4551.19,1,0
53,22892.01,434,17972,0.4487,18,4,0,2734.63,3,0
21,69230.99,821,15048,0.3842,21,14,1,615.99,1,0
31,79008.51,382,77680,0.0733,9,10,3,1905.18,2,1
58,20031.99,343,58602,0.0955,12,14,1,1894.68,1,1
58,46747.63,782,67403,0.4792,0,11,0,27309.29,2,0
42,90841.87,792,28182,0.4914,12,6,2,27706.82,1,0
67,138814.03,798,78373,0.3127,9,1,0,2954.47,1,0
27,47424.98,317,48059,0.3018,14,11,0,1116.49,2,1
38,150059.96,593,9787,0.0785,28,14,1,3308.93,2,0
53,49524.03,447,1393,0.1617,14,14,1,15918.31,1,0
29,37553.54,771,62775,0.4415,6,8,1,20461.32,2,0
44,99834.54,471,60454,0.2724,25,6,1,6953.53,3,0
57,45564.46,830,13056,0.48,13,11,1,7767.88,2,0
19,43731.35,419,62483,0.3914,7,14,3,6137.88,2,1
30,45328.09,365,45957,0.3368,18,7,0,2018.78,0,0
49,99416.09,440,29429,0.1395,24,13,2,510.55,2,0
48,95254.95,745,46909,0.2817,17,6,0,9712.67,2,0
33,38251.93,805,53906,0.2906,14,7,1,16031.07,0,0
49,33243.67,488,45389,0.3211,25,5,1,13836.87,2,0
49,45470.95,457,21905,0.2247,26,3,1,23055.44,0,0
51,53269.74,545,54730,0.3968,25,6,2,16801.18,1,0
28,27251.31,332,58557,0.6741,8,10,1,3390.82,1,1
27,86084.75,660,67199,0.2176,11,9,2,1242.19,3,0
32,44991.23,629,48301,0.8231,20,6,0,5634.07,1,0
34,33294.03,811,48259,0.47,21,9,0,4281.83,2,0
57,20083.57,370,75801,0.185,13,2,3,13040.98,0,1
35,27281.33,612,5574,0.1622,1,11,0,703.94,1,0
26,149165.61,378,57776,0.656,4,1,3,28648.82,2,1
42,31379.41,468,25737,0.0889,21,14,0,31504.74,1,0
57,23323.03,479,24390,0.2697,4,13,1,924.93,3,0
31,42784.48,559,53330,0.2719,13,4,1,5690.97,1,0
42,31508.34,785,72082,0.3192,3,5,1,22940.8,1,0
67,16610.65,304,54642,0.4759,23,10,1,2073.7,2,1
39,32563.43,596,22280,0.1855,1,7,0,11783.5,0,0
69,50347.53,659,22037,0.2576,0,8,0,12420.7,3,0
47,51104.41,416,41576,0.3896,1,12,2,2660.47,0,1
37,34841.62,656,29564,0.3879,12,1,2,61.85,0,1
38,41682.52,738,29087,0.5767,26,6,0,10920.41,0,0
61,166529.2,630,77213,0.1215,19,1,2,9603.9,3,0
49,36319.57,824,13803,0.4619,16,8,1,10489.91,3,0
68,28442.03,487,47002,0.2856,24,12,2,1701.28,2,0
63,27555.41,580,67761,0.4035,12,1,1,9256.7,2,1
66,42542.48,810,72310,0.2133,16,4,2,7801.76,2,0
38,79130.35,765,79579,0.4947,4,3,1,6024.94,3,0
52,25379.56,414,17163,0.1928,23,2,3,15002.37,3,0
49,70595.26,535,69380,0.4581,24,8,0,4915.1,1,0
47,15961.95,637,73883,0.4384,24,6,0,4358.22,0,0
56,39430.01,821,52885,0.2455,7,13,0,7787.17,2,0
66,82297.82,498,37764,0.7622,21,12,1,28858.43,1,0
29,33611.89,349,63126,0.4468,21,4,0,4219.87,3,1
58,52327.96,441,68224,0.186,28,3,0,5893.82,1,0
64,25322.42,827,48055,0.3559,11,6,0,3096.86,1,0
35,75965.0,813,52599,0.1891,8,6,0,11382.24,3,0
38,17416.29,329,79040,0.427,17,5,2,4526.91,0,1
30,101139.73,381,40720,0.4986,15,3,1,11799.2,3,0
38,24940.12,330,45484,0.1767,18,11,1,1574.85,2,0
25,108358.68,632,39852,0.0717,21,10,0,3062.05,1,0
63,34560.67,476,14219,0.0565,7,9,2,2310.58,2,0
57,72716.82,669,49865,0.6331,6,14,0,15023.91,1,0
63,32303.57,846,55457,0.3649,23,6,0,938.36,1,0
24,121358.46,834,37817,0.3595,20,5,1,2902.8,2,0
40,21093.19,405,69993,0.2665,8,11,2,7080.38,1,1
61,23849.13,396,53380,0.1966,21,7,1,919.23,3,0
49,45568.67,529,51400,0.082,11,1,2,111.17,3,0
28,18847.09,526,37258,0.6601,13,7,0,11748.75,1,0
39,24815.91,670,49957,0.1418,9,1,0,9508.28,1,0
39,144520.82,399,19281,0.4095,15,9,2,84.51,3,0
60,183764.18,744,78264,0.4149,28,6,0,497.53,0,0
42,36240.93,767,52331,0.2516,1,7,2,2476.55,1,0
39,130545.21,354,46680,0.171,5,7,0,23663.65,3,0
45,50418.27,494,39723,0.3908,10,1,2,10576.44,0,0
46,29146.11,819,11162,0.214,3,2,0,16347.57,0,0
30,69540.03,723,52095,0.1444,4,10,3,14249.44,2,0
35,63401.32,614,12338,0.1704,4,3,0,40760.16,0,0
19,218459.31,427,12675,0.2414,16,8,3,29988.8,1,0
46,28857.71,331,21080,0.0836,25,9,1,696.78,0,0
38,65171.54,392,14936,0.0403,4,11,1,229.5,2,0
32,17404.16,818,11019,0.0623,25,8,0,6873.02,3,0
69,20428.75,557,68282,0.3192,10,12,1,3170.77,2,1
44,15176.67,519,50681,0.0392,8,6,1,7023.22,3,0
67,353634.15,405,74861,0.0458,14,2,0,950.51,1,0
48,87939.22,847,5486,0.5609,23,2,0,23953.86,3,0
32,84532.36,715,20112,0.168,23,14,0,14876.62,0,0
68,47075.6,608,52697,0.3166,2,13,1,8032.22,3,0
40,31054.69,665,56998,0.5233,15,12,1,6256.21,0,0
41,22380.33,820,27576,0.1927,8,10,0,6320.41,2,0
61,30075.81,758,51100,0.5148,24,7,2,9583.32,2,0
30,36220.15,669,22320,0.3206,25,9,2,7882.08,3,0
39,78533.64,630,66729,0.407,22,6,1,6582.4,2,0
60,49910.72,310,30144,0.6012,5,1,3,11371.14,2,1
54,18629.26,806,58326,0.2222,8,14,2,14480.89,2,1
50,15818.71,718,78148,0.4407,26,9,0,10298.9,0,0
20,19857.98,421,20307,0.0188,21,14,1,4965.73,3,0
36,38781.53,534,61598,0.0436,18,7,0,5349.88,0,0
40,136767.58,630,20623,0.4279,5,3,2,1037.3,3,0
46,60650.78,842,21249,0.2391,10,2,1,5353.67,0,0
47,87837.42,647,74765,0.3316,1,3,1,15408.09,1,0
56,43262.75,711,73131,0.1389,17,2,2,687.83,1,0
61,35200.22,523,39377,0.416,27,13,2,1930.02,1,0
64,20163.21,452,53365,0.6183,6,11,2,18490.7,0,0
42,108912.02,511,35551,0.2851,23,10,0,8392.08,3,0
54,83786.8,391,43926,0.3358,22,13,0,11123.02,0,0
64,23282.92,630,39599,0.3341,20,2,0,3879.58,3,0
25,47308.83,766,23593,0.1603,3,4,0,6709.93,1,0
59,45069.46,527,61334,0.2486,23,6,2,14337.06,0,0
33,59148.3,493,60893,0.0804,27,3,4,20878.24,3,0
25,146500.72,829,43636,0.7521,24,9,1,36576.33,3,0
18,54013.04,542,70225,0.4411,6,5,1,19039.8,2,0
61,49965.05,688,41363,0.4191,16,5,4,698.68,3,1
22,17323.5,575,56959,0.3397,3,7,1,4206.15,1,0
20,17923.8,749,2120,0.8009,12,9,0,13818.63,0,0
18,24335.29,777,17491,0.0308,19,13,3,5412.04,2,0
21,16485.43,779,44638,0.1082,25,1,1,5733.59,1,0
57,76202.4,587,40062,0.5378,18,9,0,15814.03,0,0
52,72821.89,839,6193,0.5834,3,2,0,17922.73,0,0
49,21581.14,629,16213,0.2817,24,3,0,15673.77,2,0
59,96376.65,769,18187,0.6882,12,12,0,4379.23,1,0
51,22567.45,833,11040,0.4091,0,5,2,2587.88,0,0
60,31126.01,766,67302,0.8265,1,10,2,4443.24,2,0
42,27884.35,719,30949,0.5277,6,12,1,12085.95,0,1
27,35956.69,421,4527,0.3937,29,4,1,4536.81,0,0
38,28226.39,607,77557,0.2631,24,5,2,569.75,1,0
63,45208.03,633,78294,0.5074,22,13,0,16132.3,1,0
56,38546.2,719,19757,0.1134,29,10,0,655.28,0,0
44,208960.19,625,26412,0.1973,16,5,1,55554.31,3,0
44,17589.8,549,15312,0.2864,28,12,1,19773.7,0,0
19,21901.32,394,23119,0.5995,6,5,0,31312.62,3,1
58,17442.26,595,12804,0.4341,21,14,0,17912.97,1,0
65,59238.37,483,54986,0.505,12,14,1,1065.49,0,0
30,17522.3,559,47545,0.5133,16,10,3,5425.83,0,1
26,96475.82,485,77519,0.5821,0,10,1,23852.59,0,0
69,47279.14,708,30999,0.3507,27,10,2,952.78,2,0
53,48690.42,368,40758,0.4454,1,5,0,3641.97,2,0
39,52107.5,307,70519,0.4114,5,11,5,6294.19,1,1
59,23428.97,564,4768,0.5896,11,2,2,5976.81,0,0
43,24911.73,783,2504,0.2868,12,11,0,28806.43,0,0
29,32276.61,670,68986,0.2061,19,1,1,5027.23,3,0
34,55507.31,382,77772,0.0696,19,10,1,2730.71,2,1
31,25614.21,510,9002,0.2898,21,11,1,5886.69,1,0
31,20565.31,612,76427,0.206,8,8,1,5041.71,1,1
51,172970.78,636,39787,0.3388,16,3,0,9763.13,0,0
37,16000.22,789,14898,0.0862,29,12,0,51408.3,0,0
28,88035.75,702,11472,0.077,17,7,2,8016.62,2,0
33,84810.07,490,33632,0.1431,7,8,3,6203.18,3,0
68,30871.64,634,34743,0.7274,7,11,2,9010.38,2,1
48,21558.77,821,79538,0.2567,26,12,0,39020.29,1,0
23,22082.52,386,44386,0.337,10,6,2,9802.96,2,1
36,68795.16,361,44388,0.5744,21,14,2,1311.74,2,1
54,61326.5,686,22323,0.3559,21,6,1,24382.67,1,0
21,83700.9,445,70269,0.3518,27,11,1,8936.04,1,0
64,139752.94,452,42319,0.1511,7,3,0,1721.0,1,0
21,67983.89,648,68759,0.6426,17,9,0,2620.04,0,0
37,22624.21,477,17868,0.1983,17,3,1,1284.42,3,0
27,27553.96,786,3080,0.1894,12,13,3,32380.65,0,0
41,98087.42,546,14776,0.4078,0,5,1,734.85,2,0
52,25568.0,553,67231,0.4931,14,6,0,14457.37,3,1
43,18387.89,799,56452,0.2706,21,13,0,4119.74,2,0
54,69673.49,840,54812,0.1538,5,1,2,845.92,2,0
55,38177.03,651,64271,0.2014,29,11,1,5688.91,0,0
38,128680.32,811,78585,0.2868,5,9,2,2.7,3,0
57,62274.8,312,59542,0.4006,12,7,1,16997.6,0,1
56,19264.7,450,16628,0.1924,26,11,0,7807.0,1,0
38,147919.07,349,9265,1.0031,1,12,1,6010.18,1,0
27,28462.08,514,25671,0.6956,22,1,1,17674.23,0,0
55,33508.54,671,13460,0.3084,18,6,1,7325.54,0,0
63,38157.0,412,4477,0.1517,16,7,2,9046.05,0,1
21,17366.23,551,3202,0.1291,0,5,3,16864.13,2,0
62,45879.1,640,12850,0.6933,13,13,1,12750.06,3,0
37,20922.52,352,21809,0.4455,15,5,2,10759.88,3,1
34,38059.99,429,71886,0.0838,14,7,0,12178.72,1,0
24,34434.4,492,3806,0.4904,8,3,0,3051.26,3,0
21,81694.55,356,8163,0.1273,18,3,1,1247.11,3,0
46,88143.79,396,1185,0.1807,7,1,5,9746.28,3,0
31,22494.4,497,25718,0.4731,14,14,2,2536.24,2,1
20,35545.92,446,78081,0.266,9,8,2,487.91,1,1
41,36031.75,594,57202,0.6594,22,2,1,2934.61,0,0
54,22388.08,311,26215,0.5217,28,3,1,12739.29,3,1
33,87078.08,632,29325,0.3612,1,7,0,12324.46,3,0
69,70276.3,519,19458,0.0803,17,10,0,23357.25,2,0
21,24503.66,697,17006,0.2639,19,10,1,11246.3,1,0
41,35558.05,641,33969,0.1652,1,11,1,5793.31,3,0
51,20032.41,811,77820,0.2582,20,8,0,3017.8,2,0
47,59523.76,471,28655,0.4965,11,9,0,14204.73,0,0
35,20822.71,767,10102,0.3398,9,14,3,5309.79,1,0
36,206880.3,465,68107,0.2195,11,8,0,16900.44,3,0
48,83275.48,469,22553,0.2222,6,7,0,19080.14,0,0
36,37260.94,811,67865,0.1401,1,10,1,4331.97,3,0
66,53883.92,488,42420,0.1801,24,1,0,4213.27,1,0
63,124033.51,419,26382,0.3723,0,1,0,24491.54,2,0
36,51344.65,404,70235,0.4753,1,14,2,5062.69,3,1
39,23629.39,340,39795,0.2081,22,11,0,12269.18,1,1
41,36417.6,620,52425,0.4711,27,8,3,4745.21,2,0
62,98359.47,634,58402,0.2966,20,14,1,13140.89,0,0
29,61504.04,459,63539,0.6068,16,7,2,1906.76,3,0
47,62335.23,563,77203,0.4252,19,2,1,18071.91,0,0
55,105722.92,829,24459,0.3655,7,9,2,40839.7,3,0
48,115982.79,776,50649,0.4054,20,10,2,14514.63,1,0
53,128541.26,651,73495,0.4875,11,7,1,4449.2,0,0
36,19484.42,844,47384,0.2296,1,9,0,8101.39,3,1
65,50349.25,509,72746,0.7059,8,11,0,11074.52,1,1
62,75706.59,795,79053,0.1577,16,1,1,2142.74,3,0
53,78647.68,681,57278,0.4106,16,11,3,3325.43,2,0
47,56995.07,780,79156,0.4232,9,3,2,16183.31,1,0
66,23210.99,304,37744,0.499,12,10,0,29056.2,1,1
50,86848.04,333,31568,0.1103,4,2,1,3178.43,3,0
35,72301.35,444,18991,0.8078,13,6,0,1596.8,1,1
69,19053.3,650,9912,0.1796,13,10,2,39965.9,0,0
66,43046.99,764,33527,0.4591,14,4,1,3856.16,3,0
45,23600.99,647,51426,0.4013,24,2,1,15072.2,2,0
64,33526.5,424,21407,0.4867,21,2,1,4764.42,1,0
28,15821.09,570,13344,0.3014,4,6,3,29774.62,2,0
62,38011.9,656,3355,0.1018,21,9,1,9151.32,0,0
50,50920.54,826,55733,0.4901,5,6,0,5363.39,1,0
34,58491.88,797,67285,0.3218,8,4,1,1964.2,1,1
23,64010.78,452,46733,0.3556,28,12,0,2951.51,3,0
21,96435.0,352,57915,0.0546,8,9,2,19446.97,2,1
37,25919.76,448,53716,0.7833,20,2,1,586.32,3,1
65,20777.15,802,39526,0.1437,3,6,2,1706.02,2,0
64,100833.93,749,19088,0.1833,0,7,0,2139.72,3,0
44,22664.81,518,66377,0.3652,21,13,0,733.02,2,0
32,180569.78,576,45405,0.4206,22,3,0,11572.16,3,0
23,98185.77,751,39842,0.5308,22,4,2,39777.29,1,0
64,46270.59,727,62788,0.1368,14,7,1,1498.93,1,0
31,194358.58,382,52529,0.8011,13,9,0,16041.15,2,0
28,19610.25,517,53383,0.2524,0,5,0,1941.98,3,1
56,31247.89,826,40177,0.4591,5,11,0,36412.55,2,0
26,60752.9,703,40056,0.2242,7,13,0,7073.5,3,0
43,34385.71,589,67421,0.6445,2,2,2,18806.96,2,1
33,133632.46,719,34632,0.2168,16,8,0,1870.0,0,0
22,18054.54,638,40685,0.2646,28,9,0,21650.57,1,1
69,50874.07,718,78222,0.5489,22,11,0,851.65,2,0
27,55217.09,506,69590,0.6166,19,11,1,231.58,0,0
67,62594.13,564,9977,0.4726,27,2,1,12342.96,1,0
20,28286.96,335,49967,0.3185,4,10,1,1126.33,0,1
30,35405.15,672,75072,0.3295,17,10,1,20084.39,3,0
60,98513.41,787,16070,0.5648,6,1,1,9709.43,3,0
66,24757.89,558,22500,0.6167,29,4,1,4019.44,3,0
47,93916.5,830,11011,0.1789,16,13,2,3247.26,2,0
62,52216.52,322,49039,0.0754,14,1,4,854.79,0,1
23,79632.28,403,9896,0.1034,19,1,2,11606.48,0,0
34,71267.62,540,40958,0.5879,23,5,3,24892.47,3,0
62,25465.98,552,42912,0.307,15,7,2,14137.56,2,0
68,52854.58,441,1814,0.227,12,3,0,9659.92,3,1
36,106028.62,750,76276,0.2067,27,7,0,1263.67,2,0
59,40462.73,606,25719,0.7163,6,5,1,17581.08,1,0
52,167951.54,799,21150,0.6062,14,10,2,33634.37,0,0
63,42084.27,307,71494,0.3473,22,11,0,3049.2,2,1
43,21933.03,368,4825,0.4952,22,8,1,5453.54,3,1
68,37201.65,367,51368,0.4283,27,7,1,141.51,2,1
22,151366.81,707,15800,0.2407,4,1,2,17832.24,2,0
46,32336.34,817,76535,0.4217,26,13,1,209.64,1,0
54,106156.38,418,76017,0.2826,11,1,1,6665.21,3,1
37,110883.33,330,49505,0.6093,27,7,1,8591.3,0,0
66,34398.15,817,58899,0.3644,9,6,0,571.44,2,0
38,18911.8,782,23601,0.4261,18,9,1,1931.82,3,0
27,73022.0,506,11677,0.3023,9,8,1,15646.27,0,0
22,31796.6,686,30552,0.3686,28,13,1,2910.66,2,0
53,83737.77,711,68891,0.4891,6,14,2,12899.74,2,0
23,41305.68,669,75693,0.3567,23,6,0,13830.49,3,0
43,44884.79,652,34292,0.5579,22,6,0,5230.98,0,0
21,82710.15,635,67097,0.4804,21,9,1,658.74,0,0
56,36683.47,588,74703,0.4257,14,12,0,108.65,1,0
56,41343.84,439,17184,0.3356,8,4,2,6782.85,1,0
67,36235.96,599,62046,0.3922,28,9,0,741.36,3,0
52,35602.03,312,67741,0.4667,26,11,1,12963.53,0,1
18,48589.59,727,62377,0.1594,5,11,1,4793.66,2,0
41,89449.46,699,13039,0.2376,20,8,0,11497.68,3,0
53,35207.43,408,46161,0.1058,10,3,3,5245.22,1,1
23,48429.27,784,36006,0.4241,5,11,0,9897.65,3,0
58,64989.11,655,18544,0.2516,25,4,2,17898.68,0,0
63,29127.44,448,13987,0.1844,19,7,3,21580.78,3,0
61,29628.12,606,6239,0.3026,28,3,1,170.27,1,0
48,136916.15,832,45785,0.1302,14,13,3,10370.63,0,0
37,72855.13,359,24358,0.1215,12,3,1,8304.22,2,0
41,53737.1,734,57450,0.2181,5,8,2,10134.58,1,0
42,61949.81,320,29428,0.2082,19,5,2,598.51,1,1
53,16338.18,681,10096,0.3993,20,12,0,724.59,1,0
38,58317.19,544,48582,0.0928,14,5,2,6871.26,3,0
47,47055.66,372,25536,0.3393,28,8,0,588.11,1,1
41,50509.81,748,58395,0.083,5,6,1,14979.45,3,0
61,35042.43,375,69157,0.614,15,5,1,14805.03,3,1
59,18824.32,689,70484,0.2176,0,1,0,1247.97,0,0
47,24668.34,641,2287,0.2257,29,5,0,6070.76,0,0
39,150483.24,589,55510,0.5841,5,8,0,9038.21,1,0
45,38644.4,630,24902,0.1091,15,14,3,19621.62,3,0
24,43288.78,558,57188,0.4209,21,9,4,44593.37,2,0
52,17436.74,725,22164,0.6774,0,6,1,173.71,3,1
45,16723.05,305,2772,0.2992,6,11,1,6469.11,0,1
31,71832.74,305,54054,0.1653,27,13,3,16259.98,0,1
27,49757.79,490,55878,0.1357,9,13,0,15889.74,3,0
33,46982.06,447,33238,0.4019,20,10,0,7805.23,3,0
33,27535.04,704,59293,0.2923,7,3,2,2012.08,3,1
48,76448.16,557,8213,0.0379,29,8,2,8189.29,2,0
59,23289.33,778,15941,0.3478,20,13,0,4968.48,3,0
42,24478.82,389,16964,0.3617,25,5,0,5261.36,1,0
30,42787.76,309,27855,0.2098,4,2,0,3984.92,1,1
23,30176.9,386,59769,0.5046,17,1,1,1560.54,0,1
61,27793.73,450,2046,0.0214,3,11,1,13403.24,2,0
26,61633.82,329,15909,0.4149,19,8,1,12326.74,2,1
62,62367.11,427,24368,0.5128,15,2,3,7827.05,0,0
53,93309.61,377,72255,0.5822,9,11,1,4381.88,1,1
60,39335.29,720,16624,0.4175,25,3,0,17298.27,1,0
37,18415.21,354,11352,0.2552,15,9,0,1742.35,2,0
35,29388.56,779,10223,0.3353,7,1,1,5701.69,3,0
60,191053.33,604,79254,0.1548,18,8,0,10599.06,3,0
38,55814.13,845,67851,0.2149,0,12,0,17231.56,2,0
21,70663.57,404,51044,0.2297,22,2,2,10487.09,2,0
67,15332.33,471,32419,0.4034,8,8,1,1252.28,2,1
50,47860.71,798,14767,0.0554,5,14,0,1067.98,2,0
44,16721.29,321,73002,0.3652,12,2,1,517.48,2,1
24,52898.17,586,32028,0.2083,12,7,0,8209.28,2,0
23,129093.49,690,48953,0.6356,17,3,1,2783.12,2,0
32,170484.17,448,58965,0.4074,13,4,1,1737.94,2,0
35,49997.89,571,70776,0.0797,1,12,2,888.01,3,0
49,42579.02,598,32459,0.3941,15,11,0,10266.28,0,0
28,145532.98,471,25689,0.5312,16,1,0,14000.44,1,0
37,65384.78,346,68982,0.3666,21,12,1,19502.76,0,1
41,18019.55,506,4346,0.2368,15,10,0,9048.88,0,0
32,43208.06,752,46179,0.3919,13,1,0,4373.21,2,0
65,27364.17,694,41517,0.4985,12,13,0,6356.6,2,0
24,43552.91,600,70678,0.8683,15,12,2,10110.15,2,1
38,42352.08,475,73623,0.5953,23,11,1,12482.82,0,1
59,54267.91,409,59916,0.4729,0,10,1,10351.9,3,1
43,34856.42,501,49575,0.3518,27,12,0,32676.5,2,0
61,23075.26,467,46039,0.1127,16,11,3,13871.3,2,0
31,46527.62,385,50955,0.398,0,8,0,13887.82,1,1
54,94791.79,350,56871,0.2399,9,8,0,17137.19,3,0
38,64080.62,411,61678,0.5722,4,2,1,6168.87,2,0
35,33587.05,762,32351,0.1748,6,4,2,3064.53,3,0
22,138365.12,741,61693,0.3761,3,2,1,16941.19,1,0
20,124475.1,570,32433,0.6355,0,13,1,6239.57,0,0
40,25570.4,643,75797,0.3612,0,8,0,9343.94,1,1
43,16809.7,482,16804,0.5543,9,7,0,5614.02,3,0
54,75845.39,802,46101,0.4749,29,7,2,5042.78,2,0
41,94109.88,309,61115,0.8304,2,10,1,11124.9,2,1
66,169700.82,793,79363,0.2779,4,3,2,10946.51,1,0
36,114260.49,533,45700,0.1023,12,12,0,3696.5,1,0
68,56293.28,597,78576,0.1223,20,11,1,2094.69,3,0
42,48981.03,543,20477,0.0965,24,5,0,1407.85,3,0
38,16270.62,808,17127,0.2435,8,14,1,1207.89,3,0
29,27745.53,650,27049,0.3846,24,1,2,17021.01,2,0
58,42696.28,566,13473,0.4075,7,10,3,3370.82,1,0
50,59559.76,500,62836,0.3797,29,11,3,11348.88,3,0
67,51663.94,538,43464,0.3042,10,14,1,3388.69,1,0
21,76076.87,633,14714,0.8661,24,4,0,10988.82,2,0
59,29768.12,714,61878,0.3702,23,4,1,41440.11,0,0
24,52453.51,783,35208,0.4999,28,1,0,682.33,3,0
39,19152.21,736,75683,0.2439,13,12,2,10606.12,0,1
50,39023.92,545,42514,0.4159,7,7,1,3320.98,2,1
34,77412.21,307,6136,0.1788,23,5,0,865.32,1,0
41,68199.63,451,32516,0.0637,23,1,1,822.69,0,0
51,225222.11,691,77982,0.2956,20,5,1,4646.8,1,0
45,29651.07,510,64878,0.221,9,8,1,7778.58,3,0
60,46028.95,666,46099,0.2811,2,10,0,10421.2,3,0
58,32989.96,385,14188,0.2635,3,8,1,8382.37,2,1
56,41140.32,354,52188,0.1349,24,13,1,22823.44,3,0
39,102505.29,745,6560,0.167,22,2,2,1666.85,1,0
66,66870.37,603,37397,0.1533,11,13,2,17661.3,3,0
34,111336.75,431,78193,0.2766,8,1,2,7512.58,0,0
51,25239.39,720,39082,0.0122,10,2,1,19701.47,1,0
23,107988.71,684,42430,0.194,10,6,1,5562.82,3,0
63,17773.01,497,51522,0.3702,15,13,1,6573.94,0,1
23,113757.97,346,41397,0.4652,12,5,1,5487.31,1,1
51,32959.32,502,77860,0.2437,26,4,0,1014.41,0,0
18,31998.06,560,26247,0.3098,29,8,0,1566.61,1,0
27,47292.96,323,20943,0.3938,13,5,1,7288.36,0,1
38,142124.12,639,40460,0.5064,6,4,1,7618.74,0,0
22,17203.23,711,42986,0.0674,11,13,0,6307.32,3,0
19,34539.95,560,45514,0.227,23,11,4,129.28,2,0
39,102386.49,585,53385,0.3727,27,8,0,7043.65,3,0
65,37692.21,812,13631,0.2725,18,12,0,1435.53,1,0
19,24994.06,385,68008,0.1289,7,1,2,8355.72,0,1
27,39886.23,729,27955,0.2993,3,9,2,3400.62,1,0
51,36916.43,330,48367,0.4648,21,2,0,47674.85,3,1
33,126150.56,739,31802,0.8913,16,14,0,4451.14,1,0
65,79584.4,648,71408,0.5679,1,14,1,17192.91,3,0
68,46654.39,711,44341,0.3862,22,8,3,2818.25,3,0
56,215439.72,827,14691,0.3067,21,9,0,2100.85,2,0
39,43170.33,609,5753,0.5446,12,10,1,2498.57,3,0
29,17700.11,695,2833,0.3032,25,8,3,4051.41,0,1
41,28688.25,637,9645,0.4862,27,9,1,18895.95,3,0
64,40777.17,736,41024,0.1757,20,4,2,14437.55,3,0
57,22680.28,664,10635,0.1502,6,11,0,5716.87,0,0
55,147668.25,412,21064,0.2939,17,2,1,2083.65,3,0
27,80523.08,475,10940,0.1011,9,3,2,499.33,1,0
52,29056.52,448,36169,0.2389,3,13,1,9637.54,2,1
68,55210.3,477,79647,0.3315,20,8,1,12267.37,0,0
66,72516.96,681,46200,0.3538,7,5,1,9317.57,0,0
49,142573.05,522,57329,0.3267,21,11,2,6956.59,1,0
24,111029.33,558,52158,0.0273,21,4,0,36068.44,0,0
38,47580.13,488,30739,0.302,20,3,2,249.73,1,0
37,82055.05,605,18793,0.7051,25,11,4,44574.61,0,0
43,52164.01,677,34677,0.4298,12,3,1,3233.98,3,0
21,51204.05,642,67296,0.1112,13,10,3,4831.21,0,1
63,20484.42,455,24022,0.7907,20,10,1,13964.82,2,0
69,21067.46,354,72148,0.2634,16,7,1,2576.25,0,1
39,48931.38,741,28265,0.4621,11,11,2,12373.56,0,0
32,29091.86,499,1530,0.334,29,14,0,4042.92,2,0
57,15956.76,702,10551,0.3115,3,12,0,28227.57,0,0
38,72742.09,476,29394,0.1415,8,8,1,1883.89,1,0
32,16486.17,748,43987,0.1152,14,13,0,26850.75,1,0
39,55704.84,840,49984,0.1649,14,5,1,15657.72,2,0
69,49865.0,600,69096,0.1714,17,8,1,1866.14,3,0
45,171051.37,606,71639,0.2416,26,13,0,4904.19,0,0
31,44792.77,566,25090,0.2571,5,9,1,1101.46,2,0
44,17957.13,513,3781,0.6418,1,4,1,9155.92,2,1
58,51101.96,782,18330,0.6193,8,2,0,32321.59,0,0
57,97775.52,561,6257,0.375,4,5,1,825.46,3,0
45,274205.65,366,59642,0.7163,24,2,0,2985.59,0,0
43,40322.45,432,55249,0.7245,11,10,1,14079.54,0,1
66,32374.59,839,52663,0.2551,28,2,2,6130.72,2,0
19,121714.56,811,35956,0.1683,25,6,1,4139.34,3,0
42,24551.51,510,16615,0.4675,4,10,0,9192.72,2,0
20,58003.2,552,1881,0.2585,11,11,0,3480.99,3,0
25,38417.79,337,2847,0.5691,24,10,2,3987.74,3,1
61,16887.75,342,52127,0.3671,14,1,2,16404.72,2,1
50,34197.9,704,38336,0.4402,1,2,1,4968.96,3,0
59,28868.81,345,40931,0.6272,10,5,1,12058.32,0,1
69,67139.37,753,44924,0.3492,22,10,3,1634.17,2,0
52,148732.36,604,23966,0.2265,23,5,1,5088.63,2,0
23,29041.77,532,45023,0.3512,18,10,1,8027.85,0,0
56,90081.45,544,12320,0.1249,16,12,0,3110.15,3,0
69,17562.8,594,58841,0.3656,17,3,0,5474.92,3,0
40,49760.36,682,66125,0.411,9,5,6,14263.82,3,1
42,18292.31,457,68752,0.2328,4,9,1,1761.46,0,1
67,137337.02,704,62858,0.4486,29,2,0,6946.51,2,0
60,80427.14,300,59714,0.2115,24,13,1,3035.16,1,1
36,63275.91,516,12780,0.5233,20,6,3,5280.37,2,0
22,93150.72,806,77230,0.5726,16,8,1,4706.24,1,1
68,61924.24,329,71345,0.784,27,3,0,10651.98,2,1
28,171238.92,819,2929,0.3396,0,14,1,14574.38,1,0
29,71322.74,574,15244,0.2613,12,2,0,6926.23,0,0
27,131357.65,791,12116,0.7304,1,11,0,1822.24,3,0
25,47760.53,335,36895,0.327,16,1,3,20296.97,0,1
41,20602.64,610,79636,0.2979,14,13,0,2060.43,3,1
45,48801.88,343,24867,0.2281,7,1,2,8638.18,2,1
58,21105.33,454,2208,0.7456,1,11,2,7492.99,0,1
53,55396.43,376,45085,0.5484,27,4,0,3377.98,2,0
54,44642.96,737,66572,0.5404,26,12,2,30564.74,3,1
38,58847.3,731,66234,0.8358,7,6,0,11290.65,2,1
25,15454.4,841,12252,0.3186,26,7,1,6348.43,0,0
26,24752.17,338,8006,0.7219,4,13,2,5860.64,1,1
64,45418.05,538,71883,0.5868,16,8,1,970.12,3,1
32,150263.46,312,33171,0.2854,3,8,5,15172.27,2,1
65,36774.32,421,29517,0.39,11,10,0,873.5,1,1
63,39853.22,443,25274,0.785,17,14,3,2240.45,1,0
57,71439.01,754,34577,0.222,5,1,0,1797.19,0,0
35,56661.8,667,28648,0.5587,4,12,1,705.9,2,0
59,30981.39,546,70654,0.1256,27,8,0,17695.17,0,0
37,38805.78,344,18910,0.7404,24,12,0,23676.0,2,0
23,26048.25,674,79619,0.23,27,10,2,9822.1,1,0
29,167191.17,590,50647,0.2971,18,1,0,21017.29,2,0
19,21299.62,506,79723,0.2933,4,3,1,11241.25,3,1
24,35922.99,818,1424,0.1558,9,14,2,11552.01,1,0
33,16178.04,541,52899,0.3906,22,12,0,22024.79,3,0
20,26283.54,413,27641,0.428,24,5,2,964.32,0,0
62,83232.22,601,35750,0.1041,18,13,0,562.86,3,0
20,25107.62,575,24154,0.3614,3,11,3,550.81,0,1
44,18755.27,395,49166,0.2582,12,10,1,5411.21,0,1
67,43949.22,593,12992,0.3633,12,10,0,29260.94,3,0
60,15450.87,659,35001,0.6933,16,14,0,20397.01,2,0
57,18985.91,587,15546,0.4534,17,12,1,15230.93,3,0
55,89174.09,453,42524,0.1916,18,8,0,5173.72,2,0
50,81424.61,722,69555,0.2325,29,8,1,17383.09,0,0
45,126003.23,349,2304,0.6447,25,6,1,2465.28,3,0
18,101745.84,506,50284,0.298,22,4,0,8803.25,3,0
25,66723.34,512,11022,0.1195,22,4,3,13701.17,2,0
54,17418.84,365,76886,0.0802,16,8,4,969.97,3,1
49,83722.23,531,78354,0.5006,24,11,0,20725.51,3,0
65,99043.4,619,34617,0.6103,2,3,2,12994.53,2,0
60,87218.66,436,70498,0.0872,12,8,0,7620.23,2,0
54,46961.28,364,59824,0.42,12,4,1,644.41,1,1
21,26931.32,813,71390,0.3944,2,10,1,11858.67,2,0
47,98990.76,431,35307,0.3661,1,9,1,5928.51,0,0
23,73449.6,633,69480,0.5796,14,12,1,13343.75,0,0
63,192787.12,331,23327,0.0798,2,2,1,370.48,2,0
36,22615.74,797,4244,0.1856,21,10,2,8551.0,1,0
49,26508.76,542,23720,0.128,15,13,1,5924.34,1,0
26,25710.05,491,26090,0.3824,28,14,2,5617.95,3,0
29,85776.7,441,65277,0.2494,9,1,0,7289.24,1,0
28,24310.96,490,49536,0.4433,19,4,2,1320.11,0,1
63,18104.35,448,8855,0.0041,1,9,0,27403.41,0,1
33,309465.26,715,2601,0.1075,14,12,1,12197.71,2,0
18,16130.87,819,32952,0.621,7,7,0,886.67,2,0
62,96148.05,315,51374,0.3822,12,14,1,827.94,3,1
38,35461.87,405,6690,0.1796,0,9,0,2365.6,2,0
47,97922.82,582,13521,0.2161,25,9,2,2740.72,1,0
30,51397.28,403,77019,0.7515,23,10,0,6775.7,3,1
51,119356.44,660,9058,0.3208,1,9,1,7688.53,2,0
21,132283.57,334,14704,0.2826,8,9,2,1575.99,2,0
45,15411.29,412,59933,0.5884,28,14,2,36318.17,2,1
55,18528.33,607,72101,0.1555,19,7,0,17416.5,2,0
48,27967.22,352,44856,0.3217,19,8,0,10037.23,2,0
44,64796.56,380,38256,0.3203,22,12,1,3255.99,0,0
22,113626.04,668,58352,0.4119,18,2,1,24117.3,3,0
42,42723.54,541,31615,0.783,11,9,0,3786.92,0,0
20,57024.48,330,2927,0.0504,11,2,3,3845.41,3,0
50,24399.18,660,16512,0.3688,9,8,0,4352.95,1,0
21,88556.35,532,9301,0.1946,18,2,1,491.22,1,0
42,168955.81,333,74993,0.3021,19,11,3,638.5,1,0
37,29075.7,542,72028,0.6031,9,12,0,6458.88,3,1
51,45728.35,358,69759,0.4235,18,8,2,21349.83,0,1
43,19052.33,828,64058,0.159,25,3,4,28537.95,0,0
22,51855.91,377,65926,0.3149,23,2,0,14948.52,2,0
52,46442.83,601,24434,0.0981,8,6,1,5182.23,3,0
45,22019.77,411,31341,0.0845,28,6,0,3717.76,1,0
46,41258.17,712,16007,0.1033,28,1,0,2429.7,3,0
26,33298.02,616,27799,0.5044,4,7,1,7731.65,2,0
69,48200.59,444,56820,0.3213,27,12,2,6586.69,0,0
55,54647.46,317,16674,0.6057,28,13,0,6290.4,2,0
67,15383.93,650,16426,0.2587,28,12,1,3801.23,2,0
23,79409.25,454,73631,0.5993,2,11,1,8720.99,2,0
36,71174.53,805,45791,0.1356,22,12,0,9363.19,2,0
61,35527.12,659,4255,0.5064,18,1,0,20810.0,0,0
28,17447.48,631,34826,0.58,21,4,2,14329.8,0,0
19,78279.98,827,5944,0.3265,26,13,1,4003.12,0,0
64,154724.68,311,38826,0.1106,3,6,0,4772.89,0,0
61,27358.64,374,31497,0.156,22,8,1,2737.79,1,0
61,32588.66,511,28723,0.1877,13,11,3,1873.57,3,0
26,24140.02,582,36287,0.4466,5,11,1,1152.89,1,0
38,53710.44,494,12845,0.7869,12,8,1,347.16,2,0
41,22570.39,329,69106,0.0732,27,10,3,5407.38,2,0
51,34816.1,308,73986,0.3613,6,7,1,31971.59,2,1
39,68732.94,608,56569,0.1573,11,11,1,7722.16,2,0
20,51955.99,744,26463,0.3805,27,5,2,13554.04,1,0
29,36983.13,609,1744,0.3122,19,13,1,5070.37,0,0
45,39532.09,725,37282,0.4427,27,6,1,4851.67,2,0
47,52160.53,390,53082,0.4014,27,8,2,1337.63,1,0
43,15264.69,755,55689,0.4,13,3,1,3564.63,1,1
65,18679.34,743,77407,0.5415,12,6,0,26404.66,2,0
38,110886.12,378,65766,0.4158,10,4,3,6737.4,2,0
45,18648.55,774,66711,0.3326,5,13,2,2285.87,1,0
43,70211.07,402,4217,0.5848,25,3,2,10899.11,3,0
50,128679.26,755,31359,0.509,6,3,1,5199.47,1,0
38,29204.14,613,54509,0.3476,9,4,2,17563.96,3,0
52,35826.71,546,62970,0.4275,23,6,0,974.23,2,1
69,52865.92,533,23357,0.2596,25,11,1,7377.42,0,0
51,111057.33,534,43354,0.7066,14,1,1,16155.17,0,0
58,143055.86,686,39570,0.2713,8,2,0,19226.64,3,0
68,75542.79,337,8034,0.1956,2,13,0,5047.54,2,0
64,19077.14,460,17263,0.2238,4,4,0,13510.86,2,1
35,64774.62,761,43180,0.5637,27,12,1,33728.97,3,0
28,38766.64,748,51099,0.4467,9,10,2,9726.7,0,1
40,43629.08,416,75312,0.1119,14,9,1,16691.35,1,1
65,17267.88,540,76348,0.4225,2,8,2,8527.28,3,1
39,24541.49,325,27925,0.224,20,10,3,15616.61,2,0
34,85339.34,597,20575,0.7992,17,8,1,28251.21,2,0
22,42227.74,453,23231,0.0746,2,11,2,12429.28,0,0
61,31157.36,767,77935,0.1815,6,7,0,1677.43,3,1
28,36804.27,348,48731,0.6494,29,14,2,854.71,3,1
47,101710.0,345,24100,0.47,23,12,1,16717.74,3,0
32,77203.43,584,11768,0.3858,20,6,0,2989.0,2,0
44,29304.94,381,60337,0.273,13,14,1,20815.65,1,1
52,20624.94,343,51697,0.3978,15,14,0,2183.5,3,1
50,28065.75,572,12357,0.1065,18,7,2,24196.44,1,0
37,129085.32,693,67973,0.6198,3,6,0,16358.61,2,0
33,54208.08,357,25946,0.2716,2,3,1,21308.44,1,1
51,49310.47,300,72038,0.0144,2,12,1,2648.87,1,1
19,55829.18,515,56149,0.3796,8,6,0,21081.18,1,1
52,35508.79,616,6566,0.1697,3,12,0,8856.64,2,1
57,89052.89,527,42576,0.447,21,7,3,877.48,2,0
45,48337.76,772,54318,0.5042,18,6,1,26742.37,2,0
64,20586.51,783,70550,0.4047,23,11,0,2164.68,1,0
56,21218.46,586,52408,0.3204,27,2,0,2401.61,0,0
23,49637.58,810,54506,0.3185,10,6,0,12175.0,0,0
26,139101.98,757,41167,0.6971,14,13,0,8748.23,0,0
37,31590.52,394,34699,0.3307,3,13,2,23329.56,1,0
18,106651.39,792,50545,0.3047,28,2,3,3666.59,0,0
25,79994.79,449,53429,0.1113,7,1,1,426.17,2,0
40,27814.63,322,24386,0.2088,1,10,1,52981.88,1,1
20,16665.79,514,60273,0.3739,24,10,0,3750.48,3,0
21,19833.68,698,42585,0.4688,17,10,1,1766.5,0,0
42,73669.69,709,8509,0.2241,2,5,1,41592.74,1,0
64,25022.89,430,77607,0.6826,2,4,2,8275.79,3,1
55,35882.47,447,79764,0.7763,20,9,1,1611.76,1,0
32,46344.81,680,78150,0.1135,18,9,1,18068.01,3,0
38,73170.96,408,76837,0.3637,29,9,2,29080.69,2,0
52,20407.7,420,64305,0.2872,11,3,1,21309.88,1,1
63,38467.18,594,43851,0.2232,23,14,0,2214.19,2,0
69,44867.85,419,77910,0.4785,13,10,0,541.27,2,1
31,50024.78,755,35407,0.5605,25,12,0,4641.01,3,0
53,91757.94,829,47606,0.2585,22,12,0,4382.65,0,0
29,23475.91,468,46652,0.1646,26,3,1,5207.4,3,1
34,89222.21,442,11248,0.2646,12,13,2,16043.54,0,0
56,68123.02,336,11515,0.3792,15,3,1,96.93,3,0
26,51523.79,560,11830,0.4397,16,11,1,11233.56,1,0
52,69108.01,530,61631,0.4016,21,10,4,42100.27,0,0
30,38897.63,553,7799,0.4655,17,5,0,5094.15,1,0
32,21703.26,628,75083,0.4471,12,6,0,6637.0,3,1
35,64316.02,596,15328,0.2554,28,6,1,9887.95,2,0
68,48468.79,309,13679,0.5036,23,3,0,3362.9,3,0
50,60896.22,745,22058,0.6224,25,14,1,12676.83,1,0
23,33561.95,529,47696,0.1325,12,12,0,2268.97,3,0
44,121817.5,835,39872,0.4832,7,2,1,669.86,2,0
40,54834.16,377,55971,0.1961,6,6,0,16161.04,2,0
44,19017.2,724,24306,0.1749,7,13,0,1942.14,3,0
51,41886.63,492,29210,0.422,16,4,2,13148.8,3,0
63,78542.13,700,46693,0.1349,23,9,2,20503.31,1,0
55,86123.96,408,29239,0.6504,0,2,0,468.55,2,1
31,45707.97,562,69917,0.3491,2,4,0,12265.45,0,0
53,116312.72,628,8447,0.5494,3,11,0,10391.24,1,0
25,29018.49,662,21271,0.5358,18,11,0,9778.46,0,0
52,38789.16,677,66875,0.2239,27,2,0,3500.66,2,0
36,117989.33,640,57843,0.3252,1,5,1,467.03,2,0
47,116962.61,558,27221,0.356,28,3,3,1036.8,1,0
31,67085.16,634,65388,0.1382,10,4,3,3187.11,2,0
37,103148.58,384,57467,0.2965,28,9,1,5211.93,0,0
66,19183.36,821,74269,0.2383,10,13,0,25022.16,3,0
42,105109.95,607,71585,0.4705,18,10,2,11522.52,1,0
57,32395.85,561,44086,0.2436,24,11,0,264.65,3,0
41,23838.82,751,1638,0.338,27,5,0,25221.62,3,0
31,27312.36,550,74245,0.2354,1,9,1,12742.16,1,0
43,39355.38,623,71679,0.3642,4,13,1,6784.03,0,1
55,28017.27,528,63934,0.3776,18,5,0,6217.86,2,0
40,32392.39,596,67760,0.477,28,10,1,27058.0,2,0
39,21525.04,536,48234,0.4748,8,9,0,7985.26,1,0
65,30805.26,516,62049,0.6129,6,8,1,6987.15,0,0
36,53218.29,545,64843,0.5802,25,1,0,14899.87,1,0
63,41241.04,747,49047,0.858,11,13,0,8992.26,1,1
68,34158.64,618,10741,0.2107,27,3,2,2861.64,2,0
20,76749.12,731,64004,0.4248,18,5,0,67936.05,1,0
59,115786.68,703,62489,0.359,17,12,1,3295.87,0,0
36,78622.21,336,23991,0.3995,27,3,1,11492.53,0,0
26,33156.07,641,27081,0.4775,17,10,0,6728.27,0,0
45,76393.79,688,58304,0.1991,20,1,1,1299.2,0,0
37,22418.31,333,16642,0.2728,8,14,0,31936.68,2,0
62,21283.24,338,76103,0.068,1,11,0,4090.67,2,1
24,34083.5,508,18399,0.4677,1,2,4,10700.74,2,1
31,89191.99,451,34103,0.1496,14,13,2,13382.93,2,0
26,27727.12,664,16330,0.2179,23,2,0,5020.57,0,0
36,17940.41,498,17464,0.1481,15,4,0,3021.02,0,0
64,21355.3,378,3134,0.4691,27,6,0,607.09,1,1
69,103073.47,776,50409,0.5049,13,2,0,30275.21,1,0
31,60203.85,733,1184,0.1393,18,14,0,8724.68,2,0
55,28138.17,331,50274,0.0137,14,6,1,12602.31,1,1
53,51465.57,386,73799,0.4949,2,11,1,6327.15,2,1
57,48744.87,692,56810,0.7025,5,1,1,2655.4,2,0
34,62946.39,543,79727,0.5196,5,8,0,53844.64,2,0
47,26948.09,531,70050,0.6066,21,3,0,34233.2,3,0
26,104913.06,491,33734,0.2596,20,8,0,19660.69,1,0
50,31656.7,839,72613,0.5048,19,3,0,24784.77,1,0
69,68307.02,569,51546,0.6311,27,1,1,8557.62,2,0
42,15731.52,376,36120,0.1121,8,4,1,4585.31,0,1
31,35981.79,466,49484,0.858,10,3,0,4203.03,3,1
28,34503.76,583,61563,0.3457,3,8,4,27139.39,1,1
52,50285.96,388,76036,0.2496,13,1,0,31909.1,0,0
58,18398.28,843,56113,0.5829,12,9,3,5806.85,2,0
31,85257.31,455,54096,0.1488,14,11,0,9341.75,2,0
47,26052.91,549,11133,0.3172,16,14,0,16361.4,1,0
58,65859.9,394,7405,0.2522,7,9,3,12123.68,1,0
21,88153.3,316,31269,0.1422,10,6,0,20377.51,3,1
21,52136.5,416,18085,0.6361,23,5,1,9381.08,1,1
45,75771.44,632,36702,0.2344,10,11,1,8734.27,3,0
25,63793.33,821,14502,0.4906,15,14,1,4712.54,2,0
19,34769.7,379,47479,0.4017,2,12,2,761.02,0,1
58,89463.37,731,15426,0.7513,24,5,0,571.44,0,0
63,30711.03,502,71231,0.5222,22,12,0,1645.81,3,0
39,53105.77,415,16860,0.1517,14,6,1,595.09,3,0
58,76562.37,519,47865,0.2575,12,7,2,7660.28,1,0
33,36435.89,552,48404,0.1414,6,8,1,5168.05,1,0
46,31228.64,468,58423,0.8184,4,3,2,266.27,1,1
66,42673.91,615,75379,0.4794,27,10,1,221.37,0,0
65,91659.66,671,32152,0.4367,11,1,1,7402.71,1,0
47,134616.43,455,31737,0.1173,2,5,2,7965.39,1,0
29,50443.85,312,55325,0.2612,29,11,3,379.99,2,1
52,63740.91,807,39767,0.1182,25,1,1,11086.25,3,0
28,120114.11,764,42705,0.4985,11,14,2,1345.24,1,0
63,19668.62,519,3002,0.2394,4,2,0,6822.42,2,0
67,26883.05,314,61237,0.3483,18,12,3,1729.41,0,1
38,70533.98,416,56713,0.4629,28,8,1,398.45,1,1
38,93111.92,630,42815,0.3824,18,3,0,2387.21,0,0
22,102530.11,355,65997,0.3997,0,11,1,6238.93,0,1
65,39134.7,650,61859,0.1755,19,14,1,13622.24,0,0
37,19211.35,431,64236,0.4594,29,10,1,3086.44,0,0
54,40913.91,525,79243,0.0924,24,4,1,11553.88,3,0
20,26804.37,607,23743,0.2805,11,11,1,19855.4,0,0
61,30487.96,774,57739,0.0695,21,6,0,3144.06,2,0
50,81581.27,521,77326,0.501,21,8,1,7386.18,2,0
26,18533.92,472,31339,0.3446,5,1,1,5266.76,0,0
26,94102.3,639,35121,0.482,28,14,0,278.51,0,0
21,40111.71,805,43995,0.3844,20,2,1,4973.72,3,0
52,55792.44,456,53032,0.2309,17,11,2,4735.3,1,0
34,19226.79,450,50831,0.1456,20,6,1,9725.88,0,0
51,33518.49,477,42446,0.7126,15,8,0,20131.4,2,0
41,19229.19,832,46678,0.7062,10,12,2,11143.41,2,1
49,161620.5,411,21698,0.7742,9,8,1,4390.99,3,0
18,89088.98,437,48918,0.0719,2,13,3,5957.86,2,1
25,42697.78,532,58235,0.3926,25,3,0,21817.74,2,0
62,26389.08,631,7125,0.5228,26,4,0,10188.83,0,0
40,136944.53,841,48511,0.1405,17,10,0,4940.36,3,0
64,34012.7,606,30046,0.3783,11,4,0,9167.02,2,0
57,22898.67,460,11114,0.3242,13,4,1,10337.59,2,0
29,52268.92,701,1637,0.2262,3,2,1,6583.12,3,0
29,144527.02,577,39634,0.0635,9,13,0,20053.05,3,0
63,15172.69,619,36776,0.5245,24,6,1,16751.65,2,0
64,27238.77,832,24600,0.319,6,8,1,7432.01,1,0
32,140454.02,796,27809,0.7656,15,9,1,31785.46,0,0
58,23443.75,662,24756,0.4477,25,13,2,30622.03,2,0
36,20408.32,671,60469,0.5326,8,1,0,33832.55,2,0
43,52998.25,335,39368,0.2565,29,1,0,2491.11,0,1
69,104071.67,602,78185,0.4571,2,9,0,1091.17,2,0
46,44177.27,737,77902,0.5386,1,11,1,9652.07,2,0
39,249664.16,331,12880,0.1101,24,13,0,13003.68,3,0
57,66158.21,485,58155,0.1664,5,4,2,3667.21,2,1
38,18463.29,473,66316,0.3843,9,11,0,7714.95,1,1
68,237216.61,549,71856,0.5779,3,7,0,10437.32,3,0
55,38583.15,578,9727,0.7161,3,2,1,6224.35,2,0
37,30247.74,301,78260,0.1682,9,10,4,7794.49,2,1
46,51727.74,493,40211,0.1527,9,1,0,781.72,0,0
68,31328.14,465,79930,0.458,12,11,2,51329.32,0,0
21,19069.14,409,42417,0.6359,5,14,1,4759.02,1,1
24,15064.32,679,63827,0.1602,6,7,0,2297.06,0,0
45,41868.59,584,32437,0.4216,27,6,0,6539.56,0,0
45,96592.54,720,21519,0.0073,26,3,1,3819.39,1,0
21,53221.59,412,8983,0.5311,25,10,1,4967.98,2,1
39,336302.9,527,45656,0.6779,4,4,0,8275.19,0,0
29,30212.65,770,6635,0.0912,14,13,0,3263.31,0,0
62,29811.13,827,20622,0.4919,29,13,1,10980.54,1,0
20,22832.48,795,75975,0.4288,7,1,1,5651.65,0,1
39,23064.12,330,61666,0.3945,9,7,1,878.98,3,1
61,30108.02,461,57005,0.3121,11,9,0,21796.58,0,0
19,85841.88,677,12403,0.2042,16,1,0,6489.13,2,0
41,121284.44,745,61477,0.067,15,2,2,25630.69,1,0
51,181156.76,726,66035,0.4807,29,2,2,4790.72,2,0
44,26895.42,803,33903,0.4002,0,6,1,7822.96,2,0
58,110901.09,826,8311,0.3543,3,5,4,20680.02,2,0
18,32904.45,831,51611,0.5041,7,14,1,6202.98,1,0
25,20387.87,819,21615,0.0956,26,6,0,10027.44,3,0
40,106818.57,333,57808,0.7586,23,1,1,2837.68,0,1
55,60490.12,789,34580,0.6885,5,6,1,2719.72,2,0
23,23100.06,722,58052,0.1045,20,11,2,7823.03,1,0
39,40282.03,767,43898,0.3258,9,6,2,9498.16,0,0
42,30238.59,323,24952,0.8588,25,7,2,10664.64,1,1
35,75066.92,515,16227,0.5358,17,12,0,14637.76,2,0
34,42183.05,354,14760,0.5755,12,2,1,25585.0,1,1
29,219103.76,325,9826,0.3628,4,6,0,2746.26,2,0
23,17533.52,580,61432,0.3341,11,9,0,9661.74,1,1
43,34733.79,626,74996,0.344,20,9,0,5854.19,2,0
44,44591.43,485,59204,0.2313,17,2,3,934.63,0,0
25,46474.53,794,9673,0.3579,7,5,1,6043.28,1,0
36,32086.66,311,37158,0.5261,13,13,3,15639.46,1,1
59,73793.55,733,75989,0.1615,14,7,1,824.27,0,0
18,108483.91,507,16904,0.4127,25,5,1,9319.58,2,0
46,140653.07,432,16396,0.3133,4,13,1,5277.54,3,0
62,88585.56,638,55039,0.5527,4,3,1,10615.07,2,0
66,100544.8,495,5334,0.1204,27,1,1,17224.37,2,0
52,50987.41,561,28268,0.5615,16,13,0,7801.13,0,0
57,93662.6,581,65636,0.4757,12,7,1,3623.4,3,1
31,31276.19,668,23068,0.2778,16,13,1,944.76,1,0
52,37873.2,402,29247,0.4986,10,8,0,3406.62,3,1
65,32150.99,482,66121,0.1286,0,6,0,4535.83,1,0
62,43348.24,722,17285,0.2794,23,12,0,10251.96,1,0
37,30132.77,308,25136,0.8247,12,12,3,4915.98,0,1
66,161699.81,543,61378,0.3066,25,7,0,5153.39,2,0
30,31883.77,692,38787,0.2833,17,9,0,3431.83,2,0
55,19643.56,826,25425,0.4328,23,14,0,4508.02,3,0
66,48672.3,336,19961,0.2661,28,2,2,3092.84,2,0
63,17645.73,477,34443,0.3978,27,5,1,13247.44,1,0
66,20271.49,371,19823,0.3739,5,3,0,40722.82,0,1
25,26145.55,651,76409,0.3749,12,12,2,13266.92,2,0
60,43092.37,448,72123,0.1697,20,13,0,764.8,2,0
37,40552.74,404,26852,0.4572,21,2,1,10016.0,1,0
50,87355.43,520,38535,0.2084,19,3,1,12136.66,3,0
43,75527.48,673,8004,0.325,27,4,2,15061.8,2,0
56,40005.63,817,28823,0.2045,10,14,1,14383.72,1,0
38,33270.97,559,55086,0.3605,18,2,2,7100.66,3,0
66,32121.73,598,8131,0.3874,26,2,1,3043.84,2,0
59,81923.93,341,26649,0.3291,19,8,1,1285.06,1,1
60,17406.47,791,5099,0.2411,8,14,4,84.08,1,0
58,15580.71,738,51806,0.2003,12,3,1,15.18,2,0
26,86433.2,346,32571,0.0218,14,3,0,27521.08,1,0
41,44180.42,384,31580,0.4298,23,4,1,9363.76,2,0
54,21312.39,357,27469,0.2009,10,11,0,8537.76,2,0
66,27087.88,508,66179,0.5419,23,5,1,4726.59,3,1
58,136305.88,547,25236,0.4567,15,3,1,16020.97,0,0
34,103315.6,510,26110,0.2519,16,6,0,2486.92,2,0
41,70671.0,338,24430,0.1557,4,10,1,13397.19,2,1
38,44619.67,551,45407,0.2376,21,3,1,4506.67,3,0
68,48058.96,712,38948,0.7097,29,8,1,12301.73,0,0
56,181441.91,745,58367,0.4899,13,4,0,12255.21,0,0
58,166859.96,351,39180,0.27,14,5,2,3787.83,1,0
56,25908.65,673,5652,0.1551,8,3,2,27220.0,0,0
30,89995.28,825,73370,0.3573,13,5,2,7085.9,0,0
28,24886.63,455,8084,0.2752,9,11,0,2980.5,1,0
63,25809.46,841,46630,0.5273,25,13,0,11202.24,0,0
36,65728.45,389,54276,0.109,21,7,0,13897.58,3,0
28,38363.81,650,3655,0.3629,12,3,1,30095.13,2,0
30,135670.65,368,58752,0.7039,16,3,1,760.97,3,0
63,19195.04,462,48670,0.294,0,1,1,7764.04,0,1
62,47241.07,541,6272,0.0985,13,2,1,6740.8,1,0
18,127833.74,794,1218,0.2871,11,4,3,3714.22,3,0
57,120506.63,682,38471,0.2646,6,12,0,14602.12,3,0
61,22660.35,351,49762,0.2145,2,9,3,2160.03,2,1
36,35552.07,362,22515,0.3252,22,3,0,3971.36,1,1
29,58437.36,808,35307,0.3689,20,10,0,14530.84,3,0
25,22813.5,591,79681,0.5416,0,5,3,6486.9,0,1
25,169922.06,390,18986,0.4147,26,9,1,1462.93,2,0
62,125797.17,723,71600,0.4736,29,4,1,22468.08,3,0
29,23219.78,664,55888,0.4367,23,4,1,13123.3,0,0
65,20811.63,449,12603,0.1193,12,6,1,8272.32,3,0
50,19017.5,570,69024,0.3429,24,7,4,9398.81,3,0
62,123080.24,415,29897,0.4291,21,14,1,9834.63,1,0
43,24684.22,815,19802,0.4904,1,12,2,6917.37,3,0
56,39225.4,540,17411,0.71,8,11,0,13654.77,1,1
45,41808.78,329,61399,0.2597,17,6,1,12564.06,0,1
22,56121.96,442,61692,0.2509,21,13,0,27.94,1,1
25,18349.73,625,58676,0.3705,25,13,1,1171.53,0,0
42,26572.38,315,13770,0.2368,3,13,0,256.37,1,1
44,135635.15,410,74513,0.159,15,11,0,1850.11,1,0
63,122569.55,406,38429,0.1775,29,4,1,750.27,1,0
40,83400.52,678,60429,0.2513,5,14,1,2154.15,1,0
47,15881.64,461,71085,0.0744,19,7,1,7732.99,2,1
62,32820.9,582,21337,0.7196,26,14,0,11077.44,3,0
64,59493.77,568,25507,0.281,28,12,2,25081.81,2,0
40,29483.07,783,60596,0.2789,2,11,1,13443.66,0,0
66,123151.37,372,71509,0.3815,27,10,1,320.04,0,0
64,60216.9,496,9436,0.0616,10,3,0,6324.46,3,0
37,18358.04,542,11086,0.6587,23,3,1,11258.91,0,0
35,122863.07,558,20851,0.404,28,12,1,3785.25,0,0
35,157404.54,448,40732,0.3311,4,13,2,4602.85,1,0
19,18640.42,689,15842,0.4335,0,7,1,16235.46,3,0
21,49202.57,715,2745,0.3285,7,12,0,481.77,1,0
47,31267.17,725,13697,0.3474,18,6,0,7758.04,3,0
50,37453.26,516,4879,0.3335,3,2,1,16321.58,1,0
53,23911.16,385,19499,0.0895,8,1,1,15965.9,3,0
35,53831.44,515,36035,0.2788,2,6,1,1284.88,0,0
54,157631.74,722,19651,0.3982,29,9,1,18634.59,2,0
36,46469.01,619,76224,0.5245,4,3,2,804.25,0,0
64,18894.96,417,77524,0.5359,27,9,2,25778.75,3,1
45,58541.44,714,38249,0.1801,15,6,0,2437.28,2,0
57,33713.4,339,24849,0.305,7,13,2,1224.36,2,1
37,102184.02,460,74309,0.0337,5,4,1,768.32,1,0
66,40666.2,836,30076,0.4444,2,10,1,4206.92,3,0
50,24640.48,719,71123,0.5463,15,10,2,4285.91,1,1
29,24543.91,394,34124,0.0214,7,10,2,7468.64,3,0
68,80894.28,741,16787,0.2724,12,14,0,13203.07,0,0
32,28890.8,765,54462,0.0104,4,14,1,7128.43,3,0
58,80597.36,587,72035,0.573,5,12,1,38607.21,0,0
56,25373.85,711,4841,0.0684,26,13,1,2361.3,2,0
19,32466.55,699,45890,0.8762,2,2,1,2364.28,2,1
46,43187.96,827,26402,0.219,7,9,0,12205.62,1,0
58,144066.56,317,67201,0.457,3,13,0,3771.36,2,0
27,135793.76,435,24237,0.0976,24,5,2,1882.62,2,0
19,25429.67,763,43988,0.2862,20,14,1,15723.62,0,0
68,34957.87,547,77310,0.231,16,14,2,2564.69,3,0
28,22281.57,300,1553,0.4585,24,5,1,13819.71,0,0
30,47099.37,680,14860,0.2266,7,2,2,2315.42,2,0
27,42776.95,808,8045,0.3034,20,5,3,28037.22,3,0
31,118959.71,759,75916,0.1645,18,6,3,3497.01,2,0
35,134670.16,804,57435,0.3288,28,2,1,13851.93,2,0
68,36771.28,775,33261,0.1514,13,1,1,18416.18,0,0
26,45454.11,331,79879,0.1554,8,6,0,1308.35,3,1
56,116953.74,417,3853,0.8166,11,9,0,704.57,0,0
45,88959.85,483,76664,0.2651,12,9,2,9121.76,1,0
20,15164.84,490,49022,0.3807,22,14,3,9678.33,1,0
37,32358.75,373,3736,0.1055,27,14,0,9748.6,1,0
23,39650.59,402,34724,0.179,26,9,2,6091.22,1,0
44,26744.84,719,12440,0.4497,7,13,1,27288.91,0,0
19,25017.37,772,71716,0.1611,2,5,1,11779.85,1,0
46,16733.26,413,31284,0.186,21,10,1,771.15,0,0
55,61397.51,678,12646,0.3412,27,1,0,15371.53,3,0
20,28702.64,612,15342,0.2396,14,3,0,3222.63,3,0
33,17419.52,629,66620,0.2551,19,8,0,12838.58,0,0
47,26818.68,638,65261,0.8751,28,9,1,610.35,3,1
57,87857.42,537,2935,0.2291,18,4,1,14553.96,1,0
19,100819.39,472,43376,0.3977,3,11,0,7825.61,0,0
34,44692.82,378,75798,0.6545,1,12,1,12756.53,2,1
58,39208.89,763,78140,0.3243,4,3,1,6817.21,3,0
29,186453.8,800,43481,0.1089,23,14,0,16150.24,1,0
52,25073.23,584,56721,0.3565,20,2,2,29379.66,1,0
60,25913.82,522,3838,0.0776,1,5,2,13566.82,2,1
18,30530.56,565,36330,0.0104,6,2,2,13632.31,1,0
62,23534.57,672,79976,0.3739,23,11,0,2442.36,0,1
32,36465.59,532,37994,0.1724,10,9,0,4376.8,3,0
43,123776.61,535,31384,0.6492,11,10,1,1335.79,0,0
54,57993.71,613,46378,0.8089,3,11,1,7602.04,0,1
38,38892.18,679,33643,0.7848,2,9,1,5915.98,3,1
66,137595.49,719,17926,0.4286,7,13,2,3491.33,1,0
48,17235.51,351,39977,0.5785,25,3,1,717.0,2,1
42,25623.24,808,24652,0.103,17,4,0,26793.67,2,0
40,52550.43,504,64295,0.1063,22,12,1,9299.12,1,0
41,58017.68,556,11270,0.3458,25,12,1,3930.35,0,0
55,16816.25,484,62630,0.2242,23,9,1,4272.84,3,0
45,38215.64,444,37417,0.3751,4,1,0,5032.11,3,0
38,62133.35,313,47894,0.3573,15,7,0,16693.52,0,0
60,68890.28,545,57042,0.6698,22,2,0,2362.78,1,0
35,60742.39,486,64253,0.3541,11,9,0,19412.05,1,0
53,32392.1,636,49841,0.0771,8,11,1,3730.77,0,0
52,19418.39,558,53723,0.4952,28,12,1,20484.1,1,0
62,40067.96,339,21317,0.1498,7,13,3,22622.78,2,1
26,21202.41,717,56008,0.5045,4,14,1,11929.17,2,0
55,147718.51,650,37434,0.4238,19,12,0,22512.25,3,0
47,44010.71,308,47125,0.5257,18,3,0,13747.74,1,1
61,32173.8,649,76449,0.4648,14,6,1,1561.16,0,0
51,80418.05,383,75102,0.6683,21,5,3,31273.58,2,0
49,46007.37,832,1557,0.0808,19,2,0,2108.53,3,0
20,31700.08,657,45383,0.1811,10,9,2,6824.62,1,0
20,90201.38,677,7040,0.5586,19,3,0,4836.49,0,0
45,105834.79,471,47652,0.155,12,6,0,4279.34,1,0
61,65301.9,324,61941,0.1349,22,9,0,15307.1,3,0
32,17164.64,692,75828,0.419,29,8,1,3438.41,1,0
58,52595.47,402,27110,0.3788,25,10,0,7714.92,1,0
40,79842.31,535,6349,0.5555,12,5,1,4104.01,3,0
57,21604.42,709,31374,0.147,20,6,1,22393.84,1,0
28,26683.8,848,43591,0.5356,16,3,1,1685.59,1,0
65,111357.39,631,1057,0.5117,28,5,2,1929.69,0,0
49,15914.71,831,75039,0.2509,20,6,2,1179.11,2,0
53,77876.83,328,65578,0.1489,28,14,2,14179.86,0,1
50,43891.04,842,20121,0.6796,15,3,1,1761.32,3,0
41,41639.34,318,6493,0.1974,21,10,2,7616.51,2,1
56,15320.48,447,68818,0.3397,16,2,2,14557.76,1,0
51,92015.74,770,2431,0.1259,18,10,1,1227.59,1,0
45,35070.61,790,61469,0.312,21,9,0,26660.34,3,0
54,50018.76,582,63241,0.3346,13,7,1,3341.2,0,0
24,65896.54,412,46294,0.2127,22,4,0,15716.87,0,0
21,69574.95,754,12351,0.3891,6,13,2,15777.46,2,0
54,155540.06,629,33483,0.2636,22,3,0,4282.38,1,0
18,49104.49,554,32195,0.3751,8,13,1,7997.98,0,0
18,37966.12,698,23735,0.6955,1,4,2,9965.18,1,0
64,153271.12,807,16203,0.1144,18,9,2,5370.89,1,0
37,61238.86,765,4974,0.319,22,9,0,4429.83,1,0
36,30931.62,706,40713,0.2055,5,12,1,19114.33,2,0
46,21084.28,397,13636,0.4457,29,6,1,2255.59,3,0
27,98190.42,589,36070,0.2375,0,11,1,15844.25,1,0
35,35236.58,455,30123,0.1341,25,12,1,2278.11,3,0
45,63608.65,461,32812,0.1303,6,9,1,12043.69,3,0
52,43638.89,396,29760,0.201,15,14,2,3391.61,2,1
60,24981.3,676,5966,0.234,1,9,0,26224.85,0,0
64,56423.23,749,17058,0.269,3,6,1,9298.31,3,0
48,17817.11,416,42482,0.1367,22,5,0,7625.34,3,0
44,38999.13,805,3998,0.3545,19,11,1,3498.34,3,0
28,50595.61,488,62265,0.6425,21,3,1,7106.28,0,1
66,40775.29,775,67445,0.4984,13,1,1,681.36,1,0
66,77144.87,622,35648,0.5449,28,4,0,1547.22,1,0
55,94192.11,479,61623,0.9419,10,1,1,3496.06,2,1
22,81379.29,480,79033,0.5717,8,13,2,29810.3,1,0
25,16781.38,586,8527,0.5458,4,12,2,6308.78,1,0
51,24712.41,774,4072,0.681,2,1,0,5115.26,1,0
65,49613.14,561,13018,0.0542,21,14,5,14808.56,2,1
69,137878.53,822,30652,0.1157,19,6,1,11831.57,2,0
29,96069.65,461,5476,0.2003,24,11,2,10905.05,1,0
55,98184.7,786,28482,0.0524,1,5,2,9306.32,1,0
18,31257.09,480,63513,0.2836,9,7,0,1392.22,3,1
48,40251.79,768,17219,0.1879,20,1,1,4952.41,0,0
21,43629.5,320,31448,0.3622,28,1,1,23144.14,2,0
66,22705.31,574,26120,0.4239,24,8,1,32106.57,0,1
62,16420.24,559,7855,0.1344,9,6,0,5668.3,1,0
67,147103.48,632,57553,0.4745,6,8,0,10.56,1,0
22,27391.87,765,69633,0.5601,14,14,1,6917.97,1,0
47,27346.63,415,45585,0.3588,4,6,0,2577.05,1,1
41,18917.76,712,2084,0.6468,7,6,0,2083.41,2,1
20,133717.48,836,22944,0.1791,17,10,0,3337.85,1,0
28,54009.37,556,34921,0.2996,19,7,1,1308.24,0,0
62,64487.56,467,62282,0.2754,28,12,1,469.49,3,0
21,124152.98,832,52397,0.6343,5,2,2,5882.48,3,0
43,34083.03,314,19070,0.1555,22,3,0,3045.59,0,0
44,58720.13,349,55987,0.446,10,12,0,2959.75,0,1
63,16780.75,603,57690,0.7026,7,13,1,2504.58,3,1
60,24303.5,786,62134,0.9436,28,4,0,6864.52,2,0
44,95069.04,715,60439,0.2494,3,14,1,13213.55,0,0
59,80507.54,604,32489,0.4125,24,1,1,10697.53,2,0
68,34429.75,495,24178,0.4654,6,9,2,37270.4,3,0
67,36280.72,687,58956,0.9084,1,9,2,24534.34,2,0
23,49317.63,754,48802,0.4332,14,4,0,5401.5,3,0
32,15010.85,609,63778,0.4098,29,1,1,16765.4,1,0
47,27423.4,426,58719,0.389,8,1,0,2039.19,2,1
59,25506.9,474,34573,0.0616,22,6,1,2386.48,2,0
54,27974.68,433,34688,0.5182,20,2,2,12070.56,2,1
54,88773.54,365,47475,0.3899,18,1,1,2442.5,1,0
59,29762.3,692,51697,0.1074,24,10,1,6000.05,1,0
54,24567.04,664,34978,0.6797,22,11,1,3886.75,1,1
52,46576.98,578,30677,0.0539,18,12,0,2647.97,0,0
40,105327.15,662,11272,0.227,4,2,1,1677.67,3,0
23,27429.65,470,7212,0.5116,18,7,2,9463.61,0,1
21,18680.63,350,22071,0.1817,2,14,1,578.29,2,1
35,34830.84,627,76236,0.2383,11,4,2,12125.17,3,0
26,76962.55,444,18297,0.4828,6,7,0,22512.05,0,0
66,51001.95,573,52932,0.3029,24,7,2,4207.9,1,0
46,91371.33,454,57884,0.5435,4,4,2,5331.03,0,0
30,159392.9,807,29625,0.3739,11,13,1,8930.2,1,0
64,85803.33,662,29831,0.2433,26,2,0,10973.3,0,0
69,56662.98,624,57478,0.0563,3,9,1,7870.41,1,0
34,45596.32,597,63909,0.0549,19,14,1,11723.11,0,0
62,16840.23,793,30367,0.228,18,14,0,16531.76,2,0
49,201997.3,845,46813,0.1036,12,13,3,46096.69,3,0
65,36764.99,603,21121,0.3981,14,10,0,4987.97,0,0
39,22431.47,766,36547,0.2277,23,14,1,8787.09,0,0
21,64443.25,538,64642,0.2671,9,10,0,4719.04,3,0
22,30051.5,816,25914,0.5395,27,3,0,2717.15,2,0
54,54660.92,475,18178,0.3595,0,1,0,60234.91,2,0
58,54768.56,709,68258,0.0256,2,11,1,139.8,1,0
66,41554.64,663,61563,0.5018,17,8,1,668.87,2,0
30,96387.56,322,51050,0.3214,15,4,0,8747.74,3,0
51,28852.8,617,63607,0.3078,11,9,0,12373.43,0,1
62,41790.93,824,66638,0.3752,15,8,1,13050.34,3,0
39,49718.59,575,14262,0.1394,10,11,1,12150.78,1,0
40,64028.75,528,8453,0.2838,10,11,0,15540.06,0,0
68,83955.6,407,46174,0.184,27,7,1,13651.42,1,0
20,37599.37,475,78760,0.0949,22,9,0,7896.08,1,0
59,61736.59,619,7172,0.1124,21,2,1,6350.93,2,0
51,22345.71,585,77788,0.18,13,4,1,12739.36,0,0
49,136402.09,628,18918,0.0946,16,13,0,13179.96,1,0
62,36734.17,655,8197,0.406,18,14,1,4042.91,1,0
68,73840.31,313,14677,0.2734,10,5,0,29.59,1,0
66,15924.79,574,12039,0.166,3,5,0,3773.26,3,0
38,25334.19,370,28785,0.0647,9,12,2,7651.55,1,1
63,45043.82,494,5570,0.1394,26,1,2,7467.81,2,0
61,109761.26,822,73242,0.25,22,9,1,4778.21,2,0
38,48713.98,405,12655,0.3048,18,9,1,26931.48,0,0
61,134583.52,495,48907,0.2067,3,5,2,6469.41,1,0
28,44756.47,444,10449,0.079,29,10,0,1497.18,0,0
56,45340.15,649,25630,0.2619,10,3,0,2151.2,0,0
21,20739.56,723,75658,0.3301,6,8,1,993.62,2,1
68,88026.37,770,47371,0.5398,19,7,1,3123.56,1,1
18,27763.99,515,11991,0.4045,8,5,0,3634.5,2,0
45,118442.29,392,25887,0.3173,27,12,0,4067.11,3,0
41,123771.56,559,14859,0.3872,21,1,1,18089.5,1,0
52,144157.17,840,24640,0.4698,1,7,1,14502.09,1,0
30,48050.23,584,49339,0.3977,26,11,2,6853.98,0,0
64,65867.7,783,54235,0.5729,0,1,1,5876.13,0,0
51,82833.2,671,3512,0.1238,7,1,0,4749.71,2,0
28,21319.3,369,22912,0.1197,26,9,0,136.58,3,0
53,56340.9,678,36515,0.661,18,6,0,25223.21,2,0
68,16570.49,578,16416,0.3638,22,7,1,3445.97,3,0
34,45973.1,601,73816,0.4675,15,2,2,18445.09,1,1
52,22570.46,554,77510,0.2245,13,11,0,13502.87,0,1
35,24090.98,563,44746,0.1598,3,8,0,1215.02,0,0
57,35439.23,723,44775,0.5501,18,7,1,3757.58,1,0
39,40488.17,512,13227,0.1067,29,5,0,6629.16,3,0
41,58918.54,399,14031,0.6814,24,8,2,3040.28,2,1
36,18480.47,411,34000,0.2032,21,2,1,5143.48,1,1
54,46525.11,607,52253,0.1433,21,6,1,3318.85,0,0
56,24074.59,774,68564,0.4785,5,4,4,10098.3,3,0
38,53396.59,847,19313,0.7262,14,7,1,4473.2,2,0
25,60651.05,411,76186,0.1691,12,6,1,4251.02,1,0
45,51608.82,386,58751,0.112,29,12,2,3168.66,0,0
22,75324.27,482,53492,0.2643,18,6,2,16170.96,3,0
34,33399.82,464,31364,0.3927,21,5,0,10382.73,2,0
54,80188.06,389,19361,0.2931,3,11,1,12764.17,1,1
53,40514.34,754,68949,0.5541,1,5,1,5006.54,2,0
36,44790.28,537,32070,0.3261,2,2,2,18292.93,1,0
44,61998.64,833,23409,0.5942,13,11,2,5384.96,3,0
51,15833.8,357,30854,0.0651,29,7,2,1941.88,0,0
28,62758.49,841,30655,0.3158,3,7,0,7147.03,1,0
62,58374.04,701,10952,0.1398,15,8,1,5886.24,1,0
64,31687.9,818,37365,0.453,10,4,2,962.24,3,0
29,19036.48,496,67156,0.2677,28,11,3,10867.03,3,0
38,19290.26,345,57724,0.4163,12,11,1,16712.91,0,1
28,130508.7,829,16455,0.0906,0,11,3,4403.03,3,0
56,67598.74,696,48673,0.3021,12,13,1,14238.44,2,0
45,21117.18,373,1974,0.3225,14,9,1,8815.33,2,0
22,34853.11,715,13679,0.2176,6,10,1,3188.27,0,0
34,55395.27,634,62791,0.2448,27,3,0,4215.59,0,0
37,96237.63,595,28429,0.4114,4,3,0,29210.96,3,0
58,17008.92,383,19073,0.5991,27,13,0,2430.78,2,0
63,27150.74,314,71207,0.5821,26,2,0,1647.79,3,1
29,114224.8,433,31365,0.5606,24,10,1,786.88,0,0
23,15414.35,777,56928,0.1011,29,7,1,20841.39,2,0
34,25120.23,618,75453,0.4436,5,12,2,11151.1,0,1
68,158764.79,691,8784,0.4659,29,10,1,1240.51,0,0
36,57766.63,778,13291,0.1561,23,2,3,14509.69,3,0
43,28651.48,667,27154,0.3443,8,7,1,9926.67,0,1
65,18120.32,666,26650,0.0542,5,3,2,42841.3,3,0
61,16286.84,587,69741,0.7275,28,1,3,7162.46,0,1
61,27631.5,677,37201,0.2821,22,11,0,7265.37,0,0
69,110972.52,762,40479,0.4104,5,8,0,2867.06,0,0
49,39196.79,312,73920,0.3592,21,8,0,2118.62,2,1
23,72337.06,835,51243,0.3111,1,14,0,13225.05,0,0
53,127703.32,467,69595,0.2115,20,13,2,4662.69,1,0
55,38594.26,569,32734,0.3455,5,10,2,12887.21,2,0
28,24553.47,369,43568,0.0871,9,1,0,14891.75,1,1
50,47759.23,617,26793,0.3094,4,11,0,23360.45,0,1
41,122409.45,675,53204,0.4159,19,6,0,5576.35,2,0
40,88419.87,388,47746,0.8856,11,4,3,1007.5,1,1
32,18064.35,556,32989,0.1733,5,5,2,219.61,0,0
44,68078.26,516,50465,0.2883,5,14,1,3451.43,2,0
28,53177.67,749,62383,0.5921,7,8,3,26952.87,0,0
68,122106.69,843,17767,0.2805,23,8,3,13775.31,3,0
67,20879.57,440,39652,0.237,25,7,1,8190.48,3,0
34,49364.12,460,14383,0.3796,16,5,3,2739.32,1,0
68,110210.82,331,71784,0.151,17,6,0,12476.95,2,0
31,38745.29,451,61089,0.6161,10,8,1,13503.39,2,0
44,44599.66,559,27440,0.6951,0,5,0,2619.44,2,0
35,18287.98,578,53443,0.5716,25,3,1,12314.31,2,0
45,29666.81,584,57325,0.2367,6,9,2,1280.98,2,0
68,32654.04,841,56919,0.4403,7,9,1,1072.31,1,0
64,145619.29,447,17611,0.2411,2,10,1,568.17,2,0
64,29949.7,366,64483,0.3462,18,1,2,16617.77,3,1
21,42800.83,578,23457,0.2911,15,7,2,3155.49,3,0
24,65068.05,742,11256,0.15,22,4,0,9267.86,2,0
62,22963.02,698,55856,0.176,7,6,1,1560.49,0,0
52,44987.69,427,41533,0.1555,29,13,0,5841.59,2,0
65,75366.16,636,29281,0.1976,28,7,3,280.92,1,0
26,105734.32,781,68275,0.1741,5,8,1,19657.68,3,0
25,59288.68,485,2525,0.6605,23,11,0,7759.82,3,0
69,64760.94,468,17453,0.327,1,5,1,22119.25,1,0
62,21074.97,559,7251,0.1734,22,5,2,6307.05,1,0
34,146158.84,806,20507,0.4321,11,12,1,3802.76,0,0
34,21400.13,820,28906,0.0903,29,6,1,5121.64,3,0
66,82059.1,770,74185,0.2001,20,7,2,2795.15,2,0
50,28843.57,460,14193,0.5735,5,5,2,21677.24,1,1
49,137037.97,588,65042,0.2641,13,5,1,3504.32,2,0
25,72276.95,639,60516,0.2815,6,12,0,3456.04,1,0
36,78075.0,801,31692,0.1933,8,4,2,9986.37,1,0
55,26126.52,405,71490,0.4929,6,1,1,1309.39,3,1
20,41336.78,774,34512,0.3443,14,14,2,2474.1,1,0
22,58283.06,762,11719,0.5261,11,7,0,5619.46,3,0
30,81130.26,782,56427,0.6311,26,7,2,2016.38,0,0
64,19939.63,452,28649,0.0819,16,13,3,2974.97,3,1
63,162592.31,448,13402,0.1453,14,6,2,12037.33,2,0
48,114417.74,487,10216,0.3821,14,10,0,3282.83,2,0
33,29183.48,430,32050,0.0983,20,2,1,10138.93,2,0
67,92861.34,751,51093,0.3769,29,2,0,6820.24,2,0
49,47871.75,815,6050,0.3936,26,6,4,14594.01,3,0
39,42879.17,790,47716,0.1341,13,12,2,13891.89,3,0
46,31987.98,775,3438,0.3548,10,13,1,2200.82,1,0
39,54141.42,562,48431,0.4923,10,9,2,28689.24,3,1
60,73901.52,837,17760,0.2245,19,5,1,16205.34,2,0
20,38814.68,758,78614,0.2207,12,7,2,7606.03,3,0
27,59646.49,835,17473,0.0242,12,2,0,8204.31,0,0
59,69075.83,594,44815,0.4057,29,6,0,17651.37,0,0
38,70878.76,734,63460,0.0647,7,11,0,6619.44,0,0
33,17401.43,574,10257,0.4918,6,6,0,6510.21,2,0
29,103394.09,607,26634,0.1834,19,10,1,9947.51,0,0
19,42583.05,675,61403,0.4315,12,6,0,924.53,1,1
58,28696.89,457,47573,0.3087,10,6,0,8726.09,0,1
41,27454.26,503,29648,0.3593,18,14,1,2534.84,2,0
52,44688.29,374,49980,0.1759,5,4,1,1240.95,1,1
47,113049.5,679,11296,0.2283,7,5,3,16896.41,0,0
47,36391.84,603,61197,0.1133,18,4,0,4809.7,3,1
64,77333.91,361,22959,0.0443,4,6,0,6987.92,3,0
52,19582.44,407,15570,0.3024,9,9,1,3473.71,2,1
36,44086.73,486,36423,0.445,0,13,1,313.94,2,0
67,230542.41,528,18899,0.2997,25,5,2,5840.99,2,0
25,81221.16,347,36785,0.3489,11,5,0,13873.38,1,0
43,25637.62,567,63806,0.3304,25,3,0,14201.86,2,0
66,46321.54,553,57963,0.1217,23,13,0,25516.33,0,0
57,26973.75,386,78875,0.4202,6,11,0,18351.06,0,1
24,38710.0,480,35341,0.628,7,7,0,40360.77,3,1
47,83152.94,324,6597,0.173,29,5,5,8477.65,3,0
24,81375.7,687,11244,0.1519,17,14,0,522.79,0,0
20,26650.53,521,4796,0.5018,6,2,0,19906.67,3,0
18,129926.11,696,76589,0.081,13,9,2,30372.78,2,0
53,55404.68,810,29528,0.5277,19,5,1,6239.44,2,0
42,36506.12,739,19648,0.1748,17,7,2,1209.67,0,0
54,46366.16,474,1535,0.3117,24,12,2,249.32,1,0
18,56807.25,610,49469,0.2046,20,7,1,9506.5,1,0
32,51932.93,573,65912,0.5395,22,10,1,11014.87,1,0
54,44984.41,334,45493,0.3074,3,12,2,163.48,3,1
30,46637.78,516,73417,0.3032,9,8,1,29810.59,1,1
57,23733.81,707,46785,0.7036,10,4,1,7814.04,2,0
25,90384.87,818,67561,0.4191,10,7,1,9474.56,1,0
22,50116.33,568,31869,0.2355,19,3,2,8304.59,0,0
26,21322.68,774,66094,0.2723,18,9,1,3811.66,3,0
18,80389.76,624,31192,0.4537,0,8,1,23084.19,2,0
53,136265.91,655,70157,0.1636,1,12,0,38.17,2,0
52,147447.18,389,58544,0.1858,8,10,2,13751.31,0,0
19,35721.49,341,5403,0.1942,16,9,1,4475.86,3,1
57,21553.06,664,37091,0.3072,4,2,1,2109.97,0,0
40,47878.83,501,53510,0.215,1,4,1,5728.89,1,0
26,20376.14,665,6017,0.1201,3,1,2,2206.9,3,0
51,137305.95,587,40203,0.0893,26,8,4,20312.67,3,0
63,24127.17,780,57473,0.6438,6,13,1,15877.06,2,0
31,28111.95,800,53123,0.3545,20,4,2,19448.88,1,0
21,38487.67,351,49260,0.6432,16,4,2,18071.02,1,1
47,36741.88,402,46938,0.4397,2,7,1,17419.05,2,1
48,86239.6,660,58929,0.1013,25,14,2,8708.96,0,0
55,42422.49,723,38372,0.2567,8,6,1,23224.45,2,0
28,23426.5,504,54252,0.4279,0,3,1,609.71,0,1
52,28990.32,313,15628,0.3591,25,8,2,3366.97,0,1
25,47019.39,769,13501,0.34,19,2,1,2389.74,3,0
20,22178.76,765,31131,0.6297,20,13,1,1290.62,1,0
31,57563.83,603,69348,0.5908,15,1,1,63.71,1,0
30,52535.79,726,10402,0.249,25,12,0,5152.43,1,0
62,71440.0,409,56956,0.1849,2,12,1,12873.58,2,1
49,139914.06,814,52920,0.4106,18,13,1,10353.17,2,0
51,124499.19,367,27000,0.3045,15,12,0,10528.16,0,0
62,146407.76,545,68462,0.0774,0,2,0,21903.39,0,0
36,27629.74,688,67392,0.4186,21,9,3,31547.97,2,1
55,21347.83,607,6988,0.2963,28,5,2,11412.84,3,0
33,31196.97,651,75279,0.2128,11,5,0,887.48,2,0
19,116457.29,365,57999,0.8001,19,6,0,11291.85,0,0
57,175985.81,759,70674,0.6013,23,3,2,8091.75,3,0
34,103258.62,646,54426,0.5589,5,1,0,665.67,0,0
51,20244.92,624,59824,0.4153,2,13,1,2972.16,2,0
59,147550.72,332,75399,0.2291,27,8,0,2714.15,1,0
33,39774.02,367,61659,0.2335,6,7,0,14819.51,3,1
55,15420.93,486,38790,0.1821,2,12,0,4234.36,2,0
19,41284.6,491,23118,0.1272,12,14,0,6944.77,3,0
19,17122.39,512,53025,0.7393,15,8,1,15404.97,1,1
43,50324.77,727,60938,0.7319,13,9,0,27569.38,1,0
30,33599.71,650,6149,0.2987,8,2,1,7726.54,2,0
64,43862.12,407,39079,0.6274,7,5,2,8103.48,0,1
48,57739.69,539,3484,0.2276,14,2,3,1007.78,3,0
51,106396.83,515,56474,0.0666,18,13,0,6818.47,3,0
56,63798.82,476,49601,0.6345,12,8,0,11598.5,1,1
20,40616.14,629,44809,0.2943,13,4,1,2095.51,2,0
25,92023.12,749,21791,0.2857,10,11,2,1179.52,1,0
40,121201.13,746,70343,0.192,17,4,0,19902.32,1,0
31,20740.23,836,27648,0.4945,2,10,0,1220.28,0,0
44,49161.47,478,32090,0.6145,28,8,1,24427.24,1,0
46,30065.57,694,18857,0.4027,3,7,0,3197.32,2,0
56,17169.21,444,63327,0.2619,2,1,0,4004.23,1,0
56,64692.08,497,43967,0.2952,24,7,1,7456.61,2,0
18,104374.62,383,54709,0.2618,12,14,1,2083.83,1,0
34,23001.67,384,68948,0.6329,15,10,2,11665.28,0,1
58,90308.22,756,49861,0.4511,27,3,1,7421.11,0,0
47,101400.83,775,69718,0.2345,12,5,0,29208.64,1,0
30,125581.85,552,21948,0.1568,26,8,1,24215.61,0,0
38,28872.27,371,34782,0.1184,9,6,1,14684.3,3,1
36,120431.32,522,51756,0.1093,17,8,0,2043.37,3,0
36,32398.69,575,69388,0.0759,7,5,0,2405.34,1,0
42,51167.26,545,67809,0.2584,6,10,0,3126.22,1,0
39,17332.24,640,8649,0.3941,16,9,0,17966.37,0,0
48,17019.28,770,30002,0.5038,21,13,2,10439.69,0,0
34,72343.48,753,35723,0.6855,5,13,1,1930.75,1,1
40,41453.28,306,75314,0.1354,14,14,0,6129.65,2,1
49,28324.83,487,71085,0.5055,8,11,0,36849.0,2,0
27,24505.42,303,12809,0.2753,27,6,0,13177.04,3,1
27,64883.48,424,59169,0.3482,9,11,2,27224.39,0,1
53,15018.07,314,9302,0.2035,26,9,1,16546.33,0,1
25,88770.13,824,9100,0.4571,7,13,0,12912.01,3,0
69,18715.48,539,69447,0.1287,6,4,2,17714.85,2,1
37,24565.28,659,78627,0.4842,28,2,0,11795.08,2,0
49,36966.54,817,75635,0.1721,22,14,1,8378.65,3,0
67,44849.14,619,56020,0.234,4,8,1,13313.75,1,0
31,34732.38,530,6663,0.1315,17,5,1,2606.7,0,0
67,32401.96,329,45649,0.1777,15,2,2,6740.29,1,1
45,164485.77,833,48136,0.8565,14,6,0,30239.32,1,0
63,61172.2,455,37104,0.2665,9,13,1,16534.55,2,0
69,16067.03,698,40137,0.8619,28,3,1,26077.57,1,1
41,40309.24,645,3534,0.2245,27,1,1,34249.3,0,0
32,108578.0,494,68762,0.0786,20,12,1,8847.08,0,0
39,31144.08,467,53445,0.2866,0,6,3,2183.75,0,1
47,19469.86,676,10585,0.3012,26,11,2,13511.21,3,0
21,78918.4,788,77438,0.6047,25,8,3,73.58,1,0
30,56914.78,661,37392,0.6784,5,1,0,933.68,1,0
40,53011.37,781,32126,0.1761,14,3,2,3370.33,0,0
25,17477.93,543,43485,0.1588,1,6,0,153.04,3,0
35,21813.15,470,46798,0.3431,11,10,1,11499.68,3,1
29,58844.2,812,69310,0.301,0,13,3,16960.01,2,0
48,25483.72,705,10017,0.1291,14,3,1,14014.84,2,0
31,46559.43,506,26700,0.3844,12,7,2,1560.47,0,0
51,50423.9,453,37507,0.2665,0,6,1,16291.59,1,1
35,30002.42,347,48679,0.2376,0,9,0,17631.14,1,1
51,148412.46,300,38232,0.7003,3,13,1,1015.1,1,1
28,98164.59,706,25020,0.3243,27,6,0,6780.36,3,0
58,72666.54,406,58172,0.794,29,7,1,11651.53,1,0
29,18654.15,472,14746,0.3181,20,2,2,5220.3,3,0
66,20048.77,805,64537,0.2718,13,10,2,22006.25,0,0
32,45546.59,429,5094,0.1156,20,4,2,7531.98,1,0
48,22884.13,697,69466,0.1833,26,5,1,1302.45,3,0
66,187298.37,593,31755,0.236,16,2,1,7559.47,0,0
46,22766.7,746,12552,0.5922,12,11,0,8614.22,0,1
43,45077.63,315,60491,0.111,11,10,0,30711.01,3,1
35,35373.62,648,20779,0.6284,26,10,0,5481.61,3,0
49,60897.67,502,30000,0.0973,5,10,0,22352.32,1,0
39,21216.98,433,54953,0.4842,18,7,2,3856.19,2,0
55,40320.34,825,58564,0.1761,19,4,1,6020.34,1,0
34,29452.96,807,15102,0.4544,15,14,1,11247.63,2,0
40,113416.82,365,2861,0.3051,20,9,2,21672.29,3,0
41,16864.45,779,44574,0.2904,15,14,2,14877.38,2,0
67,125260.99,758,33682,0.1455,11,8,1,1689.64,3,0
25,95537.69,641,79819,0.5173,28,10,1,2152.96,0,1
58,30894.47,458,78972,0.1766,19,9,1,706.55,2,1
23,85077.4,460,66185,0.123,19,8,1,9714.83,2,0
22,16427.0,553,75426,0.6741,25,5,0,5804.12,0,1
61,168323.18,826,49120,0.6031,12,9,1,20861.54,1,0
46,48651.18,848,39297,0.5334,0,5,0,45477.18,2,0
45,31261.79,454,9299,0.0807,17,8,1,21083.14,3,0
28,35264.92,785,42348,0.2275,1,4,0,477.45,1,0
18,18092.08,731,42384,0.0746,1,13,0,28888.31,0,0
60,219396.74,326,77693,0.2929,25,5,1,1086.87,2,0
36,16803.81,311,33687,0.3884,0,11,1,5927.68,0,1
26,62877.38,366,65577,0.5333,9,4,0,3528.68,0,1
44,41312.22,841,61047,0.2696,29,2,0,1701.3,3,0
51,148842.97,395,11191,0.1632,23,4,1,1878.22,0,0
61,27706.32,514,57884,0.3265,0,11,1,4243.94,2,0
21,49176.26,493,55911,0.1585,13,5,0,257.22,0,0
53,44631.06,589,78303,0.5829,7,6,0,668.41,1,0
35,69610.81,843,44726,0.3714,0,4,1,12527.43,0,0
32,18169.5,338,35623,0.3528,13,11,3,9841.22,2,1
68,24693.45,505,51000,0.651,9,14,0,1046.47,2,1
30,25868.28,783,72494,0.3872,18,10,0,5662.4,2,0
36,75299.39,636,64027,0.1141,24,13,2,9357.52,1,0
66,24434.62,795,59995,0.179,7,12,1,1027.46,2,0
23,53345.56,548,43876,0.358,1,4,0,35754.35,1,0
65,25907.2,373,52070,0.186,3,6,0,18871.89,0,1
29,104000.44,672,67224,0.4086,23,7,0,2577.95,1,0
68,143273.17,437,26365,0.5308,11,13,0,7316.04,0,0
54,47887.55,756,30663,0.223,28,7,0,7086.35,0,0
34,34545.36,743,66436,0.1367,8,4,1,4067.82,0,0
40,26999.18,652,64211,0.0979,22,5,1,14256.0,2,0
43,17297.83,710,11909,0.4585,0,3,0,10737.81,1,0
46,29069.62,837,61883,0.2358,7,5,1,19967.0,3,0
50,62789.92,752,13713,0.4974,29,10,5,51.13,2,0
44,49323.66,718,13614,0.126,27,5,2,9263.48,2,0
42,144741.34,749,21734,0.3757,16,14,0,49277.67,1,0
27,37708.81,414,31709,0.389,15,4,0,15568.67,3,0
64,68267.57,350,23885,0.0704,14,6,2,4220.76,0,0
40,45240.79,668,72622,0.2708,8,5,0,1697.22,3,0
38,47337.96,814,79267,0.3441,7,8,0,5591.05,1,0
38,29024.99,509,14341,0.2631,19,13,0,5521.15,2,0
60,42309.56,734,40435,0.442,25,13,0,8801.36,3,0
30,43636.22,526,13976,0.5049,13,2,0,683.49,1,1
54,70186.35,567,78869,0.1696,11,6,1,4897.03,0,0
50,142086.06,415,6290,0.4682,26,2,0,19296.03,2,0
41,32975.93,659,46812,0.2026,14,12,1,10317.64,1,0
61,16940.26,628,51528,0.4374,3,6,1,5703.94,0,1
28,45859.41,339,59570,0.4396,29,4,1,3714.26,2,1
34,50382.36,481,57399,0.563,3,13,2,3281.99,3,1
21,23300.36,789,49437,0.1271,21,1,0,13799.89,2,0
64,79307.43,508,58907,0.2712,1,6,2,5598.04,0,0
42,203774.55,572,49723,0.1845,3,3,1,2826.63,1,0
47,146157.36,418,36655,0.5401,19,13,0,16751.59,0,0
26,24878.97,681,56833,0.4867,23,7,2,3087.12,2,1
38,108705.83,835,24997,0.574,17,3,4,666.09,0,0
37,69857.92,557,67876,0.2124,14,10,0,7942.78,2,0
36,42218.49,782,27013,0.1571,7,4,1,3271.89,0,0
36,50003.61,808,33862,0.3605,27,9,2,48.95,1,0
29,100250.61,391,53448,0.4753,9,7,1,6962.7,0,0
54,44438.37,460,46608,0.1069,26,4,0,22494.62,2,0
59,36021.28,448,41894,0.175,1,2,1,10332.01,3,0
34,45587.96,416,51649,0.3164,24,5,1,183.21,1,0
54,53944.39,757,63104,0.3921,8,8,2,4760.48,3,1
65,24431.23,344,77459,0.2904,15,2,1,2837.45,2,1
56,119026.67,533,40821,0.4518,21,9,1,11100.04,1,0
45,65464.42,674,48940,0.4698,25,5,3,6104.8,2,0
58,60140.69,846,11935,0.6992,11,6,0,1896.29,3,0
52,19716.04,496,13467,0.3229,4,7,1,6093.35,3,0
64,56705.12,324,12073,0.523,6,13,1,26793.78,2,1
65,20801.65,694,8691,0.2159,14,9,0,5289.87,2,0
35,18688.52,335,47538,0.4288,12,7,3,20427.72,1,1
31,48719.28,773,25490,0.2965,7,4,1,6451.96,2,1
52,38196.55,522,16688,0.4689,23,5,2,14173.7,3,1
61,54991.52,829,51650,0.2979,18,12,2,15410.75,0,0
58,19205.53,487,14829,0.1097,18,3,0,14302.26,3,0
24,40373.03,701,4086,0.2888,4,1,0,10174.89,2,0
58,23645.1,556,3590,0.5413,20,3,3,30467.79,3,0
30,210774.06,435,40893,0.181,17,13,0,26391.47,2,0
35,52061.91,743,74396,0.2883,20,1,2,3606.6,1,0
54,67332.7,717,39176,0.1915,16,5,1,11863.33,2,0
30,32714.81,591,68484,0.4579,26,7,4,10929.98,2,0
53,19478.93,428,27295,0.494,6,9,3,2234.7,2,1
48,182595.08,640,39131,0.1891,13,4,1,3079.77,2,0
19,30175.58,556,45893,0.2834,14,10,0,3721.57,2,0
33,39809.16,399,12924,0.1281,26,14,1,4028.48,3,0
26,62224.5,338,11851,0.402,22,10,0,19266.36,3,0
26,16125.33,562,8734,0.1885,16,1,2,14161.48,0,1
55,89794.32,449,43681,0.4605,2,7,1,16488.78,0,0
28,49610.29,629,6293,0.755,23,3,0,24421.33,1,0
39,29671.39,419,54203,0.2542,12,1,1,7222.51,1,0
50,17861.44,518,14820,0.0367,10,4,0,18044.32,0,0
53,22979.95,422,68827,0.1544,24,14,0,11885.55,3,0
62,116435.29,543,48163,0.1666,2,11,1,6251.02,1,0
40,67129.77,817,13391,0.3722,29,9,1,2154.9,0,0
62,27939.8,320,42970,0.4983,5,6,0,5625.95,3,1
62,18053.32,489,47823,0.2264,5,6,0,2314.01,0,0
51,67792.64,524,31796,0.2943,21,7,0,3385.07,1,0
26,53231.33,765,37389,0.1392,20,1,1,3333.97,1,0
41,38327.4,398,4352,0.4344,5,5,0,14314.31,2,0
25,35337.57,662,29172,0.1364,5,4,2,7088.48,0,0
24,25997.34,382,11937,0.4014,25,4,1,15757.27,0,0
53,64836.84,355,67481,0.0942,5,7,0,20988.88,0,1
35,173808.47,321,74509,0.3719,28,2,0,9458.99,1,0
20,23695.77,484,24552,0.1078,23,5,0,5229.07,3,0
45,55909.87,821,15118,0.0117,13,7,1,19433.19,0,0
23,39838.6,563,12290,0.1532,10,3,0,8382.54,3,0
61,41632.55,524,26123,0.8102,15,14,1,19444.68,0,0
61,28195.22,337,60551,0.4541,21,2,1,3084.59,1,0
38,93468.31,422,53136,0.5621,27,12,0,8341.55,3,0
45,44883.82,455,64886,0.1533,18,1,0,2379.38,0,0
57,50278.22,600,76902,0.357,6,5,0,11985.12,3,1
18,31357.48,366,68333,0.1816,5,12,1,8840.44,0,1
53,24029.65,693,45016,0.2139,29,12,1,8119.3,2,0
38,19042.2,704,22427,0.4639,10,5,0,10191.76,2,0
60,71348.11,748,3257,0.4442,24,4,0,4706.49,2,0
52,24830.14,430,68733,0.4962,3,8,1,2131.64,0,1
30,67714.17,368,9222,0.2638,0,2,2,16420.27,3,1
66,37271.11,644,26187,0.8338,21,13,3,4851.09,2,1
27,39186.09,619,21781,0.3933,8,12,0,45040.71,1,0
61,43499.74,476,12004,0.2648,12,4,1,6558.56,3,0
64,35628.21,828,58600,0.1099,7,5,3,6733.72,2,0
27,19772.23,459,26515,0.3102,1,9,0,11326.4,1,1
63,31673.86,832,72688,0.1694,15,3,4,10988.24,1,0
30,64043.42,434,73708,0.1139,18,13,0,1990.84,1,0
54,64318.6,410,4185,0.5755,7,1,1,3178.81,0,0
55,30173.39,582,55476,0.2448,11,14,0,2633.36,1,0
41,42736.93,819,32212,0.4313,10,4,2,548.84,3,0
19,24674.37,493,75697,0.3246,8,10,0,226.66,3,0
39,25628.7,346,49533,0.2387,23,6,2,10356.13,0,1
34,16049.26,641,38630,0.2314,9,7,2,6903.34,1,0
53,117175.59,541,69606,0.5114,0,4,2,22499.51,3,1
31,25647.78,821,75099,0.5666,18,4,2,3577.77,0,1
27,26617.52,669,17585,0.5281,28,6,2,15488.77,1,0
52,29757.78,430,50240,0.2598,26,1,1,1088.71,3,0
42,21132.93,569,15772,0.7261,23,5,0,16952.23,1,0
20,60882.26,360,72835,0.5141,16,11,2,25404.02,0,1
64,18515.22,463,76724,0.1296,27,3,2,9870.82,2,0
55,21484.69,824,18938,0.6814,22,8,2,13316.55,3,0
34,61572.86,571,22983,0.5034,3,5,0,44058.91,1,1
29,33675.06,432,13874,0.22,11,7,0,4751.16,1,0
69,70387.03,543,61896,0.5356,22,8,0,298.01,2,1
41,51681.51,733,47209,0.3886,19,8,2,11476.02,1,0
46,28308.42,337,33822,0.5647,7,13,0,134.19,0,1
60,62348.57,618,21750,0.2293,27,2,0,8400.5,0,0
42,20562.35,809,43083,0.4465,21,13,2,9100.05,1,0
53,49594.0,675,28946,0.2869,25,2,2,8782.74,1,0
43,40863.24,773,2552,0.1052,25,13,0,1814.25,3,0
55,29031.09,358,74331,0.2404,28,10,3,797.75,0,1
18,56685.92,798,6271,0.2803,15,5,1,23831.85,3,0
37,107273.95,517,66651,0.3727,23,13,2,7800.16,2,0
45,321752.7,428,29994,0.1432,27,3,2,3902.08,3,0
33,57114.98,682,28186,0.112,0,12,1,14772.93,1,0
64,38341.49,687,31267,0.0566,8,12,1,25466.24,3,0
34,26482.18,384,40140,0.8033,10,10,2,5178.78,3,1
57,28373.49,809,25935,0.2009,11,1,0,1034.79,3,0
45,44379.55,736,32748,0.4724,8,8,0,11796.6,0,0
29,35597.56,592,4837,0.3257,5,6,4,23808.45,3,0
44,125306.41,348,65875,0.3464,28,3,0,39325.86,2,0
59,35670.01,366,63694,0.2256,8,8,2,16795.49,3,1
64,36038.31,428,10610,0.3187,5,13,1,3122.71,3,0
47,36768.88,328,29615,0.2243,5,11,1,4435.1,3,0
58,96525.5,642,77644,0.2917,28,1,2,1470.39,1,0
51,62343.47,844,23347,0.3239,19,3,2,12473.87,1,0
54,57855.99,418,35062,0.6244,2,9,0,1854.32,2,1
23,33300.62,432,56122,0.8701,2,6,0,5655.74,1,1
24,91645.0,626,49431,0.1226,15,1,0,7587.65,1,0
49,16760.36,484,74086,0.3387,1,9,1,4821.29,0,1
49,107086.73,805,29205,0.4606,3,7,1,1621.61,2,0
42,47354.0,833,19459,0.4916,8,1,1,3422.37,1,0
50,37856.11,540,24750,0.1552,6,1,0,10017.53,0,0
24,45937.4,815,28729,0.2636,2,5,1,12976.38,1,0
69,64538.76,464,39585,0.3369,23,11,3,9535.67,0,0
29,15578.14,517,46635,0.2401,29,4,1,33741.27,1,0
33,107350.35,304,45854,0.3215,12,12,2,9509.6,1,1
33,41636.69,380,77226,0.6625,13,8,1,2553.3,1,1
60,33900.91,546,30104,0.5739,28,13,2,6754.11,1,0
53,21695.32,792,15770,0.522,8,2,0,18092.88,3,0
30,41048.89,685,76993,0.439,0,6,0,3942.31,1,0
24,45861.88,606,18957,0.2588,11,8,1,13357.18,2,0
53,38261.49,842,56178,0.2532,0,1,1,15380.1,3,0
64,66086.51,306,21828,0.4302,8,3,1,27175.74,2,1
68,39582.33,814,18171,0.3565,24,1,3,5127.87,3,0
26,161473.13,372,62465,0.5278,6,7,0,3003.27,3,0
49,56151.88,309,14146,0.1985,2,1,2,7091.71,2,1
28,89139.5,421,47266,0.1915,3,12,1,50645.6,0,0
25,20211.47,812,46939,0.2897,6,9,2,23241.15,2,0
50,37784.46,740,15202,0.6333,24,8,1,3340.12,1,0
40,33483.78,337,38142,0.1131,14,11,1,2190.47,1,1
42,52924.52,644,64828,0.6087,23,3,0,6480.93,2,0
25,103834.43,637,60046,0.1924,23,12,1,1812.52,0,0
62,18670.96,483,10849,0.3998,0,13,2,14189.47,3,1
39,18390.44,366,60272,0.5307,5,12,1,373.0,3,1
21,100465.81,316,21439,0.5173,21,4,0,2545.38,1,0
57,25770.15,682,79872,0.4746,4,9,0,183.89,0,1
20,64720.13,667,36344,0.5635,10,10,1,2571.38,3,1
46,50226.24,615,54276,0.1717,16,6,0,537.3,3,0
58,95510.6,796,6051,0.1493,2,5,2,11194.86,1,0
46,21013.49,644,50474,0.1771,11,13,2,8446.07,0,1
51,21255.57,772,76604,0.3168,19,5,0,2406.89,3,0
51,51619.9,414,17967,0.4782,29,1,1,2295.1,0,1
45,146661.36,399,22773,0.4296,9,12,0,3441.73,0,0
30,39126.28,737,75383,0.5607,6,14,2,16005.42,1,1
32,32816.58,644,71417,0.2796,14,1,1,1631.11,3,0
40,56992.0,648,42182,0.5316,20,3,1,1297.68,1,0
61,134956.02,438,64589,0.2045,17,2,3,7093.79,2,0
43,96610.31,623,74235,0.4528,18,10,2,20021.11,3,0
21,258001.91,601,25180,0.1536,28,14,0,2537.46,0,0
43,16027.22,593,65372,0.3965,29,1,3,1123.36,0,0
57,20388.77,828,52372,0.1862,0,12,0,6766.61,3,0
26,57311.01,591,70086,0.5645,29,5,0,13173.46,1,0
22,92310.27,373,23163,0.6996,21,14,1,9631.79,0,0
49,30111.65,783,64089,0.262,12,14,0,5415.7,3,0
37,27302.97,315,33934,0.3793,28,11,0,412.37,0,1
67,84585.73,825,56595,0.2504,23,3,0,3575.23,1,0
28,17611.52,635,27592,0.3106,3,14,1,25164.15,3,0
32,35747.52,815,24039,0.3463,17,7,4,2521.38,1,0
49,46717.51,426,65099,0.3721,11,8,1,9518.0,1,1
45,51979.8,817,35018,0.185,3,10,0,23799.28,3,0
39,73689.78,428,54158,0.6507,25,6,2,6696.44,1,0
58,34721.96,810,5558,0.2036,3,12,0,5910.94,1,0
34,57683.19,722,33174,0.1241,4,5,1,1520.61,1,0
43,54617.18,684,43631,0.4931,18,10,2,39430.82,0,0
61,50695.09,531,68687,0.6546,8,12,1,1943.98,1,1
24,61034.76,494,16552,0.3825,6,5,0,6567.34,2,0
59,28516.25,364,36065,0.1289,24,1,3,1879.33,0,0
43,18980.13,576,3614,0.4638,6,12,1,4282.99,2,0
42,20715.27,523,35647,0.4023,11,6,3,21542.41,1,1
27,26445.91,577,58940,0.2598,9,6,3,10309.18,1,1
62,46209.44,665,1620,0.0306,28,3,1,98.93,0,0
36,97590.86,815,24082,0.1594,19,4,1,34040.76,1,0
28,69373.2,514,22891,0.1744,20,4,1,15320.49,0,0
30,85024.03,738,63395,0.3766,12,6,0,60059.62,3,0
25,34452.83,727,51955,0.5246,22,14,1,14391.33,0,0
57,38337.54,695,33314,0.1507,5,8,1,14475.47,1,0
21,37515.77,508,24500,0.1782,8,12,2,12019.04,0,0
64,24586.63,800,54685,0.3758,18,13,0,5503.4,0,0
48,17842.68,762,65783,0.6138,23,13,1,3782.57,0,0
45,55222.57,526,51189,0.298,15,9,0,7448.34,1,0
28,218838.98,674,20567,0.4163,26,9,0,1963.04,0,0
60,23213.27,799,26978,0.2514,25,5,1,12816.86,2,0
18,17151.44,392,77089,0.0396,10,8,0,59216.14,3,0
66,83040.06,759,10630,0.2817,3,13,0,9186.3,3,0
64,28101.12,620,13003,0.6789,24,8,1,19411.24,3,0
69,94643.87,309,42444,0.2329,0,10,1,1891.39,0,1
55,69773.18,602,32607,0.4031,20,4,2,17433.72,0,1
41,146073.47,621,25821,0.4331,11,4,2,23798.27,3,0
64,38661.73,755,15601,0.7444,3,3,2,18255.29,3,0
48,63807.91,577,46904,0.4064,4,13,3,9868.73,1,0
58,43134.77,837,72657,0.1963,5,5,0,26088.39,0,0
63,59813.01,692,39557,0.2421,13,8,1,32562.4,1,0
67,41869.86,394,53523,0.329,28,8,1,16893.67,0,1
43,24406.52,406,51502,0.0643,0,9,0,7921.16,3,0
66,46908.06,689,23098,0.4222,7,14,1,18036.24,2,0
67,48840.66,825,46902,0.1996,14,1,0,4651.21,1,0
22,89876.15,370,40253,0.4821,11,14,1,4255.53,2,1
37,74849.65,675,76516,0.1174,26,12,1,4275.69,0,0
69,64051.09,667,45280,0.2418,18,4,1,2221.67,2,0
58,20415.61,350,9951,0.0801,22,6,1,9753.64,3,0
28,72382.61,442,9117,0.4004,6,5,0,10831.67,0,0
50,46219.1,718,26979,0.6805,8,4,1,19635.42,3,0
67,116036.5,847,75525,0.1029,10,13,1,11858.41,0,0
55,128585.25,799,17915,0.2481,26,11,1,15138.42,0,0
44,17553.12,466,60261,0.1997,22,3,1,11674.23,0,0
51,92326.61,559,73964,0.234,27,2,2,11941.73,3,0
32,16729.18,491,71440,0.1929,7,9,1,4163.47,0,1
49,35589.88,501,36677,0.2281,3,10,2,33780.12,0,0
38,50169.36,484,50830,0.1429,9,3,2,10182.98,1,1
63,22212.92,457,53536,0.4739,19,4,0,8846.38,3,0
22,76724.58,398,9922,0.0844,9,1,5,18787.35,0,1
23,15377.54,540,68561,0.4663,7,1,0,5463.77,0,0
55,23308.94,790,14220,0.1048,13,10,1,1012.05,0,0
39,54122.98,501,46958,0.0719,3,9,4,2745.72,2,0
35,71390.38,808,54380,0.6305,28,11,3,16507.38,2,0
31,126808.08,395,3766,0.3393,19,4,2,13160.76,1,0
27,70010.92,789,34159,0.4197,25,10,0,1246.44,2,0
63,65133.1,517,11935,0.4902,2,4,1,721.97,1,0
30,37564.73,826,4784,0.043,27,6,0,9726.13,0,0
48,15057.84,572,21221,0.0737,2,2,0,27911.32,3,0
47,20760.65,518,30179,0.149,26,6,1,1922.76,0,0
20,49414.22,631,19069,0.4388,3,13,2,7963.37,3,0
47,65594.84,752,36682,0.2494,11,7,4,16711.4,1,0
23,39315.18,451,57268,0.3324,28,1,0,7522.45,3,0
46,74033.31,646,78818,0.3657,29,8,0,4325.17,1,0
25,48203.54,713,21110,0.3219,17,13,2,15633.81,1,0
61,18468.21,826,32232,0.7373,27,6,2,14750.2,3,1
62,24594.6,730,45273,0.5551,18,9,0,17748.16,0,0
60,97465.67,678,71487,0.5175,10,13,1,29022.76,2,0
61,73080.01,727,56210,0.3324,27,4,0,1632.62,0,0
50,116318.88,383,74191,0.5933,17,11,0,4166.99,1,0
34,20627.76,491,30461,0.3808,13,2,0,42677.92,0,0
65,223245.37,340,5610,0.6195,10,9,0,9027.24,0,0
28,25573.72,608,57973,0.633,13,8,2,11090.56,0,1
30,15533.24,677,8583,0.1098,21,2,1,21549.87,2,0
67,283249.76,435,26583,0.3764,28,8,2,11745.57,3,0
28,29849.85,405,18701,0.4733,2,11,2,11495.91,2,1
48,64620.55,818,7880,0.3511,1,8,0,1103.76,0,0
45,23748.59,841,52845,0.5383,8,5,1,7069.23,3,0
61,54062.02,425,73417,0.4277,7,7,2,11183.87,0,1
23,120469.72,656,4722,0.3981,4,7,2,16465.78,1,0
58,32366.8,699,21077,0.2121,28,4,1,5331.36,0,0
33,64924.46,378,14229,0.061,8,6,2,1318.59,3,0
21,24366.13,688,74338,0.4357,4,10,0,4554.31,2,0
52,59112.77,834,62679,0.4285,20,6,1,5616.55,2,0
65,33456.82,373,12439,0.2197,12,13,1,13903.38,0,1
43,25676.38,304,36902,0.3396,10,6,2,199.79,2,1
29,31905.87,762,3598,0.3166,10,9,2,4874.31,3,0
28,23866.74,381,5052,0.526,19,2,0,5939.96,2,0
54,119486.95,836,13741,0.5532,11,10,3,7987.65,2,0
42,37776.66,704,70360,0.1546,18,8,0,35065.41,0,0
35,27663.34,813,37288,0.148,12,8,2,13493.92,3,0
36,41772.59,577,2249,0.3323,25,1,3,2515.81,3,1
40,32390.31,523,23970,0.4802,8,11,1,10042.0,1,0
55,76389.76,367,16565,0.4376,3,13,1,4248.44,2,0
35,174663.22,619,57995,0.6342,6,14,0,16682.04,3,0
43,40934.1,318,52656,0.8911,4,14,1,1876.19,1,1
23,103808.47,642,63134,0.0511,6,2,1,1560.73,0,0
21,52547.79,642,46765,0.2998,27,13,3,1069.1,1,0
61,22698.06,396,3014,0.0882,7,14,0,7854.92,1,1
68,67793.72,351,71480,0.2018,13,4,0,1315.39,3,0
46,47417.27,474,15012,0.1072,23,5,0,426.5,1,0
51,62320.04,637,58498,0.3222,9,5,1,4041.5,0,0
34,114199.68,652,69776,0.423,5,6,1,16003.13,3,0
60,41126.77,690,62711,0.1555,4,7,1,1696.9,3,0
60,119149.4,414,43530,0.2846,14,1,0,4429.96,3,0
33,77503.83,647,19018,0.3003,15,7,1,5722.37,3,0
19,45177.58,300,18916,0.3188,26,6,1,20872.33,0,0
51,56597.04,362,41376,0.1161,1,5,1,6469.57,0,0
25,32725.68,525,66046,0.3469,27,14,1,7173.49,0,1
30,199963.92,722,59742,0.1295,14,6,1,2938.68,2,0
59,64530.06,318,78125,0.4042,7,11,1,11042.57,0,1
25,17017.67,330,13437,0.6553,20,8,2,259.97,1,1
47,32795.17,323,63146,0.457,23,13,0,33365.31,3,1
49,58935.5,510,28618,0.1011,21,12,0,6893.95,1,0
53,17609.2,460,51767,0.478,23,6,0,638.06,0,0
64,16087.83,554,10705,0.285,12,5,0,8190.97,2,0
47,41904.65,413,58146,0.0549,16,6,1,7215.1,2,0
18,33202.54,803,52750,0.1719,14,9,0,2753.62,3,0
60,40955.32,519,45379,0.5541,24,12,1,2342.17,0,0
56,28713.81,656,53682,0.2462,13,1,0,3157.6,2,0
34,23099.35,468,65713,0.2536,24,14,2,1389.54,1,0
37,67579.05,823,57919,0.5145,18,3,2,7580.54,2,0
41,47522.51,541,61384,0.6039,12,3,0,21114.36,3,0
67,25050.14,674,52128,0.4649,20,9,2,25656.08,2,0
39,32327.65,438,2835,0.1615,27,3,0,30573.32,0,0
46,55320.78,396,22283,0.1934,6,6,2,9172.27,1,0
39,18373.68,446,50506,0.3212,7,9,1,9716.69,3,1
61,22178.71,481,54625,0.6865,6,10,0,3718.13,3,0
26,18423.0,356,36963,0.4874,18,5,0,21658.33,2,1
54,90285.12,341,10179,0.1878,14,10,3,6697.15,3,0
27,77819.01,842,12955,0.2486,6,11,4,3275.44,2,0
53,77983.56,301,8198,0.6606,16,9,2,33716.73,1,1
54,71696.73,587,68156,0.2831,20,9,1,12220.63,2,0
45,64806.09,437,45588,0.3435,24,6,1,6248.37,3,0
45,44167.13,811,12766,0.369,17,8,1,711.06,1,0
59,61259.98,521,54570,0.7691,18,9,2,1510.11,2,0
60,16760.25,630,70874,0.4843,24,9,1,2187.49,3,0
38,58715.03,703,49679,0.3305,2,8,2,23314.04,3,0
41,82703.72,807,6301,0.1028,23,13,2,35609.71,0,0
59,46223.89,426,16144,0.0992,21,4,3,3105.81,2,0
57,34908.41,564,14784,0.2143,6,8,0,6897.83,2,1
19,29622.14,314,68959,0.0673,20,2,2,15696.66,2,0
25,61325.93,525,9272,0.2535,9,3,2,4855.44,1,0
65,68111.71,404,2573,0.332,27,9,2,6780.17,1,0
44,107146.13,792,25419,0.3705,6,10,2,21859.01,0,0
39,33857.62,618,49555,0.2334,25,4,1,2325.77,0,0
54,81090.89,518,6176,0.2248,10,2,1,50917.04,0,0
44,52083.0,576,37161,0.1767,25,3,0,6093.69,3,0
46,111488.32,640,64440,0.4899,28,7,0,2988.14,3,0
20,48767.02,751,59862,0.07,2,9,1,22302.08,0,0
61,47806.96,668,16164,0.4957,26,7,1,795.89,3,0
30,53810.64,773,78758,0.0977,20,8,1,10281.14,0,0
62,77260.18,489,26379,0.4334,21,3,0,636.74,1,0
27,165462.12,718,19368,0.411,8,7,5,29223.44,3,0
53,18438.43,794,33771,0.4129,3,1,1,10208.72,3,0
26,17471.18,338,65950,0.3297,7,12,0,5074.49,0,1
44,139802.75,461,41245,0.3293,29,6,2,5523.48,2,0
51,48964.11,420,73792,0.2563,29,3,0,1804.87,0,0
68,57941.7,698,44327,0.0239,23,2,0,4463.0,3,0
18,44636.92,561,47454,0.52,25,14,4,23413.15,3,1
49,19425.21,428,47741,0.306,21,4,3,16366.8,0,1
42,80763.15,839,32977,0.444,11,11,1,10831.78,0,0
46,76886.43,655,7714,0.2175,7,14,0,34352.35,0,0
24,31809.09,731,78237,0.1798,14,9,0,8519.94,3,0
66,31453.27,364,15891,0.2553,27,6,1,1939.22,3,0
20,96863.11,517,53299,0.1643,13,12,1,12504.19,3,0
37,18379.89,726,66167,0.5969,4,9,3,8962.8,1,1
37,110828.21,373,66124,0.3094,16,14,0,5736.71,0,0
47,28347.18,759,59639,0.5017,19,8,1,1589.74,1,0
52,55450.71,724,41912,0.224,10,5,1,11321.45,0,1
52,138695.16,491,76452,0.5316,21,8,0,5871.05,1,0
66,66011.29,488,69446,0.2694,14,2,2,8642.52,0,0
56,39082.62,311,62516,0.5231,24,8,3,3789.24,2,1
44,67635.67,538,45250,0.0708,12,1,0,1692.8,1,0
43,33970.36,752,37116,0.323,29,11,1,4461.43,3,0
31,29611.66,682,23151,0.2228,3,13,1,19112.52,3,0
34,271895.02,347,72366,0.3283,21,12,2,1738.37,1,0
35,77525.71,616,45297,0.5375,12,3,0,6372.08,0,0
62,61568.21,508,41888,0.2975,25,7,2,3532.64,1,1
69,34752.94,846,57195,0.4064,12,4,1,32789.51,3,0
46,17268.47,418,72016,0.2155,10,13,0,884.74,3,1
37,16419.72,614,75979,0.3629,4,11,2,2815.0,3,0
44,51352.93,335,55334,0.352,24,7,0,5970.31,1,0
35,79602.99,762,69345,0.2638,25,1,0,2840.59,1,0
21,49688.14,702,40761,0.5501,13,7,1,12261.94,2,0
18,97687.51,406,27930,0.1309,21,14,1,4634.41,0,0
67,16529.91,338,60117,0.3337,2,3,0,15176.65,2,1
18,35560.2,479,24095,0.5635,17,2,0,8013.42,3,0
43,27176.53,311,78482,0.514,2,9,2,5565.62,2,1
62,41680.1,638,4991,0.2045,5,2,3,4539.35,3,0
37,18380.82,847,24519,0.0994,25,3,2,2510.53,0,0
69,153689.09,425,27657,0.8774,7,3,2,2910.99,2,0
40,26368.97,362,1826,0.6423,23,4,3,1940.46,3,1
27,129975.0,381,43625,0.3458,27,11,4,19088.23,2,0
28,39972.29,598,18801,0.618,20,7,0,7947.01,1,0
58,205587.26,333,30846,0.2479,16,7,0,6594.71,1,0
58,51340.53,348,40566,0.3552,0,9,1,3889.78,0,1
22,135205.33,356,24157,0.5068,27,10,2,7274.67,0,0
18,15241.35,408,29363,0.4203,6,8,1,21417.78,2,1
34,77067.34,816,51559,0.2241,17,6,0,19386.27,0,0
39,120010.5,323,6136,0.8498,28,6,0,9140.21,0,1
51,21772.41,520,58937,0.2192,3,5,0,7549.31,1,0
62,19547.93,614,18421,0.7429,9,2,1,2559.02,2,0
58,39868.9,593,79027,0.5333,4,6,0,11806.73,1,0
46,137096.13,309,8546,0.4091,7,6,1,19194.87,1,0
21,50177.87,780,72439,0.4279,25,12,2,3648.39,1,0
22,48733.14,566,47623,0.5161,24,5,0,5718.87,2,0
28,21845.99,387,17406,0.3416,12,14,1,1128.44,2,0
68,15035.54,754,10825,0.2876,16,6,0,19533.2,2,0
38,89766.1,832,72823,0.4063,24,5,2,1028.18,1,0
52,19124.2,447,35173,0.6902,20,11,1,12185.36,0,0
29,60212.03,730,56619,0.2028,3,14,0,2069.99,2,0
43,125727.08,541,8923,0.4514,9,12,2,13229.39,0,0
68,25530.78,365,35374,0.241,20,4,0,10291.2,1,0
36,64249.78,677,62713,0.2686,29,3,2,11724.59,3,0
62,18688.56,687,42411,0.9066,24,14,0,10100.46,2,1
24,56657.53,508,65368,0.6385,7,1,1,5052.92,0,0
64,23057.02,714,9316,0.0976,9,11,0,9680.93,2,0
24,74923.36,315,11556,0.4708,12,4,4,2674.27,1,1
43,31129.6,596,11058,0.0979,11,13,1,3201.19,2,0
57,43011.85,519,26482,0.5341,20,9,1,673.51,1,0
22,56169.06,666,45494,0.073,12,7,1,9488.85,3,0
38,23453.92,528,26005,0.0577,26,7,0,18375.63,1,0
31,75902.68,739,33481,0.4389,29,7,2,4755.39,3,0
21,31220.43,831,29401,0.1804,9,14,0,2340.51,3,0
40,63861.46,749,41431,0.6749,20,4,0,17368.71,3,0
59,22754.02,335,65459,0.2434,0,12,1,10331.8,0,1
37,67430.82,721,79682,0.4538,8,7,0,22398.89,1,1
32,21173.17,488,77789,0.4085,2,11,0,62.63,3,1
67,39930.24,477,49504,0.1532,16,2,0,5127.55,1,0
69,27778.37,614,4223,0.5863,20,12,1,23122.12,2,0
62,77091.74,319,71977,0.2704,9,8,0,11251.09,1,0
46,28673.65,681,41149,0.4024,18,10,2,6327.41,1,0
25,111060.5,442,13863,0.3247,5,8,1,5353.72,1,0
58,115078.23,361,30564,0.6654,6,9,2,22553.24,1,0
65,24841.73,541,23499,0.7335,10,5,1,17825.72,0,0
36,57818.35,537,33132,0.1305,15,10,2,123.88,3,0
65,19131.26,430,5533,0.199,3,8,1,1290.73,3,0
56,37356.87,422,35409,0.1518,3,2,1,7180.86,3,0
63,71222.76,739,23987,0.0791,17,10,0,1217.57,2,0
45,63470.16,641,11633,0.1937,17,10,1,3212.58,2,0
63,59101.41,718,57207,0.103,6,8,2,18012.57,1,0
44,29941.77,754,51535,0.4681,10,10,0,4879.87,0,0
21,36368.49,497,4996,0.0345,4,9,2,5995.01,0,0
32,19888.77,581,1014,0.1683,20,6,1,1913.92,1,0
52,72126.68,300,2674,0.3475,27,6,0,9220.93,1,1
54,46542.98,631,38867,0.4032,17,4,1,1281.86,3,0
18,70513.21,511,58251,0.3148,6,13,1,9948.51,2,0
20,27882.35,386,56709,0.2138,1,8,0,13733.22,2,1
64,32649.48,360,18864,0.3138,28,7,3,20683.74,2,0
41,33305.5,394,27321,0.2777,27,12,0,8733.46,2,0
44,16173.58,446,25082,0.5213,4,9,1,4033.99,1,0
57,33769.7,545,41131,0.238,4,1,0,19083.61,1,0
53,88174.45,596,72493,0.3288,18,10,1,9078.87,2,0
51,117416.78,422,5210,0.3455,1,8,0,4433.81,3,0
46,47861.89,755,65586,0.1303,18,8,1,3894.04,3,0
41,42355.07,698,35851,0.3202,26,9,1,3865.66,3,0
41,16408.94,530,27865,0.4978,4,7,0,579.93,2,0
59,110114.47,833,5158,0.2495,11,9,3,1068.44,3,0
21,15589.3,701,58852,0.253,12,10,2,939.89,1,0
20,145314.98,429,50339,0.0546,21,8,2,3742.4,2,0
51,45231.4,591,21572,0.1904,19,9,4,6424.1,3,0
66,33830.29,575,5100,0.5919,6,9,1,1596.76,1,1
40,131095.51,675,45469,0.1584,1,1,0,17599.78,2,0
69,16111.2,354,61861,0.3332,29,3,3,678.68,1,1
40,54190.45,325,19456,0.2373,21,6,1,29061.05,3,0
62,50826.23,740,56803,0.1269,13,12,1,773.5,0,0
22,26141.57,496,66633,0.0457,24,11,4,22506.21,3,0
48,40207.6,542,76019,0.3738,25,7,1,3020.63,1,1
58,62534.03,489,37232,0.2743,4,4,1,43235.13,0,1
23,73444.39,575,68323,0.2166,19,10,1,7367.39,0,0
54,15032.27,708,22788,0.2635,29,2,0,184.77,2,0
27,139303.35,639,17092,0.0159,24,14,1,3322.18,0,0
57,23088.99,452,2132,0.3409,21,12,5,28161.38,2,0
24,26971.15,697,78850,0.178,11,4,2,3561.98,0,0
56,28761.45,743,14068,0.6707,3,6,0,4456.75,0,0
55,16734.92,726,48401,0.3409,16,13,1,451.52,2,0
38,20908.85,786,49526,0.2105,15,4,0,2920.33,1,0
37,208230.46,503,59958,0.1567,24,12,1,3001.87,2,0
20,32039.38,411,77593,0.5028,9,10,2,12586.89,0,1
68,20512.86,624,56041,0.8303,2,2,1,7047.51,3,1
39,20092.15,557,64372,0.6078,21,9,1,1755.54,2,1
64,72196.75,827,68562,0.2736,0,1,0,15876.73,2,0
21,101762.3,649,65046,0.2799,5,10,1,9455.1,0,0
45,28364.78,734,69086,0.3618,2,7,0,3126.02,0,0
29,15950.9,725,8089,0.176,18,9,1,2533.24,3,0
55,26359.39,579,17623,0.4112,26,3,0,25890.42,0,0
68,17617.9,670,50641,0.077,6,11,2,10135.07,2,0
53,19911.29,548,13043,0.8032,26,6,3,16472.27,2,0
64,40414.57,480,67572,0.2686,8,9,0,2555.6,2,0
58,26756.64,377,65136,0.4433,21,9,3,8885.2,1,1
22,47650.14,635,58061,0.149,11,4,2,549.73,2,0
30,28155.81,349,7122,0.5783,29,12,2,9031.78,1,0
40,142008.27,384,48346,0.1782,13,8,0,2276.32,0,0
67,121373.91,303,17150,0.0842,0,8,1,11059.17,1,0
47,52645.64,616,78228,0.4647,24,11,1,26877.54,2,1
54,34692.55,410,13054,0.9013,12,7,2,6138.0,0,0
42,36594.93,633,2767,0.3618,20,6,0,3644.14,1,0
65,38884.97,432,5708,0.0634,1,3,1,1315.53,0,0
44,73518.35,418,58999,0.2913,2,12,1,11104.57,0,0
68,42036.96,649,53158,0.4412,10,4,1,8774.97,1,0
31,102436.08,841,30292,0.2126,4,14,1,7865.15,0,0
65,144784.39,354,29082,0.5976,27,12,3,27483.42,0,1
64,33422.64,660,35024,0.8032,1,9,0,38237.98,2,1
53,52015.21,752,24461,0.3277,13,10,0,12622.51,3,1
56,19494.73,629,6351,0.2436,27,7,2,2181.43,3,0
33,25067.85,518,48031,0.3023,12,11,2,29330.1,0,1
39,39008.59,507,40718,0.4112,13,8,0,4230.08,1,0
38,25391.72,384,13777,0.2356,27,13,1,824.63,3,1
38,109140.18,544,9308,0.3653,2,6,0,2758.65,1,0
25,22754.19,634,44441,0.0123,7,12,1,17741.74,3,0
66,42368.22,511,14882,0.2088,12,1,1,2278.61,2,0
33,56878.86,482,5714,0.3604,21,11,0,5026.38,2,0
48,67974.62,432,44432,0.1896,11,12,0,3195.25,1,0
59,36734.94,649,18658,0.3058,17,9,2,489.99,1,0
27,106499.15,581,70245,0.3718,17,11,0,8248.95,2,0
49,52803.09,592,78027,0.124,16,3,3,9908.98,1,0
51,41052.3,568,51808,0.1914,6,13,1,15661.26,0,1
26,18132.36,496,40530,0.731,21,13,1,5355.63,2,1
34,43120.87,836,9834,0.179,12,3,2,1523.71,2,0
28,92350.27,319,15358,0.1479,12,9,2,10560.01,2,1
49,57899.42,704,10872,0.5621,5,4,0,22078.68,2,0
27,95314.14,414,59694,0.4427,20,8,4,1276.3,0,1
39,45655.88,325,51321,0.5132,18,14,1,2016.47,2,1
34,20673.91,694,74709,0.519,23,12,3,3992.81,2,1
21,15618.02,680,17685,0.4904,18,11,0,10506.7,1,0
65,31257.82,822,12333,0.6805,20,12,3,7419.43,2,0
69,68878.35,838,12356,0.4435,23,13,2,12460.75,3,0
64,85284.88,382,41584,0.5388,29,4,2,318.39,1,0
42,30778.17,849,52362,0.5572,27,2,1,16631.43,1,1
38,45802.17,744,12344,0.0487,15,13,1,43806.3,3,0
54,39599.62,386,45619,0.333,2,5,1,477.88,1,0
55,38783.36,686,2943,0.2737,13,11,3,6840.2,0,0
66,26840.3,697,61217,0.1078,20,3,0,13467.44,2,0
18,21597.55,585,22021,0.4521,26,4,1,6470.26,2,0
42,24855.58,668,9348,0.3028,5,12,1,8987.94,1,0
68,17561.5,721,78286,0.3159,16,3,3,25373.83,2,0
53,24936.44,742,71921,0.3345,15,1,0,7761.89,1,0
34,15415.96,819,17639,0.3692,1,4,3,2699.66,2,0
58,59409.14,587,65566,0.3155,22,9,0,13418.06,1,0
41,32115.59,394,43011,0.1935,8,7,0,4706.91,1,0
19,177778.16,340,19640,0.1076,12,13,0,3356.34,1,0
57,24689.42,630,36402,0.4337,13,6,0,2855.58,0,0
32,34097.36,454,66088,0.2204,25,14,0,826.9,1,0
49,34931.38,803,61240,0.1071,19,10,0,27016.81,0,0
56,15381.93,574,2891,0.0278,20,9,1,8286.41,0,0
23,97243.95,478,29259,0.2938,11,4,1,31033.31,3,0
18,16463.29,436,64021,0.6023,19,6,1,19789.72,1,0
64,141738.56,479,29987,0.2669,10,3,0,306.95,0,0
40,115184.07,481,53616,0.4481,18,3,0,2840.69,3,0
56,49507.84,558,11683,0.0805,9,10,2,3788.64,2,0
34,50296.92,542,62083,0.212,17,10,2,6729.95,0,0
51,62730.37,395,10967,0.2909,29,8,1,12592.34,0,0
58,37026.24,496,78664,0.2333,2,5,1,11418.38,0,0
46,61886.27,825,41194,0.3022,15,8,2,43639.46,3,0
26,17061.06,686,63661,0.475,17,9,1,25681.48,3,0
30,17500.34,707,73307,0.3375,13,2,2,2061.23,0,0
23,42498.17,568,44452,0.1264,23,13,0,19651.64,1,0
23,50895.09,470,13857,0.1593,16,7,1,18510.97,3,0
37,113443.33,469,32301,0.1592,4,13,0,8551.92,3,0
69,19974.86,458,56900,0.5491,16,13,1,4126.72,2,1
20,92832.83,808,32460,0.3663,20,14,0,2339.73,2,0
34,25610.2,746,50800,0.2406,13,14,0,2388.38,0,0
66,37545.6,381,10832,0.1606,2,12,0,4122.27,2,0
29,32130.53,356,48408,0.3168,24,2,1,7010.72,1,0
65,37998.8,818,13626,0.2351,14,14,2,8766.4,0,0
64,22339.59,411,58872,0.2863,11,7,0,3931.02,0,0
62,46514.08,347,79959,0.416,16,11,1,4409.56,3,1
18,87795.81,675,17802,0.4858,25,13,0,136.12,0,0
34,41215.27,332,17333,0.3906,16,3,1,21.22,2,1
20,45354.68,803,36120,0.5095,23,8,1,23771.2,0,0
43,100002.19,302,23159,0.0836,18,4,3,141.13,0,0
32,70096.79,785,25660,0.371,26,9,1,336.82,2,0
53,45340.62,815,57843,0.5302,6,12,2,2302.13,3,0
49,28409.82,341,35519,0.2511,25,4,0,13602.31,1,0
49,112298.39,308,45935,0.0489,4,2,0,11360.66,2,0
21,53719.41,441,23507,0.2416,1,13,1,10417.89,1,1
35,26247.02,735,72060,0.4719,15,4,1,8555.56,1,1
66,29107.75,326,58223,0.5584,29,5,1,2252.7,1,1
36,88135.23,342,28675,0.1861,12,8,0,5073.88,0,1
60,17031.73,430,18673,0.2168,10,3,2,6502.79,1,0
69,232795.68,515,36470,0.4803,6,9,1,8733.34,3,0
52,21284.99,819,42603,0.2016,22,9,2,2211.82,3,0
57,86548.71,644,32230,0.4057,2,11,0,13057.61,3,0
31,37597.0,807,15542,0.1906,5,10,0,3694.92,0,0
50,45496.48,712,62407,0.1548,4,3,0,10794.69,2,0
31,110656.49,545,54821,0.1847,0,8,0,7215.12,3,0
51,38966.06,748,36690,0.1129,0,6,0,8970.14,1,0
21,49699.28,320,7654,0.4357,17,11,0,5329.83,0,0
41,17275.04,707,68557,0.0359,22,6,1,5889.12,0,0
46,15105.76,756,28446,0.1864,2,2,0,20263.76,3,0
36,27634.76,743,49484,0.3809,24,8,3,6460.26,1,1
23,66356.61,564,45078,0.4547,18,7,0,15793.4,1,0
50,20817.23,483,5225,0.5255,9,2,4,5025.67,3,0
66,20434.64,526,75745,0.1493,19,4,1,12057.48,1,0
57,38816.8,847,46487,0.5692,10,5,1,2651.32,0,1
36,61964.76,545,69676,0.4661,7,9,0,24891.44,0,0
18,71027.02,372,12721,0.4807,19,10,1,34196.57,3,0
22,23845.35,449,3587,0.8215,22,14,0,23159.17,1,0
44,18732.03,812,40437,0.3383,10,2,0,4252.86,2,0
33,141902.25,368,19989,0.3962,4,12,1,3236.41,3,0
23,28590.27,529,33726,0.433,21,12,0,2014.31,0,0
57,101385.72,371,71540,0.1981,23,7,1,20635.23,3,0
30,104611.56,696,42168,0.8124,3,5,1,1262.62,3,0
65,81631.7,383,65669,0.2641,12,2,2,10281.45,0,1
52,23321.64,598,74040,0.4131,5,10,2,4026.65,2,0
36,92618.56,592,72616,0.183,28,12,0,2081.54,3,0
29,80989.03,522,8408,0.0528,25,3,1,2039.36,2,0
33,55865.92,515,5153,0.4536,1,5,2,20477.11,2,0
60,33507.83,530,12055,0.3977,24,10,1,19648.32,0,0
27,28702.54,704,20760,0.0879,27,1,2,3174.94,3,0
42,20849.21,468,18752,0.2691,24,7,0,343.5,3,0
37,47078.44,628,4800,0.0935,27,1,1,20332.21,2,0
48,54604.75,725,67573,0.2013,25,6,1,590.34,3,0
21,35036.47,495,31054,0.3102,25,12,1,885.25,2,0
61,44026.85,825,62816,0.1097,5,6,1,17255.26,0,0
40,35330.71,376,27866,0.1327,21,1,3,16994.7,0,1
19,61100.24,576,1992,0.4316,9,12,1,2262.61,0,0
39,119186.57,765,24696,0.2869,22,7,0,389.68,2,0
68,23056.41,747,61282,0.6682,3,8,0,650.53,3,0
54,36613.98,619,74541,0.5016,15,3,0,6040.18,3,0
25,21832.5,459,53838,0.2308,22,12,0,5416.88,1,0
24,59130.57,791,30400,0.8754,9,10,3,2012.46,1,0
31,73732.14,612,18565,0.6625,0,1,1,23973.38,0,0
20,135913.43,460,40585,0.3517,12,2,2,8038.76,3,0
67,29712.23,607,35833,0.1563,13,1,2,16468.23,2,0
33,149998.44,445,13094,0.4736,22,9,1,1095.09,2,0
36,17940.86,695,32280,0.4823,11,4,3,36290.47,2,0
68,56573.43,388,47647,0.252,12,7,1,16593.51,3,0
35,17647.34,607,45378,0.3493,0,5,1,3394.3,3,0
69,115898.47,845,20513,0.2852,26,9,2,210.05,0,0
33,48957.74,670,1154,0.5815,13,9,0,1797.35,1,0
25,64801.04,750,29134,0.521,7,6,0,5421.55,3,0
50,95156.63,466,9678,0.3084,25,5,1,29.9,2,0
66,22329.8,691,7294,0.4908,21,10,0,416.98,3,0
29,16771.02,790,10574,0.2428,13,1,1,1038.46,1,0
28,109994.23,449,36183,0.1908,29,4,1,16592.4,1,0
22,32020.75,767,49747,0.2952,0,5,0,7915.67,2,0
44,21214.01,342,67606,0.6866,26,13,0,2119.33,0,1
29,43439.06,328,19638,0.1263,27,14,1,3071.59,1,0
34,56042.92,330,58194,0.3658,16,9,0,10277.22,1,1
23,16415.71,427,48553,0.2303,15,2,3,3836.21,1,1
50,29464.79,593,27082,0.4674,11,2,1,11461.21,1,0
22,16500.74,740,17306,0.0354,28,3,0,15061.07,1,0
45,39538.75,687,8807,0.1774,28,3,2,3661.83,3,0
31,116463.66,823,52342,0.3257,19,12,1,4565.15,2,0
22,197443.58,846,33143,0.0467,22,7,1,513.71,3,0
50,60606.76,409,59414,0.8224,4,14,2,17136.79,0,1
67,22933.72,627,25715,0.6006,20,1,1,9315.83,1,0
65,121328.68,704,63054,0.1998,23,2,1,21916.57,0,0
58,47678.21,544,73934,0.1474,17,11,1,2093.88,0,0
36,22512.28,462,13202,0.0683,3,1,0,32340.01,2,0
39,129639.68,698,28987,0.286,19,14,2,12266.81,3,0
22,78748.17,698,36740,0.4407,10,9,2,2189.15,0,0
19,74205.11,792,77848,0.197,7,10,2,6217.05,0,1
47,70577.39,538,54871,0.0618,21,9,0,12004.82,0,0
64,25060.58,764,14627,0.3271,25,13,1,171.18,0,0
56,25664.88,331,52069,0.1877,8,3,2,15154.32,1,1
21,67456.12,422,41409,0.2746,25,12,1,29503.82,2,0
50,26164.77,833,62486,0.2662,24,3,0,850.09,2,0
30,40985.22,409,2611,0.2715,19,1,0,22839.38,2,0
37,83547.09,570,32657,0.5837,9,5,1,6244.5,0,0
24,83951.57,679,19462,0.5941,6,3,2,7248.42,0,0
32,42170.33,599,77309,0.6536,18,2,0,18332.57,1,1
40,85700.89,548,39547,0.313,21,13,1,8907.65,0,0
31,97080.21,820,30063,0.0725,28,14,2,4329.79,3,0
40,62860.25,333,53788,0.3698,0,3,0,13189.76,3,1
36,26669.51,527,43523,0.5735,4,8,1,1488.8,0,1
46,29409.97,698,31284,0.4318,5,8,1,10974.38,3,0
37,32014.71,519,64996,0.3718,11,1,1,14899.84,3,1
46,20589.37,670,67247,0.5643,27,2,1,4076.22,2,0
41,29357.18,827,14706,0.5357,11,1,1,35143.44,0,0
35,25580.13,374,11924,0.5483,20,8,0,10233.24,2,1
27,42340.78,435,16921,0.329,13,14,0,1005.71,3,0
58,122583.03,373,26432,0.5418,6,1,2,33897.95,2,0
25,19965.8,553,18813,0.1524,27,6,1,13625.51,3,0
43,72326.54,317,66250,0.5092,19,10,3,11895.6,2,1
46,67310.55,342,69956,0.3149,20,13,2,2920.24,0,1
27,19529.43,349,3068,0.2576,19,11,2,6408.33,3,0
34,130128.54,814,40927,0.2159,13,8,0,23131.5,0,0
19,52819.05,602,71342,0.102,15,13,0,3683.92,1,0
23,35345.64,441,31539,0.1838,8,8,2,5504.88,3,1
22,78575.86,501,12683,0.4793,1,7,4,2967.25,2,0
45,28389.81,506,36674,0.5991,16,8,2,2432.21,1,1
58,68215.63,714,53703,0.206,3,8,2,446.99,0,0
22,16823.45,520,59810,0.1068,13,14,2,13352.2,0,0
35,97299.98,661,12117,0.4201,13,10,2,951.45,0,0
43,41753.26,380,4665,0.3205,27,14,1,7578.44,1,1
37,60562.81,584,45390,0.0957,14,3,1,510.78,3,0
58,26252.23,668,75884,0.2409,27,2,1,41275.05,3,0
66,65864.9,791,64887,0.6138,11,12,0,12359.65,0,0
44,81575.88,645,49266,0.1915,12,4,0,9952.92,0,0
66,43843.17,503,56541,0.4584,21,5,0,2062.78,0,0
29,58272.9,324,65802,0.2086,9,2,1,7508.91,1,1
24,42423.24,368,8882,0.4511,15,11,1,7002.89,1,0
20,116033.03,815,71825,0.5848,28,8,2,4441.78,0,0
27,46000.26,791,14910,0.3677,28,8,1,1697.35,2,0
51,97977.76,539,41566,0.0831,29,13,2,4574.92,3,0
42,87729.95,660,64073,0.5075,14,12,3,9393.14,1,0
52,38781.99,740,37176,0.3647,7,4,2,6681.63,3,0
33,26766.35,330,31289,0.6774,3,12,0,8440.73,1,1
19,38445.64,621,51411,0.1234,0,5,0,8486.74,2,1
41,93747.75,643,70626,0.2867,13,11,1,2806.07,1,0
27,26623.27,835,16362,0.8468,8,12,1,1176.3,3,0
55,48446.45,654,14783,0.1828,18,5,2,7376.25,2,0
39,88817.82,770,45162,0.1087,5,5,1,22290.76,2,0
43,34626.63,404,36749,0.4009,15,9,1,53743.26,2,1
60,61251.36,621,4554,0.4121,25,9,0,15413.1,2,0
56,27684.35,826,59568,0.202,29,14,0,2498.94,3,0
44,20207.6,803,19773,0.5357,23,11,0,9951.27,2,0
46,86178.57,384,74694,0.3434,10,4,3,2729.46,3,1
64,19689.68,534,67550,0.3941,20,1,3,8590.89,1,0
55,29247.22,562,47295,0.4261,26,8,1,6552.51,3,0
37,101929.94,305,31331,0.4238,22,11,1,4805.48,0,1
44,34141.46,793,46640,0.5497,10,1,2,10262.15,2,1
58,177611.97,588,65877,0.4834,13,7,1,19499.02,3,0
37,190447.22,649,47969,0.0768,10,12,0,4116.99,1,0
61,29055.84,499,43986,0.2293,25,13,1,6660.27,0,0
36,16882.87,634,8585,0.4325,13,4,1,6084.84,0,0
37,69944.75,516,5122,0.2418,24,1,0,2866.48,1,0
52,41983.45,652,17838,0.265,0,4,0,5466.45,0,0
64,19778.88,624,18301,0.5092,10,7,0,218.21,0,0
19,70321.59,527,24107,0.253,29,13,0,7286.33,3,0
47,16425.2,444,58357,0.294,23,8,1,12758.01,2,0
51,106878.07,607,56211,0.3114,17,2,2,4582.51,3,0
39,21716.58,584,67025,0.4143,16,13,2,13726.84,2,1
20,21127.97,691,67520,0.7837,3,9,4,13889.22,3,1
23,23693.42,659,18344,0.3492,21,5,2,41424.03,1,0
32,160150.07,464,58202,0.2806,13,14,0,7895.35,2,0
44,68165.67,523,15959,0.1677,7,11,1,5176.22,0,0
27,87734.36,423,39751,0.4097,14,12,0,10203.31,0,0
26,37810.13,643,2869,0.2051,15,14,0,9850.42,3,0
50,33447.49,823,45264,0.2288,0,8,0,43694.81,2,0
49,27024.23,351,31268,0.5697,0,2,2,12299.54,1,1
65,44482.81,428,40606,0.2734,9,2,0,3661.2,1,0
23,51116.09,434,14550,0.8803,1,4,0,2076.51,2,0
58,59957.73,426,6702,0.6625,24,4,1,15737.15,1,0
53,28374.84,370,79563,0.212,11,3,2,1981.58,3,0
19,148612.64,572,62745,0.5753,3,5,0,9873.64,1,0
46,23371.74,486,25459,0.2621,22,2,2,1419.28,0,0
21,166706.06,302,57782,0.1212,18,1,0,12683.53,2,0
18,15673.54,584,7032,0.2863,26,12,1,15273.73,2,0
36,44524.21,321,2825,0.5724,0,4,0,46606.73,0,1
43,33248.26,465,78090,0.2053,0,6,1,30838.42,0,1
42,41831.0,609,49101,0.266,8,14,0,12510.89,2,0
27,53048.26,776,61109,0.3224,29,6,1,3250.79,2,0
32,40738.78,797,13470,0.452,19,2,0,447.03,0,0
39,39114.68,733,4770,0.1112,12,6,0,8102.24,1,0
68,74376.21,533,28268,0.5508,10,4,2,14523.5,3,1
65,67108.58,675,1029,0.1931,18,10,0,106.81,0,0
38,95612.43,545,31083,0.6314,20,1,2,7440.22,3,0
39,27943.23,602,9958,0.4603,16,1,0,21446.24,1,0
53,57318.01,704,9806,0.6232,2,2,0,10139.53,2,0
51,54597.58,320,33162,0.2157,19,4,0,11513.2,2,1
47,35772.87,556,75732,0.2581,12,8,1,6430.86,2,0
42,44953.98,698,35889,0.4186,27,3,0,28673.39,2,0
62,31945.21,828,28702,0.5381,21,11,1,4694.39,2,0
45,21883.64,350,36777,0.3071,24,5,1,4765.8,0,1
18,25824.55,746,53971,0.6098,18,3,0,7292.67,2,0
66,20017.75,569,8739,0.156,19,8,1,8817.26,3,0
62,66708.29,561,25599,0.2729,20,14,0,7709.47,2,0
21,63642.81,664,37827,0.3944,23,4,0,17072.25,3,0
24,150357.02,348,77821,0.2581,8,11,0,17988.63,3,0
66,73866.43,817,69446,0.0597,18,8,2,1411.78,2,0
26,17405.21,417,24039,0.1992,18,13,2,9067.46,2,0
53,112032.64,752,45929,0.2187,22,8,1,41288.87,1,0
36,104343.27,696,44884,0.3277,24,9,1,9154.37,2,0
