tenure,monthly_charges,total_charges,num_products,support_calls,contract_type,payment_method,age_group,region,internet_service,online_backup,tech_support,churn
52,29.06,1709.03,3,3,0,0,1,1,1,0,1,1
15,86.8,1140.86,4,2,0,0,2,0,2,1,0,1
61,33.33,2068.61,5,4,1,0,1,3,2,0,0,1
21,105.18,2045.78,2,2,0,3,0,0,1,0,1,1
24,101.72,2176.91,5,2,0,3,2,1,2,0,1,1
3,21.37,58.69,1,2,0,0,1,0,2,1,1,1
22,109.57,2466.83,4,1,1,3,2,0,1,1,1,1
53,22.89,1055.1,2,2,0,0,2,0,1,1,1,1
2,43.96,86.19,5,0,1,0,2,3,2,0,1,1
30,23.24,620.88,2,3,0,3,1,2,1,0,1,1
38,53.58,1897.34,1,3,0,1,2,2,2,0,0,0
2,71.39,129.53,4,3,2,0,0,2,0,1,1,0
64,99.66,7111.37,2,3,0,2,0,0,1,0,1,1
60,53.8,3429.32,1,1,1,1,3,1,2,0,0,0
21,90.55,2111.72,3,1,1,1,2,0,1,0,1,0
33,38.75,1234.06,2,2,1,1,2,0,1,1,1,1
58,95.06,5204.85,4,2,1,1,1,2,1,0,1,0
22,43.6,924.83,2,0,1,0,1,2,2,1,1,0
49,34.35,1440.23,2,0,1,0,2,3,1,1,1,0
59,38.54,2427.2,1,0,0,0,1,0,1,0,1,0
42,38.21,1532.35,5,2,0,2,2,3,2,1,0,0
60,71.29,4037.64,5,1,2,0,2,3,1,1,0,0
15,104.48,1613.34,2,3,2,0,3,3,1,1,0,0
62,27.96,1700.4,4,1,0,2,2,2,1,1,0,0
62,90.7,6434.28,4,2,0,0,1,3,0,1,1,0
47,85.43,3842.27,1,3,0,3,2,0,1,1,0,1
62,107.25,6876.83,2,1,1,3,2,3,1,1,1,0
51,44.41,2137.16,2,4,0,0,3,2,1,0,1,1
55,65.01,4101.86,5,1,1,1,2,0,1,1,0,0
64,112.58,7086.65,1,2,2,0,3,0,1,0,0,0
3,86.0,268.38,3,1,2,2,0,1,2,1,1,0
51,58.88,2666.46,4,4,0,1,2,2,1,1,1,0
7,33.14,248.21,4,4,2,2,0,1,0,0,0,1
21,46.25,903.97,2,0,1,3,2,2,0,0,1,0
39,78.12,2999.77,1,3,0,2,2,2,1,1,1,0
18,91.82,1842.66,3,1,0,0,0,2,1,0,1,0
4,32.44,148.09,4,2,1,3,2,1,1,1,1,1
60,79.96,4689.02,1,0,2,1,0,3,0,1,1,0
14,75.04,1156.0,3,2,0,0,0,2,1,1,1,0
9,71.4,556.46,2,3,0,3,1,0,0,0,0,1
53,89.01,5209.57,5,0,0,1,1,0,0,1,1,1
2,103.74,215.55,4,4,2,3,0,2,2,1,1,1
60,52.3,3127.31,4,0,2,1,0,2,2,0,0,0
71,108.9,8636.54,3,6,0,1,1,2,2,1,1,0
44,36.06,1751.18,5,4,0,2,0,3,0,1,1,0
8,37.3,280.24,1,7,2,0,1,2,1,0,0,1
47,46.68,2385.67,2,0,1,1,2,3,1,0,0,0
35,31.95,983.98,1,2,2,1,2,3,2,1,0,1
36,43.03,1699.15,3,0,2,2,3,2,1,0,1,0
50,30.64,1612.7,4,1,0,1,0,2,1,1,1,0
4,102.18,358.17,4,2,1,1,3,3,0,0,0,1
2,33.9,71.52,1,2,0,3,1,1,1,0,1,1
6,94.73,582.11,2,2,2,0,1,3,2,1,1,0
54,24.79,1376.71,3,1,1,2,1,0,1,1,0,0
4,114.85,430.58,2,4,2,2,0,2,0,0,0,1
54,91.12,4575.6,3,2,2,1,1,1,1,1,0,0
63,20.68,1405.43,2,3,0,1,2,1,2,1,0,0
18,96.39,1608.37,1,2,0,2,3,2,0,0,0,1
44,71.41,3091.31,5,3,0,1,3,1,1,0,0,0
34,97.94,3524.43,3,1,2,1,2,0,2,1,0,0
62,72.25,3914.55,1,2,2,3,2,2,1,0,1,0
14,84.1,1210.83,4,5,2,2,1,3,0,0,1,1
48,98.63,4861.33,4,3,1,1,3,2,1,1,1,0
15,60.51,957.83,2,2,0,0,2,0,0,1,1,0
62,20.27,1207.75,4,0,0,1,1,1,0,1,0,0
40,104.99,4135.5,5,1,0,3,2,2,0,1,0,1
53,58.09,2921.68,3,2,1,3,1,0,0,0,1,0
24,69.6,1824.94,2,4,2,2,2,3,2,1,0,1
26,20.78,480.33,3,1,0,3,3,0,2,0,0,0
60,69.21,4729.28,3,5,2,3,2,2,1,1,0,0
41,118.65,5061.38,1,3,0,0,3,0,2,0,1,0
29,47.83,1547.97,4,2,0,3,3,3,2,0,1,0
15,59.54,873.36,3,5,1,1,0,2,1,1,1,1
45,88.72,3791.47,5,3,0,3,0,1,0,0,1,1
65,101.48,7389.13,5,1,2,0,1,2,2,0,0,0
71,61.74,3855.98,4,2,0,2,3,3,1,1,0,0
9,50.97,406.01,4,3,0,0,1,3,1,1,1,0
1,113.78,106.93,2,0,2,1,2,2,1,1,1,0
8,87.71,798.51,2,2,2,1,1,3,0,0,0,0
63,31.9,2090.07,2,3,1,2,2,0,2,0,1,0
11,26.89,300.63,4,2,0,0,1,0,0,0,1,0
8,68.35,580.53,3,0,0,0,1,1,1,0,1,1
35,42.01,1433.91,1,1,0,2,1,2,0,0,1,0
35,45.4,1711.97,2,1,0,2,2,1,1,0,0,1
33,107.77,3442.47,1,2,2,2,1,0,1,1,1,0
5,28.96,158.96,5,2,0,2,2,1,1,1,1,0
41,91.54,3490.99,4,3,0,1,1,3,0,0,0,1
28,47.11,1231.16,5,4,1,1,2,2,1,1,0,0
7,96.03,676.74,2,2,2,2,3,2,0,1,0,1
12,92.24,1083.9,3,0,0,3,2,2,1,1,0,1
34,20.74,736.46,2,0,0,2,1,0,0,0,0,1
33,70.91,2244.87,1,3,0,3,2,3,1,0,0,1
48,33.93,1497.08,2,2,0,3,0,0,0,0,0,0
23,106.62,2430.11,3,1,0,0,1,3,2,1,0,1
62,107.16,6765.33,3,5,1,3,1,3,1,1,0,0
37,61.83,2042.57,4,1,0,3,1,2,0,0,0,0
44,64.44,2883.59,4,3,0,3,2,0,0,1,1,0
35,50.33,1665.98,3,4,0,1,2,1,1,0,0,1
65,91.66,5765.71,3,4,2,0,1,1,2,0,0,0
47,55.87,2451.87,1,6,1,0,1,2,0,1,0,0
3,46.78,158.5,2,1,2,3,1,0,2,1,1,1
1,63.22,66.7,4,4,0,1,1,3,1,1,0,1
5,29.15,135.36,1,4,2,2,1,2,2,0,0,1
14,94.66,1382.91,2,1,0,1,1,1,2,1,1,1
27,21.26,634.04,4,1,0,0,2,1,2,1,0,0
9,84.45,737.61,1,3,1,3,2,3,0,1,0,1
15,38.29,631.14,5,7,1,1,1,0,2,1,1,1
42,43.24,1627.81,5,7,2,3,3,1,0,0,0,1
51,83.56,4674.4,4,1,1,2,1,0,1,1,0,1
63,119.29,7606.39,1,2,0,1,2,0,1,0,0,0
52,97.77,4661.6,2,3,0,2,0,1,1,0,0,0
4,42.58,165.59,2,2,0,2,2,1,1,1,0,1
23,37.6,991.47,1,4,0,0,1,2,2,1,0,1
15,106.62,1735.4,5,3,1,0,2,0,2,0,0,1
43,64.42,2832.39,1,0,1,3,1,2,1,0,1,1
29,33.71,864.61,5,1,2,2,1,0,1,1,1,0
36,106.22,3729.68,5,1,1,2,2,1,0,1,0,1
13,101.61,1227.02,2,4,1,0,2,0,1,0,0,0
32,118.39,3300.92,4,5,0,2,1,2,1,1,0,1
71,110.97,7978.94,3,2,0,1,1,0,2,0,0,1
59,105.18,6930.1,1,2,2,2,0,1,2,1,1,0
28,25.26,744.46,5,6,2,2,0,2,1,1,0,0
66,30.44,1858.26,1,2,0,0,0,0,2,0,1,0
42,76.9,3301.03,4,3,2,0,1,0,2,0,1,1
45,73.15,3729.35,4,2,1,3,2,0,0,0,1,0
62,65.8,4352.18,3,5,2,0,2,0,1,0,0,0
57,59.68,3595.06,3,0,0,1,2,3,1,0,0,1
6,63.12,431.92,5,0,1,2,2,0,1,0,0,1
28,76.93,2347.17,3,0,0,3,2,1,0,1,1,0
28,20.21,504.13,5,1,1,2,1,1,1,1,0,0
44,46.07,1934.46,2,3,0,0,3,2,0,1,0,0
30,71.83,2455.53,5,1,0,2,2,0,2,1,0,0
62,92.22,5700.08,3,3,1,2,1,3,2,0,0,0
62,37.42,2049.5,1,1,0,1,3,3,1,0,0,0
1,74.69,73.76,3,3,1,2,0,1,0,0,0,0
27,91.45,2614.96,4,1,1,1,2,3,1,0,1,0
62,64.46,4593.26,3,4,2,2,0,1,1,1,1,0
3,22.71,64.53,2,1,0,0,2,0,2,1,0,1
70,64.93,4564.08,5,6,0,3,2,2,0,1,1,1
27,49.64,1493.08,4,6,0,0,2,0,2,1,1,1
9,112.96,972.54,5,3,0,3,2,3,1,0,0,1
62,32.46,1776.68,5,1,1,2,2,2,0,1,0,0
37,85.25,3578.97,3,1,0,0,1,2,0,0,1,0
51,25.27,1284.4,1,2,0,1,3,1,2,1,1,0
44,64.62,2845.52,4,2,0,0,1,2,1,1,1,0
24,75.4,1875.35,2,0,0,1,3,1,2,0,1,1
59,49.8,2500.36,2,2,2,2,2,3,2,1,1,0
32,65.51,2367.37,1,1,2,2,1,1,1,0,1,0
52,36.36,1811.9,1,5,1,3,0,0,1,1,1,0
62,50.41,3028.92,3,1,0,0,1,3,0,0,1,0
58,82.11,4296.81,2,1,2,2,3,0,2,1,1,0
52,50.18,2513.98,4,2,2,3,1,3,1,0,0,0
12,109.97,1440.03,1,0,2,3,1,2,1,1,1,1
39,82.84,3521.55,1,1,1,2,1,3,2,1,1,1
2,63.86,144.43,1,3,0,1,1,0,0,0,0,0
3,23.88,69.55,4,0,0,1,1,3,1,1,1,0
56,69.95,4162.77,2,4,2,3,1,0,1,0,0,0
59,96.48,5704.54,4,1,2,2,3,2,0,1,1,0
2,46.56,101.6,4,0,0,0,2,0,0,0,1,0
2,100.68,214.19,3,4,0,0,2,1,1,0,0,1
54,45.18,2343.07,1,3,1,3,2,3,1,1,0,0
1,102.37,97.36,2,1,2,0,1,0,1,1,1,1
19,28.53,501.76,3,3,1,2,3,0,2,1,0,0
2,106.62,218.13,3,2,1,0,0,0,1,1,1,1
53,69.92,4221.35,5,3,0,0,1,1,1,1,1,1
44,49.65,1988.18,1,1,0,2,1,2,0,0,0,1
32,46.51,1307.64,2,1,1,1,2,1,0,1,0,0
70,63.2,3918.93,2,2,2,1,1,2,1,1,0,0
32,119.9,4162.83,2,1,0,3,2,1,1,0,1,1
68,42.03,2729.7,1,6,0,2,3,0,2,0,1,1
55,30.32,1529.79,2,3,1,1,2,1,1,1,0,0
56,78.5,4202.12,4,5,0,0,1,3,1,0,0,1
17,68.85,1221.56,4,1,1,3,2,2,1,0,1,0
38,72.42,2790.57,1,1,1,2,3,0,1,0,0,0
24,86.69,2232.69,2,3,1,2,1,2,1,1,1,1
69,46.71,3067.68,5,0,2,3,0,0,2,1,1,0
70,111.07,7662.77,5,1,0,1,0,0,1,1,0,0
11,63.57,615.74,5,0,1,3,1,3,1,1,1,1
16,32.91,459.1,4,2,0,3,2,1,2,0,0,1
59,94.23,5496.61,5,2,2,2,2,3,2,0,1,1
70,84.31,5550.45,2,2,2,2,1,2,2,0,0,0
3,51.57,159.96,2,1,0,0,2,1,1,0,1,1
20,82.15,1417.78,5,1,0,3,2,2,1,1,0,1
59,41.99,2196.1,3,1,0,2,2,1,2,1,0,0
36,64.48,2575.75,5,1,1,2,1,3,2,0,1,0
19,109.94,2130.44,3,1,0,2,1,0,1,0,0,1
67,33.35,2376.84,1,0,1,2,1,2,2,1,0,0
19,58.67,1229.08,1,2,1,3,2,2,0,0,1,1
20,102.11,2020.13,2,3,1,3,2,3,0,0,0,1
71,116.95,8953.69,4,2,2,1,1,3,2,0,0,0
52,65.39,3425.5,2,6,0,3,0,1,2,0,1,0
33,70.7,2139.04,2,2,2,2,2,2,2,0,0,0
40,77.22,2938.26,4,7,0,0,1,3,1,1,1,0
39,113.23,4403.37,2,0,0,3,1,1,0,1,0,0
1,105.82,100.01,4,2,0,1,0,1,1,1,1,1
11,37.06,387.55,2,2,1,3,0,2,2,0,0,1
57,63.68,3452.46,1,4,0,2,1,1,1,1,0,0
50,66.4,2944.35,3,2,1,1,1,3,2,0,1,0
23,98.91,1991.45,2,1,0,2,2,3,2,0,0,1
31,80.29,2150.34,3,1,2,2,3,3,1,1,0,0
42,85.42,3168.99,5,6,1,3,1,2,2,0,1,0
7,119.82,799.41,2,3,1,3,1,3,2,1,1,1
16,27.5,452.33,1,0,2,1,1,0,2,1,1,0
60,42.3,2300.61,4,2,1,1,1,1,0,0,0,0
2,60.79,135.73,1,5,0,1,2,0,2,1,0,1
1,54.78,59.85,3,1,0,1,1,1,1,1,1,1
48,22.16,1070.45,4,2,1,0,0,2,1,0,0,1
12,29.18,373.68,1,0,0,1,2,3,2,0,1,1
69,88.1,5834.82,1,3,0,3,2,1,1,0,1,1
37,107.93,3438.54,1,1,0,0,1,1,1,1,1,1
32,71.42,2562.76,4,2,1,2,0,3,1,1,0,1
9,73.92,590.99,1,2,0,2,2,2,1,1,0,1
19,45.51,980.87,1,3,0,1,1,0,2,1,0,1
48,96.79,4745.99,3,3,0,2,1,2,2,0,1,1
3,95.18,268.88,1,1,1,0,2,3,1,0,0,1
20,78.84,1574.61,1,1,1,3,1,0,0,1,0,1
24,41.27,990.88,5,1,1,3,2,3,2,1,1,0
54,29.7,1374.52,4,0,0,0,2,0,1,0,0,0
33,26.42,834.18,5,5,2,1,1,1,0,1,1,0
24,79.27,2039.37,3,2,0,1,2,3,1,0,1,1
36,102.5,3701.27,5,2,1,1,2,3,0,0,1,1
38,105.83,3713.07,2,2,2,0,1,1,0,0,0,0
25,66.36,1576.99,4,2,2,1,0,3,1,1,0,0
18,98.43,1964.65,1,1,1,3,2,0,1,0,1,1
66,114.69,7627.43,5,1,2,0,2,3,1,1,1,0
54,47.52,2587.74,5,1,1,0,1,2,2,0,1,0
35,59.8,2382.6,1,0,0,2,0,0,2,1,0,1
61,113.15,6531.14,1,4,0,2,3,3,2,0,0,1
41,53.82,2193.2,3,3,1,1,2,1,1,1,0,0
33,111.39,4019.53,5,2,1,1,2,2,2,1,0,0
68,118.1,8654.91,5,5,0,3,2,2,2,0,1,0
33,86.18,2644.16,2,4,2,1,1,1,2,0,1,0
14,101.69,1274.63,2,3,0,3,3,2,1,0,1,1
21,94.95,2114.11,5,3,0,1,0,2,0,0,1,0
48,89.95,4003.85,2,2,0,3,2,0,2,0,0,0
20,50.69,1142.42,5,1,2,0,1,3,0,1,1,0
8,25.71,182.8,4,4,2,3,3,0,1,1,0,0
7,54.31,359.42,3,3,1,1,2,1,1,1,0,1
67,86.69,5032.67,2,2,2,2,2,0,1,1,1,0
17,30.25,545.67,5,5,2,1,3,2,1,0,0,0
33,21.19,781.42,2,3,2,0,3,1,2,0,1,0
48,33.97,1696.99,3,1,0,2,0,3,2,0,0,0
59,91.57,6112.38,4,1,1,3,1,1,0,0,1,0
22,117.28,2292.59,1,3,0,2,2,1,2,0,1,1
30,118.31,3110.23,1,0,2,1,3,2,1,1,0,0
38,69.4,2904.85,2,4,2,2,1,0,1,0,1,0
51,106.94,6035.35,5,1,1,2,0,2,1,1,0,1
54,93.68,5561.27,3,1,0,1,2,2,0,1,1,0
8,70.1,611.13,4,2,0,1,1,0,1,0,0,1
27,77.28,2000.22,4,3,0,0,2,0,2,0,1,1
27,33.72,833.34,4,2,0,2,1,2,2,1,0,0
21,113.77,2696.42,1,2,1,3,2,3,1,1,0,0
30,55.19,1559.92,3,2,0,1,3,0,1,1,1,1
28,64.61,1754.08,1,1,2,2,1,3,1,0,0,1
64,87.17,5912.6,2,1,0,1,0,2,2,0,1,1
69,53.39,3455.55,4,3,2,0,2,0,1,0,1,0
61,45.43,3036.27,3,0,1,1,1,2,1,1,0,0
48,83.1,3474.49,4,2,0,1,2,0,1,1,1,1
19,22.5,464.81,1,3,0,0,1,1,0,1,0,0
4,92.07,379.54,1,4,2,1,2,0,2,0,1,0
35,71.4,2553.81,1,5,1,0,3,2,0,1,0,1
64,80.58,5092.43,4,0,0,2,1,0,2,0,0,1
49,83.19,3803.57,3,2,0,2,3,0,2,0,1,1
17,72.71,1222.66,3,2,1,2,0,2,2,0,0,1
44,78.25,3391.53,2,1,0,3,2,0,2,0,0,1
30,88.38,2717.98,4,0,0,1,0,1,2,0,1,1
46,95.31,4097.05,2,1,1,0,1,3,1,1,0,0
6,92.75,485.95,2,3,1,1,2,3,2,0,1,1
37,106.96,3536.2,2,1,0,3,0,1,2,0,0,1
24,38.94,990.51,2,2,2,1,0,1,1,1,1,1
46,60.11,2369.15,1,0,1,3,1,3,1,1,0,0
53,114.78,6733.83,2,2,2,1,2,1,1,1,1,0
60,59.66,3788.3,3,4,0,3,0,0,1,0,1,1
63,32.49,2211.29,2,1,0,0,1,3,0,0,1,0
32,72.54,2555.41,1,2,0,1,2,3,1,0,0,1
33,30.95,905.72,5,2,0,1,1,3,2,1,0,1
67,40.29,2960.22,5,1,2,0,0,1,1,0,0,0
18,119.83,2159.98,5,4,2,0,2,0,2,1,1,0
25,74.14,2067.77,4,1,1,2,2,3,2,1,0,0
54,48.41,2917.07,3,1,1,3,2,1,1,0,1,0
58,119.48,5940.5,1,1,1,0,2,3,0,1,0,0
67,116.66,7541.29,5,3,1,2,1,1,1,1,0,0
46,64.07,2970.74,1,3,0,3,2,2,2,0,0,1
24,46.04,1164.09,1,3,1,2,1,0,2,0,1,0
32,103.84,3109.74,4,4,1,1,1,3,2,0,0,1
47,91.56,3983.43,5,2,0,3,0,0,2,0,0,1
23,88.69,1967.3,2,3,0,1,2,3,1,0,0,1
66,109.31,7216.58,1,0,0,1,2,0,0,0,0,0
27,88.94,2726.44,5,2,1,1,3,2,1,0,0,0
2,48.38,104.37,1,1,0,1,3,0,1,1,1,1
17,89.39,1487.35,4,1,1,1,3,2,1,1,0,1
33,50.58,1446.03,4,0,0,1,0,3,2,1,1,1
9,95.92,777.46,2,1,0,2,2,0,1,0,1,1
43,81.97,3478.31,4,2,2,2,1,1,0,0,1,0
48,27.74,1456.94,5,4,1,3,2,3,2,1,1,0
39,71.28,2680.56,4,5,0,3,1,2,2,0,0,1
42,54.33,2308.22,2,1,2,3,0,2,1,1,0,1
26,52.86,1535.82,3,2,0,1,2,2,2,0,1,1
50,80.23,4509.24,1,2,2,1,3,3,1,0,1,0
25,52.23,1194.47,1,2,1,2,2,3,2,0,0,1
24,97.69,2023.53,5,0,0,2,1,0,2,0,1,1
13,27.08,331.48,2,3,1,3,3,1,0,0,1,1
60,86.04,5465.57,2,2,0,0,1,2,2,1,1,0
7,100.92,802.04,2,1,0,0,3,2,2,1,0,0
57,87.28,4343.84,1,4,0,1,3,0,0,1,0,0
36,69.72,2154.97,4,0,0,1,2,0,2,1,1,0
45,115.03,5772.93,1,4,1,1,2,1,2,1,0,1
20,49.99,1074.31,1,4,2,2,2,2,2,1,0,1
65,21.92,1634.97,1,1,2,1,2,3,2,0,0,0
8,63.2,489.94,4,1,0,1,1,3,0,0,0,1
16,23.3,363.43,3,1,1,1,2,3,0,0,0,1
14,115.39,1456.7,5,4,0,0,0,2,1,0,0,1
15,40.99,544.02,3,0,1,0,2,3,1,1,1,1
66,98.89,6681.05,3,2,2,3,2,2,2,0,1,0
32,97.46,2991.66,1,2,0,1,1,3,1,0,0,1
63,41.77,2300.35,3,2,2,2,2,2,1,0,0,0
51,82.12,4674.5,1,4,2,0,1,2,0,1,0,0
25,24.81,564.07,1,4,1,3,1,3,0,1,0,1
58,68.36,4260.4,5,4,1,1,0,3,0,0,1,0
63,21.46,1263.93,2,2,1,0,1,1,1,1,1,0
62,112.11,7603.6,1,4,2,2,1,2,0,1,0,0
22,117.61,2291.18,3,3,1,2,1,0,2,1,0,1
58,42.23,2637.39,5,2,0,2,1,2,1,0,1,0
58,40.81,2081.64,3,4,1,2,0,3,2,1,1,0
49,95.37,4598.81,2,2,0,1,1,2,1,0,0,1
52,45.34,2523.08,4,2,2,3,2,2,1,1,1,0
42,109.51,4148.43,2,1,2,3,2,2,1,1,0,0
70,77.39,5069.16,5,2,1,2,1,2,2,1,0,0
15,55.08,916.57,2,0,1,1,3,1,2,0,0,1
54,103.27,6220.84,2,2,2,3,0,0,1,1,0,0
60,69.34,3592.46,5,1,0,3,2,1,1,0,0,1
8,111.16,800.76,5,1,1,3,3,0,1,0,1,1
53,112.8,5292.4,3,3,0,2,0,0,2,1,1,1
60,36.54,1981.84,1,3,1,1,1,0,2,0,1,0
5,20.23,115.43,4,2,0,2,2,3,0,0,1,1
68,118.39,8175.49,4,3,1,1,1,2,1,0,1,0
6,110.61,657.33,4,2,0,0,1,1,1,0,1,1
47,25.54,1375.09,2,2,0,1,2,0,2,1,0,1
55,103.3,5778.77,5,1,0,1,2,3,0,0,1,1
40,65.78,2758.4,5,2,0,2,1,0,0,1,0,0
52,45.9,2266.87,5,0,0,2,2,3,0,0,0,1
16,107.87,1664.95,1,1,1,0,2,3,0,0,1,0
13,39.67,530.27,5,2,1,2,1,2,2,1,1,0
30,114.73,2997.67,5,1,0,1,1,2,0,0,0,1
19,40.56,714.24,2,1,1,3,2,1,1,1,1,1
17,81.37,1257.44,3,3,1,2,1,0,2,0,0,0
63,42.31,2278.34,4,3,0,3,2,0,0,1,0,0
19,74.57,1432.45,2,3,0,3,1,0,0,1,0,0
58,88.4,5220.96,2,2,1,3,1,3,2,0,0,0
55,39.02,2071.52,2,4,0,2,1,1,2,0,1,1
62,72.09,4159.39,4,2,0,1,3,2,0,1,0,0
23,66.91,1609.04,2,2,2,3,2,2,1,0,0,1
9,27.1,217.2,3,1,1,0,2,1,2,1,0,0
12,101.83,1228.79,5,1,0,2,2,2,1,0,0,1
1,53.57,57.88,3,1,1,3,0,0,2,0,1,1
58,77.46,4040.13,5,1,2,3,2,3,1,0,0,0
1,71.48,76.91,5,1,2,2,1,0,1,1,0,1
34,71.33,2614.82,2,3,0,1,2,1,2,1,0,1
48,30.72,1279.98,2,2,0,0,2,2,0,0,0,1
1,62.35,53.35,4,0,1,3,0,1,1,0,0,0
16,65.24,1192.19,1,2,0,0,2,1,1,0,0,1
61,93.36,5171.35,3,1,2,2,2,2,1,1,1,0
64,104.0,7299.38,4,2,0,1,1,1,0,1,1,0
63,74.5,4780.48,4,2,0,2,2,0,1,1,1,1
69,28.68,1838.98,3,4,2,1,2,1,1,1,0,0
22,43.68,854.38,3,5,0,3,2,3,0,1,1,0
67,36.49,2442.62,5,1,0,3,0,0,1,1,1,0
26,32.46,820.54,1,0,1,3,1,0,2,0,1,1
16,56.59,959.46,2,1,0,1,3,1,1,1,1,1
51,42.94,2455.43,1,4,1,2,2,0,1,1,1,1
57,41.83,2602.67,1,2,0,3,2,1,1,1,1,0
29,25.47,688.63,2,1,0,1,1,3,0,0,0,1
69,21.77,1672.66,1,1,0,3,0,1,1,0,0,0
47,30.28,1565.34,4,4,1,2,3,2,1,0,1,0
62,37.22,2604.71,4,2,0,0,0,1,1,0,0,0
69,63.1,4299.79,2,1,0,0,3,0,1,0,1,0
16,71.05,1228.43,2,2,2,2,0,1,2,0,1,0
48,34.06,1679.8,3,2,2,3,1,1,0,0,0,1
39,62.48,2298.13,3,5,1,3,1,2,2,0,1,0
33,54.17,2052.95,1,3,0,0,2,2,0,1,1,0
23,38.34,759.73,1,4,1,0,2,0,0,0,0,0
10,20.68,185.88,2,1,1,0,3,3,0,1,0,0
69,66.7,5144.42,1,2,2,0,1,3,1,0,0,0
34,88.57,2614.24,5,2,2,1,0,0,0,1,0,0
52,42.63,2473.88,4,0,2,2,2,0,2,1,1,0
10,33.18,353.23,1,1,2,3,2,0,0,1,1,1
19,108.7,1778.3,1,0,0,3,1,3,1,1,0,1
58,47.5,2696.72,3,3,1,2,1,3,2,0,0,0
1,42.36,45.6,5,3,2,3,1,3,1,0,1,0
69,105.71,7475.81,1,1,2,3,2,2,1,1,1,0
4,101.71,460.04,4,0,2,0,1,1,1,1,1,0
16,64.83,1151.77,1,1,1,3,2,2,1,0,1,0
24,68.92,1571.12,2,2,1,2,1,2,2,1,0,1
2,41.77,73.14,5,1,0,2,2,2,1,1,1,1
32,27.83,1009.26,1,0,1,2,1,1,2,0,0,0
24,77.34,1865.86,5,2,0,3,1,3,1,0,1,1
12,29.83,312.3,1,5,2,1,2,1,1,0,0,1
50,64.93,3554.69,4,0,2,0,2,2,0,1,1,0
35,114.05,4433.03,4,2,1,2,1,1,1,1,0,1
33,115.28,3963.48,5,3,0,1,3,3,1,1,0,1
33,43.93,1426.97,3,2,0,3,2,2,0,0,0,0
61,82.41,5271.67,3,2,1,0,1,2,1,0,0,0
51,67.41,3650.95,2,2,0,1,2,0,0,1,0,1
43,107.57,5170.83,3,2,0,3,2,3,2,0,1,1
12,47.14,643.08,5,3,2,3,2,2,1,0,1,0
67,20.37,1370.67,3,1,0,1,3,2,2,0,1,0
65,36.26,2567.68,2,6,0,1,2,3,2,1,1,0
33,54.95,2066.13,1,2,1,2,1,2,0,1,1,0
40,51.57,1847.05,3,4,2,0,2,0,1,0,1,0
43,99.14,3646.79,5,1,2,0,2,1,0,1,1,0
44,88.06,4303.33,5,2,2,2,2,0,0,0,0,0
29,49.96,1316.27,2,1,1,0,1,1,0,0,0,0
13,65.77,737.7,2,2,0,0,3,0,1,1,1,1
12,29.56,318.5,4,1,2,3,2,1,1,0,0,0
46,109.81,4875.86,4,7,0,1,2,0,0,1,0,1
2,113.54,207.96,4,2,0,2,1,2,1,1,0,1
35,117.98,3888.06,1,0,0,1,2,1,1,1,0,1
8,106.86,976.73,5,1,2,0,1,3,1,1,1,1
26,37.4,1031.92,4,4,2,0,2,3,1,1,1,0
34,24.62,890.35,5,3,0,2,0,0,2,1,1,1
7,77.96,479.36,2,0,0,1,2,0,1,0,1,1
68,111.26,8092.51,1,1,2,3,1,0,2,1,0,0
58,37.74,2345.79,2,0,0,1,2,1,1,1,1,1
29,20.7,629.2,5,3,1,1,2,2,1,1,0,0
36,100.55,3324.89,4,3,0,2,0,3,0,0,1,1
21,27.68,567.85,2,2,0,3,1,0,1,0,0,0
36,61.37,2438.85,3,0,0,1,3,1,2,0,0,0
10,87.89,923.76,1,2,0,1,2,1,2,0,0,1
24,43.68,1121.52,5,3,1,0,1,3,2,0,0,1
64,28.4,1865.0,4,1,2,0,3,3,0,0,1,0
49,97.0,4681.22,2,3,0,3,2,2,0,0,1,1
36,83.02,3220.89,1,4,2,1,1,3,1,1,0,0
24,118.85,2482.65,4,4,1,1,2,2,2,0,1,1
23,54.43,1316.94,2,3,0,0,1,2,0,0,1,0
62,26.18,1865.0,5,3,1,3,0,1,2,1,1,0
37,93.44,3747.69,3,1,1,2,2,1,1,1,0,0
12,72.17,811.66,3,2,0,0,1,2,2,1,0,1
55,41.32,2121.14,5,1,0,1,1,0,1,0,0,0
13,98.17,1340.27,1,2,2,2,2,2,1,1,0,0
23,40.38,1038.92,5,4,1,1,3,3,1,0,0,0
30,46.07,1414.3,2,0,0,1,0,2,2,1,0,0
17,29.25,501.39,1,2,0,1,1,2,2,1,0,1
62,59.94,3337.83,3,2,0,3,2,2,2,0,0,0
13,61.89,856.62,2,3,0,2,2,0,0,1,0,1
59,71.46,4471.78,4,1,0,1,3,0,1,1,1,0
19,90.9,1968.96,4,1,0,3,0,2,2,0,0,0
49,110.61,5095.01,4,4,0,2,2,3,1,1,1,1
12,33.77,436.46,3,5,1,0,0,1,0,1,0,0
61,25.43,1520.83,5,2,0,3,2,3,2,1,0,0
19,21.85,422.49,1,1,0,2,0,1,1,1,1,1
9,34.36,338.62,3,2,0,1,3,3,0,0,0,1
71,85.79,5583.41,2,3,0,1,1,0,1,1,0,0
28,92.75,2474.52,2,2,0,3,2,3,0,0,0,1
52,98.65,5550.44,4,4,1,0,1,2,0,0,0,0
16,44.37,724.94,1,3,0,3,2,1,1,0,0,1
69,50.59,3063.86,4,3,0,0,2,3,1,1,1,0
12,68.31,802.59,2,2,2,0,1,3,2,1,1,1
25,26.32,675.06,2,4,1,3,1,3,2,1,1,0
52,81.11,4736.13,5,4,0,3,0,0,2,0,1,0
53,118.37,5687.49,5,2,0,3,0,0,1,1,1,0
23,56.08,1408.24,5,2,2,2,1,3,1,0,1,1
16,95.28,1355.62,4,0,2,2,2,0,1,0,1,1
57,70.0,3681.63,1,1,0,3,2,3,2,1,1,0
39,32.78,1180.03,5,2,0,2,2,0,1,0,1,1
53,78.22,4615.35,3,1,0,2,0,3,1,1,0,0
42,49.99,1909.9,5,4,0,0,1,2,1,1,0,1
58,23.44,1476.58,4,0,0,1,2,0,1,1,1,1
39,83.49,3218.92,1,2,1,1,1,3,0,1,1,0
14,105.89,1704.48,5,2,0,2,1,1,2,1,1,0
5,54.48,300.09,1,4,0,0,1,2,1,1,1,1
35,59.03,2214.6,3,1,1,3,1,0,2,1,0,1
18,109.1,2182.25,2,4,2,0,0,3,0,0,0,1
9,101.36,948.93,1,2,0,0,2,1,1,0,1,1
58,91.5,5853.83,5,3,1,1,1,1,2,0,0,0
17,44.88,708.28,4,2,0,3,3,1,1,0,0,1
7,111.02,683.36,4,1,0,1,3,2,1,0,0,1
46,35.44,1687.01,4,1,2,2,2,2,1,0,0,1
13,82.68,1053.74,4,4,0,1,1,1,1,1,1,1
40,22.88,895.01,1,2,1,0,1,2,1,1,0,0
42,84.37,3572.06,4,1,0,3,1,3,1,1,1,1
9,47.71,411.57,2,3,0,3,1,0,2,0,0,1
50,64.97,3371.23,3,3,1,3,3,0,1,1,0,1
27,54.53,1264.88,1,0,0,1,0,0,0,1,0,1
66,37.28,2807.0,1,5,0,1,2,2,2,0,1,1
5,82.2,463.36,4,0,1,1,2,3,1,0,0,0
29,108.2,3547.46,4,5,0,2,2,3,1,1,1,1
37,115.91,4114.93,1,1,0,1,2,2,0,1,0,0
38,39.23,1505.18,4,2,1,2,2,2,2,0,1,0
8,91.74,833.88,4,4,0,1,3,3,2,1,1,0
65,86.43,6296.34,4,1,1,2,0,3,1,1,1,1
17,54.34,1004.18,4,1,2,0,0,1,0,0,1,0
71,21.91,1512.36,4,2,0,0,1,0,2,0,0,0
45,88.98,4081.35,5,5,0,3,1,1,1,0,1,1
4,114.55,498.46,5,3,1,0,1,3,2,0,0,1
36,83.21,2791.64,5,4,0,3,0,1,2,0,0,0
70,63.53,4615.75,1,1,1,2,0,0,1,0,1,0
31,72.52,2469.13,3,1,0,3,2,2,2,1,1,1
19,39.96,806.55,1,6,0,0,1,1,1,1,1,1
61,95.05,5762.63,5,1,0,2,2,1,2,1,1,0
54,94.64,5240.39,1,1,1,3,1,2,1,1,0,0
39,34.55,1545.07,3,2,0,2,2,2,1,0,0,0
19,107.8,2110.83,4,2,2,2,1,0,2,1,1,0
39,46.92,1986.63,2,2,1,0,2,3,1,0,1,0
67,118.23,8459.6,5,1,0,2,1,1,2,0,1,0
45,58.29,2781.62,5,6,0,1,0,0,2,0,0,0
13,37.79,523.14,3,2,0,0,3,1,1,1,0,1
58,55.17,3156.21,4,1,1,3,2,0,0,1,1,0
20,64.02,1270.44,4,1,2,1,1,0,2,0,0,0
61,26.93,1626.94,2,4,0,0,3,2,0,0,0,0
39,77.82,2610.07,4,2,0,2,1,3,1,1,1,1
1,79.76,73.57,3,1,0,3,1,1,1,1,0,0
3,93.89,252.49,4,0,0,2,2,3,2,0,0,1
62,22.92,1585.58,3,1,1,2,1,0,2,1,1,0
63,74.12,4354.55,5,1,0,3,1,2,1,0,0,0
25,25.29,563.69,5,2,0,3,1,3,2,0,1,0
56,90.11,4470.76,5,4,1,0,1,2,2,0,1,1
33,25.57,894.53,1,1,0,0,0,2,1,1,1,0
38,111.17,3598.59,5,3,0,2,0,1,0,1,1,1
6,90.21,536.59,3,2,0,0,3,0,0,0,0,1
58,70.74,3633.75,2,2,1,1,1,1,1,1,1,1
44,64.15,3118.71,4,4,0,3,0,1,0,0,1,0
45,33.07,1692.68,5,1,0,2,2,3,1,1,0,0
32,49.1,1787.44,1,1,0,1,1,2,2,0,0,1
45,106.9,4726.56,1,2,0,1,1,1,1,0,0,1
61,110.45,7029.25,3,2,0,3,3,1,2,1,1,1
47,20.07,971.74,2,3,0,0,3,0,1,0,1,0
21,79.41,1592.66,5,1,0,1,0,3,0,0,0,0
36,91.93,3253.95,5,3,0,2,3,3,1,0,0,1
19,81.87,1352.3,1,1,0,1,3,2,2,1,0,1
20,28.17,613.33,3,1,1,3,2,2,0,0,1,1
57,41.77,2195.89,1,3,1,0,2,3,1,1,0,0
18,45.03,801.01,1,2,0,0,1,3,2,0,1,1
47,103.17,4820.91,2,5,0,2,0,0,1,0,1,1
49,66.32,3308.87,3,0,0,2,2,1,2,1,0,0
14,68.68,1053.26,2,6,0,2,2,0,1,1,1,1
15,113.49,1800.33,3,1,0,2,2,0,2,0,0,1
31,83.71,2721.91,5,2,0,2,1,3,1,0,1,1
1,109.87,110.75,4,4,0,1,1,3,0,0,1,1
54,65.65,3115.43,4,3,2,1,2,1,1,0,0,1
3,34.94,101.75,3,3,0,3,2,2,1,1,0,1
16,112.99,2055.93,4,1,2,0,0,3,2,1,0,0
57,65.87,4312.8,1,2,2,1,2,0,1,1,0,0
12,38.16,489.63,5,4,2,2,2,1,2,0,1,0
16,50.24,738.12,5,0,2,3,1,2,1,0,1,0
24,25.08,530.04,4,2,0,2,1,0,2,0,0,0
28,66.83,1823.39,3,2,0,0,1,0,0,0,0,1
8,105.31,932.63,1,1,0,2,3,2,0,1,1,1
36,113.36,4352.51,3,1,0,3,1,0,1,0,1,0
8,113.26,1010.43,4,4,0,3,2,0,2,1,1,1
58,32.52,1951.85,5,3,2,3,2,1,1,0,1,0
60,58.21,3105.02,5,4,0,0,1,0,1,1,0,0
50,22.82,1009.27,3,2,0,1,0,0,2,1,0,0
28,105.52,2553.84,2,3,1,1,2,1,1,0,0,1
41,55.88,2337.0,3,2,0,3,2,1,1,0,1,0
64,83.11,4908.86,2,3,0,1,1,2,2,0,0,0
27,91.49,2643.92,3,3,0,0,0,2,1,1,0,1
63,62.98,4189.73,2,0,2,2,2,2,2,1,0,0
17,50.64,813.97,2,1,1,0,2,1,1,1,1,0
33,116.22,3463.43,2,3,1,1,0,0,0,0,0,0
29,116.45,2974.21,2,2,0,0,2,0,2,0,1,1
13,48.94,681.57,1,1,2,2,3,0,2,0,1,0
46,67.96,3079.79,2,1,0,0,1,0,1,1,0,1
35,117.28,3887.63,2,1,1,1,2,1,1,1,1,1
6,20.49,136.07,5,2,2,2,2,3,1,1,1,0
69,61.27,4346.2,1,3,1,1,1,2,2,1,0,0
47,30.05,1419.78,2,1,1,2,2,3,2,0,0,1
25,70.92,1902.34,4,0,0,3,3,2,0,0,1,1
66,22.47,1623.21,1,1,0,2,2,2,2,0,1,1
10,60.69,640.78,5,1,2,1,1,1,1,0,0,0
56,42.07,2313.51,3,1,0,3,2,2,0,1,0,0
30,73.33,2120.27,5,2,2,3,1,1,1,1,1,1
5,119.6,646.73,5,1,1,1,1,3,0,1,1,1
33,100.05,3319.51,1,3,0,1,1,0,2,1,1,1
65,104.56,7213.42,1,0,1,0,3,3,0,1,1,0
18,83.53,1679.56,4,7,0,1,1,3,2,1,0,1
49,24.16,1331.32,4,2,0,2,3,1,2,0,1,0
11,40.68,417.64,1,1,0,3,1,1,0,0,1,1
26,112.51,2651.28,1,3,0,0,2,2,2,1,1,1
63,56.61,3311.1,1,1,2,0,0,0,1,1,1,0
59,30.36,1926.55,3,2,0,0,0,3,2,0,0,1
27,90.24,2341.51,5,0,1,3,3,3,2,1,0,0
49,49.95,2207.54,4,3,0,0,0,1,2,1,0,1
33,46.89,1360.81,4,2,1,3,1,1,2,0,0,1
1,119.8,113.59,2,4,1,3,3,1,0,1,1,1
21,105.81,1979.53,3,0,0,0,2,3,1,0,0,1
55,60.79,2998.97,1,3,2,3,1,1,2,0,0,1
6,118.03,747.22,1,1,2,0,2,2,0,1,1,1
69,85.01,5020.64,3,2,1,1,2,2,2,0,1,0
5,94.2,416.97,4,1,2,2,0,2,2,0,1,1
3,23.15,76.63,1,2,1,1,1,0,1,1,1,0
53,32.16,1880.88,2,3,2,2,1,2,1,1,1,0
23,83.31,1817.94,4,3,0,3,1,1,0,0,0,1
53,109.9,5104.8,5,4,0,3,1,1,0,0,0,0
37,82.37,3235.27,3,1,2,0,1,3,1,0,0,0
17,33.4,544.02,4,2,0,1,1,0,2,0,1,1
1,31.58,27.27,5,2,0,1,1,0,1,1,1,1
51,104.42,4778.69,2,2,0,3,1,1,1,0,0,0
45,33.93,1360.68,3,1,0,1,1,3,1,0,0,0
4,72.02,295.79,1,3,0,2,2,2,0,0,1,1
62,23.71,1645.68,1,2,1,3,3,2,2,1,1,0
65,28.07,1984.75,5,3,2,0,1,3,0,1,0,0
32,87.23,2830.47,4,1,0,0,0,3,1,0,1,1
34,88.92,2952.61,2,0,1,3,2,1,2,0,0,1
39,54.15,2186.91,5,1,0,3,3,0,1,1,0,0
26,41.56,1062.37,2,0,0,0,0,3,1,0,0,0
34,101.37,3184.09,2,3,1,2,0,1,2,1,0,1
54,41.71,2373.44,2,3,2,1,1,0,1,1,0,0
3,74.2,247.53,3,1,0,3,2,2,1,0,1,1
50,116.82,5618.27,5,1,0,3,3,3,2,0,0,1
12,34.79,460.19,3,1,0,2,2,2,0,0,0,0
65,114.09,7262.37,4,1,2,0,2,1,1,0,1,0
54,38.29,2006.42,4,2,0,3,2,2,2,0,1,1
5,76.74,329.42,1,0,0,2,1,1,2,1,1,1
57,57.7,3481.62,1,1,2,3,2,1,1,0,1,0
17,116.49,2163.07,1,4,1,2,1,0,0,1,0,1
47,47.35,2334.85,4,1,2,2,1,1,1,0,0,0
23,59.97,1234.96,2,4,2,0,1,1,2,0,0,1
14,118.29,1458.92,2,1,0,1,2,2,2,0,0,1
66,73.65,4966.95,5,1,1,0,2,0,1,1,1,0
51,70.26,3477.54,4,1,0,2,2,0,1,1,1,1
38,45.78,1702.56,1,1,2,1,0,0,1,1,1,1
64,90.14,6578.31,4,1,0,1,0,2,2,0,0,1
38,21.44,869.34,2,0,1,0,1,0,1,1,1,1
50,24.95,1214.55,2,2,0,0,1,2,1,1,0,1
30,79.94,2052.1,3,0,0,3,1,0,1,1,0,0
51,54.17,2376.42,3,3,0,1,0,1,1,0,1,1
63,115.33,7668.72,5,1,1,2,2,3,1,1,1,0
52,110.32,6317.83,4,4,0,3,2,0,0,1,0,1
38,91.37,3688.43,3,1,0,3,1,2,1,0,1,0
30,101.81,2968.2,3,2,0,3,2,3,2,1,0,1
51,86.73,3801.2,4,4,0,3,0,2,1,0,1,1
5,32.56,185.62,2,0,1,0,1,1,2,1,0,0
29,96.55,3208.61,5,2,0,1,3,1,2,1,0,0
4,41.02,166.51,5,2,0,3,2,2,1,0,1,1
10,52.34,456.02,5,1,1,1,0,3,1,1,0,1
56,101.92,5777.87,3,3,1,2,2,3,2,0,1,1
17,73.65,1399.47,2,3,1,1,2,0,1,1,1,1
17,105.99,1899.19,5,2,2,0,1,1,2,0,1,0
69,41.3,3038.03,4,4,0,1,2,3,0,1,1,0
34,80.78,2404.49,5,1,2,2,1,1,0,1,1,0
6,28.38,150.17,1,2,1,2,2,3,1,0,1,1
53,84.31,3968.7,2,4,1,3,2,3,1,0,1,1
66,96.25,7123.39,1,1,1,2,3,0,2,1,0,0
43,78.49,3401.38,2,2,0,3,0,2,0,0,0,1
23,46.62,1166.13,4,0,0,0,1,1,1,1,0,0
55,23.13,1125.54,3,0,1,0,3,1,0,0,1,0
16,31.94,576.69,3,2,0,0,1,2,1,0,0,1
8,82.23,721.22,2,3,1,1,2,0,0,0,1,1
4,113.44,416.3,5,0,1,2,0,0,1,0,1,1
4,40.65,180.87,1,5,0,2,0,1,1,1,1,1
56,93.5,4864.55,4,1,0,2,1,2,0,0,0,0
25,106.65,2430.45,5,5,0,3,2,0,2,1,0,1
67,72.09,4488.31,3,2,0,3,0,2,1,1,1,1
67,86.93,6540.36,5,5,0,0,1,3,1,1,0,0
27,101.5,3082.23,1,2,0,2,0,1,1,1,0,1
32,46.07,1398.53,3,2,0,1,1,0,2,1,0,1
50,49.69,2637.6,2,5,0,1,2,3,1,1,0,0
61,20.06,1288.35,4,0,0,0,1,2,2,1,1,0
51,116.31,6477.32,4,4,2,3,1,2,2,0,0,0
19,111.75,1993.71,3,2,2,3,1,1,2,1,1,1
21,96.46,2031.75,2,4,0,3,2,3,2,1,0,1
5,27.91,146.56,1,1,0,0,0,0,2,1,0,1
42,64.75,2333.01,4,4,0,0,1,1,1,1,0,0
61,30.19,1773.44,3,3,0,2,1,3,2,1,1,0
22,21.59,502.94,4,6,1,2,1,1,1,0,0,0
21,81.62,1586.77,2,1,0,2,2,3,0,0,1,0
70,116.08,9241.57,1,2,0,1,3,0,2,1,0,0
1,110.29,94.74,2,1,2,1,1,2,1,0,0,1
5,89.68,510.0,5,1,2,2,2,2,1,1,0,0
12,29.66,325.72,2,3,2,1,2,2,2,0,1,0
46,47.42,1885.93,2,3,0,1,2,0,0,1,1,0
34,52.01,1658.11,4,1,2,3,3,3,1,1,0,0
49,96.32,5124.76,2,2,1,3,1,1,1,0,0,1
45,100.22,4851.68,3,3,1,0,3,2,2,1,1,0
27,58.51,1441.8,4,5,2,3,3,2,2,0,1,0
26,61.79,1460.37,4,0,2,2,2,0,2,0,1,0
47,24.45,1198.35,5,1,1,3,2,0,0,0,0,0
56,48.91,2704.72,3,2,0,1,2,3,1,1,1,0
63,65.13,4462.88,2,5,0,1,1,3,2,1,1,1
48,31.7,1304.31,5,2,1,2,2,3,2,1,1,0
61,65.33,4116.93,3,1,2,2,2,1,1,1,0,0
26,105.32,2927.75,5,3,1,3,0,3,1,0,0,0
36,78.13,3229.09,1,1,0,3,3,3,1,0,1,0
1,27.89,29.39,2,0,0,3,3,1,2,0,1,0
8,39.17,288.13,5,2,0,0,0,2,2,0,1,1
52,67.45,3095.33,1,2,2,0,2,2,0,0,1,1
47,56.15,2750.55,2,2,0,2,1,0,1,0,1,0
56,55.87,3150.63,5,1,1,3,2,1,1,1,1,0
14,72.93,1143.23,5,2,2,1,1,3,2,1,1,1
28,78.44,2345.62,5,3,0,0,2,2,2,0,0,1
2,99.69,199.96,5,4,2,2,1,0,1,1,0,0
26,54.1,1365.83,4,1,2,0,3,1,0,0,1,0
14,100.55,1367.27,5,0,0,3,2,1,0,0,0,1
59,53.86,2916.88,4,3,0,1,1,1,1,1,0,0
56,25.54,1223.3,4,2,1,1,2,3,2,1,1,0
7,75.42,539.8,1,1,0,2,3,3,0,1,0,0
3,78.79,215.98,2,1,1,0,0,3,2,1,0,1
23,113.45,2381.11,4,0,1,3,1,0,0,1,1,0
18,92.61,1479.57,3,3,0,3,3,1,1,1,0,1
38,111.78,3852.0,4,4,0,1,2,0,2,1,1,1
15,110.83,1429.0,3,2,0,1,3,0,2,1,1,1
64,80.46,5418.42,1,2,0,3,0,0,2,1,0,1
28,72.78,1977.46,3,2,1,3,3,3,2,1,1,0
39,75.74,3008.54,1,4,1,0,2,1,1,0,0,1
57,117.83,6992.45,1,3,0,2,2,2,1,1,0,1
17,97.32,1888.89,1,2,1,0,2,3,2,1,0,0
44,30.63,1173.03,3,1,0,0,0,3,0,0,0,1
25,97.84,2385.84,3,0,2,3,2,2,1,1,1,1
17,37.05,581.9,1,1,0,0,1,0,2,1,1,1
13,64.74,835.68,1,2,0,0,2,0,2,0,0,1
25,41.05,1155.59,2,2,1,0,2,3,2,1,1,0
68,88.96,6455.64,1,3,1,1,2,3,0,0,1,0
10,107.73,1129.65,5,1,0,2,1,3,2,0,1,1
67,49.04,3227.51,2,0,0,2,2,2,2,0,1,0
18,28.2,533.68,2,1,0,1,0,3,2,0,1,1
34,49.85,1457.11,2,3,0,3,0,3,1,1,1,1
8,87.24,715.95,5,4,0,3,1,1,1,1,0,1
40,52.88,2149.16,2,0,1,2,2,2,2,1,0,1
42,47.81,1915.68,2,3,2,2,2,2,2,1,1,0
41,38.44,1435.04,3,8,1,3,2,1,1,0,0,0
6,69.75,457.12,3,1,0,0,3,0,1,0,1,0
52,47.59,2143.69,1,1,2,2,0,2,2,0,1,0
26,93.1,2108.13,1,1,0,0,3,3,2,1,1,1
64,27.66,1738.79,4,1,0,2,3,3,1,0,0,0
59,86.4,4719.37,5,1,1,1,2,0,1,0,0,0
56,43.76,2630.77,3,6,0,2,0,1,2,0,0,0
59,68.93,4230.46,1,2,0,1,1,1,0,0,0,1
70,48.61,3680.83,5,3,0,0,1,1,0,1,0,0
33,92.28,2884.97,2,3,0,3,2,3,1,1,1,1
53,114.53,6508.12,5,5,0,0,1,1,1,1,0,0
22,111.71,2724.68,3,2,1,0,1,1,2,0,0,1
21,78.34,1568.83,4,1,0,0,1,3,2,0,0,1
70,66.26,4415.49,3,1,0,1,1,0,2,1,1,0
70,101.83,7983.37,1,2,0,2,1,3,2,0,0,0
4,88.33,305.61,1,2,2,3,0,1,0,0,0,1
62,38.36,2271.22,5,1,0,0,2,0,1,1,1,0
62,102.09,5605.59,3,0,0,0,1,1,1,1,0,0
24,62.89,1296.05,1,0,1,0,2,3,2,1,0,0
55,38.9,1890.95,2,1,0,1,2,3,1,1,1,0
9,48.18,424.67,2,2,0,1,0,0,1,1,1,1
3,46.75,148.12,4,0,1,1,1,1,0,0,0,1
31,71.92,2088.6,5,2,0,2,2,1,2,1,1,0
40,43.44,1919.75,1,1,0,2,3,0,2,1,0,0
36,32.36,1143.04,4,1,0,0,1,2,1,1,0,0
24,32.37,885.98,2,2,0,3,2,3,2,1,0,1
6,78.33,534.0,4,3,2,1,2,3,2,0,0,0
66,93.48,6675.2,4,3,0,2,2,1,0,0,0,0
4,52.15,235.67,1,0,0,2,3,3,1,1,0,0
6,23.47,149.54,1,4,2,3,1,0,1,0,0,1
51,32.72,1866.9,1,2,0,1,1,3,2,0,0,1
62,111.47,6364.73,5,3,0,2,2,0,0,1,0,0
57,69.35,3769.87,4,2,1,3,0,3,1,0,0,0
66,65.36,4640.89,4,3,1,3,1,2,1,1,1,0
8,23.8,186.13,5,3,1,1,2,1,2,0,1,1
26,92.86,2658.79,2,0,0,1,2,2,2,1,1,1
51,72.81,4133.82,3,0,2,1,2,0,1,0,0,0
45,40.21,1700.66,2,1,0,0,1,1,1,1,1,0
44,31.01,1496.71,5,3,0,2,3,3,2,0,0,1
5,58.34,261.44,4,2,0,3,1,3,2,0,1,0
70,103.72,6899.01,4,3,1,0,0,2,2,0,0,0
26,106.53,2784.69,1,0,1,1,2,1,2,1,1,1
68,80.28,5011.32,1,4,1,2,3,3,2,0,1,0
19,92.75,1804.23,4,1,1,2,2,0,0,0,0,1
20,31.52,645.19,4,1,0,0,2,2,1,1,1,0
12,78.81,862.59,1,5,0,3,2,3,1,0,1,1
47,86.7,4436.14,1,4,1,0,0,0,2,0,0,1
1,40.07,41.65,2,0,0,2,2,0,1,1,0,1
14,108.02,1429.54,4,2,0,3,1,2,1,0,0,1
64,39.5,2324.87,4,3,2,0,3,2,1,1,1,0
38,51.35,2172.92,5,1,1,0,1,2,2,1,1,0
37,82.06,3341.86,2,1,0,1,1,0,1,1,1,1
11,83.84,847.42,3,3,1,2,2,1,0,1,0,1
3,89.94,232.23,3,3,1,1,1,1,0,1,0,1
33,31.2,1123.71,3,2,0,1,1,1,1,1,0,1
6,104.95,651.5,1,0,0,3,1,1,2,0,1,1
50,73.28,3225.5,3,3,0,3,0,1,2,1,1,1
10,67.13,688.92,5,0,0,2,2,1,1,1,1,0
5,118.11,582.08,1,1,0,3,1,3,1,1,1,1
23,94.04,2341.02,1,4,2,2,2,3,2,0,0,0
10,31.8,290.25,3,2,0,3,2,2,0,1,1,1
44,95.65,4149.63,1,3,2,1,2,1,1,0,1,1
2,29.52,52.96,2,0,0,2,2,3,1,1,1,1
13,22.75,336.3,2,1,0,1,2,0,2,1,0,1
40,60.36,2616.41,3,3,2,3,1,0,2,1,1,0
2,119.36,255.67,5,1,0,1,2,1,1,0,1,1
65,37.49,2575.79,1,0,2,3,1,0,2,1,0,0
63,87.26,5371.22,4,1,0,0,2,3,2,0,0,0
17,37.34,715.38,3,2,2,1,1,0,2,0,1,0
9,92.48,725.67,1,2,0,2,0,1,1,0,0,1
15,70.54,1154.29,3,3,0,1,2,2,0,0,1,1
24,88.0,1931.51,3,3,1,1,1,2,0,1,0,1
38,40.29,1450.1,5,3,1,2,3,3,2,0,1,0
35,94.56,3328.99,4,3,0,2,1,3,0,1,0,1
49,119.56,6355.32,1,3,2,0,3,3,1,1,1,0
69,86.57,6579.61,3,3,1,3,1,3,1,0,0,0
62,69.35,4407.58,3,3,0,3,0,1,1,1,0,0
60,112.32,6543.01,1,1,0,2,0,2,1,1,1,1
50,21.59,1223.83,3,2,0,1,0,2,0,0,0,0
9,92.99,773.29,3,3,0,3,0,1,0,1,1,1
34,108.87,4038.33,3,0,0,2,1,0,0,1,0,0
35,26.17,946.65,2,1,1,2,1,2,0,0,1,0
1,65.01,62.61,2,1,1,0,0,1,0,0,0,0
40,40.47,1376.71,4,3,0,1,1,0,2,0,1,1
64,76.65,4827.13,5,2,0,0,1,3,0,1,1,0
22,84.95,1743.8,1,3,2,0,2,2,1,0,1,1
60,50.26,2657.78,5,1,0,1,1,1,2,0,1,0
64,66.0,3685.54,5,3,0,2,3,2,0,0,1,1
11,47.93,503.16,2,0,1,1,2,2,2,1,1,1
14,56.94,824.59,4,1,1,0,2,1,1,0,1,1
60,35.95,2375.67,5,1,2,0,0,3,2,1,1,0
30,108.56,2947.52,5,1,2,1,2,0,0,1,1,1
35,21.0,718.42,3,1,2,0,1,1,0,0,0,0
37,108.24,3875.1,1,2,0,2,3,0,1,1,0,1
5,77.17,387.39,4,0,0,2,3,1,1,1,1,1
26,53.17,1510.69,1,5,1,1,2,1,1,1,1,1
62,92.31,5815.06,2,2,0,1,2,2,1,0,0,0
4,70.78,312.54,5,1,0,2,2,0,1,1,0,1
42,69.91,2952.6,5,3,0,3,0,0,2,1,1,1
18,31.01,575.65,1,3,0,3,2,0,0,0,0,1
40,58.95,2313.77,2,4,0,3,1,2,1,1,0,1
39,44.11,1886.88,3,1,0,1,2,1,1,0,1,1
14,21.57,340.37,3,4,0,2,0,2,2,1,0,1
32,56.01,1867.14,5,2,2,2,1,1,0,0,1,0
51,28.98,1620.34,5,1,1,2,2,1,1,0,0,0
38,45.68,1506.29,4,3,2,2,1,1,1,1,0,0
23,29.25,754.76,1,6,0,1,2,1,2,0,0,1
63,30.09,1719.0,5,4,0,2,2,3,2,1,1,1
15,39.9,554.8,2,2,0,2,3,1,0,1,1,0
25,119.98,2597.67,1,0,1,0,1,2,1,0,0,1
17,20.22,391.7,4,3,2,0,2,0,2,1,0,1
66,83.87,6119.78,3,2,0,0,2,1,1,1,0,0
53,34.12,2032.78,4,2,2,0,1,2,1,1,1,0
51,112.06,6310.53,1,3,1,1,2,2,1,1,0,0
39,29.36,1138.14,3,1,0,3,1,2,1,1,0,1
51,115.51,6640.28,2,1,1,0,0,2,0,0,0,0
70,81.09,6475.97,3,1,1,0,0,2,2,1,0,1
6,20.13,120.85,3,4,0,0,2,1,1,1,0,1
67,109.4,6616.56,2,1,0,1,1,0,1,1,0,1
7,72.17,529.24,5,3,1,3,0,1,1,0,0,1
51,46.27,2696.17,5,4,1,2,1,1,1,0,0,1
42,96.73,4516.13,3,1,0,0,1,0,1,0,1,0
64,112.67,7993.34,3,2,2,3,2,3,2,0,1,1
15,68.37,1159.01,4,1,0,2,0,1,2,1,1,1
29,51.56,1671.81,5,2,0,0,0,0,1,0,0,1
33,98.89,3534.01,2,1,0,1,1,1,2,0,1,1
27,88.18,2536.72,3,2,2,1,2,0,1,1,1,0
36,108.88,3642.91,3,3,1,1,2,3,0,1,0,0
29,89.25,2682.51,4,0,1,2,2,2,1,1,1,0
38,44.35,1696.27,4,1,2,1,3,0,1,0,0,0
57,113.17,7150.87,4,0,1,3,1,1,2,1,0,0
27,30.48,821.01,1,4,0,2,2,1,1,0,0,1
55,46.79,2286.26,2,3,1,1,2,3,2,0,0,0
33,72.02,2023.69,1,1,1,3,2,3,1,0,0,1
68,76.57,5484.9,3,2,0,3,3,0,2,1,1,0
66,21.53,1442.33,4,1,0,0,1,2,2,1,1,0
10,98.06,930.85,4,2,1,0,1,1,0,1,1,1
5,56.16,252.92,4,6,0,3,3,2,1,1,0,1
38,60.64,2281.38,5,6,0,0,1,3,2,0,1,0
13,100.94,1154.83,2,2,1,0,0,3,1,0,1,0
31,57.93,1707.48,1,2,2,2,1,0,1,1,1,0
47,24.72,1119.85,2,3,0,1,1,3,0,0,1,0
52,37.64,1937.3,4,2,0,2,1,0,1,0,1,0
56,115.59,6408.24,3,0,1,2,3,0,1,0,1,0
15,27.04,376.04,5,2,1,0,1,2,2,1,1,0
29,55.49,1778.38,2,2,2,1,2,2,1,0,0,0
8,70.32,538.16,3,2,1,2,1,0,1,1,1,0
5,69.33,318.52,4,4,1,2,1,0,0,0,0,1
29,20.4,533.96,4,4,2,2,1,0,1,0,0,0
47,70.12,3120.06,4,2,0,2,2,3,2,0,1,0
68,58.38,3454.65,4,0,0,1,1,2,0,0,1,0
45,117.21,4535.27,5,2,1,0,2,3,0,1,0,1
2,35.92,74.1,5,0,0,3,2,2,1,1,0,1
27,55.42,1549.7,2,3,0,0,1,3,2,1,1,1
36,61.95,2249.93,4,2,0,3,0,2,2,0,1,0
36,59.07,2293.82,5,1,1,2,0,0,0,1,0,0
26,86.58,1939.93,3,2,2,3,2,2,2,1,1,1
43,41.55,2020.39,5,3,0,1,2,3,1,1,1,0
27,42.11,998.78,5,3,1,1,2,1,0,1,0,0
69,92.92,6746.28,2,3,0,2,1,2,0,0,0,0
20,70.03,1246.54,5,1,1,1,3,3,2,0,0,1
11,61.52,753.79,3,2,1,2,1,2,2,0,0,1
38,36.92,1407.48,4,1,2,3,1,3,1,0,1,1
6,38.75,203.38,1,2,0,0,2,1,2,1,1,1
23,21.06,501.23,2,2,0,0,1,2,0,0,0,0
47,29.14,1167.99,3,1,0,3,3,0,1,0,1,0
46,75.68,3769.75,2,4,1,0,1,3,2,0,0,0
12,109.19,1369.44,4,1,2,2,0,3,2,1,1,0
13,48.72,578.71,5,2,2,3,1,1,1,0,1,0
62,52.77,3149.09,5,0,0,2,2,0,2,1,1,0
60,31.56,1614.02,3,0,2,0,2,1,2,0,0,0
43,58.86,2678.18,4,2,0,2,3,2,0,1,0,1
68,23.72,1527.29,1,0,0,1,2,1,1,0,0,0
5,111.76,570.8,1,4,2,0,2,3,0,0,0,0
37,87.31,3673.15,5,2,0,1,1,2,2,0,1,0
31,119.07,3469.25,4,0,0,1,0,2,1,0,0,1
9,108.28,1117.87,4,0,0,3,2,0,0,1,1,1
51,67.3,3568.92,3,5,0,3,3,3,1,1,0,1
29,71.97,1925.6,1,2,0,2,2,1,1,1,0,1
40,39.06,1532.67,3,1,2,2,1,1,2,1,1,0
41,66.2,2910.16,2,2,0,0,2,2,2,1,1,0
11,110.3,1193.85,4,1,0,2,1,0,0,1,0,1
23,25.09,502.28,1,2,0,2,0,0,1,1,1,0
1,106.36,95.78,3,1,1,3,2,3,0,1,0,0
46,54.09,2705.82,5,3,1,3,2,3,2,0,1,0
21,109.95,2411.75,2,0,2,1,1,3,2,0,0,1
36,114.09,4193.2,3,0,2,2,2,2,2,0,0,0
54,87.09,4233.75,5,1,0,3,1,3,0,0,0,0
57,86.44,5426.48,1,3,2,0,1,0,1,1,1,0
1,65.28,74.3,1,3,0,2,2,3,2,0,0,1
63,103.55,5625.34,2,2,0,0,1,0,2,0,1,1
54,116.16,5478.64,5,2,1,1,2,3,2,0,0,0
55,97.51,5981.93,4,3,0,1,2,3,1,1,0,0
40,82.19,3598.98,1,3,0,3,3,2,1,0,0,0
15,80.68,1253.01,4,2,2,3,2,0,1,1,0,1
21,104.95,2498.08,4,1,1,1,1,2,1,0,0,1
47,74.12,3636.69,3,1,0,0,1,0,1,0,0,1
53,100.39,4867.13,3,1,1,1,2,3,1,1,0,0
9,70.89,681.76,1,1,2,1,1,2,2,1,0,1
52,26.24,1424.37,4,0,2,3,2,3,1,0,1,0
57,58.39,3813.54,3,3,1,2,0,3,0,1,1,0
26,64.44,1531.73,5,2,1,3,2,1,2,1,1,1
41,34.16,1441.76,5,3,1,3,1,0,1,0,1,0
35,30.25,1147.72,5,3,1,0,1,0,1,1,1,0
63,73.55,4409.61,5,2,1,1,3,0,2,1,1,0
25,28.51,687.13,4,4,1,2,1,0,0,0,0,0
38,50.29,2133.6,5,0,0,2,2,0,1,0,0,0
2,94.46,183.49,4,0,2,3,2,2,2,0,1,0
7,116.44,845.6,1,3,0,3,0,0,1,0,1,1
34,91.79,3485.18,1,1,0,1,2,2,2,1,0,1
17,119.26,1850.97,5,1,1,0,1,1,2,0,0,1
43,89.83,4421.28,5,3,0,1,2,1,1,1,1,0
59,49.38,3089.9,5,0,1,2,2,2,1,0,0,0
51,87.21,4442.29,1,5,0,0,1,1,1,1,0,0
54,90.22,4770.69,3,1,1,3,1,2,1,1,1,1
24,57.17,1559.18,1,1,2,3,2,0,0,0,1,0
25,21.77,496.23,5,3,1,2,2,2,1,1,1,0
71,90.32,6050.43,3,2,0,1,2,1,2,1,0,0
52,22.17,1086.37,3,4,2,0,1,2,1,1,1,0
70,83.12,5450.03,2,5,0,1,2,1,1,1,0,1
33,36.36,1188.61,4,0,0,1,1,3,2,0,1,0
49,76.56,4302.0,5,0,0,1,2,2,2,0,1,0
29,70.39,2279.44,4,1,2,3,0,3,1,1,1,1
63,21.35,1275.71,2,1,0,2,1,1,2,0,1,0
22,56.29,1209.65,4,3,1,0,2,0,1,1,0,0
26,80.11,2188.74,5,2,0,0,1,2,2,0,1,1
28,104.86,2510.79,2,3,0,2,3,0,1,0,1,1
49,108.86,5846.69,4,0,2,0,2,0,1,1,1,0
71,68.38,5408.55,1,2,1,0,3,0,1,1,1,0
49,92.84,5036.77,3,2,1,1,1,1,0,0,1,0
20,51.65,994.19,2,3,0,1,0,1,1,0,1,1
63,54.22,3376.83,1,2,1,2,2,3,1,1,0,0
61,39.45,2054.24,5,3,2,0,1,3,0,1,1,0
49,76.19,3620.86,3,5,0,2,1,3,2,1,1,1
71,51.46,3610.03,2,4,1,2,2,0,2,1,1,0
1,28.44,31.91,3,3,2,2,2,3,1,0,0,0
13,88.5,1286.49,2,1,2,2,0,2,2,1,0,1
51,90.78,5276.89,2,1,0,1,2,1,2,0,0,0
56,56.0,3498.26,4,3,1,3,1,3,0,0,1,0
62,27.67,1462.55,3,2,1,2,2,1,1,0,1,0
32,62.63,2089.21,3,2,0,0,1,0,2,1,1,0
30,64.23,1677.4,1,2,1,3,1,1,0,0,0,0
29,86.87,2347.29,5,2,2,1,2,2,0,1,1,1
49,51.54,2584.87,1,1,2,3,2,1,1,1,0,0
45,88.26,4210.73,4,1,2,3,1,1,1,0,1,0
30,107.15,3363.58,2,2,0,1,2,2,2,0,0,0
16,43.75,605.28,4,4,2,2,1,2,2,1,1,1
40,117.89,4154.9,4,3,1,3,2,3,0,1,0,1
19,58.64,989.96,1,0,0,1,2,1,2,1,1,1
18,46.73,737.97,2,4,1,1,2,3,0,0,0,1
1,62.15,56.15,5,1,2,3,1,3,1,1,1,0
47,29.44,1461.91,4,3,0,1,1,2,1,1,1,1
66,32.57,2363.02,5,3,2,3,1,1,1,0,0,0
38,61.44,2270.98,2,1,2,3,1,2,1,1,0,1
51,96.24,5192.35,2,2,0,1,1,0,2,0,1,0
63,110.03,6308.12,1,4,2,1,1,1,1,1,0,0
4,86.48,395.04,3,4,2,1,2,0,2,0,0,0
1,30.52,29.15,1,2,0,3,0,1,0,1,1,1
8,87.2,770.0,5,0,0,0,3,3,1,0,1,1
29,83.54,2746.44,1,3,0,1,1,2,2,0,0,1
55,100.58,6136.95,2,1,0,1,3,0,0,1,0,0
3,102.52,267.63,4,1,1,2,3,1,1,0,0,1
32,106.82,3572.39,3,0,0,1,1,3,1,1,1,1
10,61.41,544.14,2,5,2,3,3,2,1,1,1,1
34,89.79,2600.01,4,4,2,1,3,2,0,0,1,1
55,46.83,2229.08,5,3,0,2,0,0,2,1,1,1
32,119.93,4317.01,5,4,1,0,3,3,1,0,1,0
50,37.53,2106.64,5,1,1,0,0,1,1,1,1,0
7,21.01,134.98,1,1,1,1,1,0,2,1,0,0
8,34.88,282.99,5,3,0,0,2,1,2,1,0,1
65,97.59,7209.07,5,2,0,3,0,3,1,1,0,0
57,64.68,3683.02,1,1,0,0,1,2,2,1,1,1
67,64.75,4199.75,4,2,0,3,3,2,2,0,0,0
59,115.5,6780.39,2,2,2,0,3,2,0,0,1,0
54,111.96,6572.42,3,2,0,0,2,1,1,0,0,1
67,51.12,3401.66,5,0,0,3,2,1,0,1,1,1
51,40.91,2263.49,5,3,1,3,3,2,2,1,0,0
8,104.85,821.6,5,4,0,1,0,1,1,0,1,1
34,110.6,3480.69,1,5,0,3,3,1,1,0,1,1
35,74.16,2460.47,1,1,1,1,1,2,2,0,1,1
32,82.94,2318.0,1,3,1,2,3,2,2,1,0,0
46,45.69,2100.15,3,1,0,3,2,1,1,1,0,0
16,100.08,1432.24,2,3,0,1,3,1,2,0,0,1
68,83.21,6187.29,5,1,0,1,3,3,2,1,0,0
37,70.35,2540.99,4,1,1,0,3,0,2,1,1,0
54,26.01,1516.25,5,1,1,3,2,1,2,1,1,0
14,111.59,1775.31,5,3,0,0,2,3,2,0,0,1
55,81.55,4955.2,5,3,0,1,2,3,2,1,1,0
48,39.27,2140.21,5,1,1,3,1,0,2,1,1,0
7,80.64,575.97,2,2,2,1,2,3,2,1,0,1
7,87.75,552.55,4,2,2,0,0,3,2,1,1,1
33,72.58,2707.88,1,0,0,1,3,1,1,0,0,0
23,91.81,2345.08,4,1,1,1,0,0,1,0,0,1
19,78.15,1647.08,5,1,1,0,3,0,0,1,0,0
19,114.78,2307.21,4,2,2,3,1,3,0,0,1,1
36,25.37,947.54,5,3,2,0,1,3,2,0,0,0
29,30.62,758.82,4,2,0,3,3,2,1,1,0,1
60,37.37,2408.87,3,2,0,3,0,1,2,1,0,1
2,89.02,156.22,4,1,0,2,1,3,2,0,1,1
1,84.56,78.46,1,2,0,1,2,2,1,1,1,0
47,109.21,5211.96,1,1,2,3,1,2,0,1,1,0
69,93.29,6343.65,4,0,0,3,2,1,1,0,1,0
20,70.84,1210.91,4,2,0,0,2,2,0,1,1,0
11,119.18,1438.44,2,1,2,3,3,3,1,1,1,1
2,46.61,103.82,4,2,0,3,0,2,1,0,0,1
67,103.32,7300.08,1,4,0,0,1,2,2,0,1,1
12,62.68,761.42,3,1,0,3,2,3,1,1,1,1
20,84.87,1932.1,1,5,1,1,1,2,0,1,0,1
5,92.73,410.77,2,3,0,1,1,0,1,0,0,1
37,83.38,3305.07,4,0,0,0,1,1,2,1,1,0
38,34.05,1149.67,3,1,0,3,2,3,1,0,1,0
9,64.3,558.14,1,1,1,1,3,1,1,0,1,1
53,76.14,4139.12,3,1,0,2,1,3,1,1,0,1
44,104.9,4944.1,5,3,2,0,1,2,2,1,0,1
24,64.36,1314.76,1,0,0,0,2,1,2,1,0,0
30,111.87,3115.19,5,0,0,1,0,3,1,0,0,0
59,64.04,3821.51,3,1,1,0,2,0,2,1,0,0
14,74.88,1058.63,4,3,0,3,1,3,0,1,1,1
9,99.63,933.68,4,5,0,1,1,2,2,1,1,1
40,78.31,2947.96,4,3,1,2,1,2,1,1,1,1
66,116.02,7750.54,5,2,0,3,1,2,1,1,1,0
25,86.03,1950.67,4,1,1,2,2,0,1,0,1,0
22,72.27,1440.6,2,5,0,2,3,1,2,0,0,1
4,22.36,91.49,1,0,2,0,2,0,0,0,0,1
26,61.37,1684.49,1,2,2,2,2,1,2,0,0,0
58,49.92,2565.89,3,2,0,3,0,3,0,1,0,0
29,94.81,2438.36,5,4,1,1,2,0,1,0,1,0
37,40.83,1540.22,1,4,0,1,2,0,1,1,1,0
70,40.52,2640.9,5,1,2,2,0,3,2,0,0,0
18,38.95,678.5,3,4,0,2,1,2,1,0,1,1
42,32.56,1326.87,4,0,1,1,1,2,1,0,0,0
41,51.1,1893.09,3,2,1,2,1,3,2,0,1,0
38,108.59,3509.16,2,3,0,3,2,2,1,0,1,1
34,97.49,3665.94,4,2,0,2,3,3,1,0,1,1
17,93.53,1692.48,4,3,0,2,2,0,1,1,0,1
37,99.73,3901.08,4,2,2,3,1,0,2,0,1,1
25,46.94,1189.92,3,4,0,1,1,1,2,0,1,1
27,108.74,3113.11,2,3,1,1,1,0,2,1,0,0
57,33.73,2173.93,5,3,0,2,2,1,2,0,1,0
31,53.63,1745.31,3,2,0,1,1,2,2,1,0,0
6,78.67,438.78,1,1,1,3,1,3,1,0,1,1
40,30.29,1237.27,1,7,2,2,2,2,0,1,1,0
12,93.01,1096.84,3,1,1,2,1,3,2,1,0,1
53,58.72,3165.08,5,0,1,2,0,3,2,1,1,0
71,98.44,7026.21,1,0,1,0,0,0,1,1,0,0
10,69.29,767.47,5,2,1,0,1,1,1,0,0,0
45,38.09,1791.99,4,0,0,3,2,1,2,1,1,1
17,93.48,1440.72,3,3,2,2,1,2,1,1,1,0
26,45.21,1021.46,4,1,1,3,0,0,2,1,0,0
62,69.08,4185.84,1,2,1,0,1,1,1,1,1,1
46,27.55,1083.27,5,1,1,2,0,1,1,1,0,0
64,81.79,4949.02,4,2,0,0,3,1,0,1,0,0
2,86.59,166.32,1,2,0,2,1,2,2,0,0,1
54,57.87,3008.21,2,4,0,3,0,0,1,0,1,1
65,115.44,8582.82,4,1,1,3,2,1,2,0,1,0
51,107.42,5155.98,2,2,0,3,1,0,1,1,0,1
53,90.79,4473.16,2,2,0,0,2,1,1,0,1,1
36,91.37,2923.44,1,3,2,3,1,2,1,1,0,0
26,45.24,1180.13,3,0,1,1,3,0,2,0,0,0
29,85.68,2226.6,5,3,0,1,3,1,1,0,0,1
21,39.82,865.41,1,3,1,3,2,2,1,0,1,1
11,34.4,339.26,4,1,0,3,2,2,1,0,1,1
40,119.95,4908.23,5,2,1,0,1,2,2,0,0,0
11,82.24,993.16,3,1,1,2,3,1,2,0,0,1
36,63.1,1959.8,1,0,0,0,1,2,1,0,0,0
59,48.82,2810.83,3,3,0,0,1,3,2,0,0,0
39,80.39,3098.65,4,3,0,3,0,2,2,0,1,0
54,24.96,1465.5,1,0,0,1,1,3,2,1,0,0
55,29.47,1605.15,4,2,0,1,2,2,0,0,0,0
24,23.29,570.18,5,2,2,1,1,2,1,1,1,0
22,69.92,1672.55,5,5,0,0,2,2,2,1,1,0
69,80.06,5623.22,3,2,2,1,1,1,1,0,0,0
56,26.25,1407.4,3,0,1,1,3,0,1,1,1,0
33,92.12,2662.32,5,0,1,3,2,1,1,0,0,0
36,43.04,1656.29,2,2,0,1,2,1,2,1,0,0
20,88.52,1967.52,5,2,0,2,2,1,2,0,0,1
62,118.19,8361.12,1,2,1,3,3,0,0,0,1,1
26,89.11,2613.39,4,3,2,2,0,0,2,0,1,1
66,108.32,7786.95,5,1,0,0,0,2,1,0,1,0
40,114.82,4790.48,5,1,1,1,2,0,2,0,0,0
17,68.68,1266.06,4,2,0,0,2,1,1,0,0,0
1,90.23,88.39,4,1,0,0,1,3,1,1,0,1
61,105.2,6599.47,1,2,1,1,1,2,2,1,1,1
43,55.66,2284.78,4,4,1,3,1,3,1,1,1,0
42,46.14,1837.12,3,4,0,0,1,3,1,1,0,0
25,114.66,3087.24,5,1,0,1,3,3,0,1,1,1
39,92.63,3562.66,4,3,0,1,1,0,2,0,1,1
35,41.97,1342.05,1,1,2,2,2,1,0,1,0,0
3,64.91,177.31,4,2,0,0,2,2,2,0,1,1
44,99.65,4856.81,5,2,0,0,0,2,1,1,1,1
51,74.71,4013.2,2,3,0,1,0,2,0,0,1,0
12,85.0,1034.03,4,1,0,2,1,3,2,1,0,1
19,95.38,1758.31,3,2,1,3,2,1,2,1,0,0
44,82.2,3541.77,5,2,0,2,1,2,0,0,1,1
59,74.01,3786.73,1,2,1,0,0,1,0,1,0,0
49,94.96,4590.17,5,1,0,2,1,0,2,1,1,0
61,92.76,6159.65,2,0,1,0,0,2,1,0,1,0
17,82.99,1363.38,1,1,0,3,1,0,2,0,1,1
57,55.98,3079.36,2,2,2,0,1,2,1,0,0,0
55,60.58,2847.88,2,1,0,3,0,3,1,1,1,1
47,117.04,5431.48,3,3,1,3,2,2,1,0,1,1
12,31.24,321.48,4,1,1,3,1,2,1,1,0,1
62,46.85,2966.03,3,4,1,2,2,1,0,1,1,1
8,69.24,555.05,3,2,0,3,2,3,2,0,0,1
21,103.67,2399.21,3,2,2,1,3,3,1,0,0,1
70,36.37,2608.19,1,0,0,0,0,0,2,1,1,0
25,47.7,1129.22,4,2,2,0,1,2,2,0,0,1
12,26.58,320.51,4,6,0,0,3,2,2,1,0,1
15,90.6,1440.4,1,2,0,0,2,1,1,1,0,1
59,43.82,2270.5,3,2,0,3,1,2,1,1,1,1
26,58.87,1586.15,3,0,0,2,0,1,1,1,0,1
26,64.37,1882.81,2,4,0,2,3,3,2,0,0,1
47,109.13,4820.09,2,1,0,2,1,2,2,0,0,0
32,61.13,2030.57,5,1,2,2,3,0,0,0,1,0
10,34.52,378.5,2,3,1,0,3,1,2,1,1,0
16,72.43,1163.01,4,2,0,1,1,3,0,1,0,1
71,116.3,8796.96,1,4,0,1,2,1,1,1,0,1
17,80.77,1295.22,3,1,1,2,1,2,1,1,0,1
23,118.34,2563.43,5,1,0,0,2,3,1,0,0,1
26,104.11,2842.97,2,4,2,3,1,3,1,1,1,1
7,23.6,175.35,5,4,1,2,0,0,0,0,1,0
14,85.84,1359.31,1,5,1,3,2,3,2,1,1,0
7,48.68,312.61,1,1,1,3,1,2,2,0,0,1
9,75.96,677.14,5,0,1,3,3,1,1,1,0,1
48,47.93,2128.65,5,4,0,1,1,3,1,0,0,1
59,54.89,2830.39,5,2,0,2,0,2,0,0,1,0
39,112.32,4253.19,3,1,0,0,1,0,0,1,1,1
18,40.66,704.31,4,4,1,0,3,1,1,1,1,0
59,107.41,5900.8,2,0,0,0,1,0,1,1,0,0
17,23.05,367.92,2,3,1,2,3,0,1,1,0,0
14,29.09,390.17,2,1,0,1,1,3,1,0,0,1
31,105.47,3748.97,5,2,0,3,1,1,2,0,1,1
24,83.06,2162.54,5,1,0,0,3,3,0,0,0,1
60,94.72,4952.65,5,4,1,1,0,0,1,0,0,1
45,40.94,2048.22,3,1,2,3,1,2,2,1,1,1
3,73.71,229.97,3,4,1,3,3,1,2,0,1,1
37,93.72,3874.05,3,0,2,1,2,0,2,1,1,0
43,82.73,3388.52,3,3,2,2,2,3,1,1,1,0
40,67.17,2658.2,1,1,1,2,2,0,2,1,0,0
55,115.98,7137.05,3,2,0,1,2,3,2,0,1,0
39,87.62,3183.88,3,0,0,3,2,2,2,0,0,1
15,110.78,1868.75,3,1,0,0,2,2,0,0,0,1
4,92.98,408.56,2,2,2,0,2,3,1,0,1,1
25,93.55,2675.82,2,1,0,2,1,2,2,1,1,1
13,28.0,344.83,2,1,0,0,3,2,2,1,0,1
33,55.95,1699.87,4,1,2,3,2,3,1,0,1,0
16,105.84,1607.47,1,2,0,1,1,3,1,0,1,0
42,43.26,2064.76,5,1,1,3,2,3,1,1,1,1
66,31.55,1978.06,3,0,1,0,1,0,1,1,0,0
55,52.61,2950.19,2,3,2,3,2,0,1,1,0,0
42,42.04,1714.81,1,2,2,2,3,0,2,0,1,0
34,112.53,3706.86,3,1,2,1,0,3,1,0,1,0
30,106.8,2909.18,4,2,1,1,3,1,1,1,0,1
13,69.97,919.71,5,1,0,0,0,3,2,1,1,1
13,26.13,375.36,3,2,1,0,1,0,1,0,1,1
18,91.46,1423.72,5,0,2,3,1,1,1,0,0,1
32,82.34,2942.59,3,3,0,3,1,0,0,0,0,0
39,117.06,4791.79,4,2,0,1,2,2,2,0,0,1
46,75.9,3613.45,1,1,0,2,2,0,2,1,0,0
29,53.64,1614.29,5,3,1,2,1,1,2,0,1,0
62,71.9,4185.47,5,3,0,0,0,2,1,0,0,1
62,117.93,7125.31,1,2,1,2,2,0,1,1,0,1
57,89.64,5568.01,5,2,0,1,2,3,1,0,0,0
16,87.2,1314.12,2,2,0,2,3,1,2,0,1,1
56,44.07,2445.62,1,2,0,1,1,3,0,1,0,1
10,94.36,807.62,4,3,1,0,3,3,2,1,1,0
30,95.03,3050.57,3,2,0,3,1,0,1,0,0,1
25,51.73,1261.29,3,1,0,2,1,2,1,0,1,1
5,68.37,344.46,1,2,2,1,3,1,1,0,1,1
65,49.46,2843.3,2,3,2,0,1,2,1,0,0,0
49,45.87,2579.22,4,2,2,1,2,1,2,0,0,1
3,22.59,63.75,3,2,1,2,2,2,1,0,0,1
45,48.52,2271.88,3,2,2,1,1,1,2,1,0,1
14,75.4,1081.28,2,3,1,0,2,1,1,0,0,1
30,20.16,656.53,5,2,2,0,2,0,1,0,0,0
68,48.32,3082.66,1,4,0,3,1,2,1,0,0,1
18,108.14,2095.99,2,2,0,3,2,0,2,1,0,1
62,79.36,4747.17,2,1,0,2,3,2,0,0,1,0
37,80.79,2909.43,2,2,2,0,1,3,2,0,0,0
25,60.34,1586.57,2,2,1,2,3,2,1,0,0,0
48,87.65,4565.87,5,2,0,0,1,0,2,0,0,0
65,38.99,2661.44,4,2,1,2,1,1,1,0,0,0
53,101.87,6047.09,2,3,2,0,2,2,0,1,1,1
15,31.67,444.42,2,1,2,2,1,1,2,0,0,1
49,85.6,4698.51,1,3,1,1,3,2,0,0,0,0
68,54.11,3272.31,3,3,1,3,2,0,0,0,1,0
12,94.75,1191.43,5,3,0,1,3,3,1,1,1,0
59,74.98,4486.82,2,2,0,3,2,3,2,1,1,0
37,65.24,2409.82,4,3,2,2,3,3,1,1,0,0
61,36.94,2125.65,4,2,1,0,2,1,1,0,0,0
43,83.68,3602.36,4,3,1,0,2,0,1,0,0,0
70,117.48,7388.98,1,1,0,2,3,2,1,1,0,1
39,102.56,3843.04,4,1,0,0,1,0,2,1,1,1
56,26.0,1280.74,1,2,0,2,2,2,1,0,1,1
63,57.62,3708.49,5,2,1,1,1,3,1,1,1,0
46,112.56,4549.79,4,3,1,2,3,1,1,0,1,0
11,70.3,694.55,3,3,2,0,1,3,2,0,1,0
62,86.21,4680.38,2,3,1,0,1,1,0,0,1,0
25,111.26,2682.46,5,2,0,2,0,0,2,0,0,1
71,107.38,8406.06,3,1,0,2,1,0,2,0,0,0
52,70.18,4094.95,5,2,2,2,1,1,0,0,0,0
4,63.76,222.3,4,2,0,2,2,0,0,1,0,1
59,53.97,3312.72,5,3,1,3,1,3,1,1,0,0
20,91.9,1939.71,5,1,1,3,2,0,2,1,1,1
63,48.7,3099.1,5,2,0,1,1,1,2,0,1,1
54,44.99,2551.09,1,1,0,3,1,2,2,1,1,1
57,55.62,2917.31,3,3,0,0,2,0,1,1,0,0
41,37.72,1541.78,4,1,0,3,1,0,2,0,1,0
3,89.51,259.74,2,1,1,3,0,3,1,1,0,1
6,81.62,429.46,4,6,1,0,3,1,2,1,0,0
5,68.29,354.3,4,2,2,3,1,3,1,0,1,0
5,59.03,294.74,1,1,2,2,1,2,1,0,1,1
54,110.91,5585.0,1,2,0,3,1,2,1,1,0,1
47,22.91,1068.38,5,2,1,3,0,0,0,0,0,0
49,96.91,5140.81,4,0,1,3,1,0,0,0,1,0
9,110.19,1081.47,3,3,0,2,2,2,1,1,0,1
20,64.64,1350.7,1,2,2,2,1,0,0,0,0,1
61,75.07,4534.91,1,4,1,1,0,2,1,0,1,0
35,114.45,4096.65,3,3,2,1,3,3,0,1,0,0
50,41.23,1990.28,1,3,2,2,1,3,1,1,1,0
62,72.01,3964.63,3,1,1,0,1,3,2,1,1,0
17,67.47,1107.67,2,1,0,1,2,3,1,0,1,0
3,45.84,138.77,3,5,1,3,0,0,0,0,0,0
32,101.86,3356.14,2,1,1,3,1,0,1,1,0,1
13,109.96,1616.37,5,1,1,3,2,1,2,1,0,1
68,98.19,7232.68,5,3,0,0,3,2,1,1,0,0
14,39.54,495.72,1,2,0,1,1,2,1,0,0,0
11,28.67,284.59,3,6,2,2,2,0,2,1,1,1
56,80.54,3969.9,1,1,2,2,0,1,1,1,0,0
67,25.71,1845.62,3,4,0,0,1,3,1,0,0,0
29,87.28,2687.72,1,1,2,2,1,2,0,0,1,1
9,73.04,753.3,5,2,0,0,1,3,0,1,1,0
67,86.28,5818.86,5,1,2,2,1,0,1,0,1,0
25,79.02,2168.87,1,4,0,2,3,0,1,1,0,1
42,62.27,2675.33,3,0,2,0,3,1,2,1,0,0
9,40.09,401.28,4,1,1,2,2,3,1,0,0,0
40,50.57,2156.93,3,2,0,1,1,2,1,0,1,0
25,72.45,1888.89,1,0,0,2,2,2,1,1,1,1
5,85.19,434.26,3,1,0,3,2,0,1,0,0,1
11,97.95,1149.5,2,0,1,0,0,0,1,0,0,1
59,96.72,5568.76,3,2,2,2,1,3,2,1,1,0
38,117.27,3916.89,5,2,1,1,0,1,0,0,0,0
5,48.58,209.4,5,3,2,2,1,3,1,0,1,0
48,27.11,1293.14,2,2,1,2,0,3,2,1,0,0
18,54.57,1011.44,3,0,2,3,3,2,1,1,1,0
70,94.33,5768.8,4,1,1,1,1,2,2,0,1,0
37,63.81,2210.08,3,1,0,2,1,1,1,0,0,1
60,101.78,5780.69,5,4,1,2,3,2,1,1,0,1
48,74.93,3664.52,5,0,0,3,2,1,0,1,1,1
28,112.98,2953.19,1,2,2,0,2,2,1,0,0,1
69,114.79,6959.49,5,0,0,0,1,1,0,1,1,0
40,26.93,968.91,1,1,0,0,2,1,2,0,0,1
45,65.64,2664.93,5,1,0,3,0,0,1,1,0,1
62,80.97,5536.18,5,2,1,0,1,3,2,1,1,0
58,45.59,2472.98,4,3,0,1,2,3,1,0,0,0
67,60.71,4329.39,1,1,2,0,2,3,2,0,0,0
56,87.77,5015.05,1,2,0,0,1,2,1,1,1,0
40,42.67,1951.22,5,1,0,2,2,0,0,0,0,0
40,80.2,2989.3,1,0,0,1,2,1,1,0,0,1
33,89.74,2658.05,5,2,0,3,2,1,2,0,1,1
6,29.05,150.87,5,5,0,1,1,1,1,0,1,1
19,69.75,1222.31,3,3,0,0,3,2,1,0,1,1
40,46.31,1954.61,1,2,0,2,1,3,1,1,0,0
59,92.44,4775.29,2,3,0,3,1,0,1,0,1,1
59,38.96,2122.35,1,0,0,1,1,1,1,0,1,0
48,109.22,5801.58,1,3,1,1,3,2,1,0,1,0
41,63.09,2651.24,4,0,0,0,3,1,1,0,0,0
13,39.8,450.58,2,2,0,0,1,1,2,0,0,0
45,63.8,2481.5,2,0,0,3,2,1,0,0,0,0
53,60.87,2801.55,4,2,1,0,0,1,1,0,0,1
42,62.89,2991.62,4,2,0,2,0,0,2,1,1,0
63,78.56,5468.49,1,5,1,3,2,1,1,0,1,1
27,72.12,2148.67,3,1,2,0,0,1,1,1,1,1
38,34.98,1498.31,4,3,0,3,1,0,2,0,0,0
60,26.56,1595.99,2,0,0,1,2,0,1,0,1,0
7,92.94,601.28,2,0,0,3,2,1,1,0,0,1
5,75.97,368.62,1,2,0,1,1,0,2,0,1,1
45,55.9,2680.67,3,4,0,3,0,3,2,0,0,1
58,100.84,6508.24,5,0,0,0,0,0,1,0,0,0
31,58.81,1787.48,4,0,2,1,0,3,2,0,1,0
23,99.6,2315.03,4,1,0,3,0,0,1,0,1,0
42,50.58,2399.33,1,2,0,2,3,0,1,1,0,1
10,27.28,240.72,3,2,1,0,0,1,2,0,0,0
32,113.26,4018.39,2,0,0,3,2,2,2,1,1,0
53,59.46,2829.05,2,1,0,3,3,2,1,1,1,1
30,99.27,2963.66,5,3,1,1,2,1,1,1,0,0
39,47.91,1710.81,2,2,0,1,0,2,2,1,1,0
31,84.64,2704.76,4,4,2,0,2,3,1,1,0,0
2,107.33,218.43,5,1,0,1,3,3,1,1,0,1
12,24.16,279.53,3,3,1,3,1,0,2,1,1,1
39,103.06,4457.57,5,1,1,3,1,2,1,1,1,0
66,77.13,5334.87,3,3,0,1,1,1,1,0,1,1
13,80.75,1119.37,2,1,0,0,2,3,1,0,1,0
46,72.32,2977.9,1,1,0,2,1,2,1,1,0,1
27,107.45,3234.56,5,1,2,3,2,1,0,0,0,0
17,24.34,372.5,5,3,1,3,2,2,1,1,1,1
60,46.1,2536.12,4,2,0,1,1,0,0,1,1,0
64,107.58,6116.64,4,2,1,2,2,0,2,0,0,0
35,95.23,3273.57,3,2,1,3,0,0,2,0,0,1
70,21.76,1700.72,1,1,2,2,2,3,2,0,0,0
30,71.7,1991.27,4,4,0,2,2,2,2,0,1,0
71,72.96,4983.78,4,4,2,3,2,3,0,1,0,0
63,60.09,4178.57,2,0,0,2,0,3,2,0,0,0
28,49.74,1441.93,2,2,2,2,2,2,0,0,1,0
60,88.17,5689.69,4,2,0,1,1,2,1,0,0,0
37,40.78,1379.37,3,4,0,1,1,0,2,1,1,1
22,99.89,2340.42,1,4,2,2,1,2,0,0,1,1
68,100.3,6263.29,4,1,2,0,0,3,0,0,0,0
20,61.53,1410.42,3,3,0,2,1,2,2,1,1,1
68,48.35,3347.2,3,2,1,3,1,3,1,1,0,0
64,48.39,3278.58,4,3,0,0,1,1,2,1,1,0
17,68.23,1027.11,3,0,0,1,2,0,2,1,0,1
12,91.96,1020.95,5,2,0,0,1,2,2,0,0,1
22,55.89,1096.63,3,2,0,1,1,3,1,0,0,0
17,81.0,1331.7,4,4,1,0,1,3,0,0,0,0
10,58.25,544.76,3,0,0,2,2,1,2,0,0,1
65,50.45,3508.55,4,3,0,1,2,1,0,1,1,0
22,22.49,436.62,2,6,2,3,3,1,1,0,0,1
50,20.39,1096.67,4,1,0,0,2,0,1,0,1,0
14,42.72,516.58,3,3,1,2,0,3,1,1,1,1
64,60.64,3534.06,4,1,2,0,2,1,1,1,1,1
47,105.13,5373.7,1,3,0,0,1,3,2,1,0,0
29,99.85,3106.5,4,1,0,3,1,0,1,0,0,1
36,46.72,1669.85,4,3,1,0,3,1,1,1,1,0
52,44.45,1999.53,1,2,1,3,1,2,1,0,0,1
7,42.73,308.99,1,4,1,1,2,3,1,1,0,0
29,53.92,1520.03,1,2,1,3,3,0,0,1,0,0
11,69.82,725.75,5,2,2,3,1,0,1,1,1,0
33,63.87,2196.38,4,1,0,1,0,2,2,0,1,0
6,41.83,246.19,1,0,1,3,1,3,2,1,0,1
32,33.05,928.15,1,1,0,2,0,1,1,1,0,0
51,21.26,1219.43,2,3,0,0,0,0,2,0,1,1
58,35.4,2224.51,5,1,0,3,3,0,1,0,0,1
26,90.54,2040.65,4,3,0,0,3,3,2,1,1,1
46,44.36,2056.08,3,2,2,3,2,0,2,0,0,0
29,66.86,1696.6,5,2,0,1,2,0,1,0,1,0
4,79.13,348.55,5,3,0,1,0,0,0,0,1,1
13,108.68,1460.8,2,3,0,0,2,2,1,0,0,1
39,108.89,3829.25,4,3,0,0,1,0,1,1,1,0
15,94.57,1214.64,4,0,1,0,1,0,1,0,1,1
29,23.52,586.12,1,1,1,1,1,2,1,0,1,0
29,77.51,2252.67,1,0,2,0,2,1,0,1,0,0
32,98.66,3379.05,5,2,1,3,0,0,1,1,0,0
2,21.73,38.51,2,1,1,3,0,2,2,1,0,1
47,74.97,3228.9,4,5,0,0,2,2,1,0,1,1
22,105.78,2206.49,2,3,1,1,2,1,1,1,0,1
27,67.41,1666.14,3,2,0,3,1,3,0,0,1,1
67,20.41,1322.93,4,2,2,1,0,0,1,1,0,0
56,21.1,1202.81,1,1,2,1,3,0,1,0,0,0
21,61.66,1366.78,5,1,2,1,0,1,2,0,1,0
47,35.5,1900.69,2,1,0,0,2,2,0,0,0,1
59,86.45,5759.48,1,0,0,1,0,3,1,1,1,1
6,90.88,556.75,5,3,2,1,2,2,0,1,0,1
19,37.79,768.41,1,5,1,0,2,2,2,1,1,1
57,108.85,7043.89,4,1,1,2,2,1,1,0,0,1
69,64.19,3875.7,2,3,0,3,1,1,2,1,0,0
3,34.28,87.6,3,2,2,0,0,3,2,0,1,0
1,96.43,82.82,1,2,1,3,2,2,2,0,0,1
58,99.0,5850.97,2,0,0,0,1,0,0,0,1,0
38,83.93,3440.8,4,0,2,0,2,0,1,1,0,0
15,105.35,1517.18,1,1,0,0,2,2,2,0,0,1
34,93.74,3230.32,4,3,1,3,1,0,1,1,0,1
61,108.22,6633.87,3,3,0,0,3,2,2,0,1,0
35,63.39,1948.89,3,2,1,0,1,2,1,0,1,0
64,94.76,5740.02,5,2,0,0,2,3,1,1,0,0
25,119.98,2566.96,5,1,0,3,2,0,2,0,1,1
24,92.49,1960.58,5,3,1,2,2,3,2,0,1,1
12,31.42,412.29,4,2,0,0,2,0,0,0,1,0
18,71.83,1420.75,5,1,2,0,2,1,1,0,0,0
15,78.73,1288.0,2,1,0,0,2,3,1,1,0,0
27,37.42,1079.12,4,2,2,0,1,0,1,1,0,0
60,116.29,7591.31,4,5,0,0,2,0,0,0,0,1
46,37.56,1816.29,5,2,1,2,0,0,1,1,0,0
17,37.76,674.55,5,2,0,1,0,0,2,1,1,1
53,111.52,6207.14,4,2,0,1,0,2,0,1,0,0
8,66.52,534.41,3,5,1,0,1,3,2,0,0,1
27,26.32,681.48,3,0,0,3,3,0,0,1,0,0
46,79.82,3925.22,5,1,2,2,2,2,1,1,0,0
50,80.18,3766.96,3,1,0,2,3,3,1,1,0,1
71,26.45,1902.13,2,0,2,2,0,2,1,0,0,0
3,117.25,344.72,2,3,1,1,2,1,2,0,0,1
64,74.4,4442.69,2,1,1,3,1,3,2,1,1,0
44,75.98,3819.18,4,3,0,1,0,2,1,1,1,0
53,72.01,3540.39,4,1,0,2,2,3,1,0,1,1
24,81.07,1834.44,4,2,0,1,1,0,1,0,1,1
60,46.43,2502.97,4,1,1,1,1,1,0,1,1,0
3,48.72,160.34,4,5,1,0,1,1,0,0,1,1
20,71.13,1459.63,5,1,1,0,2,1,2,1,0,0
46,100.67,4787.79,3,5,2,0,2,2,1,0,1,0
15,24.99,410.84,5,0,0,2,1,2,1,0,0,0
25,80.34,1913.86,3,2,0,0,1,2,2,1,1,1
71,100.68,6491.14,5,1,0,2,0,1,0,0,0,0
17,35.69,551.86,2,2,2,0,0,3,1,0,1,0
9,21.5,207.03,1,1,0,2,3,3,2,0,1,0
38,51.27,2015.01,4,2,1,1,3,2,1,0,0,0
48,78.81,3449.81,1,2,0,3,3,3,1,0,1,0
60,33.83,1813.58,1,1,0,2,2,2,0,0,1,0
63,62.61,3495.7,2,2,1,1,3,3,2,0,0,0
2,75.23,156.23,1,5,0,0,2,3,0,0,1,1
11,79.89,746.99,1,6,0,1,3,1,1,1,0,1
64,47.44,2597.49,2,2,1,1,2,3,0,0,0,0
21,60.0,1218.31,3,3,0,3,1,1,1,0,1,1
18,97.83,1862.1,5,2,0,0,1,0,2,1,1,1
64,114.12,7731.13,1,4,1,2,2,3,1,1,1,1
38,106.19,3950.55,4,4,1,2,2,3,0,1,1,1
32,76.43,2585.9,2,2,0,2,2,1,1,0,0,0
11,61.03,675.57,1,1,1,0,2,1,2,0,1,1
45,53.3,2741.45,3,2,1,2,2,1,0,0,1,0
33,32.5,963.77,3,2,0,3,0,0,1,1,1,0
41,30.66,1294.82,4,1,1,1,1,0,2,0,1,0
8,88.84,708.82,1,4,1,0,3,0,2,1,1,1
11,45.98,459.41,4,2,0,2,2,1,2,0,0,1
51,45.47,2492.68,3,0,1,1,1,0,0,0,0,0
41,119.82,4581.75,3,3,1,1,3,3,1,1,1,0
17,38.79,636.07,5,1,2,3,1,3,0,0,0,1
46,34.81,1540.95,3,4,1,2,1,1,1,1,1,0
32,29.87,882.45,2,2,0,0,1,2,0,1,0,0
54,77.98,4123.41,5,4,0,1,3,3,0,0,1,1
20,82.79,1642.49,4,5,2,3,2,0,1,1,1,1
33,56.52,2001.91,3,2,2,1,1,2,2,1,0,0
40,73.54,3175.58,2,0,0,3,3,3,2,0,0,0
32,98.84,2838.89,5,4,0,3,3,3,0,1,0,0
2,101.81,209.29,2,1,1,1,2,3,1,1,0,1
33,115.79,4275.28,5,3,1,1,3,1,0,0,1,0
30,102.43,2712.17,5,3,0,2,2,2,1,0,0,1
33,76.48,2503.47,5,1,1,0,2,0,2,1,0,1
26,37.97,1061.25,4,4,0,3,1,3,2,0,1,1
22,29.98,681.54,5,3,0,3,1,0,2,1,0,1
66,25.45,1478.5,5,1,0,1,0,1,2,0,0,0
38,86.65,3190.66,2,1,1,1,2,0,1,1,1,0
46,100.75,4644.73,5,4,2,1,0,2,2,0,0,0
15,70.87,1221.15,4,0,0,0,1,2,2,0,0,1
44,25.47,1012.68,2,2,0,1,1,0,1,1,1,0
49,73.55,4125.37,5,1,2,3,1,0,2,1,1,0
61,113.57,6670.66,2,1,0,3,1,1,2,1,1,0
67,79.76,4863.56,4,3,1,3,2,2,2,1,1,0
6,100.94,590.05,2,4,1,0,3,3,1,1,0,1
9,100.02,930.92,4,1,0,0,3,0,1,0,0,1
6,113.21,620.89,3,2,0,0,2,2,2,1,1,1
32,97.02,2910.47,5,0,2,0,3,1,1,1,1,0
41,94.77,4298.86,4,2,1,2,1,3,2,0,0,0
8,43.41,399.27,5,2,0,2,2,2,2,0,0,1
50,25.99,1228.73,4,3,2,2,1,1,2,1,0,1
62,71.76,3980.43,1,1,0,1,3,3,0,1,1,0
62,32.44,2188.41,1,1,0,0,1,2,1,1,1,1
7,116.22,838.05,1,2,1,0,2,1,2,1,1,1
4,48.99,172.48,4,0,1,2,2,0,1,1,1,0
6,105.29,716.44,5,1,0,2,2,0,2,1,1,1
58,58.76,2976.79,1,5,0,0,0,1,2,1,1,0
22,52.32,1194.31,5,2,1,2,2,3,0,1,1,0
26,113.52,2884.06,4,3,1,1,2,2,0,0,1,1
3,56.33,171.87,5,3,2,1,1,3,2,0,1,0
41,59.03,2211.96,5,3,0,1,2,2,0,1,0,1
60,30.61,1940.19,1,2,1,3,3,2,1,1,0,0
14,87.04,1386.69,2,3,0,3,3,3,2,0,0,1
12,48.88,579.29,3,2,2,0,1,0,1,0,1,1
12,78.56,949.22,4,2,0,3,0,0,2,1,0,1
13,79.14,948.46,4,3,1,2,1,2,1,1,1,1
25,91.92,2568.15,4,0,2,1,2,0,1,0,1,0
45,94.52,4854.84,3,0,2,1,3,0,1,0,0,0
19,71.45,1474.05,2,3,1,3,3,0,0,1,0,1
55,53.1,2957.93,5,1,1,1,3,3,2,0,0,0
45,103.75,5308.3,4,2,2,1,2,1,0,0,0,0
8,50.99,365.53,5,2,2,1,2,1,0,0,1,0
53,70.75,3725.6,1,4,1,2,0,0,2,0,0,0
55,60.13,3344.2,1,2,1,3,1,0,2,1,1,0
32,105.51,3368.06,1,1,0,1,3,3,2,1,1,1
51,63.19,3515.17,4,1,0,1,2,0,0,0,1,0
44,58.61,2710.67,3,0,0,1,1,2,0,1,0,0
70,88.98,5531.13,4,0,0,0,0,1,1,0,1,0
18,80.24,1377.86,1,0,1,2,1,2,1,1,1,0
22,30.72,643.31,1,1,0,3,2,3,0,1,1,1
37,70.82,2671.82,4,0,0,1,3,0,0,1,1,0
56,93.55,4910.93,3,2,0,2,0,3,2,0,1,0
59,119.21,6225.7,3,1,0,1,1,3,2,0,1,0
3,82.91,260.21,5,2,0,3,2,0,0,0,1,1
28,57.03,1764.98,2,4,2,3,1,2,2,1,1,0
35,42.62,1684.66,1,1,1,0,1,3,1,1,1,0
61,107.28,7472.07,3,3,0,0,1,0,2,1,0,0
54,101.46,5940.69,1,2,0,0,1,1,2,1,0,1
63,43.39,2438.23,2,4,1,0,2,1,1,1,0,1
7,40.06,310.15,1,4,1,1,3,0,1,1,1,1
49,91.51,4349.59,3,4,0,2,2,1,1,0,1,0
31,51.5,1706.46,5,2,0,1,2,3,2,1,1,1
58,50.64,2964.66,4,3,0,0,1,0,0,1,0,1
61,35.23,2360.82,4,2,0,0,2,0,1,0,0,1
24,46.4,1088.66,3,0,0,1,2,3,1,0,0,1
20,62.75,1090.03,3,2,1,1,1,3,1,1,0,0
37,93.28,3510.34,2,2,2,2,2,0,2,1,1,1
4,53.63,193.37,1,4,0,2,1,1,2,0,1,1
20,52.86,1204.85,2,3,1,3,2,2,0,0,0,1
60,48.49,2933.01,4,0,2,2,2,1,1,0,1,0
24,67.83,1654.04,1,1,1,2,2,1,1,0,0,1
50,38.06,2135.71,2,2,1,0,3,2,2,1,1,1
49,68.56,3485.16,4,3,2,0,3,3,1,0,1,0
51,90.42,4338.39,1,3,0,3,2,1,2,1,0,1
36,22.98,776.64,5,2,0,3,3,0,1,1,1,0
66,20.98,1385.2,5,1,2,2,0,1,1,1,0,0
34,27.51,1038.3,2,1,0,2,1,3,2,0,0,0
36,73.57,2882.54,3,2,1,3,0,0,0,1,0,0
6,105.45,720.5,1,3,2,3,1,3,2,0,0,1
39,20.49,696.42,2,1,0,0,1,0,0,1,1,0
42,113.67,4442.18,3,1,1,3,3,3,2,0,1,1
58,30.63,1552.7,3,0,1,0,2,1,2,0,0,0
12,104.2,1344.56,1,2,0,0,2,3,2,1,1,1
3,68.29,182.78,1,5,0,3,1,2,1,1,1,0
18,85.94,1361.17,3,1,1,3,2,1,1,0,0,0
40,71.07,2895.33,4,2,0,2,2,3,1,1,0,1
21,67.7,1384.05,2,1,0,2,1,1,2,0,0,1
15,103.49,1652.52,1,1,0,0,3,3,0,1,1,1
26,95.59,2475.62,3,1,1,0,1,3,1,0,1,0
8,68.34,534.48,4,2,2,3,3,1,2,1,0,0
42,31.16,1279.62,5,2,1,1,0,0,1,0,0,0
44,31.54,1542.6,3,1,0,1,2,0,1,1,1,0
14,100.15,1358.08,4,0,2,3,3,3,1,0,0,1
2,72.94,138.59,5,0,0,0,2,2,2,0,0,1
37,68.16,2399.72,4,4,0,0,2,2,1,0,1,0
69,88.06,5522.88,1,3,0,1,2,3,2,1,1,0
38,105.88,4458.98,3,3,0,2,1,3,1,1,0,1
41,82.89,3038.12,5,2,0,0,0,1,2,0,0,0
62,96.28,6701.44,4,1,0,3,1,2,1,1,1,0
60,96.53,5415.4,5,3,0,0,1,1,0,1,0,0
14,55.63,872.08,2,2,1,0,3,0,2,1,0,0
2,47.41,103.09,3,2,0,2,3,1,1,0,0,1
70,100.12,7180.52,1,3,1,1,1,3,1,0,0,1
17,57.72,1031.09,5,2,1,2,2,1,1,0,0,1
28,110.33,2927.93,4,0,0,3,1,1,1,1,0,0
66,26.97,1819.6,5,3,2,3,1,1,1,1,1,0
35,25.82,847.48,4,3,0,2,2,3,1,1,0,0
5,112.7,546.98,5,2,0,3,1,3,1,1,1,1
65,84.85,5952.84,1,4,0,3,0,2,0,0,1,0
40,57.96,2140.3,1,0,1,0,2,1,1,1,0,0
56,95.51,5892.02,3,2,1,3,3,0,2,1,0,0
36,87.23,3023.44,1,2,1,0,2,1,2,0,1,1
45,73.12,3322.16,5,2,0,3,1,0,1,1,1,1
23,29.89,778.55,5,3,0,1,1,2,1,1,0,1
47,101.22,5015.93,1,0,1,2,2,1,0,1,0,0
31,106.6,3449.02,2,0,2,1,2,0,2,0,0,0
11,37.22,435.37,5,0,1,2,3,1,1,1,1,0
10,105.05,1182.28,3,2,0,0,3,1,1,0,0,1
67,107.78,6676.74,2,1,0,1,3,2,1,1,0,0
14,74.94,1084.84,1,1,0,2,2,0,2,0,0,1
10,85.62,830.59,4,2,1,0,1,0,1,0,1,0
1,58.22,49.7,5,5,0,3,2,3,0,0,1,1
5,48.18,213.82,4,4,0,3,2,0,1,0,1,1
20,92.2,1747.15,3,3,1,0,1,1,2,1,0,1
8,106.19,866.07,2,1,0,2,2,2,1,0,0,1
43,85.41,4092.83,4,1,1,0,1,3,1,1,0,0
1,71.16,77.37,3,1,1,2,3,3,1,0,1,1
57,35.89,2078.61,4,3,0,2,1,1,0,0,0,0
64,25.35,1414.76,4,1,2,2,2,2,1,0,1,0
28,64.57,1691.82,3,0,1,3,1,3,2,1,0,0
37,24.93,885.7,5,5,0,2,2,2,1,0,0,1
47,76.93,3747.91,4,1,2,0,1,0,2,0,0,0
37,58.27,1874.68,3,2,1,3,2,3,2,0,1,0
49,95.72,4732.71,4,1,1,2,1,3,1,1,0,0
44,50.56,2492.81,5,0,1,3,1,2,2,1,0,0
56,79.3,4714.38,3,0,0,3,0,3,2,0,1,0
28,73.77,2249.6,4,0,0,2,2,0,1,0,1,0
6,20.47,129.52,1,2,1,2,2,3,1,1,1,0
61,27.24,1515.32,5,2,0,0,2,1,1,0,1,0
20,49.04,866.13,4,2,2,3,0,3,2,0,1,1
2,108.22,237.84,2,2,0,1,1,1,2,1,0,1
37,34.7,1359.26,3,1,1,3,3,3,2,0,0,0
20,91.09,1862.81,4,3,0,2,2,3,0,1,0,1
26,117.34,2766.38,5,2,1,1,0,3,2,0,1,1
29,99.06,2961.71,5,4,1,1,1,2,1,1,1,1
1,44.29,38.07,2,3,1,2,2,3,0,1,1,0
35,110.84,3435.69,2,1,0,3,1,3,2,0,0,1
70,29.31,1935.96,4,1,0,1,2,0,2,0,1,0
59,66.81,3875.5,1,2,2,1,2,0,0,0,0,1
69,108.75,6649.85,5,3,2,3,1,1,0,1,1,0
33,84.13,2459.64,1,3,0,2,2,2,1,0,0,1
51,61.36,3341.67,1,2,0,3,2,0,2,1,0,1
12,49.28,603.74,4,0,0,3,1,0,2,1,1,1
20,57.51,1161.84,3,1,2,0,1,2,2,0,1,0
53,70.89,3703.77,3,3,0,1,2,1,1,0,1,0
43,51.9,2550.97,3,4,0,2,0,3,1,0,0,0
50,116.9,5055.44,2,2,0,2,2,3,1,0,1,0
29,113.31,2971.09,5,4,1,1,3,3,0,0,0,1
57,107.07,6372.89,2,3,2,1,3,0,2,0,1,0
39,62.18,2160.58,5,1,0,1,1,0,1,0,1,0
56,89.13,5125.13,5,2,0,2,2,2,1,0,0,1
43,110.28,4838.57,5,3,1,3,3,2,1,1,1,0
50,105.04,5994.28,4,2,0,3,1,3,1,1,0,1
23,61.43,1575.46,3,2,0,2,0,3,1,1,0,1
44,31.24,1558.22,2,2,2,3,1,3,0,0,1,0
38,27.56,925.98,2,1,2,0,3,0,2,1,0,0
23,77.71,1984.64,4,3,2,0,2,3,1,1,1,0
45,84.26,3369.9,5,4,0,2,2,0,1,0,1,1
52,104.98,5676.89,3,1,0,3,2,3,2,1,0,0
50,49.25,2625.16,1,1,1,0,2,2,2,1,0,0
8,36.75,264.07,1,1,0,3,0,2,1,1,0,1
1,57.9,60.2,4,2,0,1,2,0,0,0,0,0
8,55.36,383.4,3,3,0,3,2,3,2,0,0,1
29,33.25,904.36,1,2,2,0,2,3,0,0,1,0
5,87.23,491.25,1,4,1,0,2,2,2,0,0,0
47,70.87,3002.83,2,2,0,2,2,0,2,1,0,0
34,92.11,2723.37,3,1,0,2,3,2,1,1,0,1
65,55.27,3531.79,1,4,2,1,1,0,0,1,1,0
55,52.57,3195.49,2,1,2,0,2,0,1,1,1,0
43,67.26,2524.79,3,2,1,2,2,2,1,0,0,0
30,107.74,3092.14,5,5,0,2,2,1,1,1,0,1
17,24.03,457.47,3,0,0,2,2,3,1,1,0,1
26,100.48,2313.29,4,2,1,1,0,0,2,0,0,0
8,56.9,429.34,2,2,2,1,1,3,2,1,0,0
47,105.46,5370.72,5,1,0,0,0,3,1,1,1,0
46,100.22,4669.9,2,4,1,1,1,3,2,0,0,1
68,54.88,4103.61,2,7,0,0,2,3,0,0,1,1
33,89.39,2606.08,1,5,0,0,2,1,1,0,1,1
1,35.96,40.5,3,2,0,0,2,1,0,0,0,0
19,109.63,2354.7,2,4,2,2,0,3,2,0,1,1
31,60.45,1680.15,2,3,0,3,1,2,2,1,0,1
14,65.56,789.52,4,2,0,2,2,3,2,1,1,1
53,90.58,5505.97,4,2,0,2,2,0,1,0,1,0
48,102.08,4873.94,4,1,2,1,3,3,1,0,1,0
69,43.63,3075.87,2,2,1,2,3,1,1,0,0,0
62,86.14,5526.06,5,5,0,0,3,0,1,0,1,1
66,59.2,4246.72,3,0,0,3,1,0,0,0,0,0
64,56.87,3980.36,2,0,1,1,2,1,0,0,0,0
70,89.0,5658.11,1,3,0,3,1,1,1,0,1,1
63,58.72,3406.98,5,2,0,1,0,0,0,1,1,1
33,54.61,2005.89,5,2,1,2,0,1,0,1,1,0
41,103.59,4654.25,3,4,0,2,1,1,2,1,1,1
48,30.13,1497.15,5,2,2,2,0,3,1,1,1,0
13,87.59,1307.65,3,1,0,2,3,0,2,0,0,1
31,44.87,1489.19,5,4,0,1,1,1,1,1,1,1
68,21.55,1340.47,3,0,0,1,2,1,1,0,0,0
4,36.68,161.96,4,3,1,0,3,0,0,1,0,0
19,80.67,1493.45,4,1,0,1,3,3,0,1,0,0
70,90.91,5478.33,5,3,1,1,3,1,2,1,1,0
13,22.11,271.98,5,2,0,2,2,3,1,0,0,1
23,23.64,586.77,3,2,0,0,1,3,2,0,1,0
1,110.25,125.48,3,2,2,3,2,3,2,1,0,1
54,27.33,1376.73,2,2,2,1,2,2,2,0,1,0
71,109.42,7177.92,4,0,1,3,3,0,2,0,1,1
15,42.82,654.51,2,2,2,2,3,2,2,1,0,1
65,94.0,6681.44,2,2,0,2,2,0,1,0,0,0
71,50.97,3886.77,1,2,0,3,2,3,2,0,0,0
15,105.88,1616.69,3,0,0,3,3,3,1,0,1,1
21,90.05,1965.49,1,2,2,0,3,3,1,0,1,0
19,60.18,1054.98,1,3,1,1,1,3,1,1,1,1
60,27.63,1624.28,2,2,0,1,2,3,1,0,1,0
33,93.27,2852.02,1,1,0,1,2,2,0,1,1,1
49,81.69,4464.35,3,0,0,1,1,3,2,0,0,1
35,20.29,627.64,2,0,0,0,2,3,1,1,0,0
44,20.94,971.13,3,1,0,2,0,3,0,1,1,1
11,100.88,1029.87,5,2,0,3,1,2,1,0,0,1
66,45.94,3009.82,1,1,0,2,1,1,2,1,0,1
46,83.61,3614.76,2,0,0,0,2,0,1,1,1,1
9,65.42,557.57,4,1,1,1,0,0,1,0,1,0
3,106.34,296.1,3,3,1,2,0,1,1,0,1,1
26,111.7,3124.34,1,0,0,1,3,1,1,1,0,1
48,119.68,5513.25,3,1,1,3,1,2,2,1,1,1
66,35.37,2492.83,3,1,0,2,1,0,2,1,1,0
70,106.3,7342.69,5,2,0,1,2,1,2,1,0,0
28,46.6,1323.35,3,2,2,0,1,1,0,1,1,1
26,79.08,2082.82,5,1,0,3,2,2,0,1,0,1
25,70.58,2016.31,5,1,0,1,1,2,2,1,1,1
12,21.8,251.15,5,2,2,1,2,3,1,1,1,0
5,113.28,516.72,1,2,0,0,2,1,1,0,1,1
48,27.83,1501.01,3,0,0,3,3,2,2,0,1,1
37,88.82,2965.83,3,3,2,0,1,0,1,1,1,0
44,98.5,4768.85,5,3,0,3,1,2,1,0,1,1
15,99.53,1336.27,3,3,1,1,3,0,0,1,1,1
43,33.55,1511.32,3,1,0,1,2,3,0,1,0,1
48,64.76,2782.46,5,1,0,3,2,1,2,1,0,0
70,102.94,8120.63,4,1,1,1,1,1,0,0,0,1
46,50.27,2357.42,4,3,0,2,2,2,1,0,1,0
43,66.77,2724.26,5,0,1,1,1,3,2,0,0,0
21,47.28,885.73,1,1,2,3,1,1,2,1,0,1
23,66.36,1467.19,3,2,0,2,2,2,2,0,0,1
47,108.78,5427.31,3,4,2,3,3,2,2,1,0,0
15,65.51,948.77,4,4,0,2,1,2,1,0,0,1
25,75.59,1745.83,5,0,0,2,1,2,2,0,1,1
36,60.4,2224.81,1,9,2,0,1,0,2,1,0,1
51,66.01,3283.6,5,0,0,0,2,3,2,1,0,0
15,21.52,290.4,4,0,0,2,2,0,0,1,0,1
68,48.37,2948.01,4,0,1,2,1,1,0,0,1,0
21,63.66,1420.02,3,0,0,2,2,3,1,0,1,1
13,83.38,1238.29,2,0,0,0,1,2,2,0,0,1
19,65.01,1136.2,1,4,1,0,1,1,1,1,1,1
34,53.78,1978.42,1,1,2,0,0,2,2,1,1,1
68,58.81,3504.31,2,2,0,2,0,1,1,1,0,0
52,44.23,2218.22,4,2,0,2,0,3,0,0,1,0
27,112.45,3042.23,5,1,0,3,1,3,2,0,0,1
29,72.17,1947.85,1,3,0,1,2,0,1,0,1,1
28,21.34,602.85,2,1,2,1,0,3,1,1,1,0
35,21.94,856.22,3,0,2,0,1,1,2,1,1,0
8,117.3,1063.48,3,3,1,0,1,3,2,1,0,1
16,42.15,593.52,4,4,1,1,1,3,1,0,1,0
36,100.56,3372.4,1,1,2,0,1,3,2,0,1,0
30,25.83,886.2,5,2,0,2,1,2,1,0,1,1
18,112.12,1879.1,1,2,0,1,3,2,1,0,1,1
2,107.44,227.31,3,2,0,2,2,3,0,1,1,1
49,77.11,3498.89,1,0,2,1,2,1,1,1,0,0
4,20.9,80.0,3,2,0,1,2,3,1,0,1,1
7,45.78,290.79,2,0,1,0,2,1,1,1,1,1
39,60.68,2619.58,2,2,0,2,2,3,0,0,0,0
13,66.01,956.59,3,4,1,2,2,2,1,1,0,1
31,49.77,1448.81,5,1,2,3,2,1,1,0,0,0
71,23.29,1814.49,5,1,0,2,3,0,0,1,1,0
63,79.01,4766.11,1,1,1,2,1,2,0,1,0,0
56,72.42,3567.44,3,2,0,0,1,2,0,1,1,0
42,48.3,2185.66,4,3,1,3,0,3,0,0,1,1
61,23.8,1493.66,5,1,0,2,2,0,1,1,0,0
42,119.46,4677.7,5,3,0,0,1,1,0,0,0,1
56,68.2,3536.13,2,4,0,1,3,0,2,1,0,1
36,95.6,3932.69,5,1,0,2,1,3,0,1,1,1
68,65.23,4918.12,5,2,2,0,1,2,0,0,1,0
7,24.32,186.04,5,3,2,1,1,0,1,1,1,0
54,50.96,2444.75,3,3,0,2,2,1,0,0,1,0
1,52.01,55.99,3,0,0,2,2,1,0,1,0,1
44,103.84,4177.49,2,2,1,0,1,2,2,1,1,0
45,85.42,4394.56,1,3,0,1,2,3,1,1,1,0
47,47.54,1934.26,5,4,0,1,1,2,0,0,0,0
13,116.77,1450.72,1,2,0,1,2,0,1,0,0,1
22,52.15,1122.83,3,1,2,1,2,3,0,0,1,0
21,119.82,2761.03,5,3,1,2,3,1,1,1,1,1
9,119.62,1162.53,1,2,2,1,3,3,1,0,1,0
26,39.12,979.0,1,1,0,0,1,3,2,1,0,0
9,51.27,470.54,4,4,1,0,0,0,2,0,1,1
15,68.6,1132.67,3,5,1,2,2,2,2,0,1,0
10,86.41,739.2,2,2,0,0,0,0,0,1,0,1
42,72.8,3335.0,2,1,2,3,1,1,1,0,0,0
24,116.94,3182.95,4,3,2,2,0,2,0,0,0,0
49,92.4,3891.97,1,3,2,3,1,3,2,1,1,0
26,41.2,925.27,4,2,1,1,2,0,1,1,0,0
37,30.51,1076.2,4,3,1,3,1,3,0,1,0,0
68,88.84,5294.03,3,0,1,2,3,0,1,1,0,0
50,35.85,1781.12,5,4,2,1,2,1,1,0,1,0
24,98.77,2533.07,1,1,0,0,2,1,2,0,0,1
19,51.1,990.46,2,0,0,2,1,0,0,1,0,1
60,52.69,2873.45,2,2,1,1,0,1,1,1,0,0
39,21.08,860.3,4,2,2,2,2,3,2,1,1,0
18,90.1,1711.76,4,0,0,1,2,2,2,0,0,0
19,31.33,672.43,4,3,1,2,2,0,2,1,0,1
36,97.29,3131.26,1,4,0,2,1,3,0,0,1,1
55,69.19,4024.84,4,2,2,2,2,0,1,1,1,0
69,98.43,7629.8,4,0,1,2,2,2,1,0,0,0
47,78.39,3686.18,5,2,1,3,2,1,0,1,1,0
49,28.24,1326.55,1,3,1,1,2,2,2,0,0,0
33,96.57,2871.89,3,2,2,1,3,2,2,1,1,1
21,26.98,628.92,3,2,2,2,2,0,1,0,1,0
22,67.87,1445.77,5,3,2,2,0,2,1,1,1,0
48,37.23,2015.09,2,2,0,0,2,1,2,1,0,0
37,95.23,3891.25,3,1,0,1,2,0,1,0,1,1
15,111.16,1605.68,1,1,2,3,0,1,1,0,0,1
35,75.41,2697.97,2,3,2,1,1,2,2,0,1,0
71,72.71,4430.42,4,1,0,1,2,2,0,0,0,0
32,96.4,2865.57,1,4,0,1,2,1,2,0,1,0
11,20.51,239.82,2,1,0,0,3,0,2,0,0,1
10,111.78,1177.42,3,3,0,3,2,2,2,1,0,0
57,39.74,2165.8,4,2,1,2,0,3,0,1,0,0
25,118.41,3234.37,4,3,0,3,2,2,2,0,0,1
2,93.63,172.41,1,1,0,2,2,2,0,0,0,1
64,97.43,6162.76,4,1,2,2,1,3,1,1,1,0
35,85.62,2972.02,2,4,0,3,1,0,0,0,0,1
7,67.17,447.71,5,1,1,0,1,0,0,1,1,1
18,77.16,1578.38,3,1,0,0,1,2,2,1,1,1
67,24.64,1748.31,1,3,1,2,2,3,2,1,1,0
42,82.4,3501.33,5,0,0,0,0,0,1,0,1,0
39,82.61,3231.95,5,2,0,0,1,3,0,1,1,0
41,109.12,4016.64,1,1,0,0,1,3,1,0,0,1
24,70.57,1628.64,2,3,2,0,2,3,1,0,1,0
60,27.71,1749.06,3,1,1,2,1,3,1,0,0,0
46,50.62,2625.08,1,1,0,0,0,1,1,1,0,1
19,85.56,1780.04,5,3,2,3,1,2,2,1,1,0
68,43.93,2808.09,5,1,0,3,1,1,1,1,0,0
42,48.05,1978.23,1,3,2,2,1,3,1,0,1,0
32,102.05,2856.91,5,3,0,1,2,0,2,1,0,1
39,78.43,2693.78,1,4,0,0,0,0,0,1,0,1
36,70.85,2527.92,1,3,0,3,0,1,2,1,1,1
36,51.85,1883.35,3,3,1,1,1,3,2,1,0,0
3,93.09,259.51,1,0,0,3,3,3,1,1,0,1
8,48.77,406.89,5,3,0,3,1,0,0,0,0,1
70,93.71,6959.66,4,2,0,1,3,2,1,0,1,0
41,27.01,1040.68,3,4,2,0,2,1,0,0,1,0
68,106.45,7800.09,5,1,2,2,1,1,2,0,0,0
13,69.96,829.12,5,1,1,2,2,2,1,0,0,1
49,63.85,3170.22,3,0,1,2,2,3,1,1,1,0
60,81.1,5310.34,3,2,1,0,2,0,2,0,0,0
2,82.42,166.67,5,0,0,0,2,1,1,1,1,1
60,33.2,2236.04,4,2,2,3,2,1,2,1,1,0
5,95.62,414.79,2,2,0,2,0,3,1,1,0,1
44,47.59,2149.57,5,1,1,2,2,2,1,1,1,0
27,110.5,3038.67,3,0,1,3,2,0,0,0,1,1
32,101.79,3413.81,1,4,1,3,1,3,2,1,0,1
21,54.63,1261.9,1,3,2,1,3,1,2,1,1,0
8,100.77,860.82,3,2,0,1,0,0,0,0,0,1
50,55.64,3024.22,3,0,1,0,3,3,1,1,0,0
67,30.09,1888.6,2,1,1,2,2,1,2,1,1,1
44,116.19,4939.76,3,0,0,3,2,0,2,1,1,1
58,85.26,5133.17,1,3,0,2,3,3,2,0,0,1
3,65.61,199.99,4,2,2,0,2,1,2,1,1,1
70,59.78,4763.25,3,0,0,2,1,0,2,1,0,0
2,52.47,95.08,2,1,0,3,2,0,1,0,0,0
44,118.14,4966.44,4,3,0,3,0,1,0,0,0,1
2,33.47,68.41,2,1,1,3,1,0,1,0,0,1
35,51.48,2000.72,4,2,2,0,3,0,2,1,1,0
30,68.55,2321.38,3,1,0,3,1,2,2,1,0,1
8,67.8,515.72,1,2,1,1,0,2,0,0,1,1
22,67.14,1285.19,4,3,0,3,2,2,1,1,0,1
44,37.58,1614.57,5,1,0,2,1,3,0,0,0,0
58,34.49,1937.2,2,2,2,3,1,3,2,1,0,0
36,45.48,1876.1,4,1,0,3,2,2,1,1,0,1
69,111.45,7531.18,2,2,0,2,2,0,2,1,1,0
31,31.31,913.9,1,2,1,0,1,1,0,0,0,0
47,95.74,4318.16,2,3,0,0,2,3,2,1,0,1
55,95.75,5103.66,2,1,1,0,3,1,1,1,1,0
62,100.98,6864.48,5,0,2,0,3,2,1,1,0,1
30,108.66,2850.1,2,2,0,3,2,1,1,1,1,0
55,46.3,2406.51,4,4,0,3,1,1,1,1,0,0
16,42.46,774.33,2,2,0,1,1,0,1,1,0,1
12,66.55,715.5,3,2,0,0,3,0,1,0,0,1
17,46.51,848.2,2,2,0,2,1,1,2,1,0,1
16,93.43,1430.49,3,2,2,2,3,0,0,0,0,1
12,83.59,1027.74,2,1,1,2,1,2,1,0,0,1
8,107.5,756.67,2,0,0,2,3,2,2,1,0,1
3,28.27,79.9,4,0,2,1,0,1,0,0,0,1
16,111.51,1784.6,3,2,0,1,1,3,2,0,0,1
30,49.33,1360.92,3,2,1,1,2,1,2,1,1,0
23,69.07,1608.55,5,1,0,0,3,3,2,0,0,0
5,63.86,292.46,2,0,0,3,2,3,0,1,1,0
65,96.03,6523.11,2,1,1,2,1,3,2,1,1,0
30,62.03,2086.75,4,2,0,2,3,2,2,0,1,0
21,114.36,2102.83,5,3,1,1,2,1,1,0,1,1
70,110.25,7061.61,5,1,0,0,0,3,1,0,0,1
22,107.22,2602.48,4,4,0,1,1,1,1,1,0,1
32,27.13,902.28,3,1,1,2,2,0,1,0,0,0
33,105.43,3039.34,1,3,2,2,1,0,1,1,0,0
16,98.16,1564.19,4,1,0,1,3,3,0,1,0,1
38,30.35,1052.92,3,2,0,2,1,2,1,1,1,0
14,30.74,391.53,5,1,1,3,2,2,1,1,1,0
36,30.12,1227.51,4,3,1,3,1,3,1,0,1,0
23,21.13,524.2,1,1,1,1,2,2,1,0,0,0
66,74.86,5231.86,2,3,1,3,1,2,2,1,0,0
2,117.34,216.3,4,0,2,3,1,3,1,1,1,0
65,63.87,3676.41,1,0,0,1,1,2,2,1,1,0
67,74.08,5515.22,1,3,1,1,0,0,1,0,1,0
52,116.8,5173.14,4,2,1,1,1,1,0,0,1,0
62,45.52,2727.39,3,2,1,3,1,3,2,0,0,1
23,105.85,2272.06,4,4,0,2,0,2,1,0,1,1
26,74.64,1981.59,5,1,1,0,0,2,0,0,1,1
68,76.95,4840.81,1,3,1,2,3,3,1,1,1,1
55,54.32,2818.25,1,2,1,1,1,0,0,0,1,0
6,76.16,504.94,2,6,0,2,1,0,2,0,1,0
35,27.31,985.59,1,2,1,0,1,0,1,0,0,0
22,96.46,1896.63,2,1,2,2,2,0,2,0,1,1
43,48.47,2225.76,1,1,2,1,2,1,0,0,1,0
15,108.76,1488.24,1,1,1,0,1,3,1,0,1,1
60,56.79,3338.63,4,4,1,3,1,1,2,1,1,1
12,34.28,429.48,4,2,0,2,2,0,1,1,0,0
49,89.59,4089.46,5,4,0,3,3,0,0,0,1,0
42,36.46,1477.99,3,4,0,3,3,3,1,1,1,0
38,95.37,3878.55,5,0,2,0,0,2,0,1,0,0
45,116.81,5947.07,1,1,0,3,2,3,2,0,0,1
35,97.96,3458.51,5,1,1,3,0,1,1,0,1,0
30,22.24,569.24,4,3,2,2,2,2,1,0,0,1
30,79.99,2283.37,1,2,2,0,1,0,2,1,0,0
6,89.54,520.91,1,4,1,1,1,3,1,0,0,1
67,102.55,6539.08,5,1,1,1,2,2,2,1,0,0
7,25.6,175.78,2,1,1,0,2,3,1,0,0,0
52,68.01,3677.32,3,4,0,3,2,0,2,1,1,1
14,73.54,912.5,5,5,0,2,0,1,1,0,0,1
15,36.91,515.92,5,2,0,3,2,2,2,1,0,1
21,52.24,1099.66,3,2,0,1,2,2,0,0,0,1
35,64.02,2116.8,1,2,2,2,0,2,1,0,1,0
66,103.32,7823.82,1,1,0,0,1,1,0,0,0,1
2,112.94,221.24,2,4,1,3,2,1,1,0,1,1
35,82.84,3221.15,5,2,0,3,1,2,1,0,0,1
20,59.49,1331.43,3,1,2,2,2,2,1,0,1,0
10,45.4,499.8,5,3,0,3,2,2,2,1,1,1
25,118.21,2553.62,4,1,0,0,3,0,1,1,1,1
66,118.3,8856.72,5,1,0,2,3,3,2,1,0,0
25,112.5,2499.2,5,3,2,0,1,0,1,0,1,1
54,98.57,4579.16,4,1,0,0,1,0,1,1,1,0
33,52.58,1690.5,4,0,2,0,1,1,1,0,1,0
36,101.7,3325.8,3,1,1,0,0,2,1,1,0,0
14,60.88,771.56,1,4,0,3,1,0,1,0,1,1
65,52.68,3206.07,2,2,0,2,2,2,2,1,0,0
54,94.49,4717.16,4,0,1,3,2,1,2,1,1,1
52,27.97,1534.82,1,3,0,1,3,0,1,1,0,0
3,24.86,67.56,3,3,2,0,0,2,0,0,0,0
41,64.8,2690.97,5,4,0,0,2,1,1,0,1,1
6,64.56,443.91,3,2,1,1,2,1,1,0,0,0
25,109.56,2683.55,3,2,1,1,1,0,1,1,1,1
13,32.62,442.05,4,3,1,0,1,1,2,0,0,1
8,32.33,295.04,2,1,0,3,2,3,2,0,0,1
21,34.75,650.33,4,3,2,3,1,1,2,0,1,0
68,22.97,1524.06,5,1,1,0,3,0,1,1,0,0
25,27.17,750.7,4,2,1,2,2,2,1,0,0,0
68,85.99,6605.44,5,3,1,1,1,3,1,0,0,0
45,63.16,2928.45,4,3,1,3,1,1,1,1,0,0
60,96.36,5163.14,2,0,2,2,0,2,2,1,0,0
12,119.26,1603.48,1,2,2,0,2,2,2,1,0,0
32,85.9,2480.44,2,2,0,0,2,2,1,1,1,1
13,25.05,311.22,4,2,0,3,2,0,1,0,1,1
31,30.46,908.88,3,1,2,3,2,1,1,0,1,1
20,108.1,2127.82,1,1,0,0,2,3,2,0,1,1
18,72.75,1423.48,3,0,2,3,1,0,1,1,0,1
60,102.48,6706.39,2,1,1,3,2,2,1,1,1,1
63,105.66,7095.31,1,4,0,3,2,1,1,0,0,0
6,112.77,579.61,4,3,0,0,1,2,2,0,1,1
32,114.98,3751.03,3,3,0,1,3,3,2,0,0,0
43,75.48,3486.74,4,4,2,2,2,2,0,1,0,0
2,54.1,106.41,5,1,0,1,0,0,1,1,1,1
60,116.19,7901.71,1,4,0,0,3,0,1,0,0,0
23,74.74,1886.03,3,1,2,2,3,3,1,1,0,1
31,26.43,853.14,2,2,0,0,2,3,1,0,1,1
5,84.28,366.07,2,2,1,1,1,1,2,1,0,1
34,78.77,2800.53,2,0,1,0,3,1,0,1,0,0
10,109.58,1231.09,2,2,0,3,0,2,1,0,1,1
2,85.32,164.47,3,2,0,3,2,2,1,1,0,1
11,54.91,665.22,5,2,0,1,1,3,0,0,1,1
50,116.62,5504.28,2,1,0,3,1,3,1,1,0,1
31,100.16,3170.32,2,4,0,1,3,3,0,1,0,1
56,83.04,4857.41,2,3,1,0,2,2,1,1,1,0
9,49.29,467.32,5,3,1,0,2,0,1,0,1,1
21,57.35,1342.66,1,3,1,1,1,3,2,1,1,1
28,87.0,2241.98,2,4,0,2,3,3,2,0,0,1
62,27.2,1566.07,2,0,0,1,1,1,1,1,0,0
7,45.67,339.24,2,3,0,2,0,0,1,0,1,1
16,91.39,1320.64,1,2,0,1,2,0,1,0,0,1
4,68.0,269.09,2,4,2,0,1,2,0,0,1,0
4,60.24,206.26,1,1,0,3,1,3,0,0,1,0
40,35.15,1254.41,1,1,0,1,3,2,0,0,1,0
17,64.18,1149.69,4,1,1,2,2,2,1,0,0,0
52,97.07,5422.32,4,2,1,3,3,0,2,0,1,1
52,46.4,2134.41,2,3,2,2,2,2,1,1,0,0
36,20.54,679.03,3,2,0,2,0,3,2,0,0,0
38,86.85,2903.2,4,1,0,2,0,0,0,0,0,1
50,117.26,5746.01,4,1,0,2,3,0,2,0,1,1
63,80.68,4512.87,3,0,0,1,0,3,1,1,0,0
63,31.99,1977.59,5,3,1,3,2,0,1,0,0,1
62,52.07,3453.35,2,5,2,3,1,1,2,0,0,0
7,106.76,788.47,5,1,1,3,2,3,1,1,1,1
27,43.26,1091.01,5,3,0,3,1,0,1,0,0,0
14,80.77,1189.72,1,2,0,0,0,2,1,0,1,1
71,60.27,4828.02,1,0,2,0,2,2,1,1,1,0
5,40.78,194.59,2,3,0,1,1,3,2,0,1,1
55,101.34,5288.0,3,2,2,3,2,3,1,0,0,1
2,94.28,192.61,1,1,1,0,2,3,2,0,1,1
62,86.16,4934.02,4,1,2,3,2,1,1,0,0,0
21,43.63,957.97,2,2,2,1,1,2,1,1,0,1
21,29.79,687.85,5,3,0,2,2,2,0,0,1,1
10,77.62,766.69,2,2,1,1,3,3,1,1,0,0
58,75.37,4606.74,1,1,0,0,2,2,1,0,0,0
39,38.84,1583.72,3,4,0,0,2,1,2,1,1,0
5,25.62,110.39,5,1,0,0,3,0,1,0,0,1
65,28.07,1651.31,3,5,0,1,2,1,2,1,0,0
13,119.28,1733.66,2,2,0,1,1,3,2,1,1,1
53,98.36,5899.38,3,0,0,1,3,1,1,0,0,1
45,112.2,5473.72,3,1,1,3,0,2,2,0,0,1
32,39.51,1423.93,2,2,2,0,3,2,2,1,1,0
36,116.06,3935.07,5,3,1,1,1,1,1,0,1,1
60,34.27,1900.32,3,2,0,1,1,3,1,0,1,0
11,70.91,752.92,3,0,0,3,3,3,1,0,1,1
63,102.97,5621.72,2,0,0,0,1,0,2,0,0,0
21,54.98,1261.92,4,2,1,2,1,1,1,1,0,0
52,62.48,3721.05,3,1,2,2,2,0,1,0,0,0
55,32.82,1980.48,1,2,0,0,2,2,0,0,1,1
26,32.29,853.44,5,2,1,3,0,1,1,1,1,0
68,81.96,5230.79,3,2,1,0,1,0,0,0,0,0
34,87.55,2706.84,2,0,0,2,1,1,1,1,1,1
52,97.73,4874.87,1,0,0,1,1,1,1,0,1,1
52,75.67,4131.84,2,2,1,0,2,2,1,0,1,0
29,84.58,2413.75,3,2,1,2,1,0,0,1,0,0
38,21.35,917.02,1,2,0,1,1,0,1,1,0,1
42,36.22,1682.76,5,3,0,0,2,0,2,1,1,0
21,118.49,2191.51,5,1,1,3,3,0,1,1,0,1
42,27.6,1031.03,5,4,0,2,2,0,1,0,1,0
13,87.88,1202.83,4,1,2,1,0,2,1,0,1,0
64,37.61,2212.52,2,0,0,1,2,1,2,0,0,0
17,91.67,1694.49,3,3,0,3,3,2,1,0,1,1
9,90.6,837.74,1,1,0,2,2,1,0,1,0,1
41,43.42,1635.93,2,4,2,1,1,0,2,0,1,0
1,46.96,46.66,3,2,1,3,3,2,0,0,1,1
2,85.48,166.14,4,2,2,2,2,3,0,0,0,1
60,59.01,3936.87,3,3,0,3,2,1,1,0,1,0
48,39.45,1628.03,2,1,2,3,2,1,0,1,1,0
29,93.17,3022.73,3,3,2,3,1,1,1,1,1,0
10,35.41,370.31,1,0,0,3,1,0,1,1,0,1
58,105.56,6559.05,4,2,2,2,2,2,2,1,1,0
60,71.47,3648.17,1,0,2,3,1,1,1,0,0,0
21,30.57,666.67,4,0,2,3,1,0,1,1,1,0
28,89.41,2569.86,4,1,2,1,0,2,1,0,0,0
34,71.92,2472.45,3,1,1,2,3,3,1,1,1,0
8,49.81,432.62,1,1,2,2,3,1,0,0,1,0
59,62.25,3734.55,4,2,0,3,1,0,2,0,1,1
49,49.83,2703.45,4,1,1,3,2,1,2,0,0,0
17,46.3,724.01,3,2,0,0,1,0,1,1,1,0
60,36.36,2381.91,2,1,1,3,2,3,1,0,1,0
45,56.28,2288.81,2,1,1,2,1,2,0,0,0,0
69,45.1,3404.12,5,2,1,1,2,1,2,0,1,0
32,88.34,3200.55,5,1,2,2,1,3,2,0,1,0
44,88.39,3697.36,4,1,0,1,1,3,2,1,0,1
65,70.18,4602.86,2,3,1,3,1,3,0,1,0,0
8,97.79,819.52,4,1,0,0,0,0,2,0,1,1
43,104.13,3912.85,1,3,0,1,3,0,0,1,1,1
1,77.98,77.84,2,1,1,2,0,0,1,1,1,0
51,81.89,4001.89,2,2,1,3,1,2,1,0,1,0
24,48.29,1288.42,2,0,0,1,1,3,2,0,1,0
24,109.49,2924.62,5,1,0,0,1,0,2,1,1,0
17,22.42,404.11,3,2,0,0,2,1,2,1,0,1
5,54.86,287.12,3,1,1,0,1,2,2,1,1,0
20,92.18,1972.85,5,0,1,3,1,1,1,1,1,0
21,28.01,564.54,5,2,0,1,0,0,2,1,0,0
58,38.32,2158.72,5,2,1,1,0,3,0,1,0,0
31,78.93,2486.21,3,3,0,3,1,0,1,0,1,1
11,76.0,945.85,4,1,1,1,2,1,0,1,0,1
52,93.89,5210.53,5,1,0,3,0,1,2,0,0,1
15,101.26,1542.15,4,2,2,0,2,2,2,0,0,0
7,32.86,248.66,4,2,0,1,2,0,0,1,0,0
28,21.84,587.78,1,2,1,0,1,3,1,1,0,0
51,88.96,4850.86,3,2,1,3,2,2,1,0,0,1
58,50.14,2830.14,4,3,0,0,2,0,1,1,0,1
5,82.6,385.69,3,3,0,2,2,3,1,1,0,1
5,35.05,181.04,3,1,0,3,3,1,0,0,1,1
8,66.9,565.24,1,1,2,2,1,3,0,1,0,0
64,70.44,4453.26,3,3,0,3,1,2,1,0,0,0
10,78.51,800.5,4,3,1,0,2,0,0,0,1,0
38,71.32,2867.82,2,2,1,0,0,1,1,1,1,0
8,69.57,601.25,4,2,0,0,1,2,1,0,0,1
25,53.27,1489.89,4,3,0,2,3,2,2,0,1,0
66,27.12,1711.69,3,2,2,0,2,2,1,0,1,0
50,28.95,1643.67,4,2,0,2,1,1,2,1,0,0
67,63.38,4421.19,2,3,0,2,1,2,0,1,0,0
49,55.58,2958.44,3,1,1,1,1,0,1,1,1,0
36,71.61,2732.59,5,3,0,1,1,1,2,1,0,0
68,50.48,3129.68,4,0,0,1,2,2,1,0,1,0
41,88.79,3172.39,4,3,0,3,3,1,1,0,0,0
62,106.4,7044.33,1,1,2,2,2,0,2,1,0,0
10,49.89,500.52,5,4,0,0,0,2,0,0,0,1
21,39.3,875.33,5,2,2,1,2,1,1,0,1,0
36,31.62,1130.34,2,3,0,3,3,1,1,1,0,1
12,81.63,924.33,5,2,0,2,3,3,1,1,1,1
2,64.39,120.47,1,1,2,3,2,0,0,1,1,1
13,38.8,539.31,2,2,0,0,2,0,0,0,1,0
53,85.31,4218.83,5,3,0,1,2,3,1,1,0,0
32,34.85,1186.97,2,3,0,2,0,1,2,1,1,0
16,75.43,1164.87,5,1,2,3,2,2,2,0,0,1
32,72.71,2515.98,5,1,0,1,2,2,1,1,0,0
32,93.42,2669.18,5,1,1,1,2,1,1,1,1,0
11,25.51,255.78,4,6,1,2,2,0,2,0,1,1
10,108.79,1148.55,5,3,0,1,2,3,1,1,0,1
15,90.3,1378.96,4,2,0,3,2,2,1,1,1,1
17,41.61,644.57,3,1,2,2,0,2,0,0,1,0
40,38.34,1718.96,1,0,1,2,3,0,2,1,0,0
18,63.17,1060.56,2,2,1,1,2,0,1,1,1,0
55,101.76,5464.09,2,0,0,0,2,0,2,0,0,0
25,104.29,2374.5,3,2,0,0,1,3,2,0,0,1
59,72.05,4107.9,5,0,1,0,3,1,1,1,0,0
22,106.08,2327.94,1,2,1,3,2,3,2,0,0,1
30,20.54,578.47,3,1,1,2,2,1,1,0,0,0
44,23.52,1118.3,3,2,0,1,3,3,0,1,0,0
32,111.18,3444.62,2,3,2,0,3,1,1,0,0,0
51,97.53,5316.68,4,3,0,1,2,0,2,1,0,0
46,65.07,2730.21,4,1,0,0,1,1,2,1,0,0
21,95.36,1928.71,5,3,2,0,3,0,1,0,0,0
32,115.56,3152.28,5,2,1,1,3,3,1,0,1,1
39,97.21,4085.31,3,3,0,3,0,1,0,0,1,1
12,104.24,1298.09,5,1,1,1,1,1,1,1,1,0
47,96.06,4945.33,4,1,0,1,2,2,2,0,0,0
18,36.82,653.95,1,3,0,3,0,0,2,1,0,1
21,103.36,2365.68,2,2,1,3,1,2,2,0,1,1
13,39.51,536.38,4,5,0,1,2,3,2,1,0,1
21,109.26,1952.8,5,4,0,3,3,3,1,1,0,1
8,65.86,487.98,2,1,0,0,0,0,1,0,1,1
46,87.7,4026.7,2,1,0,3,3,3,1,1,0,0
7,69.72,505.45,3,1,0,1,3,3,1,1,1,1
23,29.4,588.06,5,0,2,3,3,1,2,1,1,0
22,49.07,1146.01,3,2,1,2,1,1,1,0,1,0
22,118.37,2638.22,2,1,0,3,1,1,2,0,0,1
29,116.07,3392.11,3,0,1,0,1,0,2,0,0,1
13,52.05,634.42,5,2,2,2,3,0,2,0,1,0
2,119.63,246.07,4,2,1,0,2,1,0,0,1,1
29,104.56,2602.29,1,4,0,0,0,3,0,0,0,1
52,81.1,3666.29,4,1,0,2,1,2,1,0,1,0
27,24.01,693.82,2,2,2,0,1,1,2,1,1,0
50,110.14,5212.97,4,0,0,2,3,1,2,1,0,0
23,75.74,1662.11,3,2,0,0,2,3,0,0,0,0
44,106.85,4290.0,5,2,1,1,2,3,1,1,1,1
22,103.44,2238.62,4,2,0,0,0,1,2,0,0,1
43,103.3,3844.92,4,3,2,2,3,1,1,1,0,1
37,89.82,3124.21,5,2,2,1,2,2,2,0,1,1
61,49.14,3022.02,3,1,1,1,3,2,1,1,1,0
56,53.62,2971.54,1,0,2,3,1,3,2,1,0,0
3,50.85,175.41,4,2,0,3,2,2,1,1,0,1
63,22.0,1340.03,2,2,1,3,1,3,1,0,0,0
19,78.26,1436.48,3,1,1,1,0,0,1,0,0,1
23,89.88,2069.54,3,0,0,3,1,1,2,1,0,1
29,105.39,2772.26,4,4,2,1,0,0,1,1,0,1
30,34.02,1135.7,5,1,2,3,1,1,2,1,0,0
39,74.42,2965.24,4,1,2,0,2,2,1,0,1,0
25,20.8,471.99,4,2,1,3,1,1,2,0,1,1
8,29.51,256.86,5,2,0,2,1,3,0,0,0,1
58,25.42,1268.45,2,0,0,3,1,3,1,0,1,1
16,92.55,1695.13,5,1,0,1,2,2,0,1,0,1
1,28.11,31.18,4,0,0,2,1,3,1,0,0,1
5,91.65,469.17,1,2,0,2,2,1,1,1,0,1
3,44.96,119.16,5,3,1,1,1,1,0,1,1,0
65,107.77,6406.77,2,3,1,2,1,2,2,0,1,0
4,101.31,378.44,5,2,0,2,2,1,1,0,1,1
64,115.78,6834.42,5,2,1,2,0,2,1,0,0,0
10,108.38,1082.96,3,2,0,3,3,2,1,0,0,1
21,113.33,2697.41,3,4,1,2,3,3,1,0,1,0
46,105.87,4788.65,4,1,2,0,2,3,0,1,0,0
27,89.34,2529.05,4,2,1,0,1,1,2,1,0,1
66,37.03,2581.96,5,1,0,3,2,3,1,0,0,0
41,47.17,2149.59,1,0,0,3,2,2,2,1,0,0
13,41.27,461.51,4,2,1,0,1,0,0,1,1,0
9,80.36,702.47,5,4,1,2,1,3,1,0,1,1
36,70.36,2749.4,5,0,2,0,1,3,2,1,1,0
58,106.71,6773.68,5,3,0,1,1,0,1,1,0,0
54,115.27,7022.4,5,2,0,2,2,1,0,1,1,1
12,60.49,769.99,5,3,0,0,3,2,0,0,1,1
14,70.64,913.29,3,3,1,0,1,0,2,0,1,1
34,117.15,3989.93,2,3,1,2,0,0,1,1,1,1
53,47.62,2169.95,2,3,0,2,0,2,2,0,0,0
20,99.24,2072.27,5,2,0,2,1,0,1,1,0,1
16,42.52,691.47,4,0,1,3,1,0,1,1,1,1
70,88.15,6479.05,1,4,2,1,1,3,1,0,1,0
56,45.36,2868.05,5,0,0,3,1,1,0,0,0,0
58,108.37,6638.8,1,3,0,0,2,1,1,0,1,0
4,76.15,288.18,3,2,0,1,2,3,2,1,1,1
4,38.59,140.42,2,2,0,3,3,3,2,0,1,1
20,42.44,939.04,3,2,1,0,2,2,1,1,1,0
10,69.38,630.22,4,1,0,2,1,2,2,0,0,1
24,116.16,2504.83,4,3,1,0,2,0,2,0,1,1
26,96.96,2299.17,5,3,2,2,1,1,0,0,0,0
37,68.83,2553.5,4,3,0,3,2,2,1,0,0,1
54,53.77,2576.31,4,2,2,0,0,0,0,1,0,0
21,74.93,1780.27,3,0,2,1,0,1,0,0,0,0
38,94.84,4107.85,1,0,0,0,1,2,2,1,0,1
46,98.39,5169.41,2,4,0,2,0,1,1,1,0,1
4,52.46,180.83,4,4,2,3,1,0,1,0,0,1
60,92.12,6266.79,4,4,1,1,1,3,2,1,1,0
57,85.78,5619.01,3,4,0,1,2,0,1,1,1,0
45,115.91,5908.32,2,3,0,3,1,3,1,1,0,1
20,113.11,2378.19,3,2,1,3,1,3,1,0,1,1
17,98.94,1783.48,1,3,0,0,2,0,0,0,0,1
71,92.34,5813.14,3,2,1,0,1,3,2,0,0,0
4,47.4,210.91,2,1,1,1,2,1,1,0,0,1
14,104.6,1270.9,2,2,2,0,2,2,2,1,1,1
3,62.75,177.96,4,3,1,2,3,2,2,1,1,1
58,47.22,3142.57,1,2,1,2,1,0,1,0,1,0
55,58.42,3138.02,5,2,1,0,1,0,1,1,0,0
4,103.59,368.52,4,1,0,1,2,0,1,1,0,1
24,34.86,954.52,3,3,1,0,0,0,0,1,1,1
34,65.62,2554.97,3,1,1,3,0,1,2,0,0,0
30,69.24,1882.06,2,0,2,3,1,0,1,1,0,0
19,23.66,498.8,2,2,1,1,2,0,0,0,0,0
31,39.57,1186.48,2,4,1,1,0,2,2,0,0,0
60,102.67,5941.21,5,0,0,3,2,1,1,1,1,0
60,103.08,5744.32,5,1,2,3,1,0,1,1,0,0
19,49.24,807.8,4,1,0,2,2,1,1,1,0,1
49,107.49,4900.43,5,2,2,0,1,0,1,1,1,0
63,97.18,5302.67,2,3,0,1,0,1,1,1,1,0
22,61.79,1532.46,4,2,0,3,1,0,1,0,0,0
24,94.84,2386.61,4,2,2,1,1,0,2,0,1,1
30,116.13,3888.1,1,0,1,3,1,1,0,1,1,1
58,65.9,4071.17,5,0,1,1,1,0,0,0,1,0
31,43.84,1208.79,3,1,0,1,3,0,1,0,1,0
64,114.18,8273.51,3,3,2,2,2,1,0,0,1,1
19,80.37,1710.32,1,1,1,2,2,2,2,1,0,0
48,30.53,1398.49,2,2,0,2,3,3,1,1,1,0
45,77.27,3071.85,1,1,2,2,2,2,1,0,1,0
55,70.06,4089.19,2,1,1,2,1,0,1,1,1,0
55,105.56,6203.48,5,2,0,3,3,1,1,0,0,0
18,73.07,1471.83,5,2,1,0,2,2,1,0,1,1
63,45.52,2483.07,4,2,1,3,3,1,1,1,0,0
47,87.56,3673.15,4,0,2,0,2,2,2,1,1,0
57,74.26,4357.44,4,2,0,2,2,3,1,0,1,0
45,43.3,2018.35,4,0,1,1,3,0,1,0,0,0
33,77.36,2195.77,3,3,1,1,2,1,2,1,0,0
17,102.15,1682.91,4,1,0,0,2,0,0,1,0,1
70,22.86,1640.39,4,1,0,0,1,0,1,0,1,0
4,83.09,356.06,4,3,1,3,2,3,1,1,0,1
20,54.96,1038.55,2,3,1,0,2,3,1,1,0,1
47,49.27,2304.37,4,1,1,3,1,0,0,1,0,1
15,59.26,972.63,1,1,2,2,1,1,1,0,0,0
70,54.2,4310.8,4,1,1,1,2,3,1,1,0,0
47,103.22,4459.01,4,1,1,1,0,3,1,0,0,0
9,47.48,395.66,3,2,0,3,1,3,1,1,1,0
16,93.32,1690.05,4,3,0,0,1,2,2,0,0,0
69,29.41,1965.65,2,3,1,3,3,3,1,0,0,0
61,115.14,7483.59,5,1,1,0,1,0,0,0,0,0
10,82.23,850.01,4,4,1,0,2,1,0,1,0,1
50,90.67,4241.98,4,3,1,0,2,2,2,0,1,1
3,49.8,156.3,4,2,1,3,1,3,2,1,0,1
70,61.21,4484.64,3,2,0,2,0,0,2,0,1,1
51,42.38,2221.21,5,4,1,1,3,2,2,0,1,0
19,113.25,1893.38,3,4,0,3,2,2,2,0,0,0
42,68.81,3319.36,3,0,1,2,1,1,2,0,0,1
35,83.04,2819.73,3,4,1,1,2,3,2,0,1,1
46,93.43,4475.9,2,2,1,3,2,1,1,1,0,0
26,57.11,1656.72,5,2,0,3,2,1,2,1,0,0
69,92.01,6202.6,2,2,0,2,1,2,1,0,1,0
64,87.6,6067.07,2,1,0,3,1,3,1,1,0,1
37,90.57,3825.26,5,2,1,1,2,2,1,0,1,1
49,68.92,3234.3,2,1,0,2,1,1,2,1,0,0
21,58.29,1189.38,5,1,0,3,0,2,1,0,1,0
64,42.21,3030.0,4,2,2,1,0,2,0,1,0,0
5,102.46,460.0,3,0,0,3,2,2,1,1,0,1
70,80.84,4858.22,2,2,0,2,1,1,2,1,1,0
4,64.44,289.36,5,4,1,3,0,0,1,0,0,1
39,114.4,4892.03,1,2,1,1,2,0,2,1,0,0
35,24.78,990.42,2,1,1,0,1,1,2,1,0,0
1,105.02,91.1,2,1,1,3,1,3,2,0,0,0
24,119.76,2577.73,5,3,0,3,2,2,1,1,0,1
57,108.69,5461.98,1,1,0,1,1,1,2,0,1,0
70,101.04,7462.25,1,0,0,1,2,0,1,1,0,0
41,57.43,2429.54,4,1,0,2,0,1,0,0,0,0
54,43.13,2230.81,2,4,1,0,0,0,1,0,0,0
46,93.49,3729.35,3,4,0,2,2,3,0,0,0,1
60,50.46,3154.3,2,4,1,1,3,0,1,0,0,0
60,37.6,2303.7,3,3,1,1,1,3,0,0,0,0
57,98.65,4970.18,3,2,0,1,2,3,0,0,1,1
31,51.25,1783.8,5,3,0,1,1,3,2,0,0,1
24,111.44,2433.1,2,3,0,2,1,1,1,0,0,1
36,104.06,4019.95,5,2,0,0,0,1,1,1,1,0
30,104.76,3506.0,4,1,1,1,3,3,1,1,1,1
24,97.16,2387.36,3,1,2,2,1,0,1,1,0,0
30,108.09,2996.38,1,2,1,2,1,2,1,1,1,1
7,100.57,663.73,3,5,1,2,2,2,1,0,0,1
35,80.25,3133.83,4,1,0,2,1,0,1,1,0,1
55,49.58,2561.98,3,2,1,2,1,2,0,0,0,0
14,108.82,1636.01,5,1,1,1,0,0,1,1,0,0
10,104.06,1193.62,2,1,0,1,3,0,1,0,1,1
16,67.29,1238.04,1,3,2,0,1,3,1,0,0,0
54,23.91,1303.99,5,4,0,0,3,0,2,1,0,0
70,83.85,6444.85,2,1,1,0,1,1,2,0,1,0
44,25.06,1264.79,1,1,1,0,0,1,1,0,1,1
45,112.63,4877.7,4,1,2,3,3,1,1,0,1,0
56,116.16,6021.95,3,3,2,2,2,0,2,1,0,0
57,38.95,1963.16,1,1,2,2,1,1,2,1,1,0
21,87.64,1642.15,4,0,1,2,2,3,1,1,1,0
68,29.23,2198.23,2,2,1,3,1,3,1,1,0,0
50,92.95,4771.29,1,3,0,2,2,2,0,1,0,1
33,54.73,2008.53,4,0,0,2,2,2,2,1,1,0
7,88.11,670.29,2,4,2,2,0,3,1,0,0,1
70,57.29,4219.16,5,1,0,2,3,1,1,1,0,0
15,34.56,535.35,3,2,0,2,1,3,2,1,0,0
32,60.61,1676.75,4,0,0,0,1,1,2,1,1,0
20,31.27,695.19,5,4,0,3,1,0,1,0,1,0
15,77.69,1136.6,2,3,0,1,3,1,1,1,1,1
48,24.1,1177.31,1,2,0,0,1,1,2,0,1,0
71,72.73,4423.38,3,2,0,3,2,1,1,0,0,1
21,108.64,2579.83,2,0,0,2,3,0,2,0,0,1
42,103.79,4885.74,4,0,0,3,2,3,0,0,0,0
26,108.28,2851.78,3,4,2,2,2,2,2,1,0,1
14,112.2,1607.3,5,1,1,2,1,0,1,1,0,0
57,30.45,1842.57,3,4,1,3,2,1,0,1,1,0
37,32.87,1130.5,5,2,1,1,1,1,1,0,0,0
58,75.7,4024.35,2,0,0,2,3,2,2,0,1,0
21,109.4,2417.28,1,0,2,2,0,1,1,0,1,1
69,117.43,7141.4,3,2,2,0,1,3,0,1,0,0
3,24.63,72.86,1,1,0,3,0,0,1,0,0,1
37,55.58,2051.9,1,2,0,3,1,0,2,1,0,1
49,41.29,1951.16,3,1,1,3,0,0,0,0,1,0
19,95.6,1644.84,3,3,0,0,2,0,0,1,0,1
12,84.02,964.47,1,1,2,3,3,3,0,1,1,1
61,31.99,1856.22,4,2,1,3,2,3,1,0,1,0
41,68.35,2801.82,4,2,0,2,0,1,0,1,0,0
33,88.54,3075.08,3,2,0,1,1,0,1,0,1,0
50,97.9,5582.63,1,1,1,1,3,1,2,1,1,0
68,22.01,1336.62,1,1,0,0,0,0,2,1,0,0
71,109.05,8608.74,2,3,2,3,2,3,1,0,0,1
33,76.93,2374.26,1,2,0,0,1,2,1,0,1,0
24,101.19,2495.15,4,2,2,1,3,2,2,1,1,1
61,100.79,6234.63,2,3,0,0,1,0,1,0,0,1
61,38.99,2418.73,4,1,1,2,0,3,2,1,0,0
28,31.02,926.68,5,3,0,2,2,2,1,1,0,1
58,92.13,5153.81,3,1,0,2,1,2,0,1,0,1
43,35.64,1449.46,5,1,1,3,2,2,1,1,0,0
41,104.99,4760.4,3,2,0,2,0,3,0,1,1,0
39,92.62,3308.82,4,1,0,0,2,2,2,1,1,0
49,104.18,4615.25,4,3,0,2,1,1,2,0,1,1
17,49.9,725.05,5,1,0,3,2,0,2,0,0,1
70,51.66,3302.21,3,2,1,2,3,2,2,1,1,0
70,87.12,6132.46,3,1,1,2,3,3,0,0,0,0
65,23.14,1521.78,2,1,0,3,2,1,1,1,0,0
5,92.65,429.12,1,3,0,3,2,2,2,1,0,1
2,103.58,180.57,2,4,0,2,2,1,1,0,1,1
22,61.52,1452.69,4,2,2,1,0,3,2,0,1,1
57,96.49,5925.45,5,3,2,2,2,0,2,0,0,0
66,37.46,2841.69,3,3,1,0,0,1,1,0,1,0
16,52.23,935.9,2,2,2,3,1,0,0,0,0,0
51,117.43,6754.46,5,2,2,2,2,3,2,1,0,0
39,118.63,5040.59,5,3,0,1,2,1,0,1,0,1
40,71.26,2949.19,1,2,0,2,1,3,1,0,1,0
38,113.43,3829.91,3,1,0,0,2,1,1,0,0,1
60,72.27,4495.5,5,6,0,3,3,3,2,0,1,1
59,49.16,2514.0,3,2,1,0,2,3,2,0,1,0
10,46.69,520.87,2,2,1,1,2,2,1,1,0,0
64,112.95,7189.41,5,1,1,0,1,2,2,0,1,0
63,37.24,2485.42,5,0,0,0,3,3,1,0,0,0
49,77.96,3307.04,2,2,1,3,1,1,2,1,1,1
64,75.55,4885.04,3,2,0,0,3,1,0,0,0,0
32,93.96,2827.52,3,2,0,1,3,1,1,0,0,1
7,69.92,457.89,5,2,2,1,2,3,2,0,0,1
21,47.23,958.97,2,1,0,3,2,0,1,1,1,1
20,36.94,628.12,4,7,0,1,1,1,0,1,0,1
26,82.08,2112.78,3,4,1,1,3,0,1,0,0,1
68,91.9,6223.95,4,3,2,1,2,0,1,1,0,0
15,76.95,1280.03,5,4,0,1,1,3,1,1,0,1
14,93.84,1293.41,4,2,1,1,0,0,2,1,1,1
27,34.15,884.36,4,2,2,1,2,0,1,1,1,0
40,108.25,4972.54,3,0,0,1,2,0,1,0,1,1
58,78.24,4634.84,5,5,0,2,3,0,2,1,1,1
28,32.68,907.64,4,1,1,1,2,3,0,1,0,0
26,66.19,1718.91,3,3,0,3,1,3,2,1,0,1
63,104.48,7192.71,4,3,0,2,1,0,1,1,1,0
66,109.76,6897.67,3,1,2,1,2,3,1,1,0,0
25,46.46,1123.0,5,0,1,1,2,1,1,1,1,0
3,91.13,294.36,2,1,0,3,1,0,2,0,0,1
44,30.0,1150.84,3,0,0,1,2,1,2,0,0,0
42,23.35,1088.35,3,2,1,2,2,1,0,0,1,0
6,76.04,446.69,4,0,0,2,2,0,1,0,0,0
39,89.48,3574.94,5,0,1,3,2,1,2,0,0,1
52,99.58,5578.06,1,3,1,1,2,3,2,0,0,1
23,54.02,1155.29,1,2,0,3,1,1,2,1,1,0
50,20.65,1153.54,2,2,2,1,3,0,1,0,0,0
43,67.95,3342.01,5,2,2,2,1,1,1,0,0,0
19,21.59,409.42,3,3,0,1,2,3,1,1,1,1
69,29.2,2278.78,1,1,0,1,1,1,0,1,0,0
51,52.67,2284.11,2,2,0,2,2,3,1,1,0,0
11,63.72,783.78,5,0,0,2,3,2,1,1,0,1
12,47.95,542.75,2,0,0,2,0,2,1,1,1,0
8,78.19,590.12,1,5,0,1,3,0,1,1,1,1
24,25.53,562.85,4,2,0,3,0,0,1,0,0,0
41,34.46,1335.22,4,1,0,2,0,0,2,0,1,0
36,89.53,2945.9,5,1,0,1,3,0,1,1,1,0
55,34.21,2110.9,2,0,0,3,2,0,1,1,0,0
9,83.98,846.27,3,2,0,0,0,3,0,1,1,1
47,25.47,1054.17,1,1,0,0,3,2,1,0,1,0
15,60.74,813.46,4,1,2,1,2,2,0,1,0,1
48,37.74,2008.31,4,4,0,1,0,1,0,1,1,1
42,30.96,1261.04,2,2,2,2,3,2,0,1,1,1
60,76.7,4145.57,4,1,0,1,1,0,1,0,1,0
70,112.83,7923.63,2,1,1,3,1,3,1,0,0,0
12,25.48,298.1,1,1,0,1,2,3,2,1,0,0
2,62.16,113.84,2,3,2,3,2,3,1,0,0,0
7,90.75,677.35,4,3,0,3,2,2,1,1,0,1
3,66.27,206.64,2,0,2,2,3,1,0,1,1,0
3,100.65,265.68,4,2,0,3,3,0,2,1,1,1
27,37.96,1155.85,5,2,0,1,1,3,0,0,1,1
40,115.96,4719.74,4,1,0,3,3,3,1,1,0,1
33,58.52,1786.33,4,1,1,0,1,0,0,0,1,0
1,54.16,49.39,4,0,2,3,1,1,2,1,1,0
8,107.46,765.79,5,0,0,1,3,2,2,0,0,1
32,76.39,2389.11,3,2,1,2,2,1,2,0,1,0
48,71.64,3062.93,4,3,1,1,1,0,0,1,0,0
4,92.7,361.43,3,1,1,1,2,0,2,1,0,0
70,77.98,4883.65,1,2,1,1,2,3,2,0,0,0
19,36.25,721.18,2,2,0,0,0,2,0,0,1,1
32,87.42,3036.82,3,2,0,2,3,1,1,0,0,1
9,33.35,304.58,1,1,1,0,2,2,0,1,1,1
12,100.59,1272.23,2,3,0,3,2,0,2,1,1,1
11,118.97,1480.82,4,0,2,3,2,3,1,0,1,1
46,57.74,2766.24,4,3,2,0,1,3,1,1,1,0
16,64.48,989.57,4,2,2,2,3,1,0,0,0,1
1,24.64,24.27,5,1,0,3,1,1,1,0,0,1
63,21.37,1492.16,5,1,0,2,0,2,0,1,0,0
21,112.14,2094.09,5,2,0,0,3,0,2,1,1,1
30,32.86,934.33,5,1,2,3,3,1,0,1,0,0
13,64.58,858.98,1,2,0,0,2,2,0,0,1,1
34,101.54,3634.89,1,3,0,3,0,3,1,1,1,1
4,108.93,470.17,4,1,0,1,1,0,2,0,1,1
28,71.94,1904.46,2,2,0,2,1,3,2,0,1,1
59,76.5,4034.15,5,3,0,0,2,0,0,1,0,1
27,86.97,2668.56,2,3,0,1,2,0,1,1,0,0
69,116.14,6995.16,1,4,0,0,2,2,1,1,1,0
25,80.27,1763.35,5,1,2,0,2,3,0,0,0,1
3,75.95,227.5,1,2,1,2,2,0,1,1,0,1
68,21.45,1598.56,1,3,1,0,2,3,1,0,0,0
25,28.09,760.22,3,1,0,2,2,2,1,0,0,1
20,77.72,1758.44,1,0,2,0,3,0,2,0,1,1
34,113.62,3447.85,4,0,2,3,3,2,1,1,1,0
26,106.67,2670.0,1,0,2,1,1,2,1,1,0,0
5,118.26,552.64,5,0,0,3,3,1,1,1,1,1
61,72.78,4920.44,4,4,2,2,1,3,1,0,0,0
9,98.79,886.03,1,1,0,2,3,2,1,0,0,1
50,104.04,4463.6,4,2,0,1,2,1,2,0,1,1
6,84.8,540.56,1,0,0,2,2,3,2,1,1,1
60,53.87,3124.56,4,3,1,3,1,0,1,1,0,0
44,67.0,2975.45,2,0,1,1,0,0,1,0,0,0
11,105.79,1301.18,3,1,0,2,0,2,1,0,0,1
66,49.85,3050.29,4,0,1,2,3,0,2,0,1,0
47,112.37,4870.05,5,0,0,2,1,3,1,0,1,1
3,42.98,119.78,3,1,0,2,2,0,1,0,1,1
30,94.95,2710.2,3,3,0,0,3,2,1,0,1,1
21,83.06,1538.72,1,0,1,0,1,3,1,1,0,1
28,94.96,2816.19,4,1,0,0,2,0,0,0,0,1
62,63.73,3604.69,3,2,0,2,1,0,2,1,1,0
33,113.26,4215.56,5,6,2,0,1,3,1,0,1,0
35,83.25,2665.14,5,2,2,2,3,3,0,0,0,0
52,48.83,2353.0,5,2,0,3,2,0,1,1,0,0
34,83.85,2677.15,1,2,1,2,0,1,2,1,1,0
41,48.68,2156.74,2,2,0,1,2,0,2,1,0,0
51,49.36,2462.85,4,2,1,1,3,3,0,1,0,0
47,59.96,3088.09,3,4,0,1,0,3,0,0,0,1
58,105.24,6625.73,4,2,0,2,1,2,0,0,0,1
57,70.03,4506.02,3,1,0,1,2,2,2,0,0,0
23,87.89,2177.09,1,1,0,1,3,0,2,0,0,1
48,59.2,2459.48,4,3,0,2,2,2,1,1,0,1
22,46.36,1123.13,1,1,2,2,1,3,0,0,0,0
17,115.46,2220.85,1,3,2,0,2,2,1,1,0,1
69,80.36,6365.92,4,3,2,2,2,2,2,0,1,0
11,113.4,1107.12,4,1,2,0,1,2,2,0,1,1
15,40.34,625.68,3,0,0,2,2,3,1,1,0,1
35,34.69,1104.66,5,2,1,3,2,0,2,0,1,0
33,105.58,3235.98,1,3,0,1,2,3,0,0,0,1
16,88.09,1513.31,2,0,2,3,0,2,1,1,0,1
34,38.66,1502.72,3,2,2,2,1,1,2,0,0,0
66,46.94,3185.93,3,2,0,3,2,1,1,0,0,0
40,100.07,4423.64,5,4,0,0,2,3,2,0,1,1
28,65.39,1561.09,5,0,0,2,2,1,2,1,0,1
47,87.05,3522.77,1,2,0,2,1,3,1,1,0,1
39,51.84,2080.23,3,2,2,3,0,0,1,0,1,0
70,58.12,3933.1,3,2,2,1,2,3,2,0,1,0
20,119.07,2659.88,2,2,0,2,3,3,1,0,0,1
1,44.76,42.1,1,1,0,1,2,3,2,0,1,1
63,70.65,4359.95,1,0,0,3,2,2,1,1,0,0
67,104.44,7056.08,5,1,2,3,3,0,2,1,1,0
4,43.92,163.73,1,2,2,3,1,3,2,1,0,0
58,61.52,4005.52,2,0,1,0,2,2,2,0,0,0
25,81.51,2016.05,1,1,1,2,0,2,2,1,0,0
47,68.12,3128.74,4,3,1,3,3,2,1,1,0,0
38,65.95,2769.06,4,2,0,3,2,2,1,0,0,1
15,56.25,796.17,2,1,2,0,1,2,2,1,0,1
63,78.66,5427.87,5,2,1,2,0,0,1,0,0,0
21,82.44,1535.01,3,0,0,1,1,0,2,0,1,1
57,85.33,4400.9,1,5,0,2,0,1,1,0,1,0
53,27.04,1626.76,5,2,1,3,1,0,1,1,1,0
46,83.1,4215.49,5,1,0,1,3,1,2,1,0,1
14,115.32,1560.23,1,2,1,0,1,1,2,0,1,1
17,74.1,1312.0,3,1,2,0,2,2,1,1,1,0
39,91.53,4043.9,1,3,1,3,1,0,1,1,0,0
9,75.67,622.19,3,5,1,1,2,0,1,0,0,1
6,105.47,549.12,2,5,1,2,2,2,1,1,1,1
23,112.96,2627.24,3,5,0,3,1,3,1,1,1,0
59,38.42,2023.84,5,1,0,1,3,2,1,0,1,0
46,63.69,2654.75,2,5,0,1,2,1,2,0,1,1
38,59.24,2515.46,4,2,2,1,3,0,2,1,1,0
14,60.52,722.09,2,3,2,1,0,0,1,0,0,1
62,32.55,2210.08,3,2,0,0,1,1,0,0,1,0
35,101.36,3565.7,2,2,2,1,3,1,1,0,1,1
19,23.58,455.92,2,1,1,1,2,1,1,1,1,0
30,72.82,2297.26,4,1,2,3,2,2,1,0,0,1
25,86.19,2110.38,3,2,0,0,2,3,1,0,0,1
40,40.75,1441.93,5,0,1,0,2,1,1,1,1,0
14,110.59,1363.72,2,6,1,0,2,1,1,1,0,1
26,103.85,2906.28,1,4,0,2,0,2,1,1,1,1
22,67.11,1352.83,5,0,0,2,2,1,1,1,0,1
48,61.11,2518.22,2,1,0,0,2,1,2,0,0,0
51,43.66,2546.85,5,0,0,3,0,0,2,1,0,0
3,93.0,319.21,1,0,0,1,1,1,0,0,0,1
42,33.17,1342.39,5,3,1,1,1,3,1,0,1,0
19,88.02,1434.39,5,4,1,0,3,3,1,1,1,0
28,104.25,3117.89,1,3,2,0,2,1,0,1,0,1
45,42.85,2119.59,1,0,0,2,2,2,2,1,0,0
71,106.64,6719.86,1,1,2,0,2,1,1,0,0,0
63,23.33,1309.18,4,1,1,2,1,0,1,0,0,0
19,111.28,2318.68,1,2,0,0,3,3,1,1,0,1
47,31.84,1685.69,5,4,1,1,1,0,1,0,1,0
14,84.58,1287.34,1,0,1,0,2,2,2,0,1,1
38,45.01,1556.77,2,1,0,1,1,0,2,1,0,0
53,103.66,5347.9,1,1,1,0,0,2,2,1,1,0
61,71.23,4476.48,1,1,1,2,1,3,2,1,0,0
36,33.52,1083.87,3,0,2,0,1,0,1,1,0,0
40,77.1,2816.22,5,4,2,3,2,0,1,0,0,0
30,60.79,1704.87,5,3,1,1,2,1,2,1,0,1
9,86.14,777.52,2,2,1,1,1,2,2,1,1,1
64,108.19,6946.63,4,2,2,1,3,1,0,0,1,0
33,60.94,2200.6,3,3,2,0,1,2,1,1,0,0
52,48.99,2740.73,2,2,2,3,3,1,0,0,1,0
14,21.45,337.6,2,2,1,3,3,3,2,0,1,0
53,77.48,4516.78,5,5,0,2,2,0,1,0,0,1
59,60.23,3291.05,3,2,2,2,0,1,2,0,0,0
41,57.46,2236.82,5,2,0,2,2,0,0,1,0,1
68,38.29,2604.29,4,3,1,3,2,2,2,0,1,0
68,63.01,3660.06,5,1,0,1,1,2,0,1,1,0
8,118.44,1062.37,1,1,0,1,1,3,1,0,1,1
2,49.78,85.94,5,3,0,2,2,3,0,0,0,1
41,79.97,3104.13,1,0,2,2,2,0,0,1,1,0
55,97.65,5482.13,2,1,1,0,1,1,0,0,0,0
16,94.92,1526.78,4,4,1,0,3,3,1,1,0,1
62,52.88,3430.32,1,3,1,3,3,0,2,0,0,0
48,81.09,3924.26,4,2,2,0,1,1,2,0,1,1
30,107.13,2952.51,5,4,0,2,0,3,1,0,1,1
12,21.54,235.35,5,2,1,2,2,0,0,0,0,0
35,63.57,2496.92,2,1,1,2,1,0,0,1,1,0
11,42.43,433.65,5,2,2,1,0,3,1,1,0,1
64,58.86,3519.71,1,2,0,2,3,3,2,0,1,0
50,61.6,2999.52,2,1,2,0,3,3,1,1,0,0
21,94.67,1772.97,4,6,0,3,1,2,1,1,1,1
69,29.38,2031.79,2,2,0,0,2,1,0,0,1,0
48,71.26,3589.75,4,4,0,1,0,3,1,1,1,1
20,76.42,1659.53,3,3,0,0,1,1,1,0,1,0
67,69.42,4945.89,1,4,1,0,0,0,1,1,0,0
44,93.19,3666.81,1,1,1,1,0,1,0,0,1,0
33,58.38,1901.12,4,4,0,0,2,3,0,1,1,1
61,114.5,6017.5,5,1,1,1,2,0,2,0,1,0
9,68.18,524.86,5,1,2,0,1,3,1,1,0,0
68,77.12,5150.06,3,0,2,1,2,3,2,1,0,0
35,102.55,3323.34,4,1,1,3,1,0,1,1,1,0
65,47.52,3258.96,3,3,2,3,2,1,1,1,0,0
8,27.52,234.97,4,0,1,1,1,1,1,0,1,0
45,90.78,4569.6,3,3,0,2,0,0,1,1,0,0
47,68.3,3461.21,4,0,0,1,1,3,1,0,0,0
40,109.65,3791.59,1,2,0,0,0,1,1,1,1,0
54,118.27,6140.51,3,3,1,2,1,1,1,1,1,0
46,59.91,2568.25,3,5,2,2,0,3,1,1,1,0
47,61.54,2793.75,4,2,2,2,2,1,1,1,0,0
15,60.8,818.95,2,1,0,1,3,1,1,0,1,1
19,52.46,876.37,2,5,1,1,1,2,1,0,1,0
26,98.17,2568.45,1,1,1,2,1,2,2,1,0,1
52,95.9,5316.48,5,5,2,1,2,0,2,1,0,1
22,67.86,1583.46,5,3,0,3,3,0,2,0,0,1
21,24.47,506.23,1,0,0,0,0,3,1,1,1,1
51,50.96,2616.12,5,0,2,0,2,2,1,1,1,0
38,49.23,1879.92,4,2,2,0,1,0,2,1,0,1
20,101.11,2138.39,2,3,0,1,2,2,1,0,1,0
29,28.76,720.86,1,2,0,0,1,0,2,0,0,1
51,100.57,5451.91,4,0,1,3,1,1,0,0,1,1
4,86.92,356.25,1,1,2,0,1,1,1,1,1,1
55,93.24,4663.96,2,3,0,3,0,3,2,0,1,0
71,63.22,3881.47,5,2,2,1,1,2,1,1,1,0
28,87.97,2173.95,4,5,0,1,2,2,1,0,1,1
4,80.9,326.01,2,4,1,0,2,2,2,0,0,1
22,96.9,2297.02,1,1,1,2,2,2,0,1,1,0
45,64.68,2766.1,3,2,0,3,0,1,1,1,1,0
67,67.28,4344.46,4,2,0,2,0,1,2,0,1,1
66,84.36,6292.75,1,3,0,3,2,2,1,0,1,1
34,30.81,957.28,1,1,2,1,1,3,1,0,1,0
55,63.62,3083.36,2,2,0,1,3,2,1,0,1,0
1,117.2,111.69,1,3,1,3,3,0,1,1,1,1
38,23.76,969.3,4,0,1,3,1,1,0,1,1,0
6,51.6,321.31,4,2,1,1,3,1,1,0,1,1
25,51.41,1252.81,1,2,2,3,2,2,1,0,1,0
17,83.35,1614.44,2,2,1,3,2,0,1,1,0,1
61,30.58,1996.89,4,1,1,2,3,3,1,0,0,0
12,82.85,863.57,3,1,1,0,1,1,1,0,1,1
6,29.5,190.02,5,4,1,2,2,0,0,1,0,1
27,29.5,682.66,2,1,0,1,2,0,0,0,1,0
8,92.82,776.03,2,2,2,2,2,1,1,0,0,1
65,52.41,3110.97,5,0,0,1,2,1,1,1,1,1
57,117.74,7106.83,5,1,1,3,0,0,1,1,0,0
40,23.74,895.23,4,1,1,0,1,3,1,1,0,0
14,64.51,1004.21,1,1,0,1,3,0,1,1,0,1
35,31.31,1042.35,1,0,0,0,1,1,0,1,1,0
48,55.14,2741.66,3,1,0,0,1,2,2,1,0,0
56,119.82,6279.11,1,2,0,2,1,3,1,1,0,1
49,108.88,6003.13,3,0,2,1,0,0,2,0,1,0
13,24.83,350.04,3,1,2,2,1,1,2,1,0,0
61,76.33,4297.32,2,2,0,3,1,0,2,1,0,0
49,84.78,4713.66,2,2,0,3,1,3,1,1,1,1
46,40.95,1803.13,4,1,2,1,3,3,2,1,1,0
62,34.51,2237.14,5,4,0,1,2,3,2,1,1,0
8,110.44,947.87,5,2,2,3,2,3,2,1,0,1
43,116.88,4306.56,3,4,0,1,1,3,0,0,0,1
20,119.19,2712.01,5,1,1,2,3,1,0,1,0,1
39,98.98,3679.93,3,2,0,2,2,0,0,0,0,0
49,86.35,3837.38,5,4,0,1,0,0,0,1,0,0
64,54.57,3860.15,4,2,0,2,1,2,0,0,1,0
62,37.14,2442.83,2,5,1,1,2,3,1,0,0,0
54,27.9,1319.72,2,2,0,2,2,0,1,0,1,0
9,89.33,711.6,3,1,1,2,3,3,2,1,0,0
37,98.47,3878.69,5,1,0,0,1,0,1,0,1,1
49,102.65,4388.02,1,1,0,2,3,0,0,0,0,1
41,111.38,5137.94,4,2,1,1,1,1,2,1,0,1
17,107.99,1968.91,5,1,0,2,0,1,1,1,0,1
21,119.97,2395.12,1,2,0,2,1,1,2,1,1,1
51,44.41,2171.6,4,4,0,3,0,3,1,0,1,1
59,96.33,5694.59,4,2,1,1,2,3,2,1,1,0
39,78.65,2939.26,2,5,2,2,3,1,2,0,1,1
55,46.12,2752.58,3,3,1,0,3,0,2,0,1,0
41,118.19,5535.96,5,4,0,3,2,3,0,1,0,0
39,109.79,4390.37,4,1,0,0,2,3,2,1,1,0
13,32.85,420.16,5,1,0,0,3,2,1,0,0,0
64,22.62,1327.04,4,2,0,3,2,0,0,0,1,0
11,88.83,1022.14,2,1,0,0,3,0,2,1,1,1
19,80.41,1612.91,3,3,0,1,3,2,1,0,1,0
11,113.58,1318.81,1,2,0,1,1,2,0,1,0,1
46,43.4,1713.12,1,0,0,0,0,2,2,1,1,0
45,28.44,1432.98,2,0,0,1,1,2,1,0,0,1
1,45.92,43.69,4,0,0,2,3,2,2,1,0,1
40,21.89,939.86,2,2,0,2,2,2,2,0,0,0
19,23.59,483.13,3,2,1,2,2,3,0,0,1,0
61,111.49,7107.79,1,1,0,0,1,3,1,1,1,0
12,55.2,641.53,5,3,0,0,0,3,1,0,1,1
61,61.08,3847.08,1,1,0,1,3,1,1,1,0,0
33,21.84,621.22,3,2,0,1,1,2,0,1,1,0
45,47.05,2283.71,4,1,2,1,2,2,1,1,1,0
69,100.47,6099.84,2,2,0,0,3,2,2,1,1,1
8,81.55,632.19,1,2,1,1,3,2,2,1,1,1
25,95.38,2100.91,1,1,1,2,2,3,1,1,1,1
46,64.72,3278.24,5,2,1,2,1,2,0,1,1,0
30,50.97,1552.26,2,0,2,3,2,1,1,1,0,0
47,68.28,3393.05,5,3,2,3,1,3,0,1,1,0
49,52.31,2703.44,5,1,0,3,2,3,1,0,0,1
47,103.9,5383.6,4,3,0,2,0,3,2,1,1,1
18,49.77,797.07,1,4,1,0,2,1,0,1,1,1
66,85.98,5946.35,2,1,2,1,3,3,1,0,1,0
68,33.7,2343.13,4,5,2,1,3,1,1,0,0,0
33,88.69,2514.79,4,0,0,0,1,0,0,0,0,1
36,111.33,3648.88,4,3,0,3,2,2,1,1,1,0
19,80.86,1429.18,3,3,1,0,1,1,2,1,0,1
28,75.99,1854.77,3,2,0,2,1,2,1,0,1,1
40,116.11,4442.05,4,1,1,0,1,2,1,1,1,0
15,82.74,1065.06,3,0,1,2,2,3,0,0,1,0
41,45.96,1914.22,2,5,0,2,0,3,2,0,0,1
39,49.24,1754.12,1,0,2,3,1,1,1,1,0,0
2,90.53,169.49,2,0,2,1,2,1,1,0,0,0
63,93.54,6618.95,1,1,0,3,1,3,0,1,0,1
29,50.35,1461.37,3,2,1,2,0,2,0,1,0,0
66,54.53,3349.86,2,1,1,3,2,3,2,1,1,0
51,119.11,6253.82,5,5,0,1,2,2,1,0,0,1
10,30.2,274.93,4,1,0,3,2,0,2,1,1,1
14,60.46,738.42,1,2,0,2,1,1,2,1,0,1
51,26.24,1146.1,1,3,2,1,1,3,1,1,0,0
39,102.11,4521.63,5,1,0,3,1,2,2,0,0,1
28,29.23,873.73,5,1,0,0,0,0,2,0,1,0
3,87.4,285.8,4,1,0,1,1,2,1,0,1,0
70,25.65,2054.41,3,2,0,3,2,1,2,0,1,0
27,87.29,2661.88,2,1,0,0,0,3,0,0,0,1
2,104.3,223.43,2,2,0,1,0,2,1,0,0,1
38,59.88,2407.95,2,2,1,0,0,1,0,0,0,1
3,72.21,206.03,3,4,1,3,1,3,2,1,1,1
16,60.15,848.13,4,1,1,0,1,0,0,0,1,0
40,50.05,2046.23,2,3,1,0,1,2,2,0,1,0
2,100.33,205.24,1,3,0,2,0,3,0,0,0,1
41,47.2,2197.76,1,3,1,0,3,3,2,0,0,1
12,92.29,1088.45,1,3,0,1,3,3,2,1,0,1
35,40.62,1503.07,5,0,0,0,2,1,2,0,0,0
65,44.99,2989.82,5,0,0,0,1,0,1,1,0,0
55,53.65,2664.42,3,2,0,1,1,0,1,0,1,1
45,78.92,3649.29,2,2,0,3,2,1,2,0,0,0
62,65.44,4106.25,5,0,0,3,1,2,2,1,1,0
49,94.51,4622.74,1,1,1,0,2,1,0,0,1,0
25,41.36,1038.08,5,0,1,1,2,0,1,0,1,0
23,21.07,435.7,1,1,0,0,2,1,1,0,1,0
24,97.66,2318.06,2,1,2,1,1,0,2,1,0,0
38,102.16,4005.32,3,0,1,1,1,0,2,0,0,1
28,25.95,724.24,4,1,2,3,2,0,2,1,1,0
21,81.09,1697.13,4,2,1,0,2,0,1,0,1,1
54,57.82,2726.58,1,5,0,0,2,2,0,1,1,1
18,99.39,1623.05,5,0,2,0,1,0,1,0,1,0
36,107.44,3660.15,5,0,2,0,2,3,2,0,0,1
45,105.1,4615.08,1,3,0,0,3,3,2,1,0,0
53,97.72,5325.14,2,6,0,0,2,0,1,1,0,1
30,46.91,1560.54,1,2,0,2,1,0,1,0,0,1
60,101.19,5450.54,2,1,2,0,2,1,0,0,1,0
32,73.35,2005.69,3,1,0,2,2,2,2,1,0,0
67,25.28,1667.68,3,1,1,2,3,0,1,1,1,0
67,65.69,4311.84,1,2,1,2,2,1,2,0,1,0
28,114.22,3247.84,3,2,0,0,2,0,0,0,0,0
44,108.79,5265.08,5,1,1,1,2,2,0,1,0,0
41,30.23,1351.7,2,0,1,3,0,2,2,0,1,0
63,94.41,5234.32,4,2,0,1,1,3,2,1,0,1
23,100.58,2614.52,4,5,0,1,0,2,1,0,1,1
48,47.14,1998.21,3,4,2,0,1,3,1,0,0,0
32,67.16,2235.91,2,1,1,1,2,2,2,0,1,1
57,91.1,5461.2,5,3,1,1,1,1,1,0,0,0
33,63.9,2222.64,4,2,0,0,0,2,2,0,0,0
24,31.28,697.87,5,2,0,0,1,1,0,1,1,0
39,90.59,3353.13,5,3,2,3,0,3,2,1,0,1
34,111.16,3834.76,4,1,1,3,2,1,1,1,1,0
56,85.25,4343.67,4,6,0,2,2,3,1,0,1,1
28,97.38,2334.26,3,5,1,3,2,2,2,1,0,0
37,55.84,2104.46,2,2,1,0,0,1,0,0,0,0
7,38.32,265.44,1,3,0,1,0,1,0,0,1,1
68,84.28,6000.32,2,2,2,0,3,3,1,0,0,0
37,52.78,1745.78,1,0,0,0,0,2,1,0,1,1
56,106.01,6543.57,4,0,1,1,2,0,0,1,1,0
65,32.26,1874.51,5,1,0,3,2,0,1,0,0,1
65,63.35,4600.92,2,3,0,1,1,1,1,0,1,0
47,59.67,2762.15,5,2,2,0,2,3,1,1,0,0
20,113.81,2310.12,2,2,1,3,1,3,2,0,1,1
19,35.31,750.78,2,4,1,0,3,3,0,1,0,1
29,20.98,572.03,5,0,0,0,1,2,0,1,0,0
60,43.81,2377.61,3,2,2,3,1,2,1,1,0,0
18,102.03,1806.61,4,0,0,1,2,2,1,1,0,1
35,40.93,1322.76,3,7,1,2,1,0,2,0,0,0
43,44.09,1911.61,3,1,2,3,2,1,1,1,0,0
11,32.99,338.42,2,1,0,0,2,2,1,0,1,0
49,91.54,4976.13,4,4,0,0,0,1,1,0,0,1
38,26.92,1055.8,2,3,2,3,0,3,1,1,0,0
64,53.12,2890.02,1,2,2,0,0,2,2,0,0,0
69,48.25,3634.34,2,1,1,2,0,2,2,0,1,0
8,75.52,573.36,5,1,0,3,1,2,1,1,1,1
34,93.04,2992.79,2,2,1,0,2,1,1,1,0,0
48,73.29,3394.4,1,1,0,2,0,0,0,0,1,1
56,113.1,6581.26,2,3,0,0,0,0,2,1,1,1
65,115.14,7354.29,1,2,0,3,1,3,1,0,0,1
31,56.15,1807.71,4,0,0,1,2,1,0,1,0,1
4,97.77,349.63,2,2,0,2,2,2,2,1,1,0
50,93.88,5356.09,1,2,0,3,3,0,1,0,0,1
69,109.3,8060.93,4,3,1,3,1,3,1,0,0,0
30,64.79,1798.16,5,1,1,3,0,0,2,0,0,0
59,73.05,4599.63,3,5,2,1,1,1,2,1,0,0
67,61.58,4218.55,1,2,0,0,1,3,1,1,0,0
45,105.04,4172.52,5,1,0,1,2,1,1,0,1,1
4,42.97,155.29,4,2,1,3,2,3,2,1,0,1
26,43.97,985.92,5,2,0,2,1,1,0,0,1,0
27,57.26,1689.46,2,2,0,0,2,2,2,1,1,0
46,43.03,2010.28,3,1,1,1,3,2,2,0,0,1
64,76.1,4602.69,1,1,0,2,3,1,1,0,1,0
51,33.45,1514.67,4,2,2,3,1,1,1,1,1,0
50,52.02,2588.48,3,3,1,2,0,0,0,1,0,0
6,111.34,673.13,4,4,0,2,0,0,1,1,0,1
59,60.92,3812.2,5,1,0,3,1,3,2,0,0,1
15,94.82,1622.88,4,1,1,1,1,1,2,0,1,0
30,31.35,922.03,4,2,1,3,3,1,1,1,0,0
42,44.76,1826.78,5,0,2,2,1,1,2,0,1,0
37,100.73,3581.74,5,3,1,3,2,0,2,0,1,1
42,96.3,4441.25,3,4,0,0,2,0,1,1,1,0
35,58.62,1840.02,1,2,0,0,1,2,0,1,1,1
6,115.44,660.18,5,2,1,2,1,3,1,1,0,1
68,111.06,8062.09,3,4,0,3,2,0,2,0,0,1
18,116.23,1788.17,4,0,1,2,2,3,1,0,0,1
29,62.79,1705.89,4,2,1,3,3,3,1,0,0,0
59,39.75,2444.61,2,1,1,0,2,0,2,0,0,0
47,82.67,3519.24,5,1,0,0,2,1,2,0,0,0
17,88.48,1415.09,3,0,1,2,2,1,2,1,1,1
22,32.54,712.97,3,2,0,0,0,2,1,0,1,1
68,98.65,6551.16,1,4,1,2,2,1,2,0,0,1
69,21.81,1326.78,3,2,1,1,3,1,1,1,0,0
37,68.27,2858.2,5,2,1,2,1,0,2,0,0,1
49,53.1,2246.26,3,0,0,3,1,3,1,0,1,0
13,94.03,1313.98,2,3,1,3,2,1,2,1,1,1
34,51.28,1519.23,4,1,1,3,3,0,2,1,1,0
53,102.68,5388.68,4,3,0,2,0,3,1,0,0,1
51,79.5,3659.47,3,6,2,1,2,0,2,1,0,1
3,99.39,266.06,3,4,1,2,2,1,2,0,1,1
42,118.93,4434.61,3,0,1,2,2,1,1,1,0,1
32,87.92,2773.46,3,1,0,1,2,0,1,0,0,0
51,118.5,6071.32,2,1,2,0,3,2,2,1,1,0
46,22.88,936.87,5,2,1,0,0,3,2,1,0,1
21,53.81,1292.62,2,3,1,0,1,3,2,0,1,0
44,30.79,1256.12,2,0,1,0,1,1,1,0,1,0
11,46.23,502.26,2,5,0,0,0,0,2,1,1,1
68,103.89,6463.12,4,0,0,1,1,0,0,0,0,0
1,23.23,23.19,2,6,0,1,1,1,1,0,1,1
63,72.02,4885.63,3,0,0,2,2,0,2,0,0,0
24,76.71,1852.76,2,2,1,0,1,1,1,1,0,1
13,76.12,925.87,3,4,0,3,2,2,1,0,0,1
11,67.53,686.76,5,3,1,1,1,3,2,1,0,1
51,99.06,5444.52,4,1,1,1,0,2,1,0,0,0
17,33.35,502.08,5,3,0,0,0,0,0,0,1,0
24,51.06,1177.58,5,3,0,3,1,3,1,0,0,1
19,81.57,1387.83,4,2,1,3,0,1,1,1,1,0
37,89.1,3057.17,3,3,0,1,1,1,2,1,0,1
8,60.41,432.96,3,1,0,2,2,3,2,0,0,1
28,107.54,3360.42,3,1,1,3,1,2,1,1,1,1
5,61.55,329.16,4,2,1,2,1,2,1,0,0,0
17,60.28,1043.45,2,0,1,0,0,1,2,1,1,0
36,23.62,780.05,1,3,1,0,3,0,1,0,0,1
19,75.11,1431.55,2,1,2,0,0,1,1,1,1,0
64,90.87,5851.9,2,4,0,2,1,0,1,0,1,1
11,31.44,355.26,5,2,2,1,1,0,1,1,0,1
54,50.54,2369.13,1,4,0,2,2,3,2,0,1,0
45,98.13,5042.11,3,1,1,0,1,3,2,0,0,0
47,56.59,2632.24,2,0,1,3,1,1,1,0,1,0
12,44.16,597.73,4,1,1,1,2,3,0,1,1,0
21,87.22,1562.27,2,3,2,2,2,1,0,0,0,0
11,39.68,403.38,3,2,0,3,0,3,1,1,1,1
5,109.57,482.74,2,3,0,3,1,2,1,0,0,1
56,30.56,1849.77,5,2,0,0,3,2,1,1,0,0
20,90.65,1715.26,5,0,0,0,1,2,2,0,0,1
41,69.95,3161.12,2,2,1,3,1,3,2,1,0,0
46,106.99,5412.44,5,1,0,1,0,0,1,0,1,0
12,32.62,411.14,4,1,2,2,2,3,1,0,1,0
70,87.79,6450.9,1,2,1,1,0,2,2,0,1,0
17,77.21,1391.31,2,2,0,1,0,1,1,1,1,1
19,68.01,1359.53,4,0,0,2,1,0,1,0,0,1
26,69.14,1736.67,4,3,0,2,1,2,0,1,1,1
48,92.2,4668.22,4,1,2,2,3,3,1,1,1,0
52,113.77,6621.61,3,2,1,1,0,1,0,1,1,1
70,29.13,1936.36,2,2,0,1,1,3,2,0,0,0
55,21.95,1368.39,2,2,0,2,1,1,1,1,1,0
33,100.57,2834.52,2,1,0,3,2,2,0,1,1,1
62,30.82,1824.15,1,2,0,3,1,1,0,1,1,1
23,118.67,2428.16,4,4,1,2,2,1,1,1,0,1
15,81.93,1091.35,2,2,1,1,1,1,1,0,1,1
27,85.09,2514.73,5,5,0,2,2,2,2,0,1,1
64,39.89,2873.32,3,3,2,0,1,1,1,1,1,0
51,44.03,2432.71,1,2,0,3,1,3,2,1,0,0
53,85.94,5205.79,3,2,0,3,2,0,2,1,0,0
51,110.97,5177.97,4,2,1,3,1,3,2,1,0,0
47,118.24,4958.39,5,5,0,2,2,1,1,1,0,1
4,39.8,160.2,4,2,0,0,1,1,1,1,0,1
7,33.41,256.97,2,0,1,3,3,2,1,1,0,1
35,25.64,773.52,3,7,0,0,1,3,1,1,0,1
48,106.83,5890.18,5,4,0,1,0,1,1,0,1,0
45,49.47,2294.5,3,1,1,1,1,2,2,1,0,0
19,20.18,438.54,1,5,0,3,1,2,2,1,1,0
63,42.38,2561.98,5,0,0,1,1,2,1,1,0,0
38,54.04,2027.81,1,3,0,2,1,2,2,0,0,0
67,119.1,8583.73,5,0,1,1,3,1,1,0,1,0
59,72.35,4643.75,2,4,0,2,2,1,0,1,0,0
69,40.47,2568.87,3,2,2,1,1,2,1,1,0,0
13,53.48,784.91,3,4,2,0,2,2,0,0,0,1
47,53.03,2767.18,4,0,0,1,0,3,0,1,0,0
61,21.97,1146.6,5,1,2,0,3,2,0,1,1,0
31,33.52,923.28,5,1,1,2,1,2,1,0,0,0
22,89.52,1967.13,1,1,0,1,0,1,1,0,0,1
43,32.03,1360.95,5,2,1,1,2,0,0,0,1,0
67,43.07,3066.34,3,4,1,0,1,3,1,1,1,0
54,55.07,2607.92,5,4,0,1,2,1,1,1,0,0
10,95.77,999.35,4,0,0,2,3,2,1,0,0,0
42,78.24,3400.8,4,2,0,0,3,2,0,1,0,1
64,88.9,5234.92,3,3,0,2,3,2,1,1,1,1
21,76.7,1631.21,3,1,0,3,1,3,0,1,1,1
66,88.36,5345.71,3,0,1,2,2,2,1,0,1,0
41,20.28,743.56,5,0,0,0,1,0,2,0,1,0
24,113.09,2773.71,5,0,0,2,2,3,1,0,0,1
35,31.09,1244.1,2,2,0,1,1,3,1,0,1,1
56,60.62,3127.06,1,1,2,2,1,2,0,1,1,0
30,97.1,2786.69,5,1,0,1,3,3,1,0,0,0
57,63.52,3356.39,2,1,0,0,2,3,2,0,0,0
47,114.68,5012.51,2,1,0,1,3,0,1,1,0,1
35,66.76,2269.4,4,4,1,2,1,1,1,1,1,0
19,107.49,2166.06,5,1,0,3,1,0,1,0,0,1
8,101.08,696.78,2,1,0,1,3,1,0,0,0,1
26,118.1,3491.65,4,1,0,3,1,0,2,0,1,1
71,112.65,6909.77,1,1,0,3,3,2,1,1,1,0
30,109.81,3671.17,4,3,1,3,2,0,0,0,1,1
7,93.16,729.28,1,2,0,3,3,3,1,0,0,1
67,56.7,3826.8,3,2,0,2,2,3,1,0,0,0
65,30.61,1773.12,3,3,1,1,2,3,1,1,1,0
36,88.86,3261.65,4,2,0,0,0,2,2,0,0,1
25,117.87,3060.34,3,1,1,0,3,0,1,1,0,0
37,92.66,3796.4,5,3,0,1,1,1,1,1,1,1
1,112.87,114.6,4,0,2,0,0,0,1,1,0,1
15,100.43,1466.1,2,4,2,1,2,0,2,1,0,0
37,36.31,1479.88,5,3,1,2,2,1,1,0,1,0
13,44.92,668.22,4,3,2,1,2,0,0,1,0,0
8,54.19,452.36,1,1,0,2,1,3,1,0,1,0
5,36.83,204.81,3,2,1,1,2,1,1,1,0,1
60,78.17,4828.83,3,4,0,3,2,0,2,1,0,0
1,117.55,124.24,3,3,1,3,2,1,1,1,0,1
36,96.15,3656.64,4,1,0,2,1,1,1,1,0,1
35,62.34,2315.9,5,0,0,0,2,2,2,0,0,0
66,20.45,1277.25,1,1,2,3,3,1,1,0,0,0
63,51.33,3307.04,3,0,0,1,3,1,2,1,1,0
23,72.68,1718.75,5,5,1,0,0,2,1,1,0,1
9,52.43,445.65,2,2,1,0,0,2,1,0,0,0
34,31.1,1009.88,2,2,0,2,0,3,1,1,1,1
46,64.28,3189.34,1,2,0,0,1,3,2,0,1,0
4,45.33,185.8,3,0,0,2,1,1,1,0,0,1
30,110.92,2977.5,2,1,2,3,2,2,1,1,1,0
3,30.18,99.7,5,0,2,3,2,1,1,1,1,0
14,24.92,388.9,5,2,1,0,1,1,1,0,1,0
60,20.53,1219.37,2,5,2,0,1,0,1,1,1,0
45,52.81,2168.8,3,1,0,1,1,1,0,0,1,0
34,86.04,3318.13,1,1,0,1,0,2,0,1,1,0
45,93.04,4667.01,3,3,0,2,2,0,1,1,0,0
61,65.33,3679.31,4,1,1,0,1,0,1,0,1,0
16,88.43,1243.26,2,1,0,0,2,2,0,0,0,1
66,55.99,3629.64,4,1,1,1,1,3,0,0,0,0
40,86.78,3654.92,2,2,1,2,2,2,0,1,1,1
17,24.06,369.18,1,3,0,1,2,0,1,0,0,0
34,59.08,2016.52,3,2,0,0,1,2,1,1,0,0
16,99.08,1549.89,3,2,0,2,2,2,0,0,1,1
60,100.3,6723.14,2,3,1,3,0,3,2,1,1,1
66,91.61,5918.82,5,2,0,0,1,1,0,0,1,0
66,40.42,2695.01,4,2,0,1,2,2,0,0,1,0
13,44.72,660.77,3,4,1,2,2,1,2,0,0,0
56,119.61,6295.59,3,1,0,1,2,2,1,1,1,0
31,30.34,880.94,2,3,0,3,1,2,0,0,1,1
34,38.07,1410.58,5,4,1,0,0,3,2,1,0,1
39,33.0,1201.2,4,2,1,0,0,2,1,1,0,0
67,52.77,3887.26,5,3,1,1,1,3,2,0,1,0
8,41.02,288.32,5,2,0,0,1,2,0,0,0,1
55,69.77,3389.77,2,2,0,1,2,0,2,0,1,1
27,67.6,2045.01,5,3,1,1,2,0,0,1,1,1
53,110.15,5909.46,4,3,0,2,2,3,2,1,0,1
39,23.47,975.58,1,4,2,3,2,2,1,0,1,0
65,51.99,3100.72,1,2,0,0,1,0,0,1,1,0
17,79.67,1218.73,4,1,0,0,1,2,2,0,1,0
30,80.48,2657.02,2,3,0,1,1,3,1,1,1,1
53,68.01,3451.78,3,1,2,3,1,2,2,0,1,1
13,101.57,1302.55,2,1,1,2,2,1,1,1,0,1
21,26.27,473.59,4,1,0,1,2,3,2,1,0,1
19,101.55,1863.37,5,3,1,3,2,3,1,0,1,1
53,69.48,3980.94,1,2,0,0,0,1,2,1,1,0
19,33.38,695.27,5,1,0,2,3,2,1,1,0,0
57,108.57,6557.5,2,0,0,2,1,0,0,0,1,1
25,84.92,2245.48,4,0,0,1,3,3,0,1,0,1
31,36.35,1129.1,1,2,0,1,2,3,2,1,1,1
55,23.36,1299.85,4,1,0,2,1,0,2,1,1,0
23,34.11,841.66,1,2,0,0,0,2,2,0,0,1
32,80.88,2391.95,1,2,0,0,3,0,1,1,1,1
62,37.93,2162.22,1,1,0,2,2,2,1,0,1,0
10,42.58,483.23,2,5,2,1,1,1,1,1,1,1
54,22.51,1043.49,4,0,1,1,2,0,0,0,0,0
52,92.29,4280.15,3,4,2,0,2,3,1,0,1,0
20,101.04,2063.37,3,3,0,3,1,0,1,1,0,1
32,99.68,3417.52,3,3,0,3,0,3,1,1,0,1
14,32.76,463.81,4,0,1,3,1,1,1,1,1,1
50,110.33,5276.64,5,5,1,0,0,2,1,1,1,0
28,87.23,2792.6,4,2,1,2,0,3,1,0,0,0
53,109.75,6172.64,1,0,1,3,1,0,2,0,1,0
24,64.72,1707.6,5,1,1,0,1,1,2,0,1,1
22,63.7,1208.02,1,4,1,0,1,3,2,0,1,1
30,98.45,2719.61,1,2,1,1,3,0,0,0,0,1
63,29.33,1778.03,4,5,2,1,2,1,2,1,1,0
4,72.09,260.89,3,5,2,0,1,0,1,1,0,1
59,103.64,5331.19,5,2,0,1,2,2,2,1,0,1
8,103.02,756.18,2,2,0,1,0,3,2,1,0,1
12,115.61,1401.36,3,2,0,1,3,0,1,0,0,1
31,89.83,2948.17,2,3,0,0,2,1,2,1,1,1
34,40.78,1500.39,4,2,0,3,1,2,1,1,0,1
49,22.03,931.37,5,0,0,1,3,0,1,1,1,1
57,67.94,3789.0,4,1,0,0,2,3,0,0,0,0
26,71.37,1645.32,2,2,1,0,1,1,1,0,0,0
18,44.03,776.12,1,2,0,2,3,1,2,1,0,1
38,32.47,1209.41,4,1,1,2,3,2,2,0,1,0
50,78.62,3928.93,5,5,0,3,3,0,1,1,1,0
8,96.43,862.31,4,0,2,2,0,2,2,0,0,1
41,119.32,5339.68,3,2,1,0,3,1,2,1,0,1
6,95.83,598.57,4,1,0,2,2,3,1,0,0,1
69,99.36,7648.78,2,2,2,1,2,1,0,0,0,0
44,81.65,3784.77,4,1,0,2,1,0,2,1,0,0
64,118.59,8315.93,5,3,2,0,0,1,1,0,1,0
29,84.0,2482.48,4,3,1,3,0,3,2,0,1,1
28,106.03,2991.17,4,0,0,3,1,3,2,1,0,1
11,114.58,1345.1,5,1,0,3,1,2,0,1,1,0
65,112.99,6285.85,4,1,0,3,0,1,0,0,1,0
19,58.14,1167.78,5,2,2,1,3,0,1,1,0,0
9,27.87,283.49,2,7,1,1,2,3,1,0,1,1
27,37.19,1068.5,5,2,0,1,2,3,2,0,1,1
34,25.92,758.88,2,3,0,2,2,0,1,1,1,0
44,30.54,1294.52,2,3,0,2,2,1,0,1,1,1
68,38.47,2858.55,5,1,0,2,1,3,1,0,0,0
15,54.11,923.31,4,0,2,3,2,2,1,1,0,1
51,74.35,3644.35,3,1,0,3,2,3,1,1,1,1
13,91.17,1306.5,5,1,0,2,1,0,0,1,1,0
49,41.09,2233.31,4,1,2,1,1,1,1,1,0,0
70,87.25,5417.41,2,1,0,0,1,3,1,1,0,1
56,90.43,5589.16,1,5,0,2,2,3,2,1,1,1
51,75.86,3664.98,3,5,0,0,0,1,2,0,1,1
37,110.36,4197.6,4,2,1,1,2,1,1,0,0,0
17,31.1,534.87,3,3,1,0,1,2,1,1,0,0
58,37.71,2294.3,1,3,0,3,2,3,1,1,0,0
29,62.87,1954.65,1,2,1,0,3,2,1,0,1,0
33,32.67,1059.03,1,0,1,2,3,2,1,0,0,0
60,76.63,5133.39,5,2,1,2,2,0,0,1,0,0
55,59.84,3596.79,3,2,2,1,1,3,0,1,1,0
10,48.46,526.09,5,2,0,2,2,1,0,1,0,1
47,37.0,1717.17,1,2,0,0,2,2,1,1,1,0
23,53.53,1060.47,4,3,1,3,2,0,1,1,1,0
21,80.8,1692.77,1,2,0,0,3,0,0,0,0,1
13,77.58,1129.07,5,3,0,0,1,3,1,0,0,1
33,36.36,1088.53,1,1,0,0,2,0,2,0,1,1
24,32.49,892.71,1,2,1,2,1,0,0,1,0,0
11,22.67,272.36,5,5,0,1,1,3,2,1,1,1
17,21.24,383.86,5,0,0,2,2,2,1,0,1,0
68,107.98,7732.96,4,1,0,0,1,0,1,0,0,1
47,24.51,1181.99,5,3,1,1,2,2,2,0,0,0
25,93.12,2482.17,4,1,1,1,2,2,0,1,1,0
21,107.2,2198.43,2,2,0,0,2,2,1,0,1,1
12,29.81,394.72,2,3,1,0,3,1,0,0,1,0
37,63.63,2492.99,5,1,1,2,2,3,1,0,0,1
42,116.23,5278.92,1,2,1,1,3,3,0,1,1,0
17,103.41,1912.3,3,5,0,3,2,2,2,0,0,1
48,68.97,2905.43,1,3,1,1,2,0,1,1,0,0
28,96.26,2335.91,5,1,2,2,1,1,2,0,1,0
41,103.34,4619.42,4,3,0,0,2,1,2,0,0,0
47,54.8,2389.8,1,4,0,1,2,3,2,0,0,1
18,109.22,2014.22,2,3,0,3,2,1,1,0,0,1
71,67.05,4679.97,5,2,1,2,2,2,1,1,1,0
13,72.78,810.48,1,4,1,1,3,2,1,0,0,1
13,119.97,1344.52,1,3,0,2,1,3,2,1,0,1
31,104.33,3551.64,4,0,0,1,2,3,1,1,0,0
2,56.18,115.98,4,2,2,0,2,1,2,0,0,0
16,21.03,338.96,4,1,1,3,1,0,0,1,1,1
9,82.62,842.68,3,3,2,0,3,1,2,1,0,1
38,90.39,3098.03,5,1,2,1,2,3,1,1,0,0
54,85.08,4260.75,5,1,0,3,1,2,1,0,1,0
56,116.79,7043.75,2,1,0,1,1,2,2,1,0,1
45,106.3,5178.34,2,0,1,1,2,0,2,1,1,1
34,64.88,2143.09,5,0,0,3,0,0,2,1,0,1
9,26.29,268.58,1,2,0,3,1,1,1,0,0,1
8,67.61,611.96,5,3,0,2,1,2,2,0,0,1
7,88.92,531.42,3,1,2,3,3,1,2,0,0,1
36,80.77,2621.92,2,3,0,0,2,0,2,1,1,0
18,73.81,1456.28,2,3,0,3,1,3,2,1,0,1
3,66.88,190.73,2,1,1,3,3,1,2,0,1,0
28,49.38,1214.75,5,3,2,2,3,1,1,1,0,0
70,47.73,3627.12,2,1,2,0,2,2,2,0,0,0
44,70.02,3039.04,2,2,1,0,1,2,1,0,0,0
21,36.06,755.54,5,3,0,3,2,2,2,0,0,1
28,54.07,1371.48,1,1,0,3,1,1,1,0,1,1
54,52.4,2966.06,2,6,2,2,2,2,1,1,0,0
54,78.71,4315.86,2,5,0,0,0,2,1,0,1,1
65,26.67,1580.9,2,2,1,0,2,0,2,1,1,0
21,102.97,2058.73,3,1,0,1,1,2,2,1,0,1
13,76.24,1019.9,5,1,0,2,2,3,1,0,0,1
57,87.08,5596.4,2,1,1,2,0,0,1,1,1,0
49,90.31,4983.23,3,0,2,3,2,1,2,1,0,1
54,49.15,2485.14,1,2,2,0,2,1,0,1,1,0
10,67.04,717.76,1,1,2,3,0,2,2,1,0,1
53,115.62,6634.63,3,1,1,2,2,3,2,1,0,1
44,96.67,4647.58,1,3,1,0,0,0,0,0,0,1
47,116.96,5613.61,4,1,2,0,2,2,2,1,1,0
53,94.63,4278.69,1,4,0,2,1,0,1,0,0,1
46,37.56,1863.39,4,2,2,0,2,2,0,1,0,0
13,26.45,303.31,3,1,1,1,1,0,1,1,0,0
37,77.77,2546.63,4,0,2,2,1,0,2,0,1,0
24,55.78,1381.17,1,2,1,2,0,1,2,1,0,0
2,47.55,108.89,2,0,0,0,3,0,2,0,1,1
14,100.72,1301.18,4,2,0,2,2,3,1,1,0,0
10,56.7,591.8,1,1,0,3,3,1,0,0,1,0
35,51.7,1702.92,2,0,0,2,3,2,1,1,0,0
25,105.0,2938.96,3,1,0,3,3,2,1,0,0,1
3,104.63,322.69,3,1,1,1,2,0,2,0,0,1
17,55.64,862.82,5,2,0,1,0,1,1,0,1,0
12,103.25,1150.58,3,2,0,3,3,1,1,0,1,1
54,105.08,5559.27,5,0,2,2,0,2,0,0,0,0
24,62.39,1327.64,3,1,0,3,2,3,1,0,0,1
29,26.65,675.11,3,4,2,0,3,3,0,1,1,0
43,20.16,913.64,3,1,0,3,1,1,2,1,0,1
25,72.33,1757.87,5,0,2,1,1,1,2,0,0,0
60,54.41,3486.0,5,2,0,1,1,2,2,0,1,0
65,119.71,6871.07,4,3,1,3,3,1,0,1,1,1
28,97.24,2812.49,1,5,1,1,3,2,0,1,0,0
16,96.13,1511.88,1,3,2,0,2,3,1,1,1,1
47,115.52,4709.67,1,2,0,2,3,1,2,0,0,1
58,108.77,6393.6,3,4,0,2,0,3,2,0,0,1
27,51.82,1224.0,1,0,2,3,1,3,2,0,0,0
53,36.6,2130.44,5,0,0,1,1,0,0,1,1,0
42,94.59,4130.02,4,0,0,2,0,2,2,0,0,1
59,57.83,3470.12,2,1,0,1,1,2,0,0,0,0
47,67.32,2816.01,4,0,0,3,0,2,2,0,1,1
34,83.04,2643.33,1,4,0,1,2,0,1,1,1,1
37,110.79,4090.37,1,2,0,0,0,2,2,1,1,0
6,61.91,386.31,5,4,0,0,1,0,1,1,1,1
7,98.33,622.91,4,4,0,1,3,1,2,0,1,1
25,46.83,998.34,5,0,0,0,1,0,1,1,1,0
33,89.8,2825.3,5,1,1,3,0,3,2,1,1,1
55,20.16,1102.99,2,1,2,0,1,2,0,0,1,0
58,107.15,5626.39,5,3,0,0,2,0,2,1,0,0
7,23.04,160.89,5,1,2,2,2,0,2,0,0,0
57,91.28,4950.6,2,3,2,2,2,0,2,0,1,0
12,24.63,291.53,3,2,1,3,0,0,2,0,0,1
16,46.62,711.85,3,2,2,0,1,1,1,0,0,0
43,69.72,3113.51,2,1,0,2,1,1,2,1,0,0
7,61.99,374.45,5,0,2,1,1,1,0,0,0,1
51,39.18,1801.07,1,1,1,1,2,2,1,1,1,0
32,53.38,1673.75,4,1,0,0,3,0,2,1,1,0
8,92.77,710.17,1,1,1,3,1,1,2,1,1,0
45,86.93,3784.49,1,7,1,0,2,2,2,0,1,0
59,27.18,1749.85,5,2,0,2,0,3,1,0,0,0
4,94.73,422.84,4,3,0,0,1,3,2,0,1,1
67,25.3,1567.57,4,4,1,0,1,2,0,1,0,0
29,74.29,2371.91,3,2,1,1,3,0,1,0,1,1
29,46.01,1317.69,2,1,1,1,1,0,2,0,1,0
28,78.77,2055.88,5,0,1,2,2,3,2,0,0,0
44,46.13,2325.47,4,2,0,3,1,0,2,1,0,1
4,118.5,520.17,5,2,0,3,1,0,1,0,0,1
9,50.97,526.78,3,2,2,2,1,0,1,1,1,0
5,44.2,198.98,1,6,2,2,0,0,1,0,1,1
56,47.85,2393.12,4,1,1,0,2,1,1,0,0,1
50,109.65,5487.92,3,4,2,0,2,1,2,1,1,0
15,83.62,1306.5,5,2,2,3,1,0,2,1,0,0
32,93.07,2684.3,3,0,0,0,2,2,1,0,0,0
28,111.8,3468.92,3,4,0,0,1,1,2,1,1,1
22,111.19,2469.61,3,2,0,1,2,0,1,1,1,1
17,93.89,1553.56,3,2,0,2,2,1,0,0,0,1
59,39.78,2419.03,3,3,1,2,0,2,2,1,1,1
71,104.34,7707.87,3,1,0,1,2,2,2,1,1,0
57,40.38,1985.83,2,0,2,1,1,1,1,1,0,1
26,94.29,2819.19,5,0,1,0,1,0,2,0,0,1
25,88.56,2123.62,1,4,1,2,2,0,1,0,0,1
10,95.89,832.76,5,3,0,3,1,3,0,0,1,1
45,73.27,3645.58,4,1,0,2,0,0,1,0,1,1
11,83.87,1059.06,4,0,1,3,1,2,0,0,0,1
53,115.33,6692.73,5,0,2,1,2,2,2,0,1,0
68,30.11,2263.54,3,1,2,2,1,2,0,0,1,0
28,50.88,1478.6,2,0,1,1,1,3,0,0,1,0
65,81.14,5942.0,1,2,0,2,1,3,1,0,0,0
49,116.41,4909.44,3,1,0,3,1,3,1,0,0,0
47,29.56,1500.36,5,3,2,1,2,2,2,1,1,0
52,22.25,1216.52,5,3,0,0,1,1,1,1,0,0
54,25.57,1194.43,2,0,1,2,2,0,0,0,1,0
60,25.24,1534.41,2,3,1,3,2,0,2,1,0,0
57,110.78,6343.08,5,2,0,0,1,1,1,0,1,1
47,92.13,4578.71,3,2,0,1,1,1,1,1,0,0
31,87.71,2374.42,3,2,2,2,2,0,0,0,1,1
46,72.26,3628.24,3,5,2,2,2,0,2,0,0,0
26,98.2,2276.89,1,4,2,0,3,3,1,1,1,0
5,35.56,173.48,1,2,0,0,3,3,1,1,1,1
52,59.19,3430.19,3,5,0,1,2,1,1,1,0,1
54,69.0,3793.69,5,1,2,0,3,1,0,0,1,1
33,31.04,987.35,2,1,0,2,2,2,2,0,0,0
50,61.95,2677.73,4,2,1,2,0,1,1,1,1,1
38,51.65,2064.14,2,2,0,2,2,1,1,0,1,1
27,23.56,728.92,2,0,1,2,1,2,1,1,1,1
15,33.67,567.5,4,2,0,0,1,0,1,0,0,0
61,96.4,6263.98,3,1,2,0,1,3,1,1,1,0
21,21.8,403.66,2,2,2,3,1,2,1,0,1,1
46,113.43,4809.72,4,0,0,1,1,1,0,0,0,0
69,28.64,1790.66,5,3,0,0,1,1,2,0,1,0
6,99.92,573.55,5,3,1,1,1,0,0,1,0,1
38,109.86,3843.5,5,2,0,0,1,3,2,1,0,1
62,114.11,6532.61,3,0,2,3,2,3,2,1,1,0
62,106.75,6850.13,2,1,0,0,1,3,2,1,1,0
46,48.76,2120.75,2,3,0,2,2,3,2,0,1,1
13,53.31,729.85,1,1,1,0,3,0,2,1,1,0
3,62.65,213.22,5,4,1,1,2,2,2,1,0,1
6,33.93,212.04,3,1,0,2,1,0,0,0,1,0
8,22.23,191.24,4,1,0,0,2,1,1,0,1,1
44,106.91,5059.18,3,2,0,2,1,0,0,1,0,1
33,75.41,2362.23,2,2,0,2,2,1,1,1,0,1
50,80.87,3455.22,5,2,0,2,1,0,1,1,0,0
11,112.7,1074.21,1,3,2,3,2,3,2,0,1,1
28,86.51,2263.96,3,3,0,1,2,3,2,0,1,0
70,89.09,6590.57,1,2,0,1,2,2,1,1,1,0
41,98.7,4540.27,2,2,1,0,2,3,1,1,1,0
16,31.63,575.82,4,1,0,2,1,0,1,1,0,1
68,56.02,3267.28,3,1,2,0,2,1,1,1,1,0
48,116.82,6431.83,2,1,1,1,1,2,1,0,0,0
56,112.29,5953.55,5,0,0,2,1,2,2,0,1,0
64,108.41,7651.92,3,2,2,1,1,0,2,1,1,0
59,65.21,3478.32,1,3,0,2,1,0,0,1,1,0
62,105.72,5695.09,3,3,1,2,1,3,1,0,0,0
11,24.84,263.26,2,4,2,3,2,3,2,0,0,0
18,34.85,694.88,2,4,2,2,2,3,2,1,1,0
19,61.4,1068.84,1,1,0,0,0,2,1,0,1,1
55,68.34,3368.46,2,6,0,1,0,2,2,0,0,1
26,46.35,1353.28,3,3,0,1,2,1,1,0,0,1
6,55.65,377.79,1,1,1,1,2,2,1,0,1,1
4,36.28,123.89,2,2,2,2,0,3,2,1,1,1
29,68.91,2134.85,2,4,0,0,2,2,2,0,1,0
59,99.38,5528.05,3,2,0,3,3,2,1,1,1,1
17,86.14,1409.27,2,2,2,3,0,2,0,0,1,1
43,30.78,1311.24,3,1,0,0,1,1,1,0,1,0
66,68.76,4438.37,5,0,0,0,3,2,1,1,1,0
34,89.76,3065.71,3,1,0,0,0,1,1,0,1,0
8,72.99,598.34,4,1,0,2,2,2,1,1,1,1
13,59.17,761.24,2,5,2,2,2,1,2,1,0,0
8,82.19,697.29,5,1,2,3,1,3,0,0,0,0
65,116.86,8094.31,1,2,0,0,0,1,1,1,0,0
43,29.49,1245.41,4,1,2,0,2,0,0,1,1,0
39,59.0,2054.25,1,4,0,1,2,1,2,0,0,0
59,60.66,3729.98,4,2,2,3,1,1,2,1,0,0
44,77.7,3698.6,5,1,0,2,2,3,2,0,0,0
9,35.22,330.09,5,1,2,0,2,1,2,1,0,0
37,37.66,1430.39,5,1,0,2,1,3,0,1,1,0
36,48.54,1605.46,4,4,0,1,2,3,1,0,0,1
28,115.59,3377.35,3,3,2,0,1,3,2,1,0,1
42,93.41,3728.89,1,0,0,2,1,0,2,0,1,1
43,86.17,4171.66,3,0,2,2,2,1,1,0,0,0
42,101.7,4468.19,3,0,0,3,1,0,1,1,1,0
66,32.76,2018.13,2,1,0,2,1,3,0,1,1,0
55,105.93,5779.01,1,1,2,2,2,1,1,0,0,0
48,79.48,4211.88,4,3,1,2,2,3,2,0,0,0
22,53.53,1119.59,2,3,0,2,2,1,0,1,1,1
27,101.59,2763.74,2,2,0,1,3,1,1,1,1,1
67,100.26,7079.25,5,4,1,2,3,1,1,0,0,0
13,104.57,1463.22,4,1,0,3,2,2,2,1,1,0
45,31.55,1280.93,3,2,0,1,1,2,0,0,1,0
10,116.94,1192.22,3,0,1,1,2,2,1,1,1,1
9,115.96,1172.72,3,1,1,2,0,1,1,0,1,1
54,55.75,3433.31,5,1,2,0,2,3,2,1,0,0
27,26.59,751.54,3,2,1,2,2,3,0,1,0,0
34,36.71,1429.07,1,2,0,1,3,2,1,1,0,0
1,119.28,121.81,3,3,0,2,3,0,0,0,1,1
32,76.3,2399.6,3,2,0,3,2,1,2,1,0,1
71,55.66,4013.18,1,1,0,3,1,3,1,0,0,0
67,48.82,2893.86,5,2,0,3,2,3,0,0,0,0
20,45.7,887.03,2,2,2,2,1,2,2,1,0,0
35,86.42,2986.79,4,2,2,2,2,0,2,1,1,0
17,61.94,1163.09,5,2,1,1,2,0,1,1,0,1
18,116.54,2260.51,3,1,1,1,2,1,1,1,1,1
45,88.38,4098.31,2,0,0,1,0,3,1,1,1,1
53,99.2,5016.94,4,0,1,0,1,1,2,0,0,0
68,49.27,3036.05,4,2,2,3,2,0,2,1,1,0
65,27.92,1731.83,4,3,1,0,0,0,1,0,1,0
1,68.78,72.49,1,2,0,0,1,1,2,1,0,1
58,51.46,2772.4,1,2,1,3,0,0,1,0,0,1
26,40.21,1022.49,2,5,1,0,3,2,1,1,1,1
20,115.26,2226.98,3,2,0,2,2,2,1,0,0,0
10,64.4,695.3,2,2,0,3,2,0,2,1,1,1
59,37.47,2465.32,3,2,1,0,1,3,2,1,0,0
41,39.87,1732.23,5,3,1,0,1,0,2,1,1,0
5,48.07,228.93,4,2,2,0,0,1,0,1,0,1
65,119.93,7639.28,4,2,0,2,2,3,2,0,0,1
17,46.8,710.49,1,4,0,0,2,2,1,1,1,0
22,52.88,1047.53,5,2,0,0,0,2,2,1,0,1
41,85.93,3168.41,5,1,0,0,0,2,1,1,0,1
68,49.4,2986.69,3,3,1,1,1,2,1,1,0,0
69,41.58,2593.26,5,1,2,3,2,2,1,0,0,0
11,35.86,359.31,1,2,1,0,3,3,1,0,0,1
56,51.27,2536.7,3,1,2,0,2,2,2,1,1,0
51,30.59,1625.82,2,2,0,3,2,3,1,0,1,0
21,21.86,526.71,3,1,0,0,0,1,1,1,0,1
26,100.46,2909.21,2,3,0,2,2,0,1,1,1,0
19,33.79,554.48,3,2,1,0,0,3,2,0,0,1
60,97.6,5720.69,4,2,0,0,1,2,2,1,1,1
71,99.75,7846.0,2,2,1,1,1,1,0,1,0,0
47,73.79,3088.11,1,1,0,1,1,1,0,0,0,0
71,50.97,3996.15,2,3,0,2,1,0,2,0,0,0
26,34.5,922.03,2,2,0,3,2,0,1,1,1,0
40,93.68,4232.07,3,2,0,2,1,3,1,1,1,0
5,80.14,445.9,4,2,2,3,2,3,0,1,1,0
21,85.55,1891.86,3,0,2,0,3,0,1,1,0,0
4,20.87,87.42,3,2,0,1,1,0,1,1,0,0
23,112.75,2370.13,4,3,2,2,0,0,1,1,0,0
15,26.63,353.51,3,2,1,2,2,1,2,1,0,0
8,56.68,441.94,4,4,1,1,2,0,2,1,1,1
41,60.27,2238.77,1,2,0,3,1,1,2,0,0,1
19,20.14,336.94,4,2,1,0,2,2,0,0,1,1
46,69.71,3016.45,5,4,0,3,2,2,1,1,0,0
28,95.28,2956.39,4,1,0,1,3,3,0,1,1,1
68,102.33,5950.29,4,2,0,0,2,3,2,1,0,1
15,107.94,1518.37,5,1,1,3,1,0,2,1,0,0
37,68.77,2486.58,4,2,1,0,1,3,0,1,0,1
1,83.06,83.33,2,3,2,1,0,2,1,0,1,1
67,27.95,1693.88,3,2,1,0,0,3,1,0,0,0
24,68.8,1881.26,3,2,2,2,2,1,1,0,0,0
27,35.48,980.67,1,2,1,1,3,3,0,1,0,0
40,56.96,2293.69,1,2,0,2,3,2,0,0,0,1
63,52.93,2843.26,5,2,1,0,1,2,1,1,0,0
61,62.35,3787.3,2,0,0,3,1,2,1,1,0,1
36,77.16,3059.3,1,4,1,0,2,2,2,0,1,0
24,110.29,2424.28,3,0,1,1,1,1,1,0,1,0
24,59.45,1363.08,1,2,1,1,1,3,1,1,1,1
4,118.11,404.5,1,1,0,0,2,2,1,0,0,1
67,95.9,7344.84,4,0,1,3,2,3,0,1,0,1
34,71.15,2104.55,1,1,0,1,3,0,2,0,1,0
57,84.4,5385.7,5,3,0,0,1,1,0,0,0,0
49,30.22,1397.81,3,1,1,3,2,0,1,1,1,0
53,104.45,5681.38,5,1,1,2,2,1,1,1,1,0
23,78.24,1896.22,5,4,0,1,1,2,1,0,1,0
69,118.61,7302.04,2,1,1,2,2,3,2,1,1,0
53,83.64,4358.28,4,3,1,1,0,1,1,0,0,0
62,103.41,6075.79,5,3,0,2,2,0,1,0,1,0
41,99.98,3553.78,2,3,1,0,2,0,0,0,0,0
57,54.55,3419.91,3,3,0,3,1,3,1,0,1,1
60,45.96,2381.38,3,1,1,0,2,1,0,1,1,0
54,63.05,3561.2,2,1,0,0,1,0,0,1,0,0
70,66.72,4410.17,5,0,0,0,2,0,2,1,0,0
57,44.01,2276.8,5,1,2,1,2,1,0,0,0,0
10,109.46,1149.47,4,1,2,2,2,2,2,1,0,1
40,74.25,3036.61,4,1,1,1,3,2,1,1,1,0
7,117.84,779.19,3,4,0,1,1,3,0,0,0,1
38,101.0,3852.99,4,0,0,3,1,2,2,1,0,1
61,75.57,4258.86,2,2,1,0,3,3,2,0,0,0
3,114.7,381.66,3,6,0,1,2,0,1,1,1,1
51,70.49,3394.07,5,3,2,2,3,0,0,0,0,1
47,108.71,4718.77,3,0,0,1,1,2,1,0,1,0
68,55.81,4082.13,1,2,0,3,2,1,0,1,0,0
38,57.86,1880.62,3,2,1,3,3,2,2,1,0,0
36,61.81,2070.4,4,2,1,2,2,3,1,1,0,0
41,74.66,2946.73,2,3,0,3,3,3,2,1,1,0
69,75.35,5795.27,5,0,2,0,1,1,1,0,1,0
13,69.64,1027.66,5,5,1,0,1,0,1,0,0,0
58,50.6,3125.4,4,5,2,3,1,0,0,1,0,0
50,112.72,5623.4,4,0,1,1,1,2,2,0,0,0
30,78.86,2465.56,4,2,1,3,1,3,0,1,1,0
62,60.77,3670.77,1,1,0,2,3,3,2,0,1,1
25,85.12,1999.52,2,5,1,0,2,1,1,1,0,1
27,96.8,2966.87,1,5,1,0,3,1,1,1,1,0
51,116.07,5236.68,4,3,0,1,3,2,1,0,0,1
57,69.95,3803.68,2,4,0,2,0,1,2,0,1,1
47,31.21,1642.49,4,1,1,0,1,0,1,0,1,0
39,64.08,2666.27,2,0,0,0,1,1,1,0,1,1
16,67.9,932.88,5,3,0,2,2,3,1,1,1,1
22,109.7,2068.1,1,4,0,1,0,3,1,1,1,1
54,59.48,3227.84,4,1,0,3,2,3,1,0,0,0
21,115.33,2410.54,4,2,1,1,0,3,2,0,0,0
16,68.51,1077.46,3,3,0,0,1,0,2,0,1,1
59,117.38,6514.66,5,0,0,0,1,2,1,1,1,0
31,20.82,739.64,4,1,0,1,2,1,2,1,0,0
42,109.88,4299.34,1,1,0,1,3,2,2,0,0,1
32,113.11,3608.77,5,1,1,0,3,2,1,1,1,0
59,116.1,6654.58,4,3,0,2,3,1,1,0,1,0
34,21.31,652.79,1,4,0,2,0,3,2,1,1,1
9,37.17,304.69,3,2,0,3,2,3,1,1,0,1
11,85.38,1056.99,3,1,2,0,1,3,1,0,0,1
10,22.55,249.71,1,4,0,0,0,1,2,0,1,0
17,26.36,407.67,5,5,2,3,2,1,0,1,1,0
68,42.11,3186.03,1,2,0,0,1,3,0,0,1,0
48,71.24,3121.36,1,1,1,0,1,0,2,1,1,0
52,74.59,4025.94,3,2,0,1,0,2,0,1,1,1
25,23.43,512.09,3,1,0,2,3,0,2,0,1,0
21,37.04,866.52,3,1,1,2,2,2,1,0,1,0
65,69.97,3936.14,4,0,1,2,1,2,1,1,0,0
63,79.39,5084.27,4,2,0,3,3,0,1,0,0,1
51,34.84,1925.95,2,2,0,1,3,2,2,1,1,0
36,59.88,1908.02,4,1,0,0,2,0,2,0,1,0
66,110.44,7080.18,5,2,2,2,2,3,2,1,1,0
15,119.89,1551.23,5,2,2,2,1,1,1,0,0,1
39,118.72,4883.99,3,4,0,1,1,2,1,1,1,1
70,108.17,7134.34,1,2,1,0,1,0,1,0,0,0
1,59.47,60.53,3,6,0,3,3,1,0,1,1,0
23,88.66,2303.84,1,2,1,0,2,2,1,0,0,1
39,61.66,2264.65,3,0,1,3,1,2,1,1,1,0
57,84.85,4181.67,3,1,0,3,2,2,1,0,0,0
34,50.94,1823.33,5,3,0,0,2,2,0,1,1,0
41,80.62,3589.87,1,0,2,3,2,1,0,0,0,0
13,72.38,1070.13,2,0,2,2,0,2,1,0,0,0
70,22.45,1410.05,2,2,1,1,2,2,0,1,1,0
6,99.07,575.19,3,1,0,2,1,1,1,0,1,1
52,21.19,1215.63,3,2,0,3,0,1,1,0,1,1
3,49.32,161.57,5,3,1,3,2,2,1,1,0,1
63,20.59,1345.89,1,2,2,1,1,1,0,1,0,0
49,57.62,2628.04,3,0,2,1,2,1,1,0,0,0
47,26.32,1156.72,2,2,0,2,1,0,1,0,1,0
55,111.35,5433.49,1,2,1,1,3,1,2,0,1,0
64,61.57,4439.02,3,1,1,1,2,3,0,0,0,0
65,65.95,3866.11,1,0,0,3,1,0,1,1,0,1
67,54.99,3764.55,5,1,0,1,2,3,1,0,1,0
15,82.75,1272.67,2,1,0,3,0,0,0,1,0,1
32,98.44,3026.88,1,0,1,0,2,0,1,0,1,0
68,84.81,5512.22,2,1,2,0,0,0,1,0,0,0
18,94.82,1793.1,3,4,2,0,1,0,1,0,0,1
43,110.6,4596.32,4,4,1,3,3,1,2,1,1,1
35,106.35,3448.94,1,2,0,0,0,3,2,0,1,1
58,87.41,4916.13,2,5,1,2,2,1,0,0,0,0
33,41.46,1494.6,1,1,2,3,0,1,0,0,0,1
14,83.77,1336.91,3,3,1,2,2,2,1,0,0,1
34,70.61,2498.59,3,3,0,3,1,1,1,0,0,1
61,91.72,6068.55,2,3,2,2,1,0,2,1,0,0
4,103.29,417.24,5,1,2,0,1,2,2,0,1,0
59,94.27,5770.34,1,0,2,2,1,2,0,0,0,0
29,104.66,3479.43,1,3,2,0,3,1,2,1,0,1
6,26.39,155.39,3,2,0,3,3,3,1,1,0,0
49,23.16,987.26,1,2,2,0,3,2,1,1,1,0
40,45.85,2085.45,2,2,1,1,0,1,1,1,0,0
65,110.07,7783.33,4,3,0,1,1,1,0,0,1,1
69,102.37,6847.77,3,0,1,0,2,0,1,1,0,0
27,88.27,2728.28,4,2,0,1,3,3,1,1,1,1
6,90.08,515.41,1,2,0,1,2,2,2,1,1,1
13,92.67,1158.46,5,3,2,1,1,3,2,0,1,1
64,114.26,7553.39,2,2,0,1,2,3,1,0,0,1
62,103.22,5966.36,1,3,2,2,0,3,2,1,1,0
19,82.34,1657.64,2,0,0,1,3,2,1,0,1,1
43,86.57,3334.89,1,2,0,3,3,2,0,0,1,0
20,41.37,730.18,1,3,0,0,3,3,1,0,0,1
68,85.73,5890.77,1,3,1,3,0,1,1,1,1,0
44,62.47,2794.35,3,1,0,1,2,2,2,0,0,0
23,35.3,716.02,4,2,2,3,2,0,1,0,0,0
2,100.64,229.31,5,1,1,1,1,3,0,0,1,1
22,71.02,1596.9,4,2,1,2,2,2,0,1,0,0
57,117.74,6008.72,4,2,0,2,2,2,1,0,1,0
7,48.17,318.1,2,1,0,2,1,3,1,1,1,1
56,68.07,4155.08,3,0,2,1,1,0,1,0,0,0
67,64.8,4371.83,3,1,0,0,0,1,1,1,0,0
16,32.08,465.23,1,3,0,2,3,1,1,0,0,1
51,62.61,2812.73,4,2,0,1,2,2,0,0,0,0
12,48.76,572.91,5,3,2,1,2,0,2,1,0,1
53,36.03,1816.55,2,0,0,3,0,0,0,1,0,1
5,48.22,252.35,3,3,0,1,2,3,2,0,1,1
27,43.33,1319.01,1,2,1,3,1,3,0,0,0,0
12,93.41,1036.06,5,2,2,2,2,0,1,0,0,1
17,23.08,434.13,4,0,0,3,2,1,1,0,0,0
6,81.75,552.35,5,0,0,1,3,3,1,1,1,1
5,96.07,538.26,3,1,0,3,1,3,2,0,1,1
57,68.07,4406.36,2,2,0,2,0,1,1,0,0,1
28,113.16,3493.56,4,3,0,1,3,1,1,1,0,1
69,90.79,6440.07,2,2,0,0,3,3,1,1,1,0
59,94.79,5441.49,5,0,1,0,1,0,1,0,1,0
33,39.69,1306.61,5,2,0,1,0,3,1,1,1,1
62,97.73,6736.56,1,1,0,2,1,1,2,1,1,1
50,103.21,4853.01,4,3,2,1,2,3,1,0,1,0
19,56.13,957.4,5,1,0,0,2,2,1,1,1,1
69,41.34,2544.87,3,4,0,1,2,1,2,1,1,0
66,58.51,4240.13,3,3,0,3,0,3,2,1,1,0
47,93.96,4762.59,2,2,1,3,2,2,1,1,1,0
39,61.76,2407.09,3,1,1,2,0,1,1,0,1,0
68,93.67,5939.06,5,0,2,2,0,2,2,1,0,0
33,31.36,1089.9,3,6,1,2,1,0,2,1,1,0
13,100.6,1126.72,4,5,2,2,0,1,0,1,1,0
54,45.32,2497.41,2,1,1,3,2,2,1,1,0,0
7,44.89,304.67,4,2,0,0,1,0,2,0,0,1
14,79.04,1265.16,5,3,0,2,2,2,1,0,0,1
19,27.01,514.39,5,3,1,2,2,1,2,1,0,0
54,22.63,1241.17,3,8,2,0,3,1,0,1,1,0
20,46.1,980.8,1,2,0,2,3,1,2,0,1,1
29,73.81,2130.47,1,3,0,0,2,0,1,1,0,1
24,110.76,2438.63,5,2,2,2,1,3,0,0,1,1
63,104.64,6666.27,5,1,0,2,0,1,1,0,0,0
57,69.04,4460.08,2,2,1,2,2,0,0,1,0,1
8,23.71,184.52,5,1,0,3,1,0,2,1,1,1
62,73.53,4804.24,5,0,0,3,1,1,2,1,1,1
29,90.48,3000.2,2,2,0,3,0,1,1,0,0,1
17,53.92,1007.3,4,4,1,2,1,1,1,0,1,0
66,31.11,2150.97,4,1,0,3,2,1,1,1,1,0
6,47.86,307.47,2,1,1,3,2,3,0,1,1,0
58,97.16,6373.12,2,1,0,3,2,3,1,0,0,0
69,55.12,4328.19,4,6,1,1,1,2,0,1,1,1
28,101.2,3232.2,4,1,0,3,1,3,0,0,0,0
62,51.95,3342.44,4,1,1,1,2,2,2,1,1,0
41,36.36,1439.02,4,1,2,3,3,2,1,0,1,1
69,63.58,3904.51,3,3,0,2,0,0,1,0,0,0
41,65.23,2582.5,2,3,0,2,2,3,2,1,0,1
49,21.61,1199.65,1,5,2,2,1,3,1,1,0,1
49,31.7,1735.19,3,2,0,1,0,3,1,1,0,1
71,38.49,2752.37,1,1,0,2,1,0,0,0,1,1
3,31.36,95.12,1,2,0,0,2,2,1,1,1,1
10,54.15,510.48,5,5,2,3,2,3,1,0,1,1
35,116.46,4020.55,2,5,2,1,0,1,1,0,0,1
2,70.92,150.97,3,3,0,1,2,0,0,0,1,1
24,82.76,1928.0,2,2,1,1,1,0,1,0,1,0
38,55.64,1916.36,4,6,2,2,1,0,2,1,1,1
22,52.35,1165.79,2,3,0,0,1,0,0,0,0,0
26,22.31,532.38,1,1,0,1,3,2,0,1,0,0
43,70.03,3439.92,4,3,0,3,0,2,0,1,0,0
55,68.36,3636.16,2,1,0,3,1,3,2,0,0,1
39,35.78,1567.05,2,3,1,0,1,3,2,0,1,0
29,96.43,2566.29,1,1,0,3,2,0,0,0,0,1
20,69.27,1256.18,4,4,1,0,2,1,2,0,1,1
41,53.9,2287.38,1,1,0,3,2,2,1,1,0,0
54,34.69,2030.32,2,0,1,0,2,0,1,0,1,0
20,75.22,1534.45,3,3,1,2,1,2,1,0,0,1
19,95.28,1663.6,3,1,1,3,3,0,1,0,0,0
66,48.2,2740.18,5,0,2,3,1,1,2,0,1,0
30,41.88,1300.97,3,3,0,3,0,0,2,0,0,1
53,72.19,3402.73,4,1,1,2,2,0,1,1,0,0
34,35.53,1151.33,5,1,1,2,2,0,1,0,1,0
22,86.66,2007.09,4,2,0,1,0,1,1,0,0,1
67,80.53,4745.11,3,2,0,1,3,3,2,1,0,0
6,28.71,152.99,3,3,0,0,2,3,2,1,1,1
27,23.65,554.63,2,1,2,1,1,3,1,0,0,0
10,82.03,942.37,4,1,1,3,1,0,2,1,1,1
48,49.43,2292.23,1,3,1,2,1,3,1,1,0,0
70,28.64,2249.22,2,3,0,2,3,0,1,1,0,0
59,95.94,5310.1,4,1,2,2,2,2,2,0,0,0
59,51.4,3263.24,5,2,0,2,2,0,1,0,1,1
2,65.96,120.8,4,2,1,0,2,2,1,1,0,0
29,43.68,1266.12,5,0,2,1,2,0,1,0,1,0
68,82.73,6173.62,5,1,0,2,2,1,0,0,1,0
65,50.15,3569.02,3,2,1,0,0,1,1,1,1,1
26,116.8,3304.96,1,2,0,3,2,3,1,0,0,1
10,90.29,990.64,4,1,0,1,2,1,1,0,0,1
53,33.67,1630.15,1,3,1,0,3,0,1,0,0,0
59,61.67,3619.09,5,4,0,2,2,1,1,0,0,0
22,58.54,1282.08,3,0,0,2,1,1,2,0,1,0
51,73.42,4183.35,1,3,0,2,0,0,1,0,1,1
48,104.19,4696.53,2,2,0,3,1,3,1,0,0,0
21,78.34,1858.15,5,2,0,1,2,3,2,0,1,1
22,26.16,566.93,2,4,1,2,1,3,0,1,1,1
30,85.54,2696.96,1,0,0,1,2,2,2,0,0,0
25,20.83,484.56,1,3,2,3,2,3,0,1,0,1
28,98.0,2670.05,1,1,1,0,1,0,2,1,1,0
65,86.66,5987.69,4,1,0,1,2,3,1,0,0,1
45,50.88,2298.29,5,2,2,0,0,0,2,0,0,0
68,49.24,3781.29,5,2,0,1,0,2,0,1,1,0
7,99.83,748.5,5,1,0,2,0,1,2,1,1,1
49,98.33,4911.44,4,0,0,2,2,0,2,1,1,0
9,55.23,554.73,1,3,0,0,3,2,2,0,0,1
36,49.89,1885.42,1,5,2,1,2,2,0,1,1,0
1,75.98,79.34,2,0,0,3,1,1,1,1,1,1
10,20.84,192.51,4,1,2,1,0,0,1,0,0,1
36,28.27,985.5,3,0,1,0,2,3,1,0,0,0
46,32.62,1582.89,4,1,0,1,0,2,2,1,1,1
32,38.54,1378.28,2,3,2,1,2,3,0,0,1,0
32,71.2,2152.38,2,0,2,0,1,0,2,0,0,0
6,119.22,654.29,2,1,2,0,1,0,1,0,0,1
48,85.26,4207.58,1,3,1,0,1,1,0,1,1,0
38,26.13,864.01,3,1,0,1,2,3,1,0,1,1
17,72.56,1312.88,2,1,0,0,1,0,0,1,0,1
27,69.66,1995.57,5,3,1,0,1,1,1,0,1,1
54,34.42,1777.64,1,1,0,3,2,2,1,0,0,0
50,112.03,6261.22,3,2,1,3,1,3,1,0,1,0
35,64.08,2244.15,5,3,1,3,3,1,2,1,1,1
25,119.46,3116.99,3,3,0,0,1,1,1,0,1,0
28,62.01,1584.93,3,2,0,0,0,2,2,1,0,1
15,80.8,1181.88,5,4,2,3,2,1,2,1,0,0
4,30.48,135.16,4,1,0,2,1,1,0,0,1,1
27,65.42,1614.29,3,0,0,2,1,2,2,0,0,0
26,43.88,1103.34,4,3,0,3,1,1,2,0,0,1
19,103.56,1860.19,3,2,0,3,3,3,1,0,1,1
17,98.39,1497.59,5,4,0,2,1,0,1,1,1,0
43,102.42,4126.15,3,1,0,3,2,1,2,1,0,1
41,92.36,3483.22,2,1,0,0,3,1,1,1,1,1
42,103.27,4888.44,2,2,1,3,3,0,2,1,1,0
50,40.08,2149.09,3,1,0,1,2,1,0,1,0,0
40,65.2,2464.28,5,3,0,2,3,2,1,0,1,1
39,89.18,3752.99,5,2,2,0,2,3,0,0,0,1
23,83.74,1649.89,1,4,1,2,0,2,1,1,0,1
52,91.64,4802.96,5,1,0,3,3,0,2,0,1,0
47,42.43,1844.66,4,1,2,2,1,2,1,1,1,0
63,29.84,1662.6,3,3,0,3,1,3,1,0,0,0
69,111.68,8593.13,2,3,0,0,2,1,1,0,0,0
43,76.02,2973.91,5,0,2,0,2,2,0,0,0,0
48,35.38,1862.63,2,2,0,2,3,1,2,1,1,1
34,99.34,3289.75,1,3,2,0,2,1,1,0,0,1
40,111.49,3809.88,3,2,2,2,1,3,2,1,1,0
61,36.96,2411.6,5,0,0,2,1,3,1,0,0,0
50,101.74,5234.12,2,2,0,2,2,1,1,1,0,0
67,113.32,7237.67,5,2,0,2,2,3,2,0,1,0
62,113.84,6595.3,1,4,0,1,0,1,0,1,0,0
58,111.42,5635.65,2,1,2,1,1,1,1,0,1,0
33,74.64,2789.38,2,2,0,3,1,2,1,1,1,0
16,55.62,888.33,3,1,0,0,2,1,1,0,1,0
48,20.73,871.2,3,6,1,1,0,0,1,1,0,0
10,26.09,289.77,2,0,0,1,1,3,1,1,1,0
38,62.88,2231.04,3,2,0,0,2,0,2,0,1,0
19,59.93,1037.47,2,3,0,2,0,0,2,1,1,1
36,38.47,1293.95,4,1,1,1,1,2,1,0,1,0
59,59.55,3581.39,5,3,0,1,3,0,1,1,0,1
63,37.47,2058.69,4,1,0,1,2,3,2,1,1,0
46,104.88,4798.04,4,1,0,1,1,1,1,1,0,0
3,49.82,167.2,5,2,1,2,3,3,1,1,0,0
65,79.86,4705.09,2,1,0,0,1,2,0,1,1,0
8,70.28,533.8,2,3,0,1,2,2,1,0,0,0
51,25.19,1244.57,3,2,0,1,1,1,1,1,0,0
6,114.22,703.07,1,2,1,1,2,0,2,0,1,0
39,72.72,3192.91,2,0,0,1,1,1,1,0,1,1
60,52.51,3050.67,5,2,1,0,1,0,2,0,0,0
28,35.81,873.14,1,4,0,2,2,0,1,1,0,1
54,53.85,2775.39,5,2,1,3,2,0,2,0,1,0
37,22.05,740.04,5,2,1,0,2,0,1,0,0,1
9,56.36,530.3,5,2,2,1,2,0,2,1,0,0
56,73.15,3517.83,1,3,1,3,1,1,2,1,0,1
59,107.19,5929.26,4,4,0,1,2,2,0,1,1,0
2,88.74,179.88,5,4,2,0,2,2,1,1,1,0
61,31.16,1773.69,3,1,1,2,1,2,0,0,1,0
58,34.77,2047.78,2,2,2,3,3,1,2,1,1,0
60,62.81,3333.13,2,6,0,3,2,3,2,0,1,1
40,39.57,1793.1,2,6,1,2,3,1,1,0,1,0
36,22.78,768.81,1,2,0,2,2,2,1,1,1,0
37,100.5,4190.44,3,4,1,3,2,3,1,1,0,1
18,21.95,374.49,3,2,2,3,3,0,1,1,1,0
63,103.07,7042.37,3,0,1,3,0,2,1,0,1,0
22,34.41,699.39,3,0,1,3,3,2,0,1,1,0
11,117.47,1357.96,3,5,0,2,1,0,1,1,0,1
58,80.39,4415.89,4,1,0,0,0,3,2,1,0,0
57,93.5,5344.05,3,2,0,0,1,0,1,1,0,1
4,31.05,130.67,3,0,0,2,2,0,1,0,1,1
7,106.21,763.3,1,1,0,0,0,1,1,0,0,1
61,103.92,6484.14,1,2,0,0,0,0,2,1,1,1
54,85.3,4006.0,3,0,0,1,2,2,2,1,1,0
68,70.23,4415.99,4,4,0,0,1,2,1,1,0,0
1,92.15,94.13,3,1,1,3,2,2,2,1,0,0
55,20.59,968.94,3,2,1,0,1,3,2,0,1,0
3,79.24,219.95,3,1,0,2,1,2,2,1,1,1
38,104.74,3656.78,5,2,0,0,0,0,2,1,0,0
1,55.69,51.51,4,2,2,2,2,1,0,1,1,1
38,30.83,1184.01,2,3,0,3,1,2,1,0,0,1
29,62.09,1844.82,3,1,2,1,1,3,2,0,0,0
5,92.71,520.43,2,2,0,1,1,0,2,1,1,1
21,30.73,623.27,4,0,0,0,2,0,0,1,1,1
71,40.6,3251.89,3,1,0,0,0,3,1,0,0,0
67,34.76,2434.75,2,0,0,2,2,1,1,1,1,1
47,99.69,5265.73,2,4,0,1,1,3,1,1,0,0
35,26.29,1012.17,4,2,0,3,1,1,1,1,0,0
68,88.66,6368.06,3,1,1,2,1,3,1,1,1,0
69,56.65,3739.83,5,5,0,0,1,0,2,0,0,0
1,95.58,88.16,4,1,1,1,1,2,2,0,1,1
68,116.44,7258.39,5,3,2,0,3,2,2,0,1,0
12,31.45,428.66,3,2,1,1,3,1,1,1,0,0
60,51.44,3510.9,2,1,0,2,2,0,2,0,0,0
27,101.01,2911.3,4,1,0,3,1,2,0,0,0,0
56,46.62,2911.06,4,3,0,3,2,3,0,0,0,1
23,41.51,1074.79,4,2,1,3,2,0,2,0,1,0
25,102.54,2572.33,1,0,1,3,2,0,1,0,0,1
21,118.71,2589.39,3,1,0,3,0,2,0,0,1,1
61,75.69,4504.44,1,0,0,0,2,3,2,0,0,0
63,47.8,2938.06,4,2,0,0,3,3,2,1,1,0
52,59.86,2681.55,4,2,2,3,2,2,2,1,0,0
25,37.01,906.95,5,2,0,1,2,3,1,0,0,1
55,96.19,5565.73,1,3,2,2,2,2,1,1,0,0
46,97.35,4373.17,2,4,2,1,2,1,1,0,0,1
32,107.51,3824.76,3,2,2,1,2,1,1,1,0,0
55,22.66,1183.71,2,2,0,3,2,0,2,0,1,0
5,76.2,339.01,2,3,0,1,3,2,2,0,0,1
36,41.43,1630.71,3,3,0,0,3,3,2,0,0,0
49,54.09,2788.63,4,1,2,2,2,3,0,1,0,0
58,98.5,5270.27,5,0,0,2,0,2,2,1,0,0
39,39.2,1545.65,4,2,1,2,0,0,2,0,1,1
61,83.83,4963.31,4,3,2,1,3,2,1,1,0,0
9,85.46,870.37,1,1,2,2,1,3,1,0,0,1
6,115.41,714.75,2,2,1,2,1,2,2,1,0,0
35,97.52,3063.28,2,5,0,0,1,3,0,0,0,1
39,100.36,3916.7,2,5,0,3,1,3,2,0,1,1
22,73.16,1784.58,5,3,0,3,2,2,0,1,0,1
41,38.68,1667.39,5,4,2,0,2,1,1,0,0,0
5,62.56,344.92,5,3,2,0,1,3,2,0,1,1
42,74.95,2912.14,3,4,0,3,2,3,2,0,1,1
67,87.84,6571.09,5,4,0,1,2,0,2,0,0,0
30,80.77,2608.94,1,7,1,0,2,3,2,1,1,0
57,59.4,3618.18,1,1,0,2,1,2,2,0,1,0
29,46.53,1287.28,4,2,0,0,3,1,2,1,0,0
37,36.82,1520.9,4,3,0,1,1,3,1,1,1,1
13,89.38,1210.1,4,0,2,0,1,1,2,0,0,0
32,84.54,2990.82,4,3,2,2,2,0,1,0,0,0
46,88.74,3911.66,1,2,1,0,3,2,1,0,1,0
23,57.25,1176.83,4,2,1,0,2,3,2,1,1,1
45,46.24,1976.17,1,1,0,0,2,1,2,0,0,0
17,95.97,1609.63,5,0,1,3,1,3,2,1,0,1
66,97.36,6490.48,5,2,0,3,1,1,0,0,1,0
6,65.56,394.65,3,2,0,1,0,0,1,0,1,1
18,81.19,1481.62,4,2,0,3,0,1,1,1,1,1
22,57.35,1391.09,5,2,0,1,0,3,1,0,1,1
33,90.19,2681.85,5,2,2,3,2,2,1,0,1,0
30,103.57,2935.7,2,4,2,1,0,1,2,0,0,0
32,88.82,3173.71,2,2,1,1,3,1,0,1,1,0
42,71.26,3047.13,1,3,1,1,3,2,0,1,0,1
10,65.87,675.14,3,2,0,0,1,3,2,0,1,1
36,84.23,3012.39,2,3,1,0,1,1,2,1,1,1
34,87.98,3035.31,3,1,1,1,1,0,0,1,1,1
28,75.87,1932.02,5,5,0,1,2,3,1,0,0,1
11,82.49,920.2,1,2,0,0,2,1,0,1,1,1
39,29.66,1329.22,3,1,1,2,1,0,2,0,0,0
47,115.18,5520.56,2,5,0,0,1,0,2,1,0,1
19,99.08,1625.17,5,3,0,1,2,2,1,0,0,0
15,57.39,937.45,4,2,0,0,2,3,2,1,1,1
28,76.28,2069.54,5,2,0,3,2,0,1,1,1,0
24,24.73,531.91,2,2,1,1,3,1,1,0,1,1
9,24.12,240.72,2,2,1,0,2,3,2,0,1,1
47,45.08,1926.78,4,3,0,3,1,2,2,1,1,1
33,88.97,3306.63,5,1,2,0,2,0,2,0,1,0
62,105.21,6409.41,3,1,2,0,1,0,2,0,1,0
19,75.92,1547.52,3,2,0,2,2,0,2,0,0,0
67,73.21,4974.45,5,2,1,0,3,1,0,0,0,0
40,60.23,2233.33,3,0,0,0,1,3,0,0,1,0
47,36.16,1786.74,5,3,1,2,1,1,2,1,1,0
65,31.84,2353.57,5,0,2,0,1,0,0,1,0,0
29,96.07,3011.33,2,0,0,2,0,2,1,1,0,0
50,112.75,5813.44,1,2,1,3,2,1,0,0,1,1
13,65.83,981.73,2,3,2,2,2,2,2,1,1,0
1,85.94,79.89,3,0,0,3,1,1,1,0,0,1
34,111.45,3291.65,1,1,0,2,1,2,0,1,1,1
48,29.01,1197.09,5,3,0,3,2,2,2,0,1,0
48,97.05,4952.75,3,1,0,0,0,0,1,1,1,0
49,81.68,4398.92,4,3,0,3,2,0,0,1,0,0
64,79.86,5318.44,3,1,0,3,2,3,2,1,1,0
61,49.25,3369.57,1,1,0,1,2,0,0,0,1,0
29,88.39,2715.53,1,2,0,3,2,3,2,0,0,1
39,99.48,3729.51,5,3,1,0,2,0,1,1,1,0
26,31.29,735.65,4,0,2,1,0,2,0,0,0,0
17,73.35,1405.85,5,1,2,1,2,3,2,1,1,0
71,30.13,1884.61,4,3,0,2,2,0,1,1,1,0
13,107.26,1412.33,4,1,1,3,2,1,1,1,0,1
69,70.76,4610.25,5,5,2,2,1,0,2,1,1,0
26,100.8,2440.99,3,1,2,2,1,0,1,1,1,0
49,56.81,2905.4,2,1,2,3,2,1,1,1,1,0
67,32.51,2002.41,4,5,1,2,1,0,2,0,1,0
7,24.15,190.17,1,2,0,0,2,3,1,0,1,1
58,48.15,2714.04,5,1,0,0,2,0,1,1,1,0
49,44.42,2292.58,3,2,0,3,2,0,1,0,0,1
53,76.04,4305.21,4,1,0,3,0,1,1,0,1,0
65,22.17,1520.4,3,1,2,1,1,1,1,1,0,0
62,72.06,5008.2,5,3,0,3,0,0,1,1,0,0
17,59.18,924.87,1,3,2,3,1,1,1,1,0,0
43,77.71,2926.65,4,3,1,0,3,2,1,0,0,0
25,90.24,1955.18,4,1,0,0,1,1,0,1,1,0
3,83.41,278.59,3,2,0,3,2,3,1,0,1,1
29,118.46,3923.26,5,3,0,1,1,0,2,1,0,1
32,33.83,1018.32,2,2,1,0,3,1,0,0,0,0
26,62.97,1732.37,4,0,2,0,1,0,2,1,1,0
16,62.48,852.44,1,1,2,2,1,3,1,0,1,1
25,61.71,1398.53,4,1,0,3,2,2,2,0,1,0
54,86.38,4929.37,4,1,0,2,2,2,2,0,0,1
28,68.98,1679.97,2,3,0,3,1,0,2,0,0,1
56,71.74,3979.67,2,1,0,1,0,1,1,0,0,1
65,63.24,4310.79,5,0,2,2,1,2,2,1,1,0
41,119.17,5275.81,4,3,0,0,2,0,2,0,1,1
51,112.76,5670.89,4,2,1,3,3,0,1,1,1,1
71,50.77,3745.74,3,3,0,3,1,2,1,0,1,1
29,31.16,914.35,3,2,0,2,2,0,0,1,1,1
19,103.98,1710.22,1,2,1,2,0,2,0,0,1,1
66,119.72,8476.87,1,2,1,1,1,2,1,0,1,0
41,49.26,1821.18,3,5,0,0,1,1,1,1,0,1
45,55.78,2157.48,1,0,1,1,2,0,1,0,0,0
15,114.16,1687.36,4,2,0,0,0,2,0,0,0,1
3,91.11,303.32,2,2,1,0,2,2,2,0,0,1
11,49.56,488.09,4,2,2,3,1,1,1,1,0,0
53,78.1,3534.58,3,2,1,0,2,2,1,0,0,0
46,114.42,4647.6,5,0,0,2,2,1,2,1,1,1
30,101.18,2911.28,5,3,1,3,1,2,1,0,0,0
57,94.18,5497.57,3,1,2,1,2,0,0,0,0,0
18,93.7,1531.26,4,0,0,0,1,0,1,0,0,0
51,37.8,2102.55,1,3,1,3,1,0,1,0,0,0
48,102.47,5292.22,1,1,0,2,0,1,2,0,1,1
66,47.61,3327.03,5,1,2,1,1,0,0,0,1,0
8,113.04,900.89,3,4,0,3,0,1,1,1,1,1
22,56.46,1191.98,3,1,2,3,1,3,1,1,1,0
6,105.77,610.91,2,4,1,2,0,1,2,1,1,1
57,46.62,2659.98,5,2,0,2,1,3,2,0,1,0
36,71.45,2246.12,3,2,0,0,3,1,1,1,0,0
57,30.69,1844.92,2,1,0,1,2,2,1,0,0,0
49,86.01,4026.83,1,2,0,3,1,1,1,1,1,1
45,103.61,4277.37,5,0,0,2,2,2,2,1,1,0
66,91.84,5658.63,5,1,0,2,2,1,0,1,0,0
45,72.33,2942.5,3,7,0,3,1,1,2,0,1,1
20,24.51,549.29,3,4,0,2,1,3,2,0,1,1
64,113.34,6533.78,4,2,0,2,3,3,2,0,1,1
67,90.55,6763.72,1,0,1,0,2,2,2,0,0,0
3,94.59,289.91,1,4,0,3,2,2,1,1,0,1
54,99.47,5963.38,2,2,0,0,2,0,1,1,0,0
64,94.77,6018.36,2,2,0,1,2,0,0,0,0,0
40,64.11,2893.46,4,1,1,2,2,3,0,1,0,1
59,93.36,5031.6,1,3,0,0,2,2,0,0,1,0
55,82.5,4612.1,2,3,0,3,2,0,1,0,0,0
62,105.4,5801.37,1,1,0,1,0,2,1,1,0,1
4,100.25,394.63,1,2,0,1,2,3,2,0,1,1
60,24.14,1478.62,2,1,0,0,2,2,1,1,1,1
30,57.89,1791.72,3,0,0,0,0,3,1,0,1,0
2,23.47,45.05,3,4,2,2,1,0,1,0,0,0
62,30.21,1634.82,2,1,1,0,3,2,2,0,0,0
49,80.14,4109.9,4,4,2,0,3,2,2,0,0,0
9,107.38,963.09,5,3,1,0,2,0,1,0,0,0
31,31.98,883.45,1,1,1,1,1,1,0,0,1,0
61,65.11,4490.99,5,3,2,3,1,1,0,1,0,0
48,111.09,6061.14,2,1,0,0,1,3,2,1,0,1
25,101.43,2807.03,1,0,1,1,2,2,1,0,1,1
36,71.97,2858.07,5,2,0,1,2,0,2,1,1,0
8,97.16,683.68,3,0,1,0,3,3,2,0,1,1
58,72.27,4812.09,4,3,0,1,3,0,2,0,0,1
45,35.81,1563.26,5,2,1,2,0,1,2,0,0,0
62,32.47,1809.89,4,2,2,3,0,2,2,1,0,0
39,38.84,1656.45,3,2,0,2,3,3,1,1,1,1
58,55.09,2932.43,5,4,2,3,2,1,0,0,0,0
64,113.05,7292.2,2,0,0,1,1,1,1,0,0,1
44,99.97,3907.72,1,0,0,0,1,2,1,1,1,0
29,63.28,1821.17,3,2,1,0,2,2,2,1,0,1
59,69.31,4160.48,4,3,0,1,2,2,2,1,0,0
71,46.56,3252.2,4,3,0,0,1,2,1,1,0,0
9,90.44,708.8,3,1,0,1,1,3,1,0,1,1
6,100.28,598.94,2,1,1,2,2,2,0,1,1,0
29,43.89,1260.96,2,0,0,1,1,3,1,1,0,0
58,24.18,1302.26,4,2,2,1,3,2,0,0,1,0
17,82.39,1577.76,3,2,1,2,1,3,0,0,0,0
16,76.25,1189.93,3,4,0,2,2,3,1,1,0,0
3,60.21,200.37,1,3,0,1,2,2,1,0,1,1
21,84.39,1564.65,4,0,2,2,1,0,2,0,0,0
64,75.06,4542.9,2,2,1,3,1,3,2,0,1,0
36,45.06,1464.59,5,2,1,2,2,3,1,1,1,0
62,59.77,3604.09,2,1,1,0,0,0,0,0,0,0
42,62.81,2330.72,2,5,0,2,1,3,1,0,1,0
42,108.02,4456.78,5,0,1,2,1,1,1,0,0,0
61,116.09,6771.07,4,0,1,1,0,1,1,0,0,1
13,109.3,1302.96,1,3,0,2,3,0,1,1,1,1
11,91.92,1054.22,2,2,2,3,2,0,0,1,0,1
54,78.5,4812.38,2,3,0,1,1,2,1,1,1,1
16,88.93,1297.8,4,3,0,3,3,3,1,1,1,0
8,113.91,969.19,4,1,0,0,1,1,1,1,0,1
59,45.0,2848.05,3,4,1,1,1,0,2,1,1,0
57,73.51,4187.82,4,4,0,1,0,2,0,0,0,1
40,88.96,3982.95,4,0,0,0,2,0,0,1,1,0
59,87.92,5913.38,2,3,2,0,2,1,1,1,0,0
2,45.23,86.72,1,5,0,3,0,0,0,0,1,1
10,78.67,822.38,2,2,0,2,0,0,1,1,1,1
44,99.59,4595.26,4,0,0,1,2,3,0,0,1,0
11,67.51,721.12,3,1,0,1,2,1,1,0,0,1
2,99.33,187.74,1,1,0,3,2,3,2,1,0,1
50,55.99,3163.68,3,3,0,1,1,0,1,1,1,1
12,113.88,1485.39,5,1,0,0,2,1,0,0,0,1
23,73.39,1492.8,3,0,2,1,2,2,1,0,0,0
18,79.59,1269.33,3,2,0,2,2,3,2,0,1,1
62,23.14,1616.28,4,2,1,0,1,3,1,0,0,0
62,37.03,2007.39,4,0,0,3,0,2,1,0,0,0
38,83.29,3344.06,4,2,0,3,2,0,1,0,1,1
67,61.99,3812.69,4,3,0,1,2,2,0,0,1,1
38,70.82,2315.77,4,0,0,0,1,1,1,1,1,0
67,26.3,1529.14,3,1,1,0,1,3,2,0,0,0
61,103.41,6068.87,5,2,0,0,1,1,2,1,0,0
1,98.45,85.97,4,1,2,1,1,0,1,1,1,0
45,38.54,1784.37,5,0,1,1,1,2,2,1,0,0
28,83.43,2439.32,5,1,0,3,1,1,2,0,0,1
21,101.83,2057.29,2,1,0,2,1,3,1,1,0,1
13,84.09,1172.76,2,2,0,0,1,1,1,0,1,0
27,51.04,1373.96,1,1,0,1,2,3,2,0,0,0
7,85.61,586.73,2,5,1,1,0,0,2,1,1,1
22,41.05,877.82,4,3,2,2,2,2,1,0,0,0
53,51.83,2689.98,5,1,0,1,0,1,2,1,0,0
4,44.01,200.74,1,2,0,1,1,0,0,0,0,0
23,75.69,1835.67,2,3,0,1,2,0,1,1,0,1
70,30.82,2037.98,3,2,1,0,2,1,0,1,1,0
33,113.33,4002.31,1,3,0,2,2,1,0,1,1,1
28,53.35,1417.77,4,3,2,3,0,3,0,0,1,1
8,41.9,297.54,5,3,1,2,2,0,1,0,1,1
1,69.65,69.14,4,2,2,2,1,2,1,0,0,1
37,47.7,1897.8,4,1,0,3,2,0,0,0,0,0
63,73.49,4459.97,3,2,1,3,1,2,1,1,0,0
22,54.85,1340.37,3,0,1,1,2,1,1,1,1,0
70,33.21,2245.64,5,2,1,1,2,3,1,1,0,0
21,46.59,934.31,2,2,0,1,2,3,0,1,1,1
35,63.84,2568.54,4,1,2,0,3,1,0,1,1,0
5,23.03,114.54,2,2,2,0,3,3,1,0,1,0
60,97.06,6357.12,5,2,0,2,2,1,2,0,0,1
46,82.18,4126.29,4,2,1,0,3,3,1,0,0,1
50,80.14,4519.31,2,4,0,0,1,0,0,1,0,1
48,74.6,3135.09,4,2,2,3,0,3,2,0,1,1
6,79.03,441.64,3,3,1,1,2,2,1,1,0,0
56,113.47,6864.44,3,1,0,3,3,0,2,1,1,1
59,20.86,1253.67,1,3,0,1,2,3,0,1,1,1
29,24.78,731.47,5,1,0,2,1,0,1,1,1,0
71,39.15,2501.27,2,2,0,3,2,0,1,0,0,1
18,36.73,617.74,4,0,0,1,0,2,2,1,0,1
2,38.12,76.73,1,2,1,3,1,2,1,0,0,1
8,87.19,650.93,5,2,1,3,1,1,1,0,0,0
54,65.95,3251.69,5,0,0,1,0,0,1,1,1,1
38,119.18,3968.67,5,2,1,0,1,3,2,1,1,1
48,42.69,1837.42,2,0,0,3,2,2,1,0,0,0
27,51.08,1490.49,3,2,0,2,2,0,0,1,0,1
20,118.42,2523.93,1,5,1,0,0,1,1,1,0,1
12,103.18,1069.42,2,1,0,3,1,1,1,1,1,1
43,66.98,2623.76,4,2,0,2,2,0,0,0,0,0
61,75.46,4686.52,2,3,0,2,3,1,2,0,1,0
31,104.32,3061.77,4,2,1,1,3,3,1,1,1,1
61,68.1,4556.81,4,1,2,0,0,3,1,0,0,0
67,40.6,2952.94,5,1,0,0,1,3,2,0,0,0
35,102.84,4022.41,2,1,0,1,1,3,2,0,0,0
15,73.78,1127.55,3,0,2,3,1,2,2,1,0,0
16,35.3,539.8,4,3,0,3,2,3,1,0,0,1
13,70.56,946.45,5,0,0,2,1,2,1,0,0,0
35,61.32,1881.67,3,1,0,2,3,2,0,0,0,1
59,107.68,5418.64,2,0,2,2,2,2,2,0,0,1
21,32.61,585.52,3,2,1,2,1,1,2,0,1,1
54,107.52,5645.09,2,2,1,1,2,2,0,0,0,1
30,71.22,1962.33,4,1,1,3,2,1,2,1,0,0
48,60.44,2602.74,1,2,1,2,2,3,1,0,0,0
35,36.2,1310.72,1,1,0,0,3,1,1,0,1,1
38,90.08,3931.54,4,4,1,2,1,0,2,1,1,1
31,112.68,3155.41,3,1,0,2,2,1,0,0,0,1
24,57.54,1400.14,2,1,1,3,0,0,1,1,0,1
49,44.16,1916.92,1,3,0,2,1,1,2,1,0,0
32,75.49,2730.25,2,3,0,1,2,2,1,0,1,1
55,99.62,5136.73,4,4,1,3,0,0,1,1,0,0
58,20.38,1316.0,3,2,0,3,0,1,2,1,0,0
3,83.14,233.18,2,1,0,2,0,3,0,0,1,1
69,79.65,6000.58,3,2,0,1,1,1,1,0,1,1
10,51.82,472.98,1,4,1,3,2,0,2,0,0,1
25,65.14,1527.32,2,0,0,0,3,3,1,1,1,0
68,44.7,2758.95,5,1,0,2,1,0,1,1,1,0
61,98.99,5611.26,1,1,1,3,0,2,1,1,0,0
29,83.45,2663.28,3,2,0,2,1,2,2,1,1,1
19,73.27,1450.22,4,2,2,0,0,1,2,1,0,0
43,59.25,2475.92,5,4,0,2,0,1,0,1,0,1
66,49.14,3701.9,2,2,2,2,2,1,1,1,0,0
61,102.27,6172.93,1,1,1,1,3,1,2,1,0,0
43,65.14,3195.8,2,1,0,1,3,0,2,1,1,0
25,70.14,1594.0,2,2,2,0,0,0,1,0,1,0
20,72.08,1616.66,5,1,1,1,0,1,1,1,0,1
48,64.84,2658.24,5,5,2,3,1,1,1,0,1,0
24,45.61,1109.49,5,2,0,1,1,2,2,0,1,1
11,32.03,344.24,5,2,0,3,2,1,2,0,1,1
55,29.85,1654.31,4,1,1,0,1,2,1,0,0,0
28,95.75,2723.88,3,3,0,0,0,2,0,1,1,1
69,42.35,2825.06,5,1,2,2,1,1,0,1,1,0
63,25.57,1851.48,1,2,1,3,3,0,2,0,1,0
59,99.75,6726.68,2,0,1,2,2,2,1,0,0,0
5,35.41,201.55,5,0,2,2,2,2,2,1,1,0
51,82.51,4813.08,1,4,2,2,1,1,2,1,1,0
21,53.86,1230.58,4,0,0,3,2,0,2,0,0,1
12,32.65,449.2,1,0,1,1,1,3,1,1,1,0
50,61.45,3434.05,1,1,1,3,2,2,1,0,1,0
4,21.48,83.76,4,2,0,1,2,1,2,1,0,1
42,104.1,4745.94,4,3,2,3,0,0,1,1,1,0
38,71.35,3046.46,2,1,2,0,1,0,0,0,0,0
25,33.92,901.98,5,2,1,0,1,0,0,0,0,1
14,43.7,597.6,1,4,0,1,2,2,1,1,1,1
32,64.8,1803.42,3,2,1,2,2,3,2,0,1,0
11,38.89,467.5,3,1,1,2,2,0,1,1,0,1
61,46.86,3246.7,2,1,0,2,2,2,2,1,0,0
18,73.44,1267.35,3,1,0,2,2,1,0,1,1,1
27,103.26,2496.89,2,2,0,3,2,0,0,1,1,1
55,60.18,3137.83,5,2,1,0,0,2,2,0,1,0
54,91.7,5074.4,2,1,1,3,1,3,2,1,0,1
21,107.67,2136.86,4,0,0,3,1,0,0,0,1,1
44,41.63,1892.51,4,2,1,3,2,3,1,0,0,1
5,100.72,574.13,4,2,0,1,2,2,1,0,0,0
41,95.74,4126.41,4,2,1,0,2,1,0,1,1,0
59,55.69,3150.54,4,2,1,1,1,2,2,1,0,1
54,118.95,7263.11,4,2,1,2,1,3,1,0,0,1
22,46.26,1037.7,4,1,1,0,1,3,1,0,1,1
65,45.48,2626.64,4,1,0,1,0,1,0,0,0,0
64,97.23,6220.56,4,3,0,1,2,0,0,0,0,0
71,63.47,4713.76,5,1,1,3,0,2,1,0,0,0
4,53.08,233.86,4,2,1,1,0,1,0,0,1,0
65,37.87,2783.6,2,2,0,1,2,0,1,0,0,0
15,96.53,1368.68,5,2,0,2,0,1,2,0,1,1
22,98.63,1945.66,3,5,0,2,2,3,0,1,0,1
47,76.66,3142.22,1,0,0,1,2,0,1,1,0,1
46,115.73,5704.32,5,2,0,1,2,1,2,1,1,0
14,51.82,789.66,4,4,0,1,0,2,1,1,0,1
50,41.96,2041.05,5,1,1,3,0,1,2,1,1,0
20,87.75,1700.14,1,2,0,3,2,0,0,1,1,0
50,95.84,5445.06,1,1,2,3,1,1,1,1,0,0
33,42.49,1577.47,4,1,0,2,3,1,1,1,1,0
59,27.66,1501.41,4,1,0,0,1,2,2,1,1,0
43,101.05,4711.27,2,0,0,3,2,0,1,0,0,0
12,117.65,1463.77,1,0,1,3,0,0,1,1,1,1
40,84.47,3028.21,4,2,1,1,1,3,2,0,0,0
20,47.79,914.67,1,0,1,3,3,1,2,0,0,1
38,119.67,4107.36,2,2,2,0,2,0,2,1,0,1
3,109.33,307.82,3,1,1,2,2,0,1,0,0,0
28,71.34,2066.56,1,0,2,3,1,0,2,1,1,0
56,102.53,5526.94,2,6,0,2,3,2,1,0,0,0
13,101.58,1278.6,2,0,0,3,2,2,1,1,1,0
66,113.48,7578.76,2,2,0,2,0,2,1,1,0,1
37,104.09,3374.49,5,2,1,2,0,0,2,1,0,0
49,84.37,4430.19,4,2,0,3,0,2,1,1,0,0
66,80.93,5183.9,1,1,1,3,0,0,2,0,0,0
36,66.74,2388.36,5,2,0,2,3,2,0,1,0,0
54,82.65,5098.07,1,1,0,0,1,1,1,1,1,1
26,99.52,2466.75,5,2,0,0,1,0,1,0,0,1
40,116.9,4884.08,4,2,0,0,1,3,1,0,1,1
43,66.73,2776.8,2,3,0,0,1,1,0,1,0,1
22,77.37,1903.36,1,1,0,3,1,1,0,1,1,1
20,64.48,1423.77,2,2,0,1,0,1,2,1,1,1
8,86.85,640.94,4,1,1,2,0,3,2,1,0,1
29,82.99,2545.22,1,2,0,0,2,3,0,0,1,0
40,21.78,757.67,3,3,0,0,1,3,1,1,1,0
30,74.12,2532.45,3,3,0,1,3,2,1,1,1,0
55,28.85,1514.8,3,0,2,1,1,2,1,1,0,0
16,22.64,398.27,4,5,1,3,2,1,1,1,1,0
46,99.12,4311.15,3,4,2,2,3,3,2,0,0,1
62,45.86,2956.89,1,0,1,2,2,1,2,0,0,0
7,54.07,433.36,3,2,2,1,2,1,0,1,0,0
45,26.41,1322.7,1,3,0,1,1,3,2,1,0,0
59,37.95,2010.91,4,1,0,1,2,2,0,1,1,0
56,96.56,5484.42,2,5,1,3,1,1,1,0,0,0
48,69.35,3177.68,5,3,2,2,2,1,2,1,1,0
27,108.07,2860.33,3,1,2,1,1,0,1,1,0,0
53,59.72,3008.87,5,1,1,0,2,3,1,0,0,0
35,46.87,1559.72,2,2,0,2,2,1,2,0,0,1
51,54.76,2828.41,4,4,0,2,1,3,2,1,1,1
37,91.28,3065.16,4,2,0,0,1,0,1,0,1,1
57,75.5,4351.81,2,1,0,0,2,3,1,1,0,0
8,110.42,824.78,5,2,0,2,3,0,2,0,0,1
20,80.22,1502.77,3,3,0,2,2,0,0,1,1,1
53,69.3,3936.07,1,1,2,1,1,2,0,0,1,0
12,98.58,1015.97,4,2,0,3,3,1,2,0,1,1
49,114.75,5422.09,2,5,0,3,1,1,0,1,0,1
17,55.58,918.73,5,0,0,1,3,3,2,0,1,0
64,44.99,2866.35,3,2,0,0,1,3,1,0,1,0
42,81.62,3601.93,5,0,0,0,3,0,2,0,0,0
29,69.89,1947.5,3,0,0,0,0,0,2,1,1,0
19,118.92,2065.01,1,0,2,0,2,3,2,0,0,0
11,66.24,812.72,1,2,0,1,2,3,0,1,0,0
50,27.43,1569.6,2,1,0,2,2,3,1,0,1,0
71,117.74,7155.62,2,3,0,1,2,0,1,1,1,1
58,104.36,6137.18,3,2,0,0,1,3,2,0,1,1
34,37.83,1224.98,3,2,0,1,0,0,1,0,0,0
20,110.46,2061.41,3,2,0,3,1,1,0,1,0,0
50,54.07,2570.09,3,5,0,3,2,1,1,0,0,1
10,57.71,601.16,1,4,1,0,2,0,1,1,1,1
32,110.64,3211.95,2,4,1,1,1,0,2,1,1,1
52,73.01,4266.84,2,1,0,3,1,0,2,1,0,0
15,33.78,501.49,4,0,1,2,1,0,0,0,1,0
3,56.91,161.78,2,2,0,0,2,2,2,1,0,1
37,92.21,3683.54,2,7,0,1,3,1,2,1,0,1
40,37.42,1279.57,5,1,0,0,0,1,1,1,0,0
40,79.02,3096.3,5,1,1,3,3,2,1,0,1,0
56,89.53,4795.9,4,2,0,2,3,3,2,0,0,1
23,54.39,1190.15,3,1,1,3,0,0,1,0,1,0
11,89.39,935.21,4,1,1,0,2,0,2,1,1,1
64,108.42,5963.18,4,0,2,2,2,3,0,1,0,0
8,67.21,481.58,1,1,0,1,2,1,2,0,1,1
56,58.29,2913.59,2,0,0,3,2,2,2,0,0,1
60,45.12,3103.74,1,2,0,2,2,0,2,0,1,1
10,80.42,688.92,2,6,2,0,1,1,0,1,1,1
39,107.99,3790.79,4,1,1,1,0,1,2,0,0,0
28,52.47,1678.03,2,7,2,0,1,1,1,0,0,1
49,59.62,3033.97,3,1,1,0,2,2,2,0,1,0
36,60.66,2151.53,3,2,1,1,1,2,2,0,0,0
13,76.08,864.07,4,1,0,2,2,2,1,1,1,0
36,42.84,1620.77,5,4,2,2,1,2,2,0,1,0
26,102.22,2368.96,3,3,2,1,1,2,1,0,1,1
4,49.56,208.42,4,2,0,1,3,2,2,0,0,0
64,90.54,6627.27,1,1,0,0,1,3,2,0,1,0
38,71.32,2736.22,5,3,1,0,1,1,1,1,0,0
22,78.59,1580.67,3,3,0,3,3,1,1,0,0,1
2,37.96,78.78,4,2,2,1,2,3,1,1,0,1
31,93.5,2909.82,4,2,0,3,1,0,1,1,1,0
11,38.86,431.73,1,3,0,1,1,3,0,1,0,1
46,31.35,1432.51,1,4,1,3,3,0,0,1,1,0
62,74.67,4870.71,5,3,1,0,2,0,0,0,1,0
69,90.93,6409.57,3,3,0,0,0,3,0,1,0,0
64,25.0,1834.02,4,4,2,2,3,3,2,1,1,0
10,26.94,295.73,5,3,2,3,1,2,0,1,0,0
40,100.27,3727.6,5,2,1,1,3,3,1,0,0,0
24,100.9,2585.69,1,2,1,3,1,2,1,1,0,1
44,44.53,1791.41,4,3,1,0,2,3,2,1,1,0
60,81.52,5305.69,2,2,0,2,1,3,1,0,0,1
62,64.32,3566.08,1,1,2,3,1,0,2,0,0,0
17,83.27,1404.35,4,2,0,0,1,3,1,1,0,0
65,106.29,7511.03,5,1,0,1,1,0,0,1,0,1
57,27.99,1489.95,5,0,2,2,1,2,0,0,1,0
55,97.8,5922.91,3,1,0,0,1,3,1,0,1,0
53,69.3,3831.9,2,1,1,1,3,2,0,0,1,0
56,76.41,4147.56,1,2,0,3,0,3,1,1,1,0
9,85.39,750.88,3,5,2,1,1,3,1,1,1,1
22,112.26,2785.4,3,1,1,1,2,1,2,1,1,0
13,25.67,305.48,2,2,2,1,2,3,0,0,0,1
48,22.95,1165.38,1,1,2,2,2,0,1,1,1,0
18,37.83,723.21,1,4,0,0,2,2,0,1,0,1
40,118.64,5347.25,5,0,0,0,3,1,2,1,1,0
17,91.51,1655.11,1,1,1,1,2,1,1,1,0,1
15,81.46,1252.93,3,3,2,3,2,2,1,0,1,1
15,24.7,415.31,5,1,0,3,2,2,2,0,1,0
63,107.91,7469.67,1,1,2,0,2,1,1,0,0,0
39,101.28,4206.62,2,2,0,3,1,3,0,1,0,0
13,86.48,966.59,3,0,2,1,1,1,2,1,1,0
32,53.91,1659.76,4,1,1,0,1,3,1,0,0,1
9,27.05,253.09,2,3,1,0,1,2,2,0,0,1
40,78.0,3140.98,2,3,0,3,1,3,1,1,1,1
20,91.97,1739.69,1,3,0,0,2,3,1,1,1,1
63,29.42,1655.97,5,1,0,2,1,3,1,1,0,0
44,83.38,3726.9,5,3,0,1,2,0,0,1,0,0
38,48.64,1729.49,3,0,0,2,3,3,2,0,1,1
60,96.42,5322.05,1,3,1,0,1,0,1,1,0,1
71,73.96,5092.09,5,3,0,3,1,3,0,0,0,0
48,32.9,1714.65,4,1,0,2,1,3,1,0,1,0
18,72.65,1302.97,1,1,2,2,3,0,2,0,0,0
16,59.57,872.11,1,4,1,2,3,3,2,1,1,0
55,38.04,1851.53,5,0,0,3,3,3,1,1,1,0
39,104.15,4060.68,2,4,2,3,1,0,1,0,1,0
68,21.1,1561.72,1,1,2,0,1,0,1,1,1,0
59,51.21,3160.08,2,3,2,3,3,0,2,0,1,0
62,21.26,1212.17,3,1,2,2,1,0,1,0,0,0
13,29.6,377.5,3,2,1,0,0,3,1,1,0,1
6,49.71,330.04,5,1,0,3,1,3,1,1,0,1
60,25.43,1378.09,3,1,1,1,3,2,2,0,1,0
14,79.66,1126.02,5,2,1,3,1,3,1,1,1,1
54,28.69,1482.25,5,2,0,3,3,1,1,0,0,0
4,90.17,320.02,2,1,0,0,0,1,0,1,1,1
39,25.26,852.26,2,1,0,0,2,1,0,1,1,0
25,25.93,659.14,3,4,1,0,0,3,2,1,0,0
32,50.53,1384.55,2,1,0,1,1,1,2,1,1,0
59,109.66,5700.09,1,2,1,1,2,3,2,0,0,0
63,84.14,5058.37,4,2,2,3,1,0,1,0,1,0
38,97.01,3181.66,1,0,0,3,2,3,2,0,1,1
53,34.16,1756.16,1,2,2,0,3,2,0,1,0,0
67,103.41,6160.32,5,0,0,0,0,3,1,1,1,0
28,20.81,556.56,4,1,0,1,1,1,2,0,1,0
3,41.31,134.74,5,2,0,1,2,0,0,0,1,0
22,81.61,1863.47,2,3,0,0,3,0,1,0,0,1
38,57.52,2150.13,2,0,0,3,2,0,0,1,1,0
62,118.42,6442.97,4,1,2,1,1,2,1,0,1,0
57,23.03,1359.86,3,2,1,0,2,2,2,0,1,0
6,119.86,646.61,2,0,2,0,1,2,1,0,0,1
32,82.36,2300.82,1,3,1,0,0,1,2,1,1,0
10,75.87,796.03,4,1,0,1,2,1,2,1,1,0
3,25.95,87.48,4,3,0,3,2,2,2,0,1,0
59,47.33,2759.63,2,4,1,1,1,3,2,1,1,1
49,112.47,4752.0,2,3,1,3,2,2,1,1,1,0
59,55.42,3643.13,5,1,0,1,1,2,1,0,0,1
31,86.17,2324.12,5,3,2,0,2,2,0,1,0,0
69,119.95,9189.04,1,1,1,0,3,0,1,1,1,0
62,46.31,2777.86,4,1,2,2,1,1,0,0,0,0
52,77.61,3872.66,3,1,1,0,0,0,2,0,0,0
41,89.64,3722.58,3,3,0,3,2,3,1,0,1,0
31,36.46,1285.34,4,0,1,0,2,3,2,1,1,0
22,34.87,858.84,1,2,0,2,2,1,2,0,0,1
4,65.63,260.19,5,0,1,0,3,3,2,0,1,1
13,58.58,806.3,5,3,0,0,1,0,2,1,1,0
45,91.42,4213.23,5,5,0,1,2,0,0,1,0,1
42,26.95,1197.63,3,2,0,3,2,0,2,1,0,0
49,117.22,6311.08,3,1,0,2,1,3,1,1,0,1
20,21.43,368.71,1,3,0,1,2,2,2,1,0,1
54,80.13,4100.92,3,2,2,2,2,0,2,1,1,0
36,76.26,3123.8,2,2,0,0,2,0,0,1,0,1
1,33.47,37.98,3,2,0,2,2,2,2,1,0,0
15,35.09,449.19,5,3,1,1,1,2,1,1,0,0
17,99.27,1536.4,1,4,1,0,2,1,1,0,1,1
24,108.76,2996.79,4,1,0,1,2,3,1,1,0,0
58,48.3,2795.47,4,1,1,3,2,0,2,0,1,0
23,63.8,1499.39,1,3,0,3,1,1,2,1,1,1
46,55.5,2297.49,2,0,2,3,2,3,1,0,1,0
8,27.25,243.83,4,3,1,2,0,1,1,1,0,0
59,87.32,4736.55,5,1,0,3,3,3,1,0,1,0
59,102.52,5485.48,4,0,0,2,2,0,1,1,1,1
13,50.49,602.81,4,1,1,2,2,1,0,1,0,0
39,119.02,5226.01,5,0,0,1,0,3,2,0,1,1
28,27.59,819.39,3,0,2,0,2,3,1,0,1,0
61,86.18,5680.52,2,2,0,0,0,3,2,1,1,0
16,64.82,998.9,5,2,0,1,3,2,0,1,1,1
2,64.66,145.19,5,1,0,3,3,3,1,1,1,1
17,65.76,1215.06,1,0,1,1,1,2,1,1,1,1
30,45.87,1479.5,2,4,0,1,2,0,1,1,1,0
13,91.56,1358.39,3,1,0,0,2,1,1,1,1,1
13,92.16,1149.96,5,3,2,2,2,0,1,1,1,1
43,48.24,2143.37,3,1,0,1,2,2,1,1,0,0
21,103.53,2441.52,5,0,0,1,3,0,2,0,1,1
55,51.68,3090.72,5,0,0,2,1,2,1,0,0,1
40,92.51,3770.73,1,1,2,0,0,2,1,0,1,0
15,32.1,420.28,4,2,1,3,2,3,1,1,0,0
52,36.87,2005.09,2,1,1,1,2,2,1,1,0,0
53,51.58,2755.5,1,2,0,3,1,3,0,0,0,1
52,79.39,3737.02,3,2,1,3,1,1,1,0,0,0
30,84.55,2827.41,5,2,1,1,2,3,1,1,1,1
33,59.64,1875.43,5,1,0,3,2,3,1,1,0,1
57,27.78,1530.22,2,3,0,1,1,3,1,1,0,0
52,57.36,3137.18,1,1,2,2,3,3,1,0,0,1
9,88.88,797.2,1,2,0,2,0,1,1,0,1,1
54,87.1,4123.85,3,0,1,2,0,1,2,0,0,0
1,36.02,34.8,1,5,0,2,1,1,1,1,0,1
44,20.78,803.02,1,3,1,0,3,2,1,1,0,0
9,95.3,778.11,4,6,0,2,2,2,1,0,1,1
32,30.64,835.43,2,1,0,1,1,3,2,1,1,0
15,28.23,383.03,1,1,1,1,1,3,1,0,1,0
12,20.27,230.87,3,1,2,1,2,2,1,0,1,0
57,63.26,3647.17,5,0,2,3,2,3,2,1,1,0
8,70.33,633.38,1,4,0,1,3,1,1,1,0,1
27,83.77,2289.06,1,0,0,0,2,0,2,1,0,0
62,49.61,3265.3,5,2,1,0,0,3,0,1,1,0
12,91.04,1045.86,4,4,0,0,2,0,1,0,1,1
65,36.93,2581.88,2,3,1,0,1,1,0,0,0,0
42,103.2,4491.0,4,2,1,0,3,3,2,0,1,1
62,77.18,4727.74,3,1,1,0,0,1,0,0,0,0
11,78.39,783.06,1,2,1,2,1,1,1,1,0,0
43,40.98,1658.18,4,2,0,0,1,1,0,0,1,1
17,27.41,482.89,2,1,1,3,0,2,1,0,0,1
32,66.47,2079.93,3,2,0,0,1,3,1,0,0,1
40,81.56,3643.55,4,2,2,1,1,1,2,0,1,0
23,29.5,624.63,1,0,0,1,1,2,0,1,0,1
56,115.05,5617.79,2,0,0,3,1,3,1,0,1,1
6,118.04,727.23,1,5,2,0,3,1,2,1,0,1
50,74.55,4158.96,1,1,1,2,2,3,2,1,0,0
37,115.01,4082.58,3,7,2,2,3,2,2,0,1,1
64,37.94,2536.06,2,1,1,2,0,2,2,1,1,0
54,22.54,1119.19,5,4,2,2,1,3,1,1,1,0
49,23.94,1193.68,1,2,0,0,2,3,1,0,0,0
11,78.75,940.8,2,0,0,3,1,2,1,0,0,1
49,26.16,1423.21,1,4,2,2,1,1,1,1,1,0
21,115.85,2144.73,4,2,2,0,3,2,1,0,1,1
66,34.19,2159.52,4,2,1,0,2,1,2,1,1,0
63,50.47,3312.96,2,1,1,0,1,2,0,1,0,0
28,102.25,2463.42,3,0,2,0,2,2,0,0,0,0
17,41.87,752.57,5,1,0,0,0,1,2,0,0,0
6,44.3,268.02,4,3,1,1,2,0,2,0,0,0
19,84.23,1498.87,3,2,0,0,0,1,2,0,1,1
56,47.61,2917.75,5,4,0,0,1,0,0,1,1,0
28,41.74,1095.23,4,0,0,0,0,1,2,1,1,0
66,45.42,3439.49,5,0,2,1,3,2,1,1,1,0
38,69.06,2873.55,1,3,1,1,0,1,2,1,1,1
37,116.61,4583.77,2,1,2,3,2,0,1,0,1,1
68,103.22,6095.52,4,4,0,3,1,2,1,1,1,1
49,48.46,2662.61,4,3,0,0,1,1,1,1,1,0
43,56.34,2633.3,1,3,0,2,1,1,2,1,1,1
36,66.45,2197.77,4,1,0,0,1,2,1,1,0,1
58,117.89,6616.76,4,5,0,3,2,0,2,0,1,1
13,37.24,450.51,4,1,0,2,3,1,1,0,0,1
52,55.75,3320.2,4,1,0,2,1,0,0,0,1,0
58,92.94,5963.48,4,2,0,3,0,1,1,1,0,0
32,116.39,4205.35,3,0,0,0,3,1,1,1,1,0
60,35.57,2318.93,4,1,2,3,3,3,2,0,0,0
58,42.74,2446.34,1,1,1,2,1,3,1,0,1,0
56,42.57,2173.23,4,0,2,1,1,1,2,1,0,0
28,22.09,564.43,5,5,2,0,0,3,1,1,0,1
1,80.41,72.01,5,4,0,3,1,0,0,1,0,1
42,87.07,3708.13,1,0,1,3,1,3,2,1,1,0
48,80.25,4337.45,3,1,1,3,3,2,2,1,1,0
40,27.13,1245.42,1,2,0,1,1,3,2,0,0,1
63,26.92,1587.92,3,3,2,1,1,1,1,0,0,0
4,41.04,173.87,2,3,0,0,2,2,1,0,1,1
38,49.03,1917.39,5,4,0,0,1,1,0,0,0,1
27,98.65,2654.83,5,4,1,0,1,3,1,1,0,0
9,35.94,339.54,5,2,1,3,3,1,1,1,1,0
16,24.41,375.48,3,1,1,1,2,3,0,1,0,0
56,59.4,3769.88,1,5,0,0,3,0,1,0,1,1
31,61.64,2028.59,3,1,0,1,0,2,0,0,1,1
14,65.09,980.76,5,6,0,2,0,2,1,1,0,1
25,102.69,2368.88,5,3,2,0,3,0,1,0,0,1
34,29.8,912.48,5,1,2,1,0,2,2,1,1,0
67,90.39,5864.44,5,1,1,0,2,1,2,1,0,0
24,53.79,1394.36,2,2,0,1,1,1,2,0,0,1
26,51.0,1500.49,5,4,0,1,1,3,1,0,1,0
20,113.25,2215.7,3,1,0,3,2,2,0,1,1,1
64,44.85,3106.26,5,1,0,2,2,2,1,0,1,0
10,84.25,835.05,4,4,0,0,3,2,2,0,1,1
67,47.51,2987.8,2,0,1,1,1,0,1,0,1,0
24,70.71,1818.97,5,1,0,0,2,3,1,0,1,0
5,98.63,537.26,4,3,1,1,1,2,1,0,0,1
67,108.17,6601.44,3,2,0,2,2,2,0,0,0,0
58,103.87,5672.32,2,0,0,1,0,1,2,0,1,0
27,78.22,2108.58,5,1,1,1,1,0,0,0,1,0
15,44.88,609.91,3,2,1,0,1,2,0,0,0,0
35,86.12,3402.11,4,1,1,2,1,2,1,1,0,1
53,90.99,4954.63,2,0,1,1,2,0,1,0,1,0
44,21.07,821.7,5,1,2,0,1,1,2,1,1,0
26,63.92,1504.41,3,3,0,1,2,0,0,1,0,1
47,104.33,5571.69,2,0,0,0,1,3,1,1,1,1
34,68.96,2512.12,4,3,1,2,0,1,1,0,1,1
50,51.14,2736.68,5,3,2,3,1,2,2,0,1,0
12,107.18,1121.21,2,2,1,2,3,2,2,0,0,1
4,35.59,159.23,4,1,0,0,3,3,2,1,1,0
48,40.64,1918.01,4,4,0,2,1,0,1,0,1,0
55,88.74,5114.4,3,1,0,0,0,2,1,1,0,0
1,55.24,62.86,4,3,0,0,0,0,1,0,1,0
66,91.3,5302.82,4,1,1,2,2,0,2,0,0,0
30,35.77,1067.41,1,3,0,3,2,0,1,0,0,1
3,45.23,117.35,4,2,0,2,1,2,1,1,0,1
21,35.66,748.86,5,2,0,0,1,1,1,1,1,1
49,115.29,5229.4,2,3,0,3,2,2,1,0,0,1
62,60.54,4216.39,5,0,0,0,1,1,1,0,0,0
38,53.72,1979.27,5,2,0,3,2,1,2,1,1,0
15,21.42,334.21,3,3,1,2,1,1,1,1,0,1
52,35.34,2036.41,1,2,1,2,2,2,0,0,0,0
46,62.11,3271.83,1,4,0,0,1,3,1,1,0,1
25,26.85,672.03,5,5,0,3,2,3,1,1,1,1
21,71.07,1472.74,2,3,2,0,2,1,0,0,0,1
5,65.5,285.82,1,0,0,3,1,2,2,0,1,0
70,96.72,5780.52,1,0,1,0,1,3,0,0,0,0
47,85.98,4172.98,5,1,0,2,1,3,1,0,1,0
68,64.59,3819.84,1,3,0,1,3,2,2,1,1,0
18,42.47,736.96,3,1,0,0,3,0,0,0,0,0
21,92.69,1656.56,5,1,0,1,2,3,1,1,1,0
23,90.79,2160.26,1,3,0,2,0,3,2,0,1,1
64,35.33,2210.5,1,3,1,1,1,2,0,1,1,0
67,111.48,6633.12,1,0,0,3,3,2,2,0,1,1
40,26.44,993.01,5,2,2,1,3,2,0,1,0,0
10,25.5,260.37,2,2,2,0,1,3,2,0,0,0
52,38.74,2108.92,4,3,1,1,2,2,0,0,0,0
61,110.95,6691.24,1,1,1,3,2,1,2,0,1,0
64,72.0,5028.18,4,1,0,2,1,1,2,0,0,0
5,98.79,436.54,4,1,1,3,1,2,1,0,1,0
53,42.78,1984.95,1,1,2,0,2,3,2,0,0,0
55,69.02,3277.18,1,4,0,3,0,3,0,0,1,0
37,55.83,2087.87,4,2,0,1,1,3,0,0,1,0
56,102.78,6111.95,2,2,0,1,0,2,1,1,0,1
59,22.26,1167.79,4,4,1,3,3,0,1,0,1,0
69,44.38,3190.17,2,2,0,1,2,1,2,1,1,0
59,35.26,2065.8,3,1,0,1,2,2,1,0,0,1
2,105.92,242.81,2,1,1,0,2,0,2,0,1,1
65,66.75,4622.12,5,8,0,0,3,0,2,0,1,0
60,60.42,3796.59,1,0,1,0,1,2,2,1,1,0
51,64.95,3382.37,3,3,0,2,0,0,2,1,0,0
30,117.19,4040.36,4,4,0,2,1,0,2,1,0,1
11,105.03,1321.82,2,4,0,0,3,0,0,1,0,1
39,90.64,3575.26,3,2,1,3,1,1,1,1,0,0
63,49.05,3048.47,5,2,2,3,2,0,2,0,0,0
64,36.52,2310.54,2,2,0,3,1,0,2,1,1,0
61,112.14,6693.69,4,4,0,0,1,2,1,1,1,1
54,62.31,3396.3,4,2,2,2,0,2,2,1,0,0
58,47.88,2588.17,2,1,1,1,1,1,2,1,1,0
56,67.09,4238.21,5,2,0,3,1,2,0,1,0,0
34,111.78,3789.54,1,2,1,0,2,1,2,1,0,1
31,58.71,2006.64,1,2,2,0,2,0,2,1,0,0
52,76.26,3936.35,4,0,0,1,3,0,1,0,1,0
1,100.3,106.86,5,1,0,2,1,0,2,1,1,1
55,62.71,3280.44,4,7,0,2,2,2,2,1,1,0
22,43.35,989.5,1,1,1,0,3,1,2,0,0,0
40,119.45,4775.77,4,3,0,1,0,2,2,0,0,1
1,115.66,111.05,2,1,2,2,2,2,0,0,1,1
65,104.35,7559.0,2,3,1,1,2,1,2,0,1,0
63,88.84,4946.49,5,5,1,1,1,1,1,1,0,0
54,49.49,2661.79,1,1,0,0,0,3,0,1,1,0
42,111.34,4247.56,5,1,2,1,1,3,1,1,0,0
21,47.56,1106.84,5,3,0,1,2,3,2,1,0,1
22,100.08,2038.94,1,3,0,1,1,1,1,0,0,1
38,111.83,4419.48,3,3,2,3,1,0,2,1,0,0
8,80.3,577.95,3,1,2,1,2,2,2,1,0,0
62,100.31,6041.55,4,2,0,1,1,2,0,1,1,0
47,99.17,5219.38,3,4,0,0,0,3,2,1,0,0
17,39.32,601.41,2,3,0,2,1,0,0,1,0,1
17,86.79,1547.71,5,4,2,2,3,1,2,1,0,1
13,29.35,347.69,4,4,2,1,1,2,0,0,0,0
17,70.79,1172.93,5,2,0,0,1,0,2,0,0,1
38,36.22,1393.27,1,1,1,0,1,2,1,1,1,0
45,61.63,2837.9,3,2,1,1,1,2,1,0,1,0
6,103.3,638.85,1,2,0,1,2,2,1,0,1,1
35,118.72,4329.76,4,1,1,2,3,1,0,1,1,0
14,51.8,675.49,2,2,0,2,2,1,1,0,1,1
61,73.2,4332.81,3,9,1,2,1,2,0,0,0,1
15,71.13,918.85,1,2,0,1,1,1,2,0,0,1
54,115.44,6736.38,3,3,1,2,0,0,2,1,1,1
27,67.86,2017.46,5,2,0,0,0,0,2,1,1,0
13,89.91,1063.38,2,1,0,3,2,2,1,0,0,1
31,112.18,3166.07,3,1,0,3,1,3,0,1,0,1
35,57.34,1731.11,2,1,1,3,0,0,0,1,1,0
60,110.21,7545.89,5,2,0,0,1,1,1,1,1,0
6,111.75,732.26,5,2,1,3,1,1,2,1,1,1
69,113.07,7475.55,1,1,0,1,2,0,2,1,0,1
58,47.04,2713.78,4,4,1,1,1,3,1,0,1,0
49,60.04,2758.15,1,0,0,3,2,2,2,1,1,0
23,107.04,2533.73,2,1,0,3,2,0,1,0,0,1
34,55.92,2025.09,1,4,0,2,0,1,1,1,1,1
26,80.03,2047.81,3,2,0,0,3,3,1,1,0,1
47,31.81,1662.4,1,2,1,2,1,2,1,0,0,0
5,25.63,128.79,4,2,1,0,1,1,2,0,0,1
20,61.2,1093.36,4,4,0,2,2,2,1,0,0,1
6,77.89,484.5,2,3,1,1,1,2,1,0,0,1
70,59.27,4101.88,5,4,0,0,1,3,0,1,0,0
59,77.77,5188.38,4,3,0,3,3,2,1,0,1,0
64,71.51,4428.11,2,1,1,0,2,1,0,1,1,0
18,88.57,1547.82,4,1,0,0,1,2,1,1,0,1
4,84.95,355.18,4,4,1,2,2,2,1,0,0,1
17,62.42,1069.81,5,1,2,3,2,0,1,0,1,0
14,62.5,842.04,3,0,0,2,1,0,1,0,1,1
13,34.08,508.1,2,0,1,3,2,1,1,1,1,0
7,71.32,469.64,4,4,2,2,3,2,1,0,1,1
44,78.72,3232.42,4,1,0,3,3,0,1,1,0,1
15,67.65,1125.67,1,1,0,0,2,1,1,0,1,1
19,52.57,850.03,3,2,0,1,0,2,2,0,1,0
63,92.16,5285.99,5,3,1,3,2,1,1,1,1,0
35,27.47,987.4,2,3,1,2,1,2,1,1,0,0
35,111.44,3505.55,4,2,1,0,2,3,2,0,1,1
19,22.06,480.32,2,3,1,2,1,0,0,1,0,1
20,116.24,2299.73,5,0,1,0,2,3,2,0,0,0
35,66.24,2385.96,3,1,0,0,1,2,1,0,0,0
32,61.27,1760.79,1,2,2,3,3,3,2,1,0,0
48,45.64,2052.49,3,2,0,2,0,3,1,0,0,1
44,21.01,956.1,1,2,0,0,0,0,1,1,1,0
24,47.48,1156.44,2,3,2,2,2,3,1,1,0,0
61,30.94,2048.35,3,4,2,0,1,2,2,0,1,0
17,85.98,1360.5,3,1,1,3,1,2,2,0,0,1
71,51.91,3855.19,3,2,0,1,3,3,0,1,1,1
50,96.72,4532.65,5,1,2,1,2,0,2,1,0,1
65,40.69,2713.79,2,5,1,1,2,0,0,0,1,0
32,110.02,3631.69,1,1,1,1,0,3,0,0,0,0
36,72.3,2307.46,3,2,2,3,2,0,1,0,0,1
13,31.45,414.82,2,0,0,3,1,3,1,0,0,0
70,60.08,3590.09,5,2,1,3,1,3,2,0,0,0
58,40.68,2360.07,5,0,1,2,2,1,1,1,1,0
14,39.97,592.72,2,3,0,0,2,3,2,1,0,0
37,70.64,2278.64,1,3,0,0,3,0,2,1,1,1
68,87.19,6709.18,2,1,0,1,2,2,1,1,1,0
40,111.16,4391.46,2,4,1,1,2,3,2,1,0,1
59,70.22,4687.63,4,3,0,0,2,1,2,1,0,0
16,116.58,1645.64,5,1,0,0,1,1,2,0,0,1
62,114.16,8033.48,1,1,0,0,0,1,0,1,1,0
4,106.51,376.08,4,2,0,3,0,1,2,0,1,1
45,70.0,3113.51,2,3,0,3,0,0,0,1,1,1
28,34.09,1079.95,5,4,0,3,3,2,1,1,0,1
66,41.79,2537.0,4,4,2,1,1,3,1,1,1,0
31,84.77,2261.03,4,6,0,3,2,3,2,0,1,0
3,62.18,202.93,1,3,1,0,2,2,1,1,1,0
8,34.68,285.42,2,1,1,1,2,3,1,1,0,1
24,67.9,1636.39,1,1,1,1,2,3,2,0,1,0
15,21.74,280.58,4,3,0,3,1,1,0,0,0,0
43,93.39,4200.35,4,2,2,1,3,1,1,1,0,0
31,27.36,764.55,1,3,0,0,3,0,1,1,0,0
45,82.91,4213.65,4,1,0,1,2,2,1,0,0,0
66,99.3,6919.04,3,3,0,2,3,0,0,1,0,0
8,33.26,282.64,5,1,0,0,0,3,0,0,1,1
71,71.86,4693.0,2,1,0,0,0,1,0,0,1,1
57,97.91,6218.14,5,4,0,3,2,1,2,0,1,0
30,46.06,1397.54,2,2,0,0,2,1,1,0,1,1
18,36.29,723.23,4,0,1,0,1,2,1,1,1,1
69,53.68,3449.53,1,0,2,1,2,3,1,1,0,0
39,75.47,3168.9,1,3,0,2,0,2,2,1,1,1
60,77.53,4755.74,4,0,0,1,3,1,1,1,1,0
43,33.09,1230.02,2,1,1,2,2,2,0,0,0,0
45,65.76,2875.03,4,1,1,0,1,1,1,0,0,0
23,46.83,974.92,2,4,0,1,3,2,2,1,0,1
69,104.2,6886.21,4,4,2,1,0,2,2,0,0,0
6,51.36,297.36,4,4,2,3,1,1,0,0,1,1
56,103.87,5772.99,4,1,1,1,0,3,2,1,0,1
4,62.86,258.99,1,2,0,2,1,3,0,1,1,1
23,92.66,2176.53,2,2,0,2,1,2,1,1,1,1
6,71.01,367.11,4,0,1,0,1,1,0,0,1,1
32,82.2,2828.1,5,2,0,3,3,0,2,0,0,1
18,59.54,1216.05,5,3,0,3,1,2,2,1,1,0
15,96.82,1386.38,1,1,0,1,1,0,1,1,0,1
40,62.52,2260.49,3,3,0,0,2,1,1,0,0,1
6,65.75,399.21,1,0,0,2,2,3,1,0,1,1
63,71.77,4799.32,3,1,2,3,3,3,0,1,1,0
67,103.18,7284.26,1,2,2,0,2,1,0,1,0,0
11,85.94,977.11,5,1,1,1,2,2,2,0,1,1
43,54.92,2110.77,4,3,0,3,1,3,1,0,1,1
17,87.03,1629.05,2,1,0,1,1,2,2,0,1,1
4,84.24,329.45,4,5,1,2,1,3,1,1,0,1
63,113.1,6530.03,5,1,1,2,1,3,0,0,1,0
68,104.14,6202.66,2,0,1,0,1,2,2,0,0,0
41,84.74,3387.72,3,0,0,1,2,1,2,0,0,0
5,54.15,280.34,3,3,1,0,1,2,1,0,0,1
32,97.96,3290.16,5,0,2,2,3,0,1,0,0,0
70,77.52,6179.76,2,5,0,3,3,3,1,0,0,0
35,118.53,3716.78,4,0,0,2,2,3,1,0,0,1
22,44.75,1127.99,5,0,1,0,2,2,2,1,0,0
65,27.97,1902.11,3,1,1,1,1,1,2,1,0,0
22,26.99,585.61,5,2,0,2,1,3,2,1,0,1
11,84.0,1031.64,4,4,2,0,3,0,1,1,1,1
3,113.93,361.72,1,1,0,1,0,0,2,1,1,1
9,20.19,173.49,1,3,2,0,1,2,0,1,1,0
60,92.58,6194.66,4,3,0,2,1,3,0,1,0,1
14,85.71,1259.87,2,1,0,1,2,1,1,1,1,0
18,93.23,1778.25,5,0,2,2,1,1,0,1,0,0
23,55.54,1429.34,4,1,2,2,3,2,1,0,0,0
47,102.05,4722.11,1,3,2,2,1,3,2,0,0,0
69,24.47,1767.96,3,0,0,2,3,1,1,1,0,0
47,95.54,4820.16,4,0,1,2,3,2,0,0,1,0
30,46.71,1381.85,4,1,0,0,2,3,2,0,0,1
25,67.68,1480.64,4,3,0,3,2,1,0,0,0,1
28,102.26,3096.55,1,2,0,3,0,0,2,1,0,0
25,47.14,1018.54,1,1,0,2,3,3,0,1,1,1
58,38.52,2380.26,4,0,2,2,2,2,2,1,0,0
41,88.13,4058.78,4,0,0,2,1,1,2,0,0,0
25,73.34,1749.31,2,2,1,1,1,1,2,0,0,0
48,71.44,3019.76,3,2,1,2,0,2,2,0,0,1
10,45.68,420.16,5,1,0,1,2,3,2,1,1,0
11,23.49,263.2,5,1,2,0,0,3,1,1,1,0
21,61.03,1451.75,5,0,0,3,2,0,1,1,1,1
45,30.66,1384.6,1,2,2,2,2,1,1,0,1,0
7,110.6,684.25,1,1,2,3,1,2,2,1,1,1
64,24.13,1603.19,2,0,2,0,3,0,2,0,0,0
64,63.17,4324.95,1,1,1,3,2,1,2,0,0,0
2,25.22,48.83,4,3,0,0,1,1,2,1,0,1
42,29.55,1323.77,3,3,0,2,3,1,1,0,1,1
54,85.89,4394.14,3,4,1,0,3,2,2,0,1,1
16,84.71,1472.93,3,0,0,2,2,2,0,0,0,1
18,23.31,399.49,3,1,2,3,1,2,0,0,1,1
59,20.11,1099.85,5,2,1,0,1,0,2,0,0,0
16,27.88,496.86,5,3,0,1,3,1,1,0,0,1
6,96.3,586.2,4,4,0,1,2,1,1,1,1,1
57,78.46,4183.85,2,3,0,1,2,0,2,0,0,1
47,23.81,1265.23,1,2,1,2,3,0,2,1,0,1
48,68.81,3491.97,1,6,0,0,0,2,0,0,1,1
42,91.2,3509.56,5,2,1,1,0,1,0,0,0,0
60,106.9,6634.29,3,3,1,2,3,3,2,1,0,0
4,113.4,504.01,4,1,0,1,0,3,2,1,0,1
2,52.74,111.7,2,1,1,3,1,0,1,1,1,1
59,33.58,1829.69,5,3,1,3,3,0,2,1,1,0
27,43.69,1232.38,4,1,0,3,2,0,1,1,1,0
27,97.62,2729.88,4,2,2,1,2,3,1,0,0,1
7,117.15,898.97,5,2,0,2,2,3,2,1,1,1
63,66.64,3792.89,4,2,0,1,1,2,1,0,0,0
46,50.54,2463.85,3,5,2,2,2,2,0,1,1,0
63,62.92,3401.86,4,1,0,1,2,1,1,1,0,0
12,50.48,641.43,2,0,0,2,1,2,1,0,1,1
13,45.65,675.41,4,2,1,1,2,1,2,0,1,0
43,79.38,3079.72,1,2,1,0,1,2,1,1,0,0
17,21.57,345.99,4,1,0,0,0,2,1,0,1,1
63,45.96,2967.16,5,6,0,2,1,2,2,0,1,0
36,86.14,3317.17,1,3,0,3,1,3,1,1,1,1
8,23.21,176.98,5,2,1,3,3,3,2,0,1,1
69,28.32,2050.39,2,3,1,3,1,0,1,1,0,0
36,49.34,1988.99,3,1,1,2,0,2,1,1,0,0
28,107.78,3222.97,2,2,1,0,1,3,2,1,0,1
47,96.49,4822.06,1,3,0,2,2,1,1,1,0,1
30,22.22,642.87,3,3,0,1,1,2,2,1,0,1
23,70.17,1813.15,4,3,0,1,0,3,2,1,0,1
16,47.47,708.76,1,0,0,1,2,0,1,1,1,1
14,84.86,1083.06,3,2,1,1,2,0,1,0,1,0
71,92.16,6276.52,5,3,1,1,3,1,2,1,0,0
52,106.29,5775.85,3,1,0,1,2,1,1,0,1,1
37,67.54,2770.19,5,2,2,3,1,3,1,0,1,0
29,119.45,3081.57,5,1,0,3,2,0,2,1,1,1
67,118.0,8650.17,3,2,0,1,2,3,2,0,0,0
15,108.22,1775.59,2,2,0,2,0,2,1,0,0,0
47,77.49,3736.85,2,3,1,0,1,1,0,0,1,0
46,59.8,2965.93,5,1,0,1,0,1,1,0,0,0
52,56.44,2654.72,1,1,2,1,0,2,2,0,1,0
19,21.21,363.09,3,0,0,2,0,2,2,1,1,1
21,44.92,1045.93,1,2,2,3,3,2,2,1,0,0
64,91.88,5877.11,2,2,0,2,2,0,1,0,1,0
37,80.36,2746.81,1,0,1,0,1,0,2,1,0,0
27,111.64,3185.01,4,0,2,0,1,2,2,1,0,0
55,25.0,1536.79,4,0,0,2,0,1,2,0,1,0
29,35.53,1071.2,2,3,0,1,1,1,2,0,1,0
20,98.92,1887.88,1,5,0,3,2,0,2,0,0,1
25,55.85,1389.25,3,2,2,1,2,0,2,1,0,0
70,31.83,2397.07,2,4,1,1,0,1,2,0,1,0
63,119.65,6559.63,4,2,1,1,1,3,0,0,0,0
36,98.73,3252.53,2,1,1,1,3,0,2,1,1,1
2,60.87,120.38,1,1,0,3,0,0,2,0,1,1
22,102.33,2321.77,1,2,0,2,1,1,0,1,0,1
16,88.06,1340.98,1,1,0,0,1,2,1,1,1,0
18,99.0,1674.18,5,1,0,0,0,1,2,1,0,1
69,101.52,6041.15,1,2,2,3,2,0,1,0,1,0
54,28.47,1321.94,4,3,1,2,2,2,1,0,1,0
30,82.3,2305.0,4,2,2,3,1,3,1,0,1,1
45,20.68,939.05,5,2,0,1,1,2,1,0,1,0
19,24.35,470.39,4,1,0,3,2,3,2,1,1,0
34,110.4,3746.81,4,2,2,2,0,1,2,1,0,0
13,72.76,920.26,2,0,0,0,0,2,1,1,1,1
43,93.59,3725.32,1,2,0,3,3,2,0,1,1,0
62,103.85,6246.89,2,6,0,0,2,1,1,0,0,0
22,114.96,2255.01,2,0,0,0,2,3,1,1,0,1
52,106.94,4918.81,4,1,2,0,2,3,0,0,1,0
52,68.33,3339.97,3,2,0,2,1,3,2,0,0,0
36,53.6,2216.22,1,2,2,1,3,2,2,1,1,0
19,35.45,638.48,3,1,2,1,1,2,2,1,0,0
38,60.03,2579.92,4,6,0,2,1,3,2,0,0,0
70,56.65,3837.29,5,0,1,1,1,3,2,1,1,0
57,75.96,4250.36,2,1,0,1,0,1,1,1,0,1
20,86.55,1885.29,4,1,0,1,1,3,2,0,0,1
9,117.83,931.21,4,3,2,3,1,1,2,1,1,1
32,92.84,2687.7,3,1,0,1,0,3,1,0,0,1
4,84.37,385.48,5,4,0,3,0,3,2,0,0,1
50,53.51,2680.21,2,1,0,0,1,3,1,0,0,1
5,23.45,101.22,5,2,0,3,0,0,2,1,0,1
20,48.81,843.69,5,1,0,1,0,0,0,0,1,1
37,96.84,4021.03,5,0,0,2,0,1,1,1,0,0
22,40.53,991.47,1,3,0,0,1,3,0,1,1,0
58,91.22,5224.66,5,1,2,0,1,0,2,1,0,0
68,77.98,4766.77,4,3,0,3,2,3,2,0,0,1
44,37.19,1798.29,1,2,0,2,1,1,1,0,1,0
34,46.16,1486.94,1,3,0,1,0,3,2,1,1,1
42,69.63,2853.46,5,2,1,3,3,3,1,0,0,0
9,61.84,587.0,4,2,1,3,2,0,0,0,1,1
7,97.86,654.87,2,0,2,0,2,3,1,0,0,1
68,93.44,6599.22,5,2,1,3,2,0,1,0,1,0
19,77.46,1641.8,1,4,0,2,1,2,1,1,1,1
31,102.23,3451.77,2,2,0,3,2,0,2,0,0,0
35,76.27,2574.54,2,1,1,3,2,2,1,0,0,0
57,116.44,6214.78,1,3,1,2,1,0,0,0,1,1
61,41.72,2381.3,2,3,0,3,2,2,1,1,0,0
31,91.41,2705.09,4,2,1,1,2,0,1,1,1,0
53,56.99,3014.83,4,2,2,3,1,3,1,0,0,0
32,47.9,1494.34,5,2,1,1,0,0,1,0,1,0
66,38.04,2234.15,5,3,1,2,1,2,1,1,1,0
59,75.25,3991.52,2,2,1,1,0,2,2,1,1,1
10,41.55,395.89,1,1,0,2,1,1,0,1,1,1
2,40.04,81.56,4,1,0,1,1,3,2,1,1,0
66,119.05,8075.94,3,2,0,1,1,3,1,0,1,0
60,100.17,5985.61,5,3,0,2,3,1,2,0,1,0
17,94.83,1727.55,4,1,2,2,2,2,2,1,1,0
16,99.41,1703.7,2,2,0,1,2,0,1,0,0,1
16,116.89,1829.67,4,3,1,2,0,1,2,1,1,1
46,77.33,3156.31,4,0,1,0,0,1,0,1,0,0
39,42.02,1653.79,2,4,1,3,2,1,1,0,0,1
31,106.22,3175.76,5,1,1,1,1,1,1,1,0,0
1,94.27,84.03,5,1,0,0,0,1,1,0,0,1
11,61.43,773.41,3,1,0,0,2,2,1,0,1,1
4,67.36,258.9,3,2,2,0,1,1,2,0,1,0
71,61.13,4503.68,5,0,0,2,1,2,1,0,0,0
26,112.99,2929.15,5,0,0,3,3,2,2,0,0,1
50,54.35,2426.46,5,2,0,1,0,0,2,1,1,0
12,116.35,1210.02,5,2,0,3,2,1,1,0,0,1
65,111.03,7489.06,4,2,0,1,3,1,1,1,1,0
47,83.05,3607.2,3,2,2,3,0,0,2,0,1,0
53,77.98,3815.21,2,2,1,3,3,3,2,0,0,0
71,57.01,4602.54,1,1,2,0,1,3,2,1,0,0
2,21.83,43.17,2,2,0,2,3,1,1,0,1,1
24,32.76,675.29,1,3,0,1,1,3,2,0,1,0
4,95.42,363.35,4,2,1,1,3,1,1,0,1,0
19,67.15,1308.27,3,5,2,1,2,3,2,1,1,1
26,34.98,862.8,1,2,1,0,2,2,2,0,1,1
40,46.4,1592.42,5,1,2,0,2,3,1,0,1,0
50,114.78,5643.3,4,4,2,0,1,3,0,1,0,0
43,56.71,2150.35,1,4,0,0,1,2,1,1,1,0
67,110.77,7686.77,5,2,0,0,1,0,1,1,1,1
12,50.46,627.29,4,1,1,3,1,2,1,0,1,0
67,74.32,4289.05,1,3,2,1,2,3,1,0,0,0
27,22.05,557.9,5,3,0,3,2,1,1,0,1,0
54,72.19,3797.19,3,0,1,0,1,1,2,0,0,0
66,83.69,5607.11,4,3,1,2,1,3,1,0,1,1
49,43.43,1997.9,1,1,0,0,2,0,1,0,0,0
16,77.89,1166.94,5,3,1,0,1,1,1,0,0,1
2,84.72,193.99,3,1,0,0,2,0,0,0,0,1
60,88.69,4589.95,5,3,2,1,0,1,1,0,1,0
54,97.64,6046.14,3,2,1,1,0,0,2,0,1,1
30,51.13,1325.89,1,1,2,2,2,1,2,0,0,0
38,76.78,2732.29,5,4,0,1,0,1,0,0,0,1
28,118.16,3302.16,5,1,0,0,1,1,2,0,0,0
25,109.81,2451.58,2,0,2,2,2,1,1,1,1,0
10,115.27,1026.4,4,2,0,2,1,3,2,0,0,1
60,58.61,3259.72,5,0,0,2,2,1,1,1,0,0
42,98.69,4733.92,3,1,0,0,3,0,0,0,1,0
40,81.99,3161.64,4,1,1,1,2,0,1,1,1,0
42,28.27,1211.0,1,0,0,3,2,2,2,1,1,0
47,102.4,5107.67,4,4,1,1,1,0,0,1,1,0
37,87.71,3481.1,2,3,1,3,2,1,0,0,1,0
22,39.89,927.13,1,1,1,0,0,0,2,1,0,1
57,27.97,1516.5,5,1,2,1,2,1,2,1,0,0
27,103.7,2473.82,1,2,0,0,0,1,2,1,0,1
41,27.89,1068.62,1,1,0,0,1,2,0,1,0,0
34,29.14,904.51,2,3,0,2,2,3,2,0,0,1
32,62.74,1788.63,3,3,2,1,2,0,1,1,1,0
66,33.48,1894.45,1,3,2,2,1,0,2,0,1,1
12,111.37,1511.1,3,1,0,1,1,1,0,0,0,1
40,67.03,3019.79,4,4,0,0,1,0,2,1,0,0
10,76.92,665.41,2,1,0,2,2,0,2,0,1,1
48,112.81,4883.84,5,9,2,0,0,3,1,1,0,1
20,73.03,1302.57,1,0,1,3,1,0,0,0,0,0
39,55.36,2017.3,3,2,2,0,0,1,2,0,0,1
60,99.72,5451.77,1,2,0,3,1,3,1,0,1,1
66,64.29,4810.31,2,3,0,3,2,0,2,1,1,0
65,51.85,2949.64,5,2,1,2,0,1,2,0,0,1
51,92.32,4301.19,4,5,2,2,1,1,1,0,1,0
36,100.16,3152.23,4,2,0,1,3,0,1,0,1,0
24,99.17,2723.13,3,4,0,1,2,3,2,1,0,1
27,117.77,3578.85,4,0,2,2,2,2,2,1,1,0
2,98.67,210.16,3,3,0,1,2,1,1,1,0,1
31,96.99,2940.02,5,1,0,0,3,0,1,0,0,0
57,105.75,5467.42,1,1,0,0,0,2,1,1,1,1
66,20.02,1210.83,2,2,0,0,1,1,2,0,0,0
29,56.24,1603.18,5,1,0,0,2,3,0,0,0,0
15,93.76,1519.57,5,0,1,0,3,2,2,0,0,1
12,79.97,891.93,4,1,0,3,1,0,1,1,1,1
28,37.76,997.19,4,0,0,0,0,2,0,0,1,1
24,50.37,1245.21,2,3,1,1,3,2,2,1,1,1
21,53.68,1038.57,1,1,2,2,0,1,2,1,1,1
10,76.78,787.23,5,2,1,2,1,1,2,0,0,1
18,103.16,1794.0,4,0,2,1,1,0,1,0,1,0
14,113.25,1364.01,5,1,2,1,1,3,1,0,0,1
34,95.01,3136.02,1,0,2,1,2,1,2,0,0,0
58,104.3,6810.44,3,1,2,2,1,2,1,0,0,0
22,67.01,1382.71,1,1,1,1,2,2,0,1,0,1
70,58.98,3909.0,5,2,1,1,1,0,1,1,1,0
36,59.27,1855.9,5,3,1,3,2,1,1,1,1,0
45,81.6,3798.92,2,0,2,3,1,3,0,0,0,0
36,32.42,1289.55,5,2,1,3,0,1,0,0,1,0
22,77.95,1639.22,4,3,1,2,3,0,0,0,1,1
61,86.51,4866.07,2,2,0,1,0,3,1,1,0,0
56,63.89,4068.0,5,2,2,0,2,1,1,0,1,0
33,115.32,4085.24,1,1,0,2,3,2,1,1,1,1
45,80.82,3710.24,5,0,0,3,1,0,0,1,0,0
36,42.0,1423.79,1,1,1,3,1,3,2,0,1,0
20,67.92,1244.65,1,0,0,2,1,3,2,1,1,1
18,87.54,1677.71,5,4,0,2,1,1,2,0,1,1
38,52.36,2002.8,1,0,0,1,2,3,2,0,0,1
67,27.96,1885.18,3,3,0,2,1,2,2,1,0,0
23,78.34,1571.46,2,1,0,0,3,3,1,0,1,1
16,114.79,1843.31,5,2,1,0,3,0,1,0,1,1
59,68.51,4433.28,3,4,2,2,3,2,1,0,0,0
69,110.61,8655.16,1,3,0,0,0,2,0,0,1,0
68,103.5,6207.69,1,1,1,1,1,1,1,0,0,1
21,34.74,758.27,2,0,2,2,1,2,2,0,0,0
70,90.82,6487.54,3,5,0,0,2,3,2,0,1,1
12,63.55,851.85,3,4,1,3,0,3,1,1,1,1
16,45.02,774.69,5,5,0,1,2,1,2,0,0,1
14,88.69,1415.03,1,1,1,2,2,3,1,0,1,1
61,94.27,6543.82,4,2,0,2,2,3,1,1,1,1
71,37.99,2475.29,5,2,2,2,2,2,0,1,0,0
46,111.44,5473.02,5,3,0,3,2,1,0,0,0,0
32,95.11,3071.54,5,3,1,0,1,1,1,0,0,0
15,113.34,1554.5,2,4,0,2,1,3,2,0,1,1
44,51.71,2066.86,2,3,1,0,1,3,0,1,0,0
17,113.93,1693.45,5,1,0,1,2,0,1,0,1,1
41,56.85,2537.59,4,1,0,3,1,1,2,0,1,0
54,25.4,1299.23,3,4,0,3,2,2,2,1,1,0
44,96.3,4690.82,3,3,0,1,2,3,1,1,1,1
5,90.35,466.43,1,3,1,1,1,0,1,1,1,1
27,79.79,2266.58,3,1,0,2,2,0,1,0,1,0
43,68.99,2781.14,3,3,1,1,1,2,1,0,0,1
31,23.22,710.49,4,0,0,3,1,3,2,0,1,0
17,82.46,1364.94,3,1,0,0,2,2,1,1,0,1
54,61.68,3066.79,4,1,0,0,3,3,1,0,1,0
62,76.02,5183.47,2,4,2,0,2,0,2,0,0,1
32,62.93,2087.59,4,2,1,0,3,3,2,0,1,1
40,116.61,4016.97,2,4,0,0,2,0,1,1,1,1
13,80.41,1145.67,4,2,1,0,2,1,1,0,1,0
35,94.92,2929.67,5,3,2,3,1,0,2,1,1,0
5,113.63,551.76,2,1,0,1,1,2,2,1,1,1
29,79.16,2344.71,2,1,1,3,0,0,1,1,0,1
70,21.21,1265.18,3,3,0,2,1,3,2,1,1,1
25,23.43,612.6,2,1,0,0,2,2,0,1,1,0
22,90.23,2080.25,4,1,0,1,2,2,1,1,0,1
66,47.91,3306.65,5,3,1,1,2,1,2,0,0,0
45,77.94,3153.12,5,0,0,0,1,1,1,1,0,0
69,40.23,2572.31,3,1,0,1,1,1,0,1,1,0
1,47.02,43.46,4,0,0,0,1,2,0,0,1,1
44,70.46,3528.34,4,4,0,2,1,2,1,1,0,1
39,117.56,3989.89,1,0,0,0,3,3,1,0,0,1
54,81.63,4313.66,2,0,1,2,2,2,1,1,1,1
29,113.61,3661.79,3,2,0,1,0,1,2,0,1,1
54,115.94,6766.76,5,2,2,3,2,0,2,0,1,0
16,40.81,716.14,1,3,0,1,2,3,0,1,1,1
20,51.12,1167.25,4,2,1,3,2,3,2,0,1,0
46,97.0,4311.05,2,1,0,0,3,0,0,0,0,1
67,106.68,6739.18,5,4,1,1,2,3,1,0,1,0
65,71.92,4016.73,1,3,2,1,3,1,2,1,0,0
58,119.32,6194.08,4,2,0,2,3,1,0,1,1,1
53,21.16,1142.19,5,4,1,0,0,3,0,0,1,0
1,49.96,44.83,5,0,0,3,0,3,1,1,1,1
66,82.32,5818.01,4,1,0,0,1,3,2,0,1,0
29,66.93,1671.48,4,4,2,2,2,2,0,1,1,0
70,31.66,2056.31,3,4,0,2,2,2,1,0,0,1
8,56.78,480.86,5,1,0,2,2,2,1,0,0,1
29,22.54,605.84,4,1,0,0,1,0,1,1,0,0
51,84.27,4592.97,1,3,0,2,2,0,0,0,0,0
33,109.27,4142.48,2,3,2,0,2,1,0,0,0,0
3,108.49,354.47,3,2,0,2,1,3,1,0,0,1
60,89.95,5141.17,4,1,1,1,1,3,1,0,0,0
35,66.58,2610.23,2,2,0,3,2,3,2,1,1,0
69,71.2,4251.5,3,4,0,0,2,1,0,1,1,0
20,33.69,719.32,5,2,1,3,2,2,1,1,0,0
39,54.1,1808.23,2,2,1,0,1,0,1,0,0,0
4,38.77,139.95,3,3,0,0,1,0,1,0,1,1
19,102.12,2224.1,4,2,2,1,2,1,1,0,0,0
45,111.48,4807.04,4,4,0,1,3,3,2,1,1,1
43,73.69,3473.45,3,7,0,0,3,3,2,0,0,1
13,92.78,1161.26,5,2,2,2,2,0,1,0,1,0
13,32.15,460.53,3,1,1,0,3,2,2,0,1,1
60,80.85,5528.59,1,2,2,0,0,0,2,1,0,0
57,90.28,5046.39,3,1,1,1,3,2,2,1,0,0
52,65.28,3454.83,3,3,0,1,1,2,2,1,1,1
53,44.33,2440.01,4,2,1,3,2,2,1,0,0,0
43,107.74,5237.05,5,1,0,3,0,2,1,0,0,0
42,94.29,3671.21,3,2,1,2,3,3,2,1,1,1
26,109.99,2955.07,2,4,1,3,2,0,1,0,1,0
23,101.84,2219.16,4,5,2,3,1,0,1,1,0,1
43,119.04,4683.94,4,5,1,3,1,2,2,1,1,0
28,39.22,961.35,3,2,0,2,1,1,2,1,0,1
9,28.67,267.42,2,0,0,0,1,3,1,0,1,1
20,53.7,1197.11,3,3,0,0,1,1,1,1,0,1
56,32.9,1760.28,2,2,1,2,2,2,1,1,0,0
39,72.31,2864.77,4,5,1,0,2,2,0,0,0,1
51,83.3,4429.6,2,1,0,3,3,1,0,1,1,1
12,77.83,910.03,3,4,2,3,1,0,2,1,1,1
55,45.92,2831.46,1,3,2,3,0,0,2,0,1,0
11,110.88,1169.49,1,2,2,3,1,1,2,0,1,1
26,22.12,510.36,2,4,0,0,0,2,1,1,0,1
42,54.8,2055.85,3,1,1,2,2,3,1,1,0,0
27,91.9,2772.23,5,4,2,2,2,2,2,0,1,0
11,96.69,1219.34,1,3,1,2,2,0,2,1,0,1
38,61.61,2193.01,4,0,0,1,1,0,2,0,1,1
43,21.69,832.99,3,2,2,2,2,2,1,0,0,1
19,81.8,1545.99,3,1,2,1,3,0,1,1,1,0
64,26.31,1789.65,1,0,1,2,1,1,2,1,0,0
6,30.79,190.94,5,3,0,3,3,1,1,0,1,1
46,85.03,4440.46,4,2,0,2,0,0,1,1,1,0
42,51.25,2357.65,5,1,1,1,0,2,2,1,0,0
65,54.8,3956.5,4,1,0,3,3,1,2,0,0,0
59,68.68,4102.81,1,3,1,1,2,0,1,1,1,0
52,117.86,5811.04,3,1,0,0,1,0,1,0,0,1
47,116.54,5809.09,4,2,0,0,1,3,2,1,1,1
7,61.63,423.5,3,1,0,0,2,2,1,1,1,0
11,46.55,479.45,2,1,0,3,2,0,2,0,1,1
61,50.26,2745.99,2,1,1,3,2,1,2,0,1,0
68,46.88,3214.37,1,4,0,1,0,0,2,1,0,0
25,73.22,1882.38,1,1,1,3,2,2,1,1,0,0
12,80.69,988.21,1,1,1,2,1,0,0,0,0,1
26,68.88,1584.82,2,3,0,1,2,1,0,0,0,1
12,60.8,744.91,4,3,2,2,2,1,1,1,1,1
43,41.13,1592.6,5,4,1,3,1,0,1,0,1,0
51,68.25,3651.73,1,2,1,2,1,3,1,0,1,0
37,54.11,1959.67,5,0,2,3,1,2,1,0,0,0
46,74.16,3768.29,5,2,0,3,1,1,1,0,0,0
53,87.52,5025.72,2,2,0,2,0,2,1,0,1,0
13,83.33,1156.23,4,0,0,0,1,2,1,0,0,1
54,66.25,3792.89,2,1,0,3,0,1,0,0,0,0
57,75.61,4387.7,1,2,1,1,2,0,2,0,0,1
4,48.49,168.41,2,1,1,1,0,2,1,1,1,1
49,22.42,1150.03,2,1,0,0,1,0,0,0,1,1
7,82.5,571.78,2,4,0,2,3,3,0,1,0,0
11,45.26,493.28,1,2,0,0,0,3,0,1,1,1
54,86.9,4522.05,1,3,0,2,1,2,1,0,1,0
45,94.7,4810.09,2,2,1,0,2,1,1,1,1,0
23,111.59,2373.71,2,1,1,3,1,2,2,0,1,1
28,115.81,3064.32,5,1,0,1,2,0,1,1,0,1
57,21.05,1366.69,4,5,0,0,1,0,2,1,0,1
26,119.04,3382.95,5,1,0,1,1,2,2,0,1,0
25,88.3,1885.74,4,1,1,2,3,2,1,0,1,1
54,84.35,5109.98,4,2,2,0,1,2,1,1,1,0
29,21.52,572.94,2,0,0,0,1,3,1,1,1,0
36,106.12,4056.47,5,1,2,0,1,1,2,1,0,1
14,34.55,491.39,4,1,2,0,1,0,0,1,0,0
35,103.73,3670.75,4,2,0,1,1,3,1,1,0,1
30,21.56,688.97,1,4,2,3,1,3,2,0,1,0
17,84.6,1311.81,4,1,0,1,2,2,1,1,1,1
67,63.48,3818.1,2,2,2,3,2,0,1,0,0,0
30,40.08,1257.09,3,0,1,0,2,0,1,0,0,0
45,30.76,1297.07,1,1,0,3,2,0,1,0,0,0
51,64.01,3728.84,3,2,2,1,2,0,2,0,1,0
47,32.33,1497.43,2,3,0,0,3,2,1,0,1,0
53,68.64,3214.24,3,1,2,1,1,3,1,1,1,0
64,82.52,5575.8,4,1,0,1,3,3,1,1,1,0
38,102.74,3677.03,3,0,1,1,1,3,2,1,0,0
64,87.86,5030.52,5,1,0,3,2,3,0,1,1,0
7,26.52,181.34,2,3,2,0,2,0,0,0,1,0
22,50.74,1271.82,5,2,0,0,3,0,1,0,0,1
41,48.8,1947.55,3,2,0,1,1,1,2,0,0,1
10,111.5,1063.96,5,5,1,2,2,2,2,1,1,1
57,106.78,5985.04,1,2,2,1,1,0,1,1,0,0
7,57.01,340.69,3,1,0,3,3,0,2,0,0,1
50,27.12,1206.55,5,0,0,3,3,2,2,0,0,1
52,109.41,6286.19,4,0,0,0,1,2,1,1,0,1
33,108.82,4106.02,3,1,0,2,1,0,1,0,1,1
1,105.47,94.65,1,4,2,3,0,3,2,0,0,1
53,104.51,5597.95,4,3,0,0,0,1,1,1,0,1
60,68.03,4652.53,3,3,1,2,3,1,1,0,0,0
34,37.74,1151.06,4,2,1,2,2,2,2,0,0,0
4,67.75,245.49,3,1,0,0,1,3,2,0,1,1
17,69.46,1332.01,3,1,0,3,2,2,0,0,0,1
4,68.99,293.0,2,1,2,1,2,1,0,0,1,1
43,73.88,2845.04,5,1,0,3,1,1,2,0,1,0
4,45.77,177.21,3,3,0,3,1,3,0,0,0,0
1,56.62,49.09,1,3,0,3,2,1,2,1,1,1
71,63.42,4411.78,5,3,1,0,1,1,1,1,0,0
50,33.11,1793.63,2,3,0,0,0,3,1,1,0,1
61,65.54,4062.45,5,1,2,1,1,1,1,1,0,0
35,101.05,3693.08,5,3,1,3,3,2,1,1,0,1
8,102.81,779.72,3,3,0,3,0,2,0,1,1,1
24,61.16,1318.66,1,1,1,1,2,2,0,0,0,0
36,71.88,2209.74,3,2,0,2,2,2,1,1,0,1
50,23.37,1280.86,1,3,2,2,0,0,1,0,0,0
43,87.44,3914.21,1,0,0,1,2,1,1,1,0,1
27,60.46,1499.88,4,1,0,3,1,1,0,0,1,0
32,64.55,2014.99,3,2,1,0,2,2,1,0,0,0
18,107.37,2107.38,2,2,1,3,3,1,1,1,1,0
28,66.18,1874.65,5,1,1,1,1,0,0,1,0,0
29,22.12,603.0,4,4,2,1,2,0,0,0,1,0
16,42.75,636.21,2,0,0,1,1,0,1,0,0,1
47,67.56,2906.41,3,1,0,0,1,3,1,1,0,0
59,62.44,4041.72,1,2,0,3,1,2,1,1,0,1
31,106.04,3367.87,3,1,2,0,2,1,1,0,1,1
4,74.21,315.48,3,0,2,2,1,0,2,1,1,0
37,88.96,3647.27,4,3,2,3,1,0,2,1,0,1
17,66.93,1304.04,2,0,0,1,2,1,1,0,1,1
39,63.97,2307.17,4,3,0,3,2,1,1,0,1,0
48,64.63,2805.21,2,1,0,1,3,3,2,1,1,0
46,61.09,2778.2,4,0,0,0,1,0,2,1,1,0
48,73.86,3050.72,5,1,0,3,2,0,1,1,0,0
39,45.04,1910.47,1,1,0,1,3,3,2,1,0,0
4,109.11,486.67,1,0,0,0,0,3,1,1,0,1
30,53.31,1688.51,1,3,0,3,2,1,1,1,1,0
30,34.75,970.01,5,2,0,3,1,2,2,0,1,1
22,29.66,578.65,5,2,0,2,2,1,1,1,1,1
66,21.34,1358.79,1,3,1,3,2,3,1,0,1,0
12,62.29,822.17,1,2,0,2,3,2,0,1,0,1
36,38.76,1331.7,2,2,1,3,2,3,2,0,0,0
18,22.16,343.22,2,1,0,2,2,0,2,0,1,0
53,72.0,3557.69,3,4,2,0,0,3,0,1,1,0
71,88.0,7166.18,4,2,0,3,1,2,2,1,0,0
1,28.58,30.09,2,2,0,0,1,2,0,1,1,0
58,66.09,4294.32,2,2,1,3,2,0,1,0,1,0
6,94.36,612.86,2,4,2,3,1,0,2,1,1,1
70,118.58,8399.52,2,3,0,3,3,2,1,0,1,1
44,86.72,3413.49,5,2,0,3,0,1,1,0,1,1
24,44.48,1019.14,3,2,2,3,1,3,2,0,1,1
19,91.66,1785.2,2,1,0,3,3,1,2,0,0,1
18,79.79,1595.97,4,4,0,1,1,0,1,1,1,1
30,41.18,1149.66,2,3,2,3,2,3,2,0,0,0
42,105.11,3913.02,5,0,2,2,0,3,2,0,0,0
33,62.74,2106.98,1,2,0,3,1,0,1,1,1,1
12,116.2,1259.05,1,0,2,0,0,1,0,0,1,0
27,92.29,2574.33,3,3,1,2,0,1,1,1,0,1
39,84.46,3060.12,1,4,0,2,2,0,2,0,0,1
9,92.84,768.08,2,4,1,2,2,1,1,0,1,1
21,67.81,1380.93,5,1,1,1,3,2,0,0,1,0
29,70.52,2102.33,3,2,1,3,1,0,1,1,0,1
33,105.12,3516.15,2,4,2,0,1,2,0,1,0,0
62,88.09,5043.5,1,7,0,0,2,2,2,1,1,0
15,109.72,1838.98,4,1,1,0,0,2,0,1,1,0
2,109.08,192.63,2,1,0,1,2,3,2,1,0,1
52,117.65,5272.52,4,1,0,1,1,2,1,0,1,1
44,90.02,4082.99,4,4,1,1,3,1,2,0,1,0
54,70.23,3363.97,3,2,1,3,0,0,1,1,1,0
18,36.63,660.33,5,1,2,1,0,1,0,0,1,1
3,90.54,308.43,1,2,2,0,1,2,2,1,1,1
7,49.16,364.6,1,2,1,1,1,2,1,0,0,1
43,48.29,2149.85,2,0,0,0,2,2,1,0,0,0
38,43.83,1702.87,1,2,1,2,3,2,2,1,0,1
37,107.51,3595.52,3,1,0,0,0,0,1,0,0,1
58,106.8,6069.04,1,3,0,2,1,0,2,1,1,1
33,83.1,2612.65,2,0,1,3,1,3,1,0,0,1
59,67.3,4510.28,1,3,1,1,2,0,2,1,1,1
11,87.21,885.17,5,1,1,3,1,2,0,0,0,1
68,80.72,5442.25,4,1,2,3,2,3,2,1,1,0
68,61.57,4737.26,4,1,0,3,2,2,0,0,1,1
22,57.96,1385.82,4,3,0,2,2,3,1,0,1,1
66,58.28,4382.46,5,3,1,1,2,0,2,0,1,0
44,78.91,3585.03,3,0,1,3,2,0,0,1,0,0
6,84.77,483.24,2,0,0,3,1,0,1,1,0,1
42,65.17,3005.56,5,1,0,0,0,3,1,0,1,0
25,116.87,2738.94,2,0,0,0,1,1,2,0,1,1
57,28.38,1455.21,3,1,2,1,0,2,2,0,1,0
55,54.7,3194.96,5,2,2,0,1,0,0,0,1,0
16,61.91,1031.81,1,0,0,2,1,0,2,1,1,1
14,21.69,338.21,3,1,0,2,0,2,1,1,1,0
39,56.5,2508.67,4,1,0,2,2,1,2,0,0,0
28,47.37,1468.52,5,3,0,3,2,2,1,0,0,0
51,70.6,3125.5,3,2,0,1,1,0,1,0,1,0
49,53.64,2758.13,3,4,0,2,2,0,1,1,0,1
9,92.62,904.77,5,2,0,2,2,1,1,1,0,1
58,70.99,4712.93,4,0,0,2,1,3,2,1,0,0
45,32.98,1428.13,4,5,1,2,3,1,0,0,0,0
22,95.01,1883.14,3,3,0,2,1,2,0,0,0,0
32,29.92,1058.92,2,0,2,2,2,0,1,0,0,0
69,103.9,6776.84,3,3,2,1,3,1,1,1,0,0
69,113.14,8036.81,5,1,0,2,2,0,1,1,1,0
42,52.24,2121.79,5,2,0,1,2,3,1,1,1,0
53,112.61,5793.66,5,2,0,1,3,1,2,1,0,1
59,99.3,6267.33,4,1,0,1,1,1,0,1,1,0
39,112.24,4195.58,1,1,0,2,1,0,2,1,1,1
15,86.63,1374.67,5,2,1,2,2,3,2,1,0,1
71,43.56,2642.41,5,1,1,1,3,0,2,1,1,0
29,109.45,3007.14,2,1,0,1,2,2,0,0,1,0
3,38.43,109.02,2,2,1,2,3,2,1,0,0,1
10,41.31,443.9,3,0,0,0,1,3,2,1,0,1
29,47.11,1290.08,3,1,0,0,2,2,2,1,0,0
35,50.42,1835.45,3,0,1,0,3,0,2,1,1,0
6,71.45,452.93,5,2,0,2,1,1,2,1,1,1
12,91.35,1148.25,2,3,1,1,3,2,0,0,0,1
38,112.62,4412.21,3,4,2,0,1,3,1,0,0,1
19,28.84,533.83,2,1,2,3,3,3,2,0,1,0
67,115.44,7440.31,5,2,0,3,3,0,1,1,1,1
8,112.13,914.44,5,0,1,1,0,2,1,1,1,1
8,25.4,176.6,3,1,0,3,2,2,1,1,0,1
47,56.03,2930.43,5,3,2,2,2,2,0,0,1,0
4,101.31,444.81,5,0,2,3,0,3,0,0,1,1
51,81.16,3948.29,2,1,0,1,0,3,0,0,0,0
67,97.91,6691.43,1,3,2,0,0,3,1,1,1,0
45,91.9,4671.91,4,0,0,2,2,1,1,1,0,0
8,69.68,519.23,3,0,0,1,1,0,1,0,1,1
16,24.12,414.02,1,0,0,2,3,1,2,0,1,0
67,78.43,4596.82,3,2,0,0,1,3,2,0,1,0
9,24.86,225.28,1,2,2,0,2,2,0,1,1,0
60,80.37,5377.85,5,3,0,0,0,2,0,1,1,0
71,100.04,7213.1,3,3,2,2,2,1,1,0,1,0
15,78.5,1218.55,1,1,2,3,3,3,2,0,0,1
71,119.7,9538.19,4,1,2,2,1,3,1,1,0,0
41,65.59,2862.79,5,1,0,0,1,3,1,0,1,1
22,94.88,2210.08,3,2,1,2,2,2,0,1,0,1
24,86.72,2135.25,3,0,1,2,1,2,1,1,1,0
44,119.14,5451.45,1,2,1,3,1,3,2,0,0,1
1,91.32,99.64,3,3,0,0,1,1,1,1,0,1
10,36.4,416.37,5,1,1,3,1,0,1,0,0,1
56,115.55,7044.21,2,7,1,0,2,2,0,1,0,0
50,86.78,4609.03,1,2,1,1,3,2,0,1,0,0
12,25.93,277.18,4,2,2,0,2,0,1,1,0,0
60,85.76,5634.86,3,5,0,2,0,3,1,1,0,1
26,108.31,3015.49,5,1,0,1,1,1,1,1,0,1
41,77.7,3444.34,3,2,0,2,3,1,0,1,1,0
36,55.4,1833.57,4,1,0,1,3,3,2,1,0,0
23,102.09,2632.29,5,0,0,2,0,2,0,1,0,0
43,98.25,3714.38,4,1,0,1,3,3,2,1,1,0
6,74.42,413.5,5,1,2,1,3,2,2,1,1,0
69,35.44,2564.68,2,2,2,2,1,1,1,0,1,0
43,45.1,2040.3,5,3,0,1,2,2,1,1,0,0
25,93.85,2214.82,4,1,0,2,2,1,2,1,1,0
18,100.61,1920.43,1,0,0,3,1,1,1,0,0,1
62,47.93,2871.54,2,1,1,2,1,1,2,0,1,0
13,56.8,627.66,3,2,1,3,1,2,2,0,0,1
43,27.76,1072.98,2,1,0,1,3,3,1,0,0,1
28,91.35,2851.28,2,4,1,0,2,1,1,0,1,1
18,20.36,335.95,3,3,0,3,1,3,0,0,1,0
59,24.65,1285.68,5,1,2,0,2,0,1,1,1,0
60,20.43,1293.08,2,4,2,0,1,0,1,1,1,0
63,84.53,5230.78,2,3,2,2,1,1,1,0,0,0
57,61.74,3832.23,1,4,0,2,2,0,1,0,1,0
51,49.75,2812.64,1,2,0,0,2,1,2,0,0,0
56,111.27,6877.9,4,2,0,2,1,2,0,0,1,0
27,39.28,1001.07,3,2,1,0,1,2,0,0,0,0
32,58.94,1889.12,5,1,0,2,2,2,0,1,1,0
9,114.03,1072.51,5,3,1,2,2,3,2,1,0,1
68,62.71,4036.59,4,4,1,2,2,1,0,0,1,0
46,75.47,2993.66,5,1,1,0,2,1,1,0,1,1
67,28.03,1875.81,5,3,2,1,2,3,1,0,1,0
26,99.02,2198.17,1,3,1,2,2,3,1,0,0,1
8,62.28,565.56,5,2,0,2,3,0,1,1,0,1
6,100.05,653.74,5,1,1,0,1,0,0,0,1,1
24,45.38,988.48,4,0,2,3,3,2,1,1,1,0
48,62.25,2797.48,4,0,1,0,1,3,2,1,1,0
45,98.65,5082.53,2,1,1,2,2,3,2,1,0,0
13,117.39,1468.15,5,0,2,2,1,3,0,1,1,0
69,25.96,1943.9,5,5,1,1,1,1,2,1,1,0
25,101.25,2490.76,5,0,2,2,3,0,0,1,0,1
20,50.07,1110.76,1,2,0,3,1,3,2,1,1,1
66,75.07,5257.78,5,2,1,2,2,2,2,1,0,0
45,49.01,1889.76,1,1,0,2,2,1,1,1,1,1
47,81.34,3587.37,2,5,0,1,1,3,0,1,1,1
63,55.38,3549.66,3,1,0,3,3,0,2,0,1,1
55,53.36,3310.11,5,6,0,3,2,3,0,0,0,0
19,23.79,398.11,4,2,0,2,3,0,2,1,1,0
35,34.7,1251.22,4,1,0,3,2,0,2,0,1,1
53,111.71,5569.15,5,2,0,1,2,0,2,0,0,0
26,119.83,3479.41,1,2,2,0,1,2,2,0,0,1
14,98.05,1481.93,4,2,0,2,2,2,0,0,0,1
45,48.68,2105.03,4,2,0,2,0,0,2,1,1,0
44,60.24,2386.03,2,1,0,3,2,1,2,1,1,1
65,93.95,5211.82,2,2,0,2,0,3,1,1,1,0
51,116.85,6175.99,2,1,2,2,1,1,2,0,0,0
43,65.55,2739.15,4,3,2,1,0,1,2,0,0,0
23,102.95,2236.31,4,3,2,0,3,3,2,0,1,0
56,117.51,7538.82,5,2,0,0,2,2,1,1,0,0
19,107.35,2018.88,5,2,0,3,2,1,1,1,0,1
55,42.71,2525.41,1,4,0,1,3,1,2,0,0,1
60,20.8,1127.4,4,3,1,1,2,3,2,1,1,0
59,69.21,3487.27,5,1,2,1,0,1,1,1,0,0
33,73.14,2353.8,5,0,2,1,2,1,1,0,1,0
19,40.13,800.27,2,1,0,2,3,2,2,0,1,1
28,48.47,1359.77,2,1,0,3,1,1,1,1,1,1
52,96.52,5606.7,2,4,0,3,2,0,2,0,0,1
49,67.03,3219.64,3,1,1,2,2,2,1,1,0,0
37,51.74,1805.68,5,5,0,3,1,3,1,1,1,1
26,82.26,2405.78,2,1,0,1,3,3,1,1,1,1
40,85.28,3315.67,2,0,2,2,1,3,2,0,0,0
38,96.94,3429.14,4,1,1,2,0,1,2,0,1,1
54,35.67,1693.73,2,0,0,0,3,3,0,0,0,0
22,94.15,2253.6,4,6,0,2,2,0,2,1,0,1
16,79.94,1403.83,1,1,1,0,1,2,1,0,0,1
28,25.76,620.23,2,6,1,2,1,0,0,0,0,1
35,97.74,3275.99,4,1,1,3,3,3,2,0,0,1
60,58.31,3760.74,2,0,0,0,1,1,1,1,1,0
45,53.04,2706.33,1,2,2,0,2,1,2,1,1,1
46,64.81,2871.87,2,3,1,0,1,3,0,0,1,0
55,54.62,3339.25,4,3,2,0,3,3,2,0,0,1
26,53.83,1354.92,1,2,0,1,2,3,1,1,1,0
25,100.81,2277.87,1,2,0,2,2,1,1,0,1,1
65,32.45,1795.07,1,0,0,1,2,0,0,1,0,0
6,117.06,666.58,3,0,2,3,3,2,1,1,1,1
23,75.49,1673.04,4,1,0,2,3,3,1,0,0,1
64,38.29,2777.97,3,2,0,1,2,0,0,0,0,0
43,33.12,1298.64,1,3,0,2,2,0,1,0,0,1
23,79.15,1756.15,3,3,1,1,1,0,1,1,0,1
30,83.3,2143.01,2,2,2,3,1,3,2,1,0,1
18,25.3,491.45,3,0,2,1,2,1,2,0,1,0
21,44.3,1046.17,5,3,1,3,2,0,1,1,1,0
57,99.55,5227.84,1,1,2,0,3,0,1,0,0,1
23,24.96,561.91,1,2,0,1,0,0,2,1,0,0
45,105.51,4209.65,4,0,2,0,2,2,2,0,0,0
44,85.82,3727.02,2,1,0,3,2,0,0,0,1,1
47,63.44,2653.8,4,0,0,0,2,0,1,1,0,0
40,54.64,2201.04,3,3,0,1,0,1,2,0,0,0
51,21.92,1196.87,5,2,0,2,2,0,2,0,0,1
42,102.52,4374.81,5,5,0,1,1,0,2,0,0,1
7,34.27,221.57,5,1,0,0,2,3,1,0,0,1
50,50.95,2435.96,5,0,0,0,2,1,1,1,1,0
48,76.91,3845.18,2,4,0,1,1,0,2,0,1,0
6,44.6,274.8,3,1,0,1,2,0,1,1,1,1
9,69.71,559.06,5,4,2,1,3,2,1,0,1,1
57,100.93,6348.63,1,4,2,1,1,2,1,0,0,0
31,67.05,2063.2,3,3,2,3,2,0,2,0,1,0
21,114.9,2168.46,2,1,1,2,1,2,1,0,1,1
40,104.75,3715.9,5,0,1,0,2,0,1,0,0,0
45,53.3,2733.69,2,0,2,3,1,3,1,1,0,0
49,60.0,2747.14,5,1,1,1,1,2,2,0,0,0
20,62.33,1399.47,1,2,0,1,2,3,2,1,1,1
17,82.62,1366.83,3,4,0,3,1,0,2,0,1,0
28,48.68,1316.38,1,1,0,1,1,2,0,1,0,1
41,116.92,5082.89,5,3,2,0,3,0,1,1,1,1
66,80.87,4552.54,4,4,1,0,2,1,0,0,1,1
25,59.94,1425.72,3,2,0,0,2,3,2,0,0,1
58,84.5,4610.88,2,1,0,3,2,1,1,0,0,1
41,59.54,2710.74,5,2,0,1,3,3,2,0,0,0
6,101.78,616.01,1,1,1,3,1,0,0,1,0,1
38,76.78,2799.25,4,1,1,0,0,2,1,0,0,1
6,24.2,134.99,5,1,0,3,1,1,0,0,1,0
45,37.68,1741.44,2,0,0,1,2,2,1,1,1,0
14,106.5,1335.19,1,2,1,1,1,2,1,1,1,1
66,76.29,4651.77,3,1,2,2,2,1,1,1,1,0
40,115.03,4316.47,4,0,2,2,0,1,1,1,1,0
3,27.24,84.37,5,2,0,2,2,2,0,0,0,1
24,49.53,1143.43,5,4,0,0,2,0,2,1,1,0
19,39.35,749.03,5,4,0,2,1,1,2,1,1,1
18,75.38,1418.15,5,1,1,0,1,0,2,1,1,0
64,58.28,4240.42,1,1,1,3,2,0,2,1,0,0
35,35.73,1349.81,3,1,0,1,2,1,2,1,1,0
62,84.28,5076.55,2,3,1,3,2,0,1,1,1,0
1,73.63,79.11,4,4,0,2,1,3,2,0,1,1
25,47.47,1346.96,5,2,2,2,3,0,1,1,1,1
45,67.98,3058.4,5,3,0,0,2,0,2,0,1,1
49,94.57,4509.69,3,4,0,0,0,0,1,0,1,0
16,40.53,566.35,3,3,1,3,1,2,2,1,0,0
19,49.29,1046.76,1,5,1,3,2,0,0,1,0,1
23,54.61,1160.51,1,4,1,2,1,0,1,0,0,0
25,94.67,2057.21,1,2,2,0,3,0,2,1,1,1
16,104.69,1693.77,4,2,0,0,2,0,1,0,0,1
54,57.64,3435.48,1,1,0,3,0,2,0,0,0,1
1,49.66,48.27,5,2,2,0,3,2,2,1,1,1
42,108.94,4964.24,1,1,1,3,1,2,1,0,0,1
19,119.94,2508.77,4,0,0,1,1,1,1,0,0,1
34,87.04,2918.72,1,0,1,2,2,1,1,1,1,1
55,119.0,6723.48,1,3,1,0,2,2,0,1,1,0
18,86.0,1563.69,5,1,0,0,1,1,0,1,0,0
34,93.35,3591.94,5,4,0,1,1,2,2,1,0,1
45,58.87,2828.16,5,6,0,1,2,0,1,1,1,0
6,63.3,428.24,1,1,0,1,2,2,1,0,1,1
21,34.41,661.98,5,1,2,3,2,2,0,1,0,0
70,102.28,6751.68,3,3,0,3,2,1,0,1,0,0
48,113.11,4730.22,2,3,0,1,2,2,1,1,1,1
39,82.34,3211.32,2,3,1,2,1,3,1,0,0,0
31,54.36,1874.36,5,2,1,2,2,0,1,0,1,0
10,35.4,335.63,4,3,1,0,1,2,2,1,0,1
30,46.52,1239.85,5,2,0,3,1,2,1,0,1,0
18,45.54,713.61,5,1,2,2,2,2,1,0,1,0
60,81.35,4804.29,1,1,1,0,0,2,2,0,1,0
15,114.5,1544.44,4,4,0,2,0,1,2,0,0,1
4,24.83,94.72,5,3,2,3,1,1,1,0,0,1
63,20.1,1388.01,3,3,0,2,1,3,0,0,0,0
40,80.02,3089.39,2,2,2,2,1,1,1,1,1,1
9,48.41,450.01,3,0,1,3,1,3,1,1,0,0
9,108.05,973.12,3,2,2,0,0,3,0,1,1,1
26,52.73,1460.72,3,0,0,0,1,2,0,0,0,1
4,48.97,175.69,4,3,2,1,0,3,2,1,0,0
16,46.95,845.97,4,5,1,0,1,0,2,1,0,0
15,34.49,539.57,4,5,1,1,2,1,0,1,0,0
52,78.15,3784.71,2,1,0,3,1,3,1,1,1,0
69,36.82,2253.52,1,2,2,0,2,0,0,1,1,0
5,62.46,279.5,5,1,0,3,0,1,0,0,1,1
20,66.1,1434.04,5,1,0,0,0,0,1,1,0,1
18,22.05,407.38,1,2,1,2,1,2,1,1,1,0
2,21.68,41.81,5,5,0,0,1,2,2,0,0,1
13,72.02,889.34,3,2,0,2,1,1,2,0,0,1
4,89.6,396.67,2,1,1,0,1,3,1,0,1,0
42,114.21,5336.32,5,0,0,3,0,0,1,1,1,0
61,37.91,2369.01,2,1,2,1,2,2,1,1,1,0
8,30.33,244.39,1,3,1,0,1,3,0,1,1,1
67,25.21,1849.33,5,2,1,3,1,2,2,1,0,1
63,63.6,4306.79,2,2,0,2,2,2,0,0,1,1
9,82.31,718.68,3,2,1,2,0,3,1,0,0,1
11,104.06,1001.33,3,2,2,2,1,1,1,0,0,0
42,88.26,4005.72,1,2,0,2,1,3,0,0,0,0
13,40.84,478.11,4,1,0,3,1,0,1,1,0,1
36,66.18,2036.72,5,0,0,0,0,1,2,1,0,0
13,111.03,1592.11,3,4,1,2,3,0,2,0,1,1
12,52.67,646.93,3,4,1,2,3,1,2,0,0,1
37,69.87,2889.07,1,2,0,0,1,2,1,0,1,1
52,115.86,5996.68,3,2,1,3,1,3,1,0,1,0
71,93.47,7485.52,5,2,2,2,2,0,1,0,0,0
2,94.77,181.24,1,0,0,1,1,1,2,1,1,1
56,45.23,2703.69,2,2,1,3,2,2,1,0,1,0
60,61.47,3467.99,1,0,2,1,1,2,1,0,0,0
23,28.23,552.21,5,2,2,3,1,3,0,1,1,0
40,80.65,3109.72,5,1,0,2,0,3,2,1,0,1
64,30.37,2082.53,2,2,0,3,3,0,2,0,1,0
23,103.59,2132.44,1,3,2,3,0,1,0,1,1,1
29,101.46,2946.44,5,1,0,1,3,2,2,1,1,1
51,73.36,3418.49,5,3,1,3,2,0,2,1,1,0
69,34.12,2053.64,2,2,1,3,1,0,0,0,0,0
31,22.56,723.93,4,6,1,2,1,2,1,1,1,1
50,99.67,5659.26,1,4,0,0,1,1,2,0,1,0
20,80.01,1509.4,5,2,2,1,2,0,1,1,0,0
55,91.09,5131.33,3,1,0,1,2,3,2,0,0,0
2,50.38,114.47,2,2,1,0,2,2,1,0,1,1
25,70.95,1853.78,4,7,0,1,1,2,0,1,1,0
13,94.72,1295.27,4,3,0,2,1,2,0,1,0,0
70,66.26,4191.21,2,4,0,3,2,1,2,1,0,0
67,80.14,5357.37,4,1,2,3,3,1,0,0,0,0
58,98.97,5511.52,5,5,1,2,3,0,2,0,0,0
64,41.52,2634.26,4,2,1,1,2,0,1,1,1,0
69,26.59,2000.51,1,3,1,3,0,2,0,1,0,0
59,73.18,4266.85,3,2,0,0,0,0,1,1,0,0
60,26.21,1366.5,5,2,1,3,1,2,1,0,1,0
62,96.66,6721.74,2,0,0,2,2,3,0,0,0,0
16,91.92,1490.51,3,4,1,3,1,0,2,1,0,1
68,108.17,8292.38,5,1,0,2,2,1,2,0,1,0
15,83.96,1286.68,3,0,2,1,2,1,0,1,0,0
55,26.72,1279.85,4,3,1,0,0,2,2,1,0,0
35,45.32,1611.19,2,1,0,2,3,3,1,0,0,0
55,100.79,5669.59,2,2,0,0,1,0,2,1,0,0
14,36.71,469.94,1,0,0,1,0,0,0,1,1,1
49,89.85,4364.29,4,1,2,1,2,3,1,1,0,0
7,98.03,677.83,1,1,0,2,3,3,1,1,0,1
30,53.01,1648.96,1,1,0,3,2,0,2,1,0,1
49,52.23,2374.69,4,2,0,0,2,2,0,0,1,0
16,75.78,1242.22,5,2,2,3,3,0,1,1,1,0
51,106.13,4991.93,1,3,1,0,2,3,2,1,0,1
42,42.39,1751.8,3,1,0,1,2,1,1,0,1,0
17,114.13,1720.54,5,2,1,1,1,0,1,1,1,0
63,79.91,4335.62,4,6,2,1,1,3,1,0,0,0
45,119.21,5075.83,2,1,1,3,2,1,1,1,0,0
7,28.96,189.02,5,0,0,1,2,0,1,0,1,1
27,32.66,857.1,1,2,0,3,1,2,1,0,0,1
10,102.66,1168.93,3,2,0,1,1,2,2,0,0,1
34,106.48,3644.31,4,8,0,3,3,0,0,1,1,1
36,64.55,2360.72,2,4,1,2,2,0,1,0,0,1
25,91.41,2587.92,3,1,1,2,3,1,1,0,0,0
6,106.76,721.46,2,4,2,0,3,2,1,0,1,1
24,24.31,650.75,4,4,1,3,2,3,0,0,1,1
18,77.4,1225.1,5,2,0,3,0,0,2,0,1,1
6,105.35,657.55,1,3,1,2,1,2,1,1,1,1
29,59.82,1894.98,4,1,1,2,1,2,2,0,1,1
25,50.24,1382.4,3,1,0,2,2,0,1,1,0,0
55,99.57,5604.38,5,3,1,0,1,0,0,0,1,1
46,53.58,2107.86,2,2,0,2,2,3,0,0,1,1
24,20.32,556.92,5,3,0,0,2,0,1,1,0,1
26,115.96,2989.74,5,1,1,0,1,3,0,1,1,1
28,79.21,2147.15,3,3,0,2,2,0,2,1,1,0
3,101.95,296.22,1,4,1,2,1,1,2,1,1,1
38,102.53,3807.49,5,3,0,2,0,0,2,1,0,1
61,26.64,1499.41,5,1,2,3,1,1,2,1,1,0
51,37.09,1793.41,1,1,2,1,0,0,1,0,1,0
48,51.11,2810.61,1,3,2,3,2,2,1,1,0,0
21,52.07,1050.22,2,3,2,0,2,0,1,1,0,0
54,85.88,4674.63,2,1,2,0,2,1,0,1,1,0
56,82.31,5091.19,1,3,1,1,2,0,1,0,1,0
59,69.46,4131.8,4,1,2,1,2,0,1,1,0,0
51,41.13,1986.99,1,2,1,2,2,2,2,0,1,0
20,58.2,1172.26,2,1,2,3,2,2,1,0,1,1
59,74.36,3879.28,3,0,0,3,1,1,0,1,1,0
71,66.8,4216.27,3,3,1,3,2,0,1,1,1,0
9,32.73,311.72,5,2,2,1,2,0,2,1,0,0
1,84.95,95.59,3,6,1,3,1,2,2,0,0,1
29,27.31,845.46,2,0,0,1,1,1,0,1,0,0
63,57.82,3177.77,3,3,1,3,2,0,2,1,0,0
56,91.0,4947.71,4,3,1,1,2,1,1,0,1,1
68,22.0,1272.88,1,5,1,3,0,1,0,0,1,0
35,77.0,2704.0,1,2,1,0,1,1,2,1,1,0
3,53.45,145.6,2,1,0,1,1,2,0,1,0,1
7,20.88,162.33,5,2,2,2,0,3,2,0,0,0
27,39.04,928.92,1,5,1,0,1,2,2,0,1,0
1,114.09,97.03,3,2,0,0,1,0,2,1,0,1
71,72.11,5045.12,4,1,2,1,1,1,0,0,0,0
44,119.72,4723.27,5,4,0,3,1,1,2,0,1,1
41,72.48,3183.92,5,3,0,3,2,1,2,0,1,0
42,74.39,3518.16,5,3,2,1,1,0,2,1,1,0
33,59.18,1684.69,1,1,2,3,2,0,1,1,1,0
50,51.0,2470.32,5,1,0,3,2,1,1,1,0,0
63,45.15,3268.73,2,0,0,3,2,1,0,1,0,0
37,54.34,2151.0,3,2,0,1,1,1,0,1,1,0
59,65.99,4422.42,4,2,2,1,1,0,0,1,1,0
48,39.2,1691.95,3,2,2,2,3,1,1,0,1,0
5,42.49,194.68,2,3,0,3,2,1,1,1,1,1
48,47.15,2029.02,2,4,0,3,2,2,1,0,1,1
3,64.93,183.23,3,1,0,1,0,1,1,0,1,0
47,85.28,4278.04,1,5,2,2,0,2,2,1,0,1
62,105.61,5889.92,2,3,0,1,1,1,2,0,0,1
14,48.71,686.94,5,2,1,1,1,2,2,0,0,1
63,38.37,2250.11,4,2,1,2,0,2,2,0,1,0
61,57.88,3879.68,4,1,0,1,1,0,0,0,1,0
31,109.44,2890.41,2,2,0,0,1,1,0,1,0,0
17,20.99,327.13,5,1,0,2,2,1,1,0,1,1
24,87.79,2173.4,3,2,1,3,2,1,2,1,0,0
23,67.72,1369.03,4,2,2,3,0,2,2,0,0,0
50,36.1,1786.99,5,2,1,2,3,0,1,1,0,0
70,52.1,3577.35,5,1,0,3,2,3,2,1,0,0
27,42.5,1268.71,1,1,0,0,1,2,2,1,0,1
15,107.78,1677.57,2,3,0,3,0,3,0,1,0,1
50,68.19,3552.26,5,1,0,2,0,2,1,0,0,1
36,76.31,3119.49,3,2,1,1,2,2,2,0,1,1
8,79.37,726.83,4,1,2,2,1,1,1,0,0,0
3,83.96,263.48,1,1,2,2,0,2,1,0,1,1
62,69.56,4340.91,3,3,1,0,1,2,1,0,0,1
47,21.79,1057.16,4,4,1,3,2,0,1,0,1,0
61,53.47,3146.77,2,1,2,2,1,1,2,1,1,0
32,38.39,1408.03,3,1,1,3,1,0,0,1,1,0
13,88.01,1214.56,4,2,1,1,1,3,2,0,1,1
1,25.67,24.06,1,1,0,2,1,1,2,0,0,1
34,76.38,2252.4,4,2,0,2,1,0,2,0,0,0
62,41.06,2198.19,5,6,0,3,1,1,2,1,0,0
71,114.88,7434.72,1,1,2,0,1,1,0,0,1,0
31,53.55,1527.15,3,0,1,0,0,3,1,0,1,1
64,52.52,3275.75,2,1,0,3,0,2,0,0,1,1
25,112.34,2568.21,1,3,1,2,1,3,2,0,0,0
38,61.73,2438.05,1,1,0,1,0,0,2,0,0,1
14,116.29,1486.98,1,1,2,0,1,1,1,0,1,0
8,22.42,162.54,4,2,0,0,0,2,1,0,0,1
54,50.63,2710.67,5,1,1,1,1,0,1,1,0,0
2,86.62,193.44,2,2,1,0,1,3,1,0,1,0
56,109.09,6050.71,2,3,2,3,3,1,1,1,0,0
61,45.64,2712.12,5,3,1,2,3,3,2,0,0,0
22,113.05,2545.32,4,0,2,0,1,1,0,0,0,0
35,79.41,2576.98,4,2,0,1,1,1,0,1,0,1
16,100.1,1531.19,5,3,0,3,3,2,1,1,0,0
50,59.72,2729.69,5,3,0,3,2,3,0,0,0,1
43,41.22,1810.56,3,3,1,3,2,0,1,1,0,0
17,111.12,2000.97,4,0,0,3,2,1,0,1,0,0
58,113.31,6914.66,1,2,0,2,3,1,1,0,0,0
2,69.76,129.25,2,5,1,3,1,0,2,1,1,1
4,20.65,89.53,4,3,1,3,0,0,1,1,0,1
39,30.98,1119.7,5,0,1,3,0,0,2,0,0,0
6,77.3,415.16,1,0,0,1,2,0,2,0,1,1
69,22.38,1474.49,3,3,2,1,2,3,1,0,1,0
69,59.69,4239.47,3,1,1,1,1,1,0,1,1,0
20,50.34,898.62,1,1,0,1,1,2,2,0,0,0
64,91.43,6111.8,1,0,1,0,2,0,1,0,0,1
16,25.56,453.47,5,1,0,3,1,2,1,1,0,1
51,68.87,3294.55,5,2,1,0,2,2,2,0,0,0
37,77.91,2839.66,2,0,0,0,2,2,0,1,0,1
69,81.73,5179.67,2,2,2,0,1,3,1,1,0,0
42,60.52,2435.87,3,0,2,2,1,0,2,1,1,0
57,50.44,2462.61,1,2,0,3,3,2,2,1,0,0
66,88.25,6617.34,3,2,0,3,0,2,2,1,0,1
9,104.76,919.02,5,1,0,0,2,1,1,1,0,1
64,89.36,6214.78,4,0,1,1,2,0,2,1,0,0
22,113.21,2223.61,5,2,0,2,2,3,0,0,1,1
34,91.73,3410.94,4,2,2,0,2,0,1,1,0,0
55,96.46,5878.62,1,0,0,0,1,0,0,0,1,0
29,36.79,1135.89,1,3,1,2,2,0,0,1,1,1
38,61.95,2639.03,1,2,0,0,1,0,2,0,1,1
18,68.51,1109.99,2,1,2,3,2,1,0,1,1,1
71,45.63,3216.82,2,2,0,1,0,2,1,0,1,0
65,72.85,4906.14,4,3,1,1,3,1,1,0,1,0
1,49.08,50.5,3,2,1,1,3,3,0,1,1,1
4,88.75,393.45,3,5,1,1,2,2,2,0,0,0
4,67.03,245.25,4,1,0,0,1,0,2,1,0,1
27,65.88,1605.69,2,1,0,1,1,1,2,1,1,0
43,118.36,4713.1,5,2,1,0,1,0,2,1,1,0
59,59.24,3906.01,4,2,2,3,2,0,1,0,1,0
32,56.23,2037.41,3,3,0,0,2,3,2,0,0,1
33,51.86,1747.14,4,0,0,0,2,2,0,1,1,0
28,109.47,3066.56,4,1,0,0,2,3,1,0,1,0
55,69.67,3953.13,1,2,1,2,1,3,2,1,1,0
60,80.0,4967.57,2,0,1,2,3,2,1,0,1,0
70,38.08,2402.07,1,3,1,2,1,3,1,1,0,0
62,74.09,4850.75,2,4,0,3,0,2,1,1,0,0
34,47.46,1590.74,4,3,0,1,2,3,2,1,1,1
56,93.06,5238.74,2,4,1,0,3,1,1,0,0,0
13,103.25,1153.15,3,3,0,0,1,2,2,0,0,1
56,91.48,5529.53,1,2,0,1,1,0,1,0,1,0
18,93.02,1842.94,4,1,1,2,2,3,2,1,1,1
54,71.25,3985.2,3,1,0,3,3,3,1,0,1,0
43,91.21,4214.76,2,0,2,0,3,2,1,0,1,0
39,62.27,2445.02,2,1,0,1,1,3,1,0,1,0
61,85.15,5378.51,3,1,0,2,2,3,1,0,1,1
42,45.9,1866.99,2,0,0,3,2,2,1,0,1,0
18,26.98,528.08,1,2,1,1,2,2,1,1,0,1
23,61.35,1397.56,5,4,1,1,1,3,2,0,1,0
54,66.18,3766.8,2,2,1,0,2,2,2,0,1,0
30,45.64,1419.1,4,3,0,3,1,3,1,1,0,1
58,92.77,5707.29,2,3,0,3,1,3,1,1,0,1
68,27.36,2019.31,4,1,0,2,0,3,2,1,1,0
67,42.27,2843.22,2,3,2,2,2,0,2,0,1,0
71,94.86,7367.34,2,0,0,0,1,2,1,1,0,0
18,63.71,1145.88,4,2,1,3,3,0,2,0,0,1
7,90.53,720.51,1,1,2,2,1,1,1,1,0,1
40,76.75,3302.65,5,3,0,3,1,1,0,0,1,1
70,115.07,7260.3,5,2,1,1,3,3,1,1,0,0
65,79.78,5698.41,1,1,0,1,2,0,2,0,0,0
68,21.49,1483.72,2,1,0,1,1,3,2,1,1,0
49,55.29,3102.83,5,3,0,3,3,3,2,1,0,0
52,34.31,1901.02,1,2,2,0,2,3,0,0,1,0
29,112.46,2854.79,1,2,0,2,2,3,1,0,1,1
21,30.4,618.31,5,5,0,0,3,3,1,0,0,0
9,58.77,531.68,4,2,0,0,0,1,2,1,1,1
47,42.61,2206.35,3,2,0,0,1,2,1,0,0,0
42,104.67,4698.71,4,0,2,0,2,2,1,1,0,0
51,50.86,2492.04,2,2,0,2,1,2,2,0,1,0
56,119.19,6981.83,4,2,2,1,3,1,2,0,0,0
51,23.86,1245.02,3,1,2,1,1,0,1,1,0,0
70,32.83,2040.15,3,0,2,1,1,1,0,0,0,0
20,42.46,781.72,1,3,0,3,1,1,1,1,0,1
27,101.11,2599.87,2,1,0,3,2,0,1,0,0,1
38,107.85,3723.96,1,0,1,2,1,3,0,0,0,1
65,27.15,1579.24,4,2,0,2,0,3,0,0,1,1
54,23.25,1088.91,4,1,1,2,3,3,2,1,0,1
24,94.46,2520.68,5,3,0,1,3,0,1,0,0,1
47,33.34,1467.55,1,4,2,2,1,1,1,0,1,0
71,33.3,2215.57,1,5,0,1,1,1,0,1,0,0
63,22.24,1277.44,1,1,0,1,1,0,1,0,0,0
57,24.98,1413.4,1,5,1,0,3,3,1,0,1,0
55,46.37,2561.11,3,1,0,3,2,0,1,1,1,0
60,26.5,1450.88,5,0,0,3,2,1,1,1,0,0
62,56.89,3641.93,2,3,0,2,3,2,2,0,1,1
30,103.28,3305.6,2,1,0,0,2,2,1,1,0,1
22,52.63,1114.08,2,1,0,2,1,2,1,1,0,1
29,92.78,2759.7,3,2,0,2,1,3,1,1,1,1
41,29.39,1205.86,5,4,0,3,3,3,1,0,1,1
42,85.94,3279.71,5,0,0,0,2,3,0,0,1,1
65,51.67,3590.63,3,0,0,2,3,3,2,1,1,1
31,94.98,3210.5,1,3,1,2,3,0,0,0,0,0
30,33.63,1053.78,4,1,0,2,1,2,1,1,1,1
18,109.79,1871.79,1,3,0,1,1,2,1,1,1,1
17,44.26,848.71,2,2,2,3,2,3,1,1,1,0
38,55.31,2073.77,1,2,1,1,0,3,1,0,0,1
14,115.02,1497.15,3,2,0,2,1,0,1,1,0,1
56,77.85,4239.49,2,1,2,0,0,0,1,1,1,0
22,56.58,1316.42,4,7,1,1,2,0,0,1,0,1
67,114.96,8501.68,2,0,0,1,3,2,1,1,0,0
56,52.91,2835.35,1,1,2,2,0,2,2,1,1,1
19,29.49,515.31,5,2,0,1,2,2,2,1,0,1
57,119.68,7080.92,5,3,2,0,2,2,2,1,0,1
44,46.78,2318.64,5,4,0,0,2,0,1,0,0,1
35,105.13,3329.82,2,2,0,3,2,3,2,0,0,0
1,36.55,39.88,5,0,1,3,1,2,0,1,0,0
52,93.14,4809.05,3,1,0,0,1,0,1,1,0,1
70,72.44,5526.81,4,0,0,0,1,3,0,1,0,1
37,118.09,4376.62,5,5,1,1,3,1,2,1,0,1
65,75.28,4713.31,3,1,0,3,2,3,1,0,0,0
51,22.5,1215.31,3,3,2,1,3,1,2,1,0,0
1,80.39,90.05,2,1,0,0,1,1,2,0,0,1
21,34.53,686.06,2,3,2,3,2,2,1,0,0,0
53,99.85,5229.95,4,2,0,1,2,0,1,1,1,1
16,105.66,1553.27,4,2,1,3,2,3,0,1,1,1
61,68.21,3765.59,1,3,0,2,1,1,1,1,0,1
54,98.32,5752.02,4,3,1,2,1,0,2,0,1,0
40,34.51,1256.48,2,3,0,2,0,3,1,0,0,1
26,69.21,1957.74,3,4,0,2,2,2,2,0,1,1
65,59.39,3778.66,1,0,0,2,2,3,2,0,0,0
64,81.13,5963.58,4,3,0,3,0,2,1,1,0,1
43,24.45,955.8,3,3,0,0,1,3,2,1,1,0
17,95.21,1420.97,2,1,1,1,1,3,0,1,1,1
59,27.91,1437.1,5,3,0,0,2,1,2,1,0,0
23,85.65,2168.1,1,0,0,0,2,1,1,0,1,1
7,21.85,150.07,3,3,2,0,3,1,2,1,0,0
44,103.19,3863.52,2,0,1,1,2,2,1,0,0,0
53,37.47,2209.19,2,0,2,2,0,3,2,1,0,0
71,71.55,5654.46,1,1,2,3,1,3,2,1,1,0
34,46.15,1713.31,1,2,0,3,1,2,2,0,1,0
46,92.26,3923.72,4,1,2,0,1,3,1,0,0,0
68,52.14,3409.85,4,6,0,3,2,1,1,0,0,0
16,92.46,1588.08,1,3,2,1,1,2,2,1,1,1
71,48.49,3431.59,1,5,1,0,1,2,2,0,0,0
19,95.25,1621.76,3,2,1,1,2,3,0,1,0,0
2,23.06,42.56,4,3,1,0,1,1,1,1,0,1
10,48.33,551.83,2,4,2,2,1,3,2,1,1,1
50,69.86,3127.45,4,1,1,3,2,3,1,1,0,0
12,24.51,314.02,4,4,0,3,3,2,2,0,0,1
70,38.6,2684.42,1,0,0,1,0,2,0,0,0,1
22,113.45,2682.13,1,1,1,3,2,0,2,0,0,1
32,117.68,3947.89,4,0,0,0,2,3,2,1,0,1
1,93.97,92.26,5,3,1,2,2,0,1,1,0,1
54,45.22,2334.86,5,2,1,3,2,3,2,0,0,0
58,46.05,2874.82,4,2,0,2,3,0,2,1,0,0
70,84.58,5606.4,5,2,1,1,0,3,2,1,0,0
18,31.76,621.03,4,4,1,2,1,2,0,0,0,0
6,114.83,726.16,1,1,2,3,2,2,2,1,0,0
45,42.48,1956.2,1,3,0,3,2,0,1,0,1,1
23,119.96,2650.56,1,2,2,1,1,0,1,1,1,1
23,69.57,1458.61,2,0,2,1,2,0,2,0,0,0
26,97.14,2685.16,1,1,2,2,1,1,1,0,0,1
7,20.22,124.18,1,0,2,2,3,0,1,0,1,0
44,108.87,5466.72,4,0,1,1,2,0,2,1,1,1
27,47.0,1451.27,5,2,0,3,1,0,1,0,0,1
26,86.79,2006.3,5,3,1,2,2,1,2,1,1,0
36,100.64,3192.41,1,2,1,1,2,1,0,1,0,1
55,36.41,1950.37,1,2,2,2,1,3,2,0,0,0
64,64.25,4684.07,1,8,1,1,3,2,0,0,1,0
57,69.38,3836.59,4,1,1,3,0,0,1,1,1,1
69,51.21,3389.24,4,0,1,2,1,0,0,0,0,0
61,68.18,4412.71,4,2,0,2,2,2,1,0,1,0
2,51.75,93.53,5,3,0,0,2,3,2,0,0,0
55,56.07,2957.65,2,1,1,0,1,3,2,1,1,0
38,86.93,3096.64,5,0,0,3,2,0,1,1,0,1
29,83.26,2488.07,4,2,0,1,0,2,1,0,0,1
26,43.23,1010.18,3,1,1,0,2,0,0,1,1,0
35,109.75,3897.31,2,2,1,0,1,0,1,0,0,0
67,106.28,7884.48,1,1,1,3,2,0,1,0,1,0
29,70.91,2065.08,5,1,2,1,2,2,0,0,0,0
34,63.33,2271.58,2,2,0,3,0,2,2,0,0,1
41,57.69,2063.73,3,3,0,2,1,3,2,1,0,1
41,90.73,3662.89,2,1,1,2,1,2,0,0,1,0
23,87.17,1761.18,5,2,2,1,3,2,1,1,1,0
71,39.62,2896.81,4,2,1,0,1,2,2,0,0,0
3,87.15,244.27,1,4,0,3,3,1,2,1,0,1
58,45.24,2456.63,4,1,1,3,0,3,0,0,0,0
32,21.86,610.59,4,1,2,2,0,2,2,1,1,0
31,89.92,2628.86,5,2,0,3,3,0,0,1,1,1
43,84.48,3639.89,4,0,0,0,2,1,1,0,0,1
7,61.08,438.43,4,1,1,1,2,1,0,0,0,1
1,72.57,63.13,5,1,0,3,3,3,2,1,1,1
61,114.72,7315.69,5,0,0,0,3,1,1,0,0,0
14,79.52,1109.56,3,4,0,1,0,1,1,1,0,0
52,85.79,4510.39,4,1,0,3,1,3,0,0,1,0
6,26.39,174.16,2,5,0,3,1,2,1,0,1,1
10,36.6,348.67,1,2,0,1,2,3,2,0,0,1
71,50.1,3208.96,1,2,0,3,1,0,2,0,1,0
30,73.94,2252.61,5,2,2,3,2,2,2,0,0,0
21,97.66,2324.64,5,4,0,3,3,2,2,0,1,1
60,52.12,3144.21,3,0,1,2,2,1,2,1,1,0
63,55.64,3854.24,4,0,2,1,0,2,2,1,1,0
42,45.62,2063.56,5,4,0,2,1,1,0,1,1,0
51,45.46,2331.26,5,1,0,1,0,2,0,1,1,1
64,114.89,7678.21,1,4,1,2,1,3,0,1,1,0
56,83.55,4547.58,4,2,0,3,1,1,1,0,0,0
41,35.59,1472.6,3,2,0,0,0,3,2,0,0,1
32,92.22,2957.65,5,0,2,1,2,1,1,1,0,0
15,92.2,1469.79,5,2,0,0,3,1,1,0,0,1
62,86.65,5227.04,5,2,1,1,3,1,2,1,1,0
27,33.47,795.23,1,2,2,1,1,2,2,0,1,0
28,60.8,1849.82,5,3,0,3,2,2,2,1,0,1
64,30.68,2072.11,5,3,0,1,2,3,2,1,1,0
59,101.66,6808.02,1,3,1,3,2,0,0,1,1,1
58,85.52,4853.93,5,4,2,3,2,3,1,0,0,1
2,70.72,123.54,4,2,0,3,3,0,1,0,0,1
36,54.3,1732.95,4,3,0,2,1,1,1,1,0,1
71,38.42,2951.87,1,2,0,2,2,0,1,1,1,0
13,30.64,346.72,4,1,0,3,2,0,2,0,1,1
15,116.92,1968.44,3,4,0,0,1,1,1,0,1,1
60,39.96,2240.82,5,4,0,0,1,3,1,1,0,0
22,25.99,640.14,3,5,1,1,1,1,1,0,1,0
63,116.17,7919.0,4,3,2,0,3,1,2,0,1,1
25,74.9,2080.89,1,4,2,1,3,0,1,1,1,1
48,99.67,4373.55,1,1,2,1,2,1,0,0,1,0
43,24.38,1078.28,3,2,0,1,2,3,1,1,0,1
38,76.69,2559.06,4,3,0,2,1,0,2,1,1,0
41,59.82,2233.6,5,1,1,3,2,3,2,0,1,0
45,97.2,4124.4,4,1,1,0,0,1,1,1,1,0
40,23.84,1022.6,4,2,1,3,1,3,1,0,0,0
17,60.17,877.03,1,2,0,3,3,3,2,0,1,1
57,99.91,6383.41,2,3,0,2,2,1,2,0,0,0
2,72.27,125.93,5,2,0,1,2,2,2,0,1,1
62,75.0,4477.94,5,3,0,3,0,3,1,0,1,1
9,29.72,233.84,1,1,0,1,1,2,2,1,1,0
68,33.23,2442.2,4,1,2,2,2,1,1,0,0,0
17,87.7,1330.47,1,0,0,3,0,2,1,1,1,1
50,87.5,4880.25,4,2,2,0,1,2,0,1,0,0
40,117.91,4759.18,2,5,2,3,1,2,1,1,0,1
58,91.2,6000.96,2,0,1,2,1,2,2,1,0,0
21,69.32,1364.25,3,1,2,2,1,3,1,0,1,0
18,105.73,1877.11,4,1,0,3,1,3,1,1,1,1
55,30.45,1772.19,1,1,1,0,2,0,1,0,1,0
29,64.93,2070.45,1,2,2,1,0,2,2,1,0,0
24,48.71,1141.48,1,3,0,3,1,1,1,1,1,1
17,30.46,578.85,3,2,1,3,2,3,0,0,0,1
18,96.35,1535.55,5,0,0,0,1,2,0,0,0,1
42,71.08,3172.22,1,2,0,0,1,1,2,0,0,1
45,75.68,3250.37,2,1,2,2,1,0,1,1,0,0
17,61.13,914.85,1,2,1,1,1,1,0,0,1,0
14,66.03,893.04,1,3,0,1,1,1,1,0,0,1
49,31.6,1725.11,1,2,2,3,2,2,2,0,0,0
29,87.29,2896.4,5,2,0,1,1,3,2,1,0,1
4,63.24,244.84,1,1,2,2,1,1,0,1,0,1
20,101.68,2269.27,5,0,2,2,0,1,0,1,0,0
47,39.63,1867.94,5,1,2,0,1,0,0,0,0,0
9,40.51,388.28,3,1,1,0,1,3,2,1,1,1
27,84.58,1972.1,2,0,1,2,1,3,0,1,1,0
15,104.6,1595.98,1,5,1,0,3,3,0,0,1,1
19,67.22,1112.48,1,3,0,2,0,3,1,0,1,1
52,92.7,4485.57,1,3,0,0,3,3,2,0,0,1
26,119.93,3180.76,5,0,0,3,3,0,2,0,0,1
26,119.03,3379.86,4,1,1,1,2,3,1,1,1,0
26,94.43,2500.13,2,4,1,2,2,3,2,0,1,1
46,93.96,4887.68,1,0,1,0,3,2,2,0,0,0
49,44.76,2397.53,4,3,1,2,1,0,2,0,1,0
53,103.35,4912.85,4,2,1,3,1,0,0,1,0,0
3,60.51,175.48,4,2,1,2,0,3,1,1,1,1
66,116.2,8056.8,2,2,0,0,2,1,2,0,1,0
42,28.14,1337.45,4,4,0,0,1,2,1,0,1,0
19,63.58,1384.86,1,1,0,2,3,2,0,1,1,1
17,75.58,1386.38,1,2,1,2,1,1,1,0,0,0
33,60.52,2041.21,3,0,0,0,3,3,2,0,0,0
49,41.06,2166.72,5,4,1,3,1,3,2,0,0,0
56,79.3,4138.64,4,2,0,3,2,0,2,0,0,1
63,95.59,5631.32,5,4,0,3,2,3,2,0,1,0
3,84.48,265.19,5,3,1,1,1,0,0,1,0,1
49,43.44,2366.27,5,4,0,1,3,0,0,1,0,0
55,93.16,5846.01,5,0,1,1,1,2,1,1,0,0
26,45.69,1131.39,5,4,2,2,1,1,1,1,0,0
52,37.52,2124.63,1,3,1,1,3,1,2,0,0,0
7,89.07,689.22,2,1,1,2,1,0,0,1,1,1
46,104.28,4974.07,4,1,1,3,1,2,1,1,1,0
46,68.15,2991.74,4,5,0,0,1,1,0,1,1,0
16,73.14,1212.04,1,1,1,1,2,0,1,0,0,1
24,50.27,1237.16,1,0,0,0,2,0,1,1,0,0
61,69.46,4372.58,5,2,0,1,2,1,1,0,1,1
54,33.2,1856.85,2,3,0,1,2,1,1,0,1,0
62,115.58,7912.27,4,2,1,0,0,1,1,1,0,0
1,100.04,90.13,3,3,1,3,1,2,1,1,0,1
49,86.8,4083.75,1,2,2,3,2,0,1,0,0,1
25,73.82,1893.1,3,2,0,3,2,3,1,1,1,1
10,99.22,927.68,4,3,0,0,0,1,0,1,1,1
16,69.48,1271.07,1,2,1,2,1,2,1,0,1,0
58,50.0,2693.8,4,3,1,0,3,2,2,1,1,0
29,36.04,1035.56,1,3,0,2,3,1,0,1,1,1
6,84.76,566.12,4,0,0,3,2,1,2,0,1,1
16,112.94,1579.42,3,3,1,2,0,1,1,1,1,1
20,35.36,775.28,2,0,0,3,2,1,0,1,1,1
71,38.0,2755.61,1,2,1,3,0,2,1,1,1,0
43,63.36,2341.82,3,4,1,3,2,1,0,1,1,0
26,100.69,2934.38,4,1,0,3,2,0,1,0,1,0
71,49.39,3022.06,3,3,0,0,1,0,1,0,0,0
33,45.39,1504.75,1,0,2,1,0,1,2,1,1,0
26,82.0,1843.48,3,2,0,1,2,1,2,1,1,0
45,73.56,2884.43,4,3,0,1,2,2,1,0,1,0
63,26.02,1829.82,5,3,1,0,2,0,1,1,0,1
67,28.15,2036.39,2,4,1,3,2,0,1,1,0,0
52,84.3,3985.11,2,2,1,3,0,2,1,1,0,1
68,66.51,4686.3,5,1,1,3,2,1,0,1,0,0
26,117.1,3313.69,1,6,2,1,2,3,1,1,0,1
2,87.85,196.24,3,2,0,3,1,2,0,1,1,1
14,21.01,291.31,3,2,1,2,2,2,1,0,1,1
30,68.1,2286.69,5,2,1,0,2,3,1,1,0,0
49,61.44,3017.89,5,2,0,3,2,0,1,0,1,0
12,30.67,388.84,4,1,0,3,1,2,0,1,0,1
44,112.32,5652.34,4,4,1,3,1,0,0,0,1,1
33,100.5,3053.82,2,1,0,2,3,0,0,1,1,0
13,43.01,503.51,1,4,2,3,1,2,0,0,1,0
26,45.6,1129.36,1,7,1,1,0,2,1,1,1,0
21,23.2,438.18,5,3,1,3,3,1,1,1,1,1
28,49.67,1300.75,2,3,2,1,1,0,1,1,1,1
48,78.46,4040.72,2,1,1,1,1,2,1,1,1,1
40,62.08,2466.63,4,3,1,3,1,0,1,1,1,0
66,116.93,7427.79,3,4,1,2,3,2,0,0,1,0
23,25.61,565.79,1,3,1,1,1,2,1,1,0,0
48,79.14,3450.73,2,1,1,3,2,1,1,0,0,1
2,105.83,208.32,4,2,0,3,2,1,0,1,1,1
20,68.07,1412.39,4,3,2,2,0,1,2,1,1,0
59,20.3,1067.85,4,2,0,3,1,2,2,0,0,0
46,44.28,2325.81,3,2,1,0,1,1,1,1,0,0
3,52.38,154.46,2,1,0,0,3,0,0,0,0,1
55,116.6,7274.8,5,1,1,0,2,0,0,0,0,0
12,111.18,1187.9,5,0,2,3,3,2,0,1,0,0
40,114.92,4965.17,4,1,2,1,1,1,0,0,1,1
66,102.58,7008.93,4,1,1,2,1,3,1,0,1,0
16,55.16,967.39,3,4,1,3,2,2,1,0,0,1
34,110.59,3873.54,4,0,0,1,2,3,2,0,0,0
44,118.17,5921.36,2,0,0,3,2,2,2,1,0,0
6,55.01,342.61,4,0,0,0,2,3,2,1,0,1
64,46.06,3199.22,4,0,0,0,3,0,2,1,0,1
22,74.69,1829.35,2,2,2,1,0,3,1,0,1,0
18,38.72,741.74,1,3,0,1,2,1,2,0,0,1
12,23.26,281.18,5,5,1,1,2,3,0,1,1,1
52,114.58,5552.23,4,0,2,2,2,3,2,1,1,0
51,112.57,6351.85,2,0,1,1,2,0,2,0,0,1
71,36.27,2559.84,5,1,0,0,3,1,1,1,0,0
48,60.77,3022.79,3,0,0,0,2,1,2,0,1,0
19,103.1,1711.68,1,1,0,2,1,3,0,1,1,1
6,86.1,516.19,4,2,1,3,1,2,1,1,1,1
27,59.48,1701.39,1,0,0,1,3,1,2,1,1,0
53,94.42,5130.32,4,4,1,2,2,1,1,1,1,1
48,109.7,5184.56,4,2,2,3,1,2,2,0,0,0
7,112.62,722.9,4,1,0,3,2,0,1,0,0,1
59,57.88,3220.21,1,1,0,1,1,0,1,1,1,1
69,37.36,2732.71,3,4,1,0,1,0,2,0,1,0
11,111.28,1122.84,2,5,0,1,1,1,2,0,0,1
15,29.26,454.86,2,1,1,1,1,1,0,0,1,0
64,92.17,6057.61,3,2,1,0,0,2,1,0,0,1
3,34.05,116.57,3,1,0,0,2,2,1,1,0,1
69,58.94,3530.91,4,2,2,0,2,2,1,0,1,0
23,61.16,1241.22,4,1,0,3,2,3,1,1,0,1
53,35.88,1904.89,2,1,0,3,1,0,2,1,0,0
37,112.27,4187.7,4,2,2,1,1,1,2,0,1,0
9,20.27,157.23,4,2,0,2,0,2,1,1,0,1
15,109.38,1801.1,3,1,0,1,1,1,0,1,0,1
3,108.38,324.63,1,2,2,2,3,3,0,1,1,1
70,51.7,3452.26,5,4,0,1,1,2,1,1,0,0
17,90.43,1453.74,5,3,0,1,0,2,2,0,0,1
26,45.28,1304.95,4,0,1,1,1,3,1,1,1,0
21,95.88,1830.24,4,2,0,3,3,0,1,0,1,1
21,76.11,1435.52,5,0,1,1,2,0,2,0,0,1
11,50.02,502.9,3,2,0,2,2,1,0,1,0,1
38,60.02,2366.44,5,0,1,3,2,1,0,1,1,1
35,88.99,3405.14,5,2,0,1,0,2,1,0,1,1
14,110.61,1470.02,5,4,2,0,3,0,2,0,1,1
14,33.07,417.66,4,3,0,3,0,1,2,1,0,1
10,77.14,704.07,4,3,1,0,2,0,2,0,1,1
12,45.37,563.94,5,1,2,1,0,1,1,1,1,1
38,100.14,3515.3,4,2,0,2,1,3,1,0,0,0
34,27.02,1022.8,5,3,0,0,3,3,1,0,1,0
41,88.9,3211.61,3,5,0,0,2,1,2,1,1,0
10,37.49,322.35,4,0,2,3,1,3,1,0,1,0
17,79.64,1186.67,1,1,1,0,2,0,0,0,0,0
17,103.57,1943.25,4,1,2,1,1,1,1,0,1,1
67,95.51,6689.36,3,2,1,3,3,3,1,1,0,0
62,95.29,6719.59,3,2,0,0,2,1,2,1,0,1
1,71.78,68.26,4,2,0,2,1,0,0,0,0,1
12,109.07,1196.07,2,4,2,3,1,0,2,0,1,1
4,78.81,321.1,5,0,0,2,1,1,2,0,1,1
42,111.75,4746.84,5,1,0,2,2,1,2,1,1,1
13,74.65,996.98,3,0,1,3,1,0,2,0,0,0
4,70.6,269.47,4,1,0,0,1,1,1,1,0,1
69,42.24,2482.26,2,4,0,0,3,1,2,0,1,0
19,74.48,1217.7,1,1,1,2,1,1,1,1,1,1
2,34.06,71.46,5,0,0,0,1,2,0,1,0,1
12,106.97,1292.58,2,5,0,3,1,0,1,1,0,1
6,87.59,576.15,5,3,1,2,1,2,1,0,0,1
8,119.36,897.73,4,2,1,1,2,2,2,1,0,1
51,29.21,1630.68,5,2,0,1,2,2,1,0,0,0
11,44.07,473.9,1,3,0,1,0,3,0,0,1,1
63,107.72,5965.05,4,2,2,0,0,2,2,0,1,0
57,59.53,3879.41,3,5,0,1,1,1,1,0,0,1
12,66.63,802.43,2,3,0,1,0,2,1,1,1,1
2,106.07,220.37,5,3,0,2,0,3,1,1,0,1
8,72.18,607.05,4,2,0,3,1,3,2,1,1,1
11,39.35,414.96,4,3,1,2,1,2,1,1,0,1
53,109.2,6217.55,5,1,2,2,2,0,0,0,1,0
10,23.11,256.73,3,1,0,1,1,1,1,1,1,1
8,109.54,846.66,5,3,1,2,2,1,2,1,0,1
36,25.05,944.35,3,2,2,1,0,0,1,0,1,0
14,86.58,1305.69,5,1,0,0,2,1,1,0,0,1
54,27.17,1330.69,4,1,0,1,2,3,2,0,0,0
21,90.62,1807.47,1,1,1,3,2,3,2,0,1,1
50,23.4,1032.56,1,2,0,2,1,1,1,0,1,0
39,104.25,4190.25,4,2,1,3,1,0,2,1,0,0
20,66.59,1452.13,1,1,1,3,2,1,0,0,1,1
7,29.35,212.25,3,3,0,2,1,2,1,1,1,0
9,90.68,737.74,4,3,0,2,1,3,1,0,1,1
1,68.93,69.89,3,2,0,2,3,3,1,1,1,1
26,39.09,1118.6,4,2,0,3,2,2,1,0,1,1
38,21.57,771.05,3,2,0,0,2,3,1,1,1,0
38,61.8,2582.75,3,2,1,3,0,2,0,1,0,0
61,28.56,1891.11,1,3,0,0,1,3,2,0,0,1
44,29.42,1108.64,4,5,1,1,1,0,2,0,1,0
44,46.73,1895.53,5,2,0,2,2,3,1,1,1,1
62,83.05,5215.17,1,2,1,3,1,1,1,0,0,0
6,72.99,466.54,3,1,2,0,1,1,1,0,0,0
17,26.9,509.48,3,0,2,0,2,1,2,1,1,0
51,116.84,6211.14,5,2,0,0,1,1,1,1,0,0
38,108.72,3982.94,5,0,0,2,2,0,2,0,1,0
24,45.92,997.87,3,3,0,0,1,3,1,1,1,0
51,32.23,1772.17,5,3,0,2,1,1,0,1,1,0
10,114.24,1041.91,2,2,2,3,0,3,0,0,0,0
21,66.11,1469.8,1,0,1,0,2,0,1,0,0,0
70,51.12,3235.97,4,3,1,0,1,2,2,0,0,0
57,69.04,3452.27,5,3,1,2,2,0,2,0,0,1
39,97.27,3510.43,5,3,1,2,2,1,2,0,1,1
33,36.84,1137.24,2,2,1,3,2,0,2,0,0,0
59,96.75,5960.32,4,2,0,2,3,1,0,0,1,0
18,94.94,1535.14,2,2,0,3,1,0,2,0,1,1
56,73.93,4674.84,4,0,1,3,2,1,2,0,1,0
57,106.58,6174.38,1,2,2,0,1,2,0,1,0,0
48,33.21,1589.95,5,0,0,1,3,2,2,1,0,0
42,79.55,3275.56,1,2,1,1,2,3,1,1,1,0
27,64.93,1788.26,4,2,0,2,2,3,1,0,1,1
52,62.23,2772.32,5,4,0,2,1,0,1,1,0,0
42,45.26,2180.22,2,2,0,1,1,2,1,1,0,1
32,57.23,1862.9,3,2,1,3,0,1,1,0,0,0
26,30.82,689.47,2,2,0,1,2,2,0,0,1,0
25,45.16,1159.47,3,0,1,3,1,2,2,1,0,0
23,47.2,1065.03,2,3,0,3,1,2,1,0,0,1
57,92.07,4498.48,4,3,1,2,2,2,1,0,0,1
52,24.86,1457.03,1,2,0,2,2,1,1,1,0,0
31,85.12,2251.26,3,1,0,2,0,2,2,0,0,0
64,42.14,2760.03,4,4,0,1,3,2,1,1,0,0
71,28.19,2278.46,1,2,0,1,0,0,1,1,1,0
33,50.08,1522.57,1,1,0,1,0,3,2,0,0,1
2,42.45,78.63,5,3,2,3,2,3,1,0,0,0
18,75.2,1150.78,5,1,0,2,1,3,2,1,1,1
47,55.74,2278.86,5,2,1,0,3,3,1,1,0,0
33,116.6,3322.43,3,1,1,1,1,1,1,0,0,1
35,116.35,4466.62,3,1,1,0,3,0,2,1,1,1
51,64.37,3614.6,1,3,1,0,1,0,2,0,0,0
18,99.51,1912.97,3,0,2,1,2,0,2,1,0,0
30,21.33,611.54,1,1,2,1,3,2,0,0,1,0
44,74.78,3607.48,4,1,0,1,1,2,1,1,1,1
53,94.33,5059.14,2,2,1,2,0,0,1,0,1,0
10,41.69,392.47,1,3,0,0,0,1,2,0,0,1
52,26.12,1332.54,1,2,0,3,3,3,1,0,0,0
49,35.59,1516.81,4,3,0,0,1,1,2,1,1,1
11,64.18,800.27,5,2,2,3,2,0,0,0,1,1
66,70.64,4828.65,5,3,1,0,2,3,1,1,0,0
58,58.09,3602.85,5,1,1,0,2,3,1,1,0,1
36,64.0,2425.95,1,1,0,2,1,3,2,0,0,1
33,67.02,2323.08,1,1,0,3,3,1,1,0,0,0
47,96.94,3896.49,3,3,0,1,1,0,0,1,0,1
13,30.52,399.83,3,3,1,1,2,2,2,1,0,0
40,96.9,4249.87,2,2,0,2,0,3,1,1,1,0
68,88.86,5216.97,2,0,1,1,0,3,1,1,1,0
42,94.17,4496.21,3,1,2,0,3,3,0,0,0,0
19,93.45,1735.09,1,2,2,2,1,3,2,1,0,1
19,67.06,1193.81,4,2,2,3,1,3,2,0,0,1
58,41.14,2408.9,3,2,0,2,2,2,0,0,1,1
23,73.66,1847.35,1,0,2,0,2,3,1,1,1,0
54,115.8,6205.75,3,3,2,2,0,3,1,1,0,1
65,78.85,5348.54,5,3,2,0,2,2,2,1,1,0
12,21.1,253.25,3,2,2,2,2,1,1,1,0,0
24,25.97,647.85,5,1,2,3,3,0,1,1,1,0
34,119.29,3615.32,1,4,0,3,2,1,2,1,1,1
53,27.19,1241.84,5,2,0,1,1,3,2,0,1,1
8,24.6,175.39,3,4,1,0,1,1,2,0,1,1
18,55.3,931.49,5,1,1,1,0,2,0,1,0,0
57,116.93,6171.94,4,2,0,2,0,3,2,1,0,1
5,51.87,268.3,5,2,1,2,0,1,0,1,0,1
26,60.99,1564.71,5,0,0,2,3,0,1,1,0,1
30,83.41,2156.03,2,1,0,2,3,1,1,1,0,0
54,22.41,1041.33,4,2,0,3,1,3,2,0,0,1
13,109.78,1251.81,1,5,0,2,1,3,0,0,1,1
29,71.94,1994.43,5,4,1,3,0,3,2,0,0,1
3,66.68,170.41,4,4,2,1,1,2,2,1,1,1
58,106.07,6141.12,1,2,1,3,3,3,0,1,1,1
2,115.31,220.98,4,3,1,3,2,1,0,1,1,1
28,62.34,1774.62,2,1,0,0,2,0,0,0,1,0
2,37.24,79.42,1,4,1,2,2,1,2,1,1,0
7,101.57,657.88,1,3,2,2,2,0,0,1,1,0
26,60.33,1407.12,5,2,1,2,2,3,0,0,1,0
16,113.55,1695.9,3,1,0,1,0,0,0,1,1,0
23,114.99,2249.45,1,2,2,2,1,2,1,0,1,0
40,31.48,1115.76,1,4,2,2,3,2,1,0,1,0
60,115.66,7461.5,2,3,0,2,1,2,1,1,0,1
32,56.83,1667.25,2,2,0,0,1,2,2,1,0,0
15,84.63,1457.61,2,2,0,3,2,2,2,1,1,1
13,23.48,274.76,5,1,0,0,1,0,1,0,1,1
5,108.89,591.61,1,5,2,2,2,0,1,0,1,1
52,84.16,4645.51,2,3,2,3,0,3,1,0,0,0
41,84.36,3274.02,2,2,1,0,3,0,2,1,1,0
53,110.22,5544.91,4,2,1,2,0,0,1,0,0,1
50,70.83,3609.26,4,4,1,2,1,1,1,1,1,1
15,61.05,1012.58,2,3,0,0,1,3,1,0,1,1
7,106.61,720.81,5,1,1,3,0,0,2,0,1,1
40,94.24,3273.42,3,2,2,3,2,3,1,0,1,0
28,114.9,3095.93,4,3,2,0,3,2,2,1,1,0
32,114.01,3328.04,4,1,0,2,2,0,0,1,0,1
15,58.23,988.58,1,0,0,3,1,1,2,0,0,1
70,64.7,4796.94,1,0,0,0,1,1,2,1,1,0
65,45.6,2564.52,2,1,1,0,0,2,2,1,0,0
4,86.06,322.88,1,0,1,0,2,1,0,1,0,0
11,56.45,537.2,1,2,0,3,0,1,1,0,1,1
26,98.61,2817.7,3,1,1,1,2,2,2,0,1,0
61,32.16,2200.54,5,1,0,1,0,0,2,1,1,0
37,31.64,1034.52,2,0,0,1,0,1,1,0,1,1
23,40.45,913.58,3,1,2,1,3,1,1,1,0,0
40,28.43,1284.51,2,1,0,1,3,0,0,0,1,0
23,82.0,1685.33,5,1,0,2,0,2,1,1,1,1
16,34.74,521.07,2,5,0,0,1,1,0,1,0,1
61,36.0,2066.84,1,2,0,1,2,1,0,0,1,0
68,21.42,1251.38,5,2,1,3,2,2,1,1,0,0
31,98.21,2620.94,3,2,1,0,3,1,1,1,1,0
53,101.23,6093.96,3,3,0,3,1,0,2,1,0,1
25,36.2,924.36,4,1,0,3,0,1,1,1,1,0
44,93.95,3894.12,3,1,0,3,0,1,1,1,1,1
12,63.35,732.58,4,2,0,2,2,1,2,1,1,0
9,43.96,421.14,1,0,1,3,2,0,1,0,1,1
12,82.14,946.19,3,5,0,0,2,0,0,0,1,1
69,37.85,2398.25,5,2,0,0,3,3,1,0,0,0
54,95.69,4549.96,4,2,0,2,1,1,1,1,1,1
54,24.76,1428.96,3,1,0,2,2,0,2,0,0,1
28,115.91,2934.54,1,0,0,0,2,1,2,1,1,1
56,27.19,1325.94,5,4,1,0,2,2,1,1,0,0
69,77.94,5260.34,5,0,0,3,1,2,1,1,1,0
58,110.22,5509.71,1,2,0,3,2,1,1,0,1,1
42,21.19,1014.15,3,4,1,2,2,2,1,1,1,0
38,69.85,2755.72,2,3,1,1,2,0,0,0,0,0
68,55.0,3350.37,3,2,0,3,1,1,2,1,0,0
53,78.03,3729.37,4,1,0,3,2,1,2,0,1,0
33,42.55,1433.42,4,3,1,1,2,1,1,1,0,1
71,26.49,1799.85,3,3,1,3,1,3,1,1,0,0
56,82.59,5005.79,4,0,0,1,1,3,1,0,1,0
51,61.68,3189.16,2,0,0,1,1,3,1,1,1,0
43,82.25,3465.95,2,1,0,0,2,1,2,0,0,0
15,41.05,701.34,5,2,1,1,2,1,1,0,0,0
38,53.87,1980.11,4,7,1,1,1,3,1,1,0,1
15,76.17,1108.46,3,1,0,2,2,2,1,0,1,1
5,79.31,416.28,5,2,0,2,1,0,2,0,0,1
54,57.23,3377.43,2,2,2,2,1,2,2,1,0,0
51,48.01,2540.97,5,1,0,3,1,3,2,1,0,0
10,47.37,501.93,1,2,0,2,0,0,1,0,1,1
12,37.47,432.5,4,2,1,0,2,3,1,1,1,0
4,52.54,208.87,3,0,0,0,3,0,2,1,1,1
18,39.94,653.64,2,0,1,0,1,0,1,1,1,0
36,83.38,3164.05,5,2,1,3,3,0,2,1,0,0
25,76.91,1762.0,3,2,2,1,2,3,2,0,0,0
36,58.26,1783.51,4,0,1,1,1,3,0,1,1,1
67,52.58,3981.51,3,3,0,0,0,0,1,1,1,0
9,43.76,370.93,4,3,1,1,2,1,1,0,0,0
61,73.55,4078.0,4,4,2,1,2,1,1,0,0,0
53,111.89,5517.7,4,2,0,1,1,1,2,0,0,0
18,88.57,1513.17,5,2,0,3,1,1,0,0,1,0
43,94.44,4029.97,4,3,2,1,3,2,1,0,1,0
35,103.44,3152.6,3,4,0,1,1,2,2,0,1,0
63,55.16,3008.92,1,1,0,3,2,1,0,0,0,1
4,26.29,98.62,3,2,0,2,1,3,1,0,0,1
41,82.26,3165.86,5,1,0,0,1,1,1,1,1,1
45,38.87,1548.4,4,6,1,3,1,0,2,1,1,1
50,76.9,3735.39,1,1,0,3,1,0,1,1,1,0
28,93.95,2460.19,5,7,0,0,1,3,0,1,0,1
42,98.36,3543.88,2,2,1,1,1,0,2,0,1,0
69,50.18,3863.38,2,2,1,1,2,1,1,0,1,0
1,71.24,79.49,2,5,2,3,1,1,2,0,1,1
39,82.1,2922.42,1,2,0,2,2,3,1,1,0,1
17,101.95,1557.83,3,2,0,0,2,3,0,0,0,1
35,96.14,3412.6,1,2,1,2,2,3,2,0,1,0
46,118.8,5679.04,1,3,0,3,1,2,0,1,1,1
42,20.81,993.92,1,2,0,2,2,0,1,1,1,0
39,63.75,2394.73,2,0,1,3,2,0,2,0,1,0
49,45.6,2313.86,3,1,0,0,1,2,1,1,1,0
62,31.99,2208.36,1,2,1,2,1,0,2,1,1,0
38,111.15,4160.34,3,3,1,2,1,3,0,1,1,0
23,119.8,2443.15,4,2,0,0,2,0,2,0,1,0
22,38.06,806.53,1,1,0,0,2,1,0,0,0,1
4,23.84,84.97,1,3,0,3,3,2,2,1,1,0
49,47.51,1990.22,1,4,0,3,2,2,1,0,0,0
59,103.49,6566.46,4,0,2,3,1,0,2,1,1,0
68,49.39,3094.91,4,1,1,3,3,2,1,0,1,0
71,25.69,1551.5,2,1,0,3,2,0,1,1,0,0
2,25.25,56.14,5,1,0,0,1,0,2,1,1,1
49,62.74,3022.53,3,2,0,2,3,1,2,0,1,0
31,113.18,3233.78,5,3,2,1,1,1,1,1,1,0
40,48.59,1805.36,1,4,2,1,1,0,2,0,0,0
48,62.72,2776.03,1,1,0,3,2,2,0,0,0,1
51,30.19,1398.76,2,1,2,1,3,2,1,1,1,0
43,69.36,3287.66,5,2,0,2,0,1,2,0,0,1
55,89.65,4443.33,1,1,0,2,2,0,2,1,0,0
49,47.12,2351.48,5,0,0,3,1,0,1,0,0,1
57,49.67,2472.24,2,4,1,1,2,1,0,0,0,0
15,104.2,1773.74,5,0,0,0,0,0,0,1,1,1
27,21.04,585.59,3,2,2,0,3,1,1,1,1,0
68,83.65,6375.94,2,3,0,3,3,0,0,0,1,0
64,59.39,3684.42,5,1,1,2,1,2,1,1,1,0
30,49.84,1634.49,1,0,0,1,3,1,0,0,1,0
36,85.76,3414.89,4,3,0,2,3,0,1,0,1,1
67,103.47,7354.35,4,1,0,3,1,0,2,1,1,1
49,75.84,3262.32,2,2,2,2,3,1,1,1,0,0
55,23.11,1086.5,4,1,1,1,3,3,0,0,0,0
56,66.14,3335.57,3,3,0,2,1,3,1,0,1,1
68,66.28,3990.42,2,4,0,3,0,0,2,0,1,1
44,74.38,3493.76,1,2,1,0,1,0,1,1,1,0
31,87.1,2746.15,1,2,0,0,1,0,1,0,1,0
58,21.93,1281.95,2,3,2,1,0,3,2,0,0,0
53,70.2,3444.82,4,0,2,3,0,1,1,0,1,1
23,78.83,1625.24,4,5,1,3,3,3,2,1,0,0
28,54.34,1387.45,1,1,1,2,2,2,1,1,1,1
16,86.84,1347.82,3,3,1,0,3,3,2,1,1,1
37,42.82,1698.39,4,0,0,1,3,3,1,0,0,0
21,51.74,1006.47,3,3,0,1,1,0,2,0,0,1
17,116.28,2094.46,4,3,0,1,2,1,1,1,0,1
37,54.81,2022.7,2,3,2,2,1,1,2,0,0,0
19,54.65,1158.42,5,1,1,3,2,3,1,0,0,1
30,79.57,2195.78,1,3,0,1,1,0,2,0,0,1
45,117.1,5191.7,2,0,1,2,1,1,1,1,1,0
18,118.31,1871.87,4,1,0,1,0,0,0,1,0,0
62,77.97,4594.82,1,2,2,2,2,3,0,0,0,0
36,20.11,725.41,5,2,0,0,3,1,2,1,1,0
52,110.07,6123.03,5,1,1,2,0,2,0,1,1,1
19,77.02,1330.9,4,1,0,3,2,3,2,1,1,0
44,56.6,2279.77,1,2,1,0,2,3,1,1,0,0
7,102.92,748.87,4,1,0,0,1,2,1,0,0,1
44,59.98,2546.2,5,2,0,1,3,3,0,0,1,1
68,23.4,1582.95,2,2,1,0,1,2,1,0,0,0
34,102.11,3821.73,2,2,1,2,0,2,1,0,1,1
66,74.59,4921.32,3,1,2,3,1,3,2,1,0,0
69,53.81,3883.07,5,2,1,0,2,2,0,0,1,0
55,45.09,2596.54,5,0,1,3,1,2,1,1,0,0
10,79.38,866.1,4,1,2,2,1,3,1,0,0,0
42,40.8,1784.83,3,1,2,2,2,3,2,1,0,0
41,52.39,1867.38,3,6,1,3,1,2,1,0,1,0
69,83.65,5498.76,1,1,1,2,1,0,1,1,0,0
10,108.15,1240.31,4,1,2,3,3,3,2,0,1,1
10,73.29,666.16,2,1,1,1,2,3,2,0,0,1
60,95.91,5904.37,1,7,1,2,1,0,2,1,1,0
51,96.31,5416.93,3,1,0,1,1,3,1,1,0,1
21,86.44,1862.28,2,1,1,0,2,0,0,0,0,1
8,44.58,343.0,5,2,0,0,2,1,2,0,1,1
65,106.68,6060.9,4,2,0,1,2,3,1,1,1,0
30,63.63,1829.61,3,3,2,0,2,3,1,0,1,0
49,24.42,1082.5,5,2,1,0,2,1,1,1,1,0
9,44.46,455.48,3,2,0,0,0,3,0,1,0,1
17,96.55,1747.32,2,2,0,0,0,2,0,1,0,1
69,26.91,1995.95,1,2,0,2,2,2,1,0,0,0
58,34.74,1976.01,2,0,0,0,1,1,2,0,1,0
57,89.42,4500.68,4,2,0,2,3,2,0,1,1,1
62,109.26,6300.04,4,2,0,3,2,1,0,0,1,1
52,83.37,4022.88,3,2,0,0,1,2,2,1,1,1
61,42.23,2565.76,2,2,2,3,2,3,1,1,0,0
40,25.34,1001.79,1,3,0,1,2,2,2,1,0,1
38,81.51,3035.6,4,2,0,1,2,3,1,1,1,0
43,24.74,1062.53,1,2,2,2,2,2,2,0,1,0
63,81.27,5868.24,5,1,1,1,2,1,1,1,0,0
19,42.56,759.69,3,1,0,2,3,2,0,0,0,1
50,110.47,5714.28,1,1,0,3,3,3,2,1,1,1
33,67.51,2053.71,3,1,1,3,1,1,2,1,1,0
13,42.39,545.6,5,1,0,0,2,2,2,0,1,0
62,105.31,5941.94,1,3,1,3,3,0,2,1,0,0
43,45.4,1986.44,1,1,0,1,2,0,0,0,1,1
49,50.66,2307.34,5,2,2,2,2,1,2,0,0,0
36,103.43,3205.98,2,1,1,2,2,0,1,1,0,1
10,50.88,556.91,1,0,0,0,1,0,1,0,1,1
6,61.02,325.27,1,0,0,0,0,2,1,1,1,1
57,54.77,2998.11,4,1,1,1,2,2,1,1,1,0
1,31.64,31.42,2,5,0,2,2,3,2,1,1,1
71,23.89,1661.8,1,4,0,0,0,2,1,0,0,0
58,92.45,5725.36,5,3,0,3,1,1,1,1,1,1
21,84.51,1826.32,3,2,1,1,1,3,0,0,0,1
56,48.24,2535.42,5,2,1,3,3,3,2,1,0,0
20,49.56,857.89,2,0,0,2,2,2,0,1,0,1
54,114.5,6679.4,4,0,1,0,2,3,0,0,0,0
25,118.77,2837.82,4,0,1,1,1,3,0,1,0,1
28,67.34,2106.08,4,4,2,1,2,2,0,0,0,0
5,100.25,485.45,5,2,2,0,3,1,1,0,1,1
21,93.67,2095.48,3,1,2,0,2,2,1,1,1,1
18,49.73,1013.22,3,2,2,2,1,0,1,0,1,1
47,25.86,1270.35,1,1,0,3,2,3,0,0,0,1
70,34.26,2335.66,3,2,0,3,1,2,2,0,1,0
57,103.83,6037.94,3,3,0,3,0,1,0,1,0,1
19,93.12,1792.37,1,0,1,2,1,1,2,1,0,0
65,86.43,5761.14,5,5,0,0,1,3,1,1,1,0
3,33.06,88.68,5,1,1,1,1,0,1,1,1,0
42,83.99,3737.79,2,5,0,3,2,2,0,0,1,0
21,97.22,1824.12,5,2,0,0,1,0,1,0,1,0
40,106.06,3624.65,4,2,0,3,3,2,2,1,1,1
67,21.32,1482.13,4,1,2,2,1,1,1,1,0,0
25,88.45,1957.06,2,1,0,2,3,1,1,0,0,1
55,21.91,1302.79,3,2,2,0,1,3,1,0,0,0
52,90.69,5233.48,2,2,0,2,2,0,1,0,0,1
44,83.56,4167.29,1,2,1,1,0,1,2,0,1,0
56,34.83,2047.0,2,2,0,2,2,3,2,1,1,1
55,96.61,5285.0,2,0,0,1,3,1,1,0,0,1
70,26.83,1795.19,4,3,2,3,2,2,2,0,0,0
66,102.64,6755.79,1,1,0,2,1,0,1,1,1,0
19,46.19,796.14,1,1,0,1,1,0,1,0,1,1
7,88.89,593.9,2,0,1,3,1,2,2,1,0,1
63,112.37,7542.08,1,1,1,3,0,2,1,1,1,0
42,53.98,2075.07,1,3,2,3,3,0,2,1,1,0
42,70.29,2743.2,5,3,1,3,1,3,1,0,1,0
59,66.31,4205.04,1,3,1,0,1,3,1,0,0,0
20,35.76,646.1,3,2,0,1,1,1,2,1,1,0
17,79.03,1241.11,1,0,1,0,1,3,0,1,1,1
27,94.3,2177.59,4,1,1,3,3,0,1,0,1,1
47,111.69,5595.85,5,1,0,2,0,3,0,0,1,0
2,105.08,217.59,4,2,1,1,1,2,0,0,0,1
63,71.0,4733.98,4,4,0,1,2,0,1,0,0,0
62,91.9,5209.59,3,2,0,3,1,1,1,1,1,0
19,100.08,2008.38,5,0,0,2,1,0,1,0,1,0
17,69.35,1213.02,2,1,0,2,2,0,2,0,0,1
69,31.54,2089.04,1,3,1,1,3,3,1,0,0,0
39,63.79,2441.52,3,1,0,0,2,3,1,1,1,0
71,104.25,7552.41,3,2,0,2,3,3,1,0,1,1
39,79.66,3100.65,2,2,0,1,2,1,0,1,1,1
36,92.45,3469.65,3,3,0,2,1,1,2,1,0,1
40,38.53,1393.58,2,3,0,3,1,1,1,1,0,0
45,116.43,5303.51,2,2,1,2,2,1,1,0,0,0
4,60.41,238.03,2,0,0,0,1,2,0,1,0,1
25,85.36,2109.13,3,3,0,0,1,0,1,1,0,1
69,21.89,1496.35,2,2,1,0,3,3,2,1,0,0
30,32.73,1094.33,3,1,1,1,0,0,0,0,1,0
68,98.2,7316.16,5,3,0,2,2,0,1,1,0,0
29,116.8,3518.77,2,1,2,0,2,0,1,1,1,1
68,52.01,3766.05,3,2,2,3,2,3,2,0,0,0
51,23.72,1043.71,3,4,0,3,1,0,2,1,1,0
24,56.09,1444.61,3,5,1,3,2,2,2,1,0,1
14,21.75,303.19,1,4,0,1,0,3,2,1,1,1
69,39.24,2559.35,1,3,0,0,2,2,2,0,1,0
18,95.25,1529.17,2,3,0,0,2,3,1,0,1,1
