age,income,credit_limit,transaction_amount,num_transactions_30d,account_age_months,num_prev_disputes,merchant_category,country_match,time_of_day_hour,is_weekend,card_present,distance_from_home_km,is_fraud
59.0,40649.0,6903.661145338752,1398.0,25,226,0,food,1,7,0,1,1.8874897404760747,0
72.0,62713.0,24017.22959769211,411.0,60,14,1,online,1,6,0,1,38.81781001868707,0
49.0,98463.0,37879.81671905754,2663.0,79,187,0,travel,1,9,0,1,29.886274179508852,0
35.0,70409.0,32341.818627712062,4334.0,24,81,0,electronics,1,7,0,0,13.883206949363597,1
63.0,73766.0,24569.570514698145,3933.0,15,3,1,electronics,1,23,0,0,50.77279061999464,0
28.0,71154.0,10647.694256922447,277.0,14,98,3,online,1,16,1,0,8.933760212597159,0
41.0,32016.0,4756.4878458588755,4231.0,54,40,0,food,1,11,1,1,16.694312869518026,1
59.0,104563.0,40617.80507292062,1735.0,78,89,0,travel,1,13,0,1,76.10739729450655,0
39.0,73688.0,12785.889760988408,1122.0,6,125,0,food,1,11,1,1,30.847445589475562,0
43.0,114678.0,26531.23693001323,2685.0,78,194,3,retail,0,1,1,1,253.12786235413247,1
31.0,,17693.088166125937,4794.0,18,162,2,food,1,11,0,1,24.425551508035078,0
31.0,79238.0,8708.727747751627,1290.0,20,218,4,retail,1,13,0,1,31.1121729648458,1
44.0,83608.0,16682.104484432988,1242.0,62,95,4,electronics,1,6,0,1,,0
73.0,114081.0,30021.08177124761,4386.0,40,9,3,travel,1,12,1,0,13.478593248773214,1
56.0,141572.0,29992.66915268808,4548.0,39,94,0,retail,1,20,1,0,,0
60.0,56897.0,8793.32500876884,1873.0,52,84,4,food,1,3,0,0,69.08059507399132,0
44.0,75961.0,29716.315645782783,4942.0,32,21,3,food,1,0,0,1,20.27844558988505,1
23.0,93703.0,39848.04989288228,4494.0,73,221,1,electronics,1,16,1,0,60.22464525203082,0
42.0,69757.0,14160.084375543125,626.0,27,25,4,online,1,2,0,1,168.7527307159913,1
73.0,51917.0,21273.91476059018,156.0,52,102,1,,1,16,0,1,3.846642219834357,0
22.0,47736.0,12135.513980104446,4626.0,63,122,0,food,1,7,0,1,15.360536361311416,0
44.0,52990.0,16038.712022941445,4735.0,74,172,4,online,1,2,0,1,11.193349971672875,1
64.0,87551.0,38732.60004318817,3687.0,63,25,3,travel,1,9,0,0,101.92771230404061,0
50.0,83161.0,33262.859252948016,298.0,17,137,2,online,1,1,0,1,9.873201144977681,0
58.0,104623.0,44155.79613410098,1419.0,49,103,4,travel,1,21,0,1,18.413957509476234,0
22.0,47440.0,7340.773881142707,23.0,23,190,4,food,1,3,1,1,39.2478597207909,0
,60205.0,7699.483212927874,266.0,72,236,4,food,0,13,0,0,48.52340321137755,1
53.0,146156.0,66846.18463383353,1731.0,13,154,4,food,1,10,0,1,82.56087308939686,0
32.0,105811.0,26995.952759034826,1433.0,23,57,3,electronics,1,13,0,1,26.15530662041752,0
42.0,148768.0,32007.713578828116,4963.0,57,37,3,online,1,12,0,1,38.20474693543967,1
64.0,80103.0,31230.437622053974,3000.0,62,16,2,retail,1,3,1,1,168.28486423115734,0
45.0,95812.0,41636.66045580369,1205.0,54,37,3,retail,1,1,1,1,17.645654048701356,0
,66627.0,29648.73841528724,,20,76,3,food,1,1,0,1,14.257212184277298,1
47.0,131122.0,29685.870855448826,4375.0,52,152,0,online,1,10,0,1,61.99713352653576,0
62.0,128032.0,56447.38274813309,1254.0,23,26,0,travel,1,21,0,0,73.73142616485913,0
48.0,44008.0,5121.368409610477,3233.0,35,20,1,retail,1,4,0,0,26.788277993566407,1
36.0,96274.0,11539.84417151719,3480.0,67,137,2,food,1,8,0,1,11.97501217018395,0
35.0,,20964.460684179707,4177.0,34,215,0,retail,1,19,0,1,75.46213324933946,0
67.0,,7514.5528587731105,3979.0,33,103,2,retail,1,20,1,1,55.507868157234206,0
71.0,30793.0,7077.576050373362,1316.0,46,29,2,retail,1,16,0,1,104.46562550133125,0
64.0,127827.0,47181.25178159422,2131.0,45,31,4,food,1,11,0,1,92.9997092288327,0
72.0,30571.0,7181.334511709501,2412.0,19,19,2,food,1,17,0,1,11.482935478561789,0
23.0,121867.0,20941.61462590407,506.0,15,148,4,electronics,0,2,0,0,89.29061347313912,0
57.0,41209.0,8758.571110389985,3409.0,78,215,1,electronics,1,4,0,1,9.62912550607,0
71.0,138550.0,39213.82491331894,3616.0,66,235,1,electronics,1,20,0,1,99.64627908801434,0
27.0,115930.0,33637.59288454443,919.0,39,27,1,retail,1,19,1,0,73.55361549236086,0
41.0,68148.0,28158.75990633965,382.0,18,94,4,online,1,13,0,1,42.1823519705217,0
29.0,116218.0,46494.32320722862,4467.0,70,85,4,food,0,15,0,1,51.39208452715926,1
59.0,27224.0,7696.963164494489,1354.0,59,44,1,electronics,1,18,0,1,5.495167093975832,0
38.0,131693.0,57716.6880819458,333.0,32,163,4,online,1,8,1,1,2.0351199526836954,0
24.0,73695.0,10736.982371397167,2441.0,21,113,3,electronics,1,16,0,1,20.07216594779305,1
45.0,145779.0,29467.96241720761,4680.0,40,199,3,electronics,1,21,0,1,86.13195748996009,1
34.0,134988.0,58205.55474209677,4841.0,27,150,4,,1,6,1,1,31.34789861343975,0
70.0,133944.0,33646.413403896586,2794.0,2,74,4,electronics,1,9,0,1,12.6411087213746,0
29.0,57441.0,28288.119967470833,2403.0,39,87,0,retail,1,3,1,1,89.9539797793728,0
46.0,131966.0,37808.43222004094,3930.0,56,143,0,retail,1,9,0,1,12.979178521341511,0
73.0,64129.0,26727.315826017293,1225.0,13,94,2,retail,1,2,0,1,84.5035897852968,0
22.0,125252.0,32681.10461888994,1705.0,56,98,2,travel,1,23,0,0,30.163452831766623,0
40.0,87368.0,23587.735621378564,1917.0,66,141,2,electronics,1,8,0,1,31.13395935830389,0
48.0,135395.0,34275.68549061681,4824.0,78,132,1,travel,1,12,0,1,15.922159736456276,1
67.0,117122.0,45400.029930186916,790.0,56,210,3,food,1,0,0,1,115.21634089550885,0
27.0,69760.0,22253.939036810087,1029.0,28,56,1,online,1,14,0,1,4.648835386636221,0
64.0,48478.0,23148.790113166317,3275.0,64,151,4,food,1,14,1,1,,0
28.0,96854.0,19405.292287037675,1413.0,71,97,0,travel,1,10,0,1,50.51424453455839,0
67.0,119230.0,16719.03781852363,1436.0,64,98,4,retail,0,9,0,1,94.89443593308228,0
55.0,110716.0,28487.735433697886,673.0,56,34,4,electronics,1,6,0,1,5.015953931159936,0
34.0,37180.0,12889.751388122851,2657.0,41,100,0,electronics,0,0,0,1,66.16640052536368,1
37.0,123538.0,54890.35162746657,20.0,41,227,4,retail,1,6,0,0,67.83901743863039,0
56.0,40372.0,9627.864283623276,1048.0,4,145,2,electronics,1,4,1,1,43.55663519722139,1
70.0,54796.0,19809.559525846398,2835.0,57,156,0,online,1,22,0,1,33.34747268743209,0
60.0,83272.0,19991.8978264662,3013.0,30,14,4,online,1,15,0,0,19.363170382613525,0
24.0,143295.0,49707.29205807635,4690.0,46,162,2,online,1,7,0,1,21.651718006320998,0
22.0,114963.0,52184.370405793896,1085.0,56,112,2,food,1,21,0,1,56.10942261985416,0
26.0,123826.0,23841.836564165435,3098.0,31,75,3,retail,1,1,1,1,3.3758030119442193,1
74.0,145592.0,38100.939663059224,1799.0,7,185,2,online,1,7,0,1,43.96600572509077,0
62.0,118635.0,58997.9066313772,3046.0,77,205,1,travel,0,13,0,1,16.337238581227172,1
24.0,136022.0,60859.34563861926,4848.0,54,97,0,online,1,3,0,1,31.42473754025496,1
74.0,79040.0,25755.65374724632,3663.0,8,121,0,food,0,23,0,0,40.93320939685159,1
49.0,100357.0,30774.578094287805,3185.0,55,55,0,travel,1,14,0,1,108.42865363449555,0
38.0,96368.0,20607.347856775003,4309.0,69,194,4,retail,1,6,1,0,43.265017157361754,1
46.0,103356.0,31718.27904347697,1086.0,44,226,4,retail,1,19,1,1,12.884134166023053,0
64.0,41211.0,18102.863090245963,983.0,13,117,1,online,1,7,0,1,4.139711528995488,0
54.0,130426.0,48788.428427507126,1875.0,20,93,2,travel,1,10,1,1,49.30728797648122,0
30.0,30842.0,6662.415166826186,3135.0,78,37,4,travel,1,1,0,1,39.3782115647654,0
56.0,88115.0,15912.297361452822,,32,196,2,online,1,8,0,1,55.70628456883664,0
34.0,,12365.0048879239,3416.0,60,204,2,online,1,5,0,1,30.753465862997665,0
51.0,70968.0,11915.788401778445,1168.0,50,26,4,electronics,1,22,0,0,87.1844345686111,1
68.0,42508.0,5876.997882630448,3139.0,27,189,4,electronics,1,0,0,1,126.39885991975974,0
35.0,47005.0,12581.098351859519,114.0,25,220,1,online,1,2,1,1,2.0413300506904952,0
28.0,79575.0,11563.826407996861,3577.0,52,67,3,food,1,9,0,1,68.14579617677113,0
34.0,105742.0,17845.551071671787,4358.0,68,84,0,electronics,1,4,1,0,1.7896779548542776,1
43.0,43971.0,14023.665478036619,4400.0,21,202,4,online,1,11,1,1,29.448069549664503,0
60.0,50599.0,8391.323459969914,1191.0,18,180,4,travel,1,22,0,1,30.957973767808443,0
41.0,112592.0,14136.140309832088,4654.0,39,18,2,electronics,0,0,1,1,59.572312433470806,1
36.0,91914.0,20860.391504585215,3148.0,15,181,3,food,1,8,0,1,21.724357507585243,0
65.0,143062.0,26913.91635482237,4404.0,53,191,4,retail,1,20,0,1,85.99092212034611,1
38.0,92055.0,28180.06763232894,3544.0,38,181,3,travel,1,12,0,1,20.993218428836283,0
67.0,112697.0,15884.285332509578,4206.0,48,27,0,food,1,18,0,1,20.966886095167325,0
73.0,131239.0,52588.558561890546,3137.0,52,31,2,food,1,6,0,1,12.6003477505943,0
44.0,129397.0,59845.25948573945,1784.0,72,219,1,food,1,15,0,0,57.57992937497636,0
46.0,148106.0,58853.483949582456,3824.0,28,106,0,travel,1,7,1,1,3.983946844065142,0
45.0,,18787.848897633463,4979.0,16,129,3,food,1,18,0,1,22.553605210273993,1
65.0,79120.0,35150.41522397464,101.0,16,6,3,retail,1,6,0,1,15.523026896446307,0
61.0,99619.0,37652.729630181595,456.0,35,11,0,electronics,1,22,0,1,13.025116229286427,0
49.0,63342.0,6601.53167929597,118.0,17,162,3,travel,1,3,0,1,3.1461016671888045,1
35.0,110992.0,28595.54169469906,4422.0,73,231,1,food,1,9,0,1,10.559706279170253,0
65.0,103860.0,45737.945708956104,3249.0,52,212,1,online,1,0,1,1,29.55159316122213,0
21.0,27257.0,6496.529956732767,4063.0,12,191,3,electronics,1,16,0,1,35.03291142620762,1
45.0,52364.0,5974.002938596205,4547.0,48,181,3,travel,1,20,0,0,15.701622294069148,1
27.0,49972.0,19912.43555909366,1255.0,22,213,1,online,1,12,1,1,52.525905255645675,0
29.0,136715.0,57531.76484868896,2730.0,49,213,3,online,1,18,1,1,20.458096973096804,0
44.0,51654.0,8483.522689506824,287.0,52,18,4,food,1,12,0,1,22.883665116786823,0
21.0,105769.0,33310.48680424258,3066.0,79,21,2,travel,1,8,0,1,,1
64.0,106423.0,18813.68947369685,4674.0,1,19,4,food,1,4,1,1,40.1443883396131,1
28.0,54320.0,21059.52545699122,2932.0,66,4,3,retail,1,22,1,1,153.06674263698875,1
44.0,45808.0,9556.473300308106,2523.0,64,77,3,online,1,0,0,1,22.259791263249845,0
31.0,77389.0,17527.528848021422,848.0,8,210,2,retail,1,1,0,1,87.9666941510626,0
71.0,120690.0,52860.81293032954,2811.0,25,116,3,food,1,10,0,1,67.03499552043243,0
37.0,143581.0,41714.43586088781,39.0,66,157,2,electronics,1,3,0,0,110.44969560105133,0
28.0,59773.0,21990.59312506733,1267.0,73,25,1,online,1,8,1,1,,0
,76168.0,19875.980210971564,374.0,73,184,2,electronics,1,4,0,1,0.3853067102449177,0
55.0,52747.0,11562.287078559608,1810.0,77,77,2,travel,1,4,1,1,,0
53.0,101396.0,35507.98936592759,,70,191,4,online,1,7,0,1,56.09488835054945,0
25.0,,9716.58177789171,4803.0,79,155,3,retail,1,1,1,1,24.731200717350454,1
62.0,132692.0,33066.83767241528,2188.0,51,188,1,electronics,1,6,0,1,85.4974828266869,0
59.0,108692.0,19957.461467020268,2860.0,53,211,0,travel,1,16,1,1,0.6026083062458676,0
61.0,82505.0,31213.125498978487,2846.0,15,49,2,online,1,10,1,1,,0
48.0,110896.0,52973.193334891985,4456.0,50,65,0,travel,1,14,0,1,7.2652789008664005,0
27.0,43135.0,21490.046242145756,189.0,71,166,3,retail,1,2,0,1,17.142056831207796,0
29.0,115887.0,32461.19149265785,3883.0,75,83,2,online,1,12,0,1,173.81469253211523,0
28.0,147118.0,29572.506345013775,3970.0,38,180,0,travel,1,17,0,0,2.6488467852025077,0
32.0,121035.0,33542.64113778667,1196.0,40,1,4,food,1,19,1,1,21.46540117197523,0
54.0,,26334.465839105374,3969.0,66,168,0,online,1,19,0,1,4.415817348826339,1
53.0,48554.0,8856.359886566299,783.0,39,81,4,online,1,2,1,1,96.07213868137696,1
68.0,87491.0,42069.02026350638,4615.0,74,21,1,online,1,1,0,1,60.703871314534496,1
43.0,80621.0,19086.72405851029,4470.0,17,86,3,online,1,4,0,0,80.55631379983558,1
44.0,139667.0,69040.3958817783,362.0,7,15,0,food,0,19,0,1,37.462549955907505,0
57.0,83283.0,36265.04559219639,4517.0,39,50,2,retail,1,4,0,1,22.13654819641084,1
55.0,110140.0,46636.38345239743,4840.0,68,231,3,food,1,12,0,1,0.11381041012910335,0
64.0,41923.0,9523.307055438947,3038.0,35,48,0,food,1,7,1,1,16.281473465797205,0
60.0,72591.0,7513.95863700486,127.0,51,231,2,travel,1,15,1,1,36.13431446668017,0
42.0,87261.0,22064.219902825807,491.0,47,160,2,electronics,1,17,0,1,54.586109472011515,0
47.0,141149.0,31154.93628740782,4297.0,36,49,2,electronics,1,15,0,1,12.999287164469964,0
55.0,79336.0,9120.371052428938,2647.0,64,196,2,travel,1,0,0,1,7.47728100397011,0
21.0,99083.0,29937.542284150808,116.0,13,108,0,food,1,7,0,1,11.258208446250642,0
55.0,85948.0,22450.69405685146,4487.0,18,45,1,travel,1,20,0,0,21.853675460297424,1
57.0,134819.0,47702.00736977786,4888.0,21,32,4,online,0,1,0,1,8.030642725463878,1
67.0,58002.0,20212.219623960485,253.0,65,132,4,travel,1,23,1,1,8.528582965307804,0
34.0,105098.0,15585.891975787717,2642.0,8,193,4,travel,1,4,0,0,2.2368835813906944,1
23.0,141236.0,69316.68234909588,4573.0,48,97,1,online,1,14,0,0,97.1495387529312,0
21.0,98016.0,17130.508395253146,875.0,43,199,2,electronics,1,13,1,1,12.407597541892654,0
25.0,51672.0,14370.479763056726,2991.0,53,201,2,online,1,2,0,1,86.27118918390175,1
46.0,29213.0,8625.051118531881,1571.0,27,193,3,retail,1,6,1,1,28.84020449076162,0
34.0,35293.0,15007.470120831178,613.0,19,80,4,travel,1,3,0,1,50.0431381490138,1
59.0,124977.0,17458.266892448268,3072.0,23,146,4,travel,1,10,0,0,3.9360447911617182,0
47.0,80860.0,21950.07056672075,4028.0,50,54,2,electronics,1,11,0,1,43.80310552186681,0
29.0,87507.0,30750.0357643438,2025.0,51,127,4,food,1,14,0,1,17.12419172819672,1
35.0,82134.0,15282.036730588072,1668.0,43,175,2,online,1,5,0,0,5.002617731443921,0
35.0,27100.0,9511.752022624229,3390.0,51,134,2,food,1,23,0,1,119.42485163904402,0
46.0,135153.0,63449.72951573929,3777.0,69,66,2,retail,1,0,0,0,46.270111079270734,1
62.0,86997.0,43412.13394305168,3780.0,41,137,0,online,1,17,0,0,13.834312583607932,0
33.0,53172.0,6007.395462045523,1623.0,72,196,0,retail,1,13,0,1,27.20602407264393,0
71.0,45132.0,8766.227166855515,4965.0,11,109,0,retail,1,23,1,1,22.072762716550454,0
52.0,142861.0,32018.413947647077,1889.0,52,23,0,retail,1,6,1,1,60.295344649813764,0
59.0,43199.0,11216.639365248837,4118.0,23,107,1,online,1,9,0,0,46.75242520458386,0
69.0,61609.0,12130.988488655974,2356.0,49,237,3,online,1,8,1,0,0.9990231345540396,1
72.0,67965.0,12328.524619980726,1109.0,38,171,3,electronics,1,1,0,1,11.021548534784255,0
52.0,33016.0,15907.819864502473,1084.0,47,51,2,travel,1,7,0,1,32.516643935253306,0
24.0,64779.0,30278.26436234855,796.0,72,72,4,food,1,21,0,1,29.483142494690128,0
50.0,127797.0,15181.900260278162,158.0,7,103,0,food,1,0,1,1,36.353286475231265,0
57.0,56881.0,13396.909392762147,1764.0,66,153,3,retail,1,19,1,1,62.73012880542225,0
43.0,107594.0,28196.02139378979,2179.0,77,80,3,online,0,1,0,1,57.286609688328426,1
59.0,49472.0,9677.01082359742,3766.0,62,163,0,online,1,6,0,1,23.325560513688135,0
65.0,131882.0,46363.006160237834,1189.0,29,145,1,retail,1,15,0,1,105.01554108133406,0
35.0,125462.0,44683.57969419192,3319.0,38,18,1,travel,1,21,0,0,3.2500018048819377,0
63.0,76813.0,33813.21251624181,2433.0,33,155,3,food,1,3,0,1,43.9148239960109,1
49.0,125368.0,49689.319375567204,,29,143,1,electronics,1,20,0,1,149.47309126800738,0
56.0,61021.0,19345.446793915835,4597.0,79,81,0,travel,1,16,0,1,39.82342637296282,0
33.0,79131.0,28600.689880154,934.0,23,107,3,online,1,3,0,0,30.35822753530711,0
52.0,49087.0,10288.414927840851,1613.0,3,69,0,retail,1,2,1,1,7.188760588966392,0
27.0,37828.0,12756.451821634084,3062.0,45,80,1,food,1,8,0,1,83.08634703358689,0
71.0,86610.0,25609.789013556205,4228.0,8,143,0,retail,1,21,0,1,23.403865492814905,0
42.0,121664.0,18655.688508631556,4813.0,29,42,1,online,1,14,0,1,60.40672418643449,0
,148619.0,29280.575136593812,,2,238,1,retail,1,19,1,1,11.004092181854011,0
,26401.0,5720.499517000238,3490.0,50,34,0,food,1,2,0,1,2.1382358385674443,0
62.0,110179.0,51753.701515313514,3192.0,65,48,1,retail,1,11,0,1,18.22581266376699,0
,40193.0,7723.272078734822,2827.0,20,211,2,food,1,14,0,1,16.523484700982237,1
73.0,117389.0,25320.521003239213,3170.0,52,136,0,retail,0,19,0,1,103.36586828280883,1
26.0,69864.0,17308.22277782724,,37,239,2,retail,1,7,0,1,100.0033480274122,0
48.0,45307.0,16559.576903560166,4899.0,72,138,0,food,1,11,0,1,38.16713402445296,0
48.0,127518.0,18782.809332504967,721.0,27,5,1,retail,1,20,0,1,0.959087228369804,0
64.0,44611.0,21483.679949823938,2596.0,47,116,1,travel,1,12,0,1,12.95956826184243,0
64.0,68791.0,30696.503920615578,2658.0,6,176,3,electronics,1,14,0,0,50.94561041378213,1
40.0,36950.0,12226.253559072284,1727.0,60,117,3,travel,1,10,0,1,5.346331592801439,0
50.0,101240.0,37419.837479241054,4362.0,45,154,2,electronics,1,16,1,1,60.30245871110969,0
31.0,133647.0,14255.348800150294,880.0,44,214,1,travel,1,20,1,1,0.6017193288903622,0
48.0,102403.0,24123.884732002876,3584.0,18,108,3,electronics,0,23,0,0,57.36966476463369,0
45.0,27745.0,11604.737239880684,4914.0,65,23,1,retail,0,11,0,1,93.0680972433796,0
59.0,80243.0,10511.286506408971,280.0,25,62,0,food,1,19,1,1,31.670167999328708,0
53.0,28866.0,6146.30845533066,1553.0,27,13,3,food,1,17,1,1,88.32827305251827,0
21.0,57245.0,19126.62677519906,559.0,7,137,2,online,1,15,1,1,76.05480990517309,0
47.0,69724.0,14123.656777312408,4673.0,44,20,3,electronics,1,2,0,1,55.648617656428065,1
72.0,96354.0,45632.4054882884,4024.0,29,92,1,online,1,8,0,1,29.452808845384503,0
33.0,76374.0,11641.188747618751,4464.0,44,108,4,online,1,6,1,0,15.866121616522195,1
61.0,,25137.464589786683,1722.0,36,185,4,electronics,1,18,1,1,98.61515675115518,0
23.0,142480.0,43197.011849130016,3250.0,19,229,1,food,1,4,0,0,52.290136321763605,0
59.0,149577.0,59850.590581928634,1372.0,6,152,0,electronics,1,18,1,1,79.97854639393866,0
26.0,55116.0,12361.754414085495,4903.0,25,108,3,retail,1,9,1,0,40.144411362907036,1
28.0,106029.0,32423.22721741726,1294.0,31,33,4,online,1,19,0,1,9.429041330421093,0
47.0,118574.0,52496.75790323037,896.0,9,148,0,online,1,11,0,1,194.21538126017336,0
29.0,45447.0,13031.98358833909,2268.0,74,188,1,electronics,1,7,0,1,10.089823478927473,0
57.0,55431.0,13518.952666219262,4392.0,37,176,0,online,1,2,0,0,121.09180460559618,1
53.0,42908.0,13492.94212533296,1795.0,27,64,1,food,1,18,1,1,11.668448031488445,0
71.0,54336.0,21025.04901959361,4848.0,13,30,3,online,1,10,0,1,23.400236758030147,1
62.0,65992.0,18307.852918454875,3553.0,41,108,0,electronics,1,7,1,1,28.998375722915,0
64.0,80350.0,38210.50598107266,305.0,66,73,3,food,1,12,1,0,127.153907472717,0
44.0,94561.0,20612.248826907165,2063.0,24,109,0,food,0,22,0,1,109.55154679060477,1
35.0,142254.0,41280.03993279283,2607.0,44,145,1,online,1,22,0,1,86.64273946978066,0
74.0,76955.0,30995.24720984825,690.0,60,100,1,electronics,1,9,0,0,23.63437317511507,0
52.0,86240.0,32395.92113774168,4900.0,9,14,0,online,1,17,0,0,0.22516859015878332,0
52.0,45093.0,20086.966390658727,4308.0,2,19,1,retail,1,11,0,1,57.21972198935259,1
44.0,31155.0,15537.73600964798,334.0,56,71,2,retail,1,6,0,0,26.46253594431406,1
61.0,71607.0,19387.117740011996,2301.0,30,59,2,food,1,10,0,1,70.74666705089886,0
72.0,58487.0,8449.052602354624,4432.0,22,195,3,online,1,9,0,1,79.20119168706455,0
69.0,138194.0,15500.716892950531,996.0,75,97,2,retail,1,2,0,0,28.966234691559613,0
69.0,80668.0,31521.08250579324,3128.0,13,44,2,travel,1,6,0,1,68.93666397729035,0
72.0,45963.0,20665.216149745,770.0,71,160,4,retail,1,3,1,1,91.60947719034742,0
32.0,75124.0,14144.724922595404,3703.0,16,111,4,online,1,7,0,1,131.88620306168423,0
59.0,77870.0,12722.339462391194,1046.0,45,11,4,online,1,7,1,1,43.668187618234256,0
,81547.0,10183.75543945821,916.0,65,106,4,retail,1,5,1,1,75.36184216724423,0
23.0,,25744.870121212956,374.0,11,2,1,online,0,12,1,0,34.11677887794617,1
69.0,78554.0,17639.518762528827,3423.0,70,218,3,online,0,11,0,1,2.1277894393906607,1
57.0,45936.0,11974.53938632524,1079.0,20,125,3,travel,1,2,1,0,8.434036534872236,0
69.0,141895.0,42724.59537537838,4379.0,63,196,2,food,1,5,0,1,6.861167647364097,0
37.0,29426.0,12823.300347940098,2265.0,12,145,3,online,1,21,0,1,9.422953046895408,0
69.0,113839.0,41019.98124373516,3696.0,62,209,2,electronics,0,18,1,1,0.5132628773172764,0
22.0,135816.0,46995.8471075074,4229.0,42,220,3,food,1,10,0,1,97.84591398330284,1
22.0,52606.0,8957.162596112257,3091.0,69,94,0,food,1,3,1,1,41.065998659357184,0
48.0,72832.0,22233.85847720413,3268.0,58,168,0,electronics,1,14,0,0,24.156470067317446,0
74.0,53151.0,20524.386577625082,2117.0,5,215,3,retail,1,1,0,1,26.362900918137257,1
43.0,104303.0,51035.91195309175,2943.0,27,174,1,travel,1,14,0,1,31.120560205272252,0
57.0,36308.0,6555.864109967358,2839.0,28,216,2,online,1,16,1,0,3.8377621383612697,1
52.0,134781.0,13992.605067901552,451.0,26,93,3,retail,1,1,0,1,16.056111465867232,0
53.0,87522.0,11388.412828562108,1569.0,49,4,2,electronics,1,6,1,1,95.40110558198994,0
21.0,148523.0,37181.39427448924,1751.0,21,166,4,travel,1,15,0,1,68.06550149836792,0
39.0,70671.0,30262.58432034266,635.0,1,63,3,travel,1,4,0,0,41.43752599538,1
22.0,115306.0,11860.009952147706,3873.0,58,29,1,travel,1,15,0,1,32.764060065870154,1
73.0,119108.0,33670.90698297867,1700.0,79,19,4,electronics,1,18,0,1,14.985923337208924,0
64.0,131984.0,30579.669414087446,2791.0,55,91,3,,1,1,0,1,31.86244737627964,1
46.0,27204.0,3291.484976621196,100.0,26,29,0,online,1,14,0,0,45.547162268352324,0
52.0,117769.0,32986.45089805898,3016.0,25,228,3,travel,1,3,0,1,62.35061824834318,1
26.0,112265.0,22666.245451662697,4312.0,77,163,0,travel,1,1,1,1,,0
52.0,56131.0,13513.75905469273,1098.0,33,116,0,retail,1,22,0,1,83.86182535092873,0
24.0,77428.0,29596.552727535294,4621.0,72,70,3,travel,1,9,0,1,21.21797009629407,0
31.0,58870.0,18168.482569135456,1190.0,69,123,3,travel,1,21,0,1,34.98423350167996,0
37.0,128547.0,19263.921221895675,1911.0,6,23,0,electronics,1,23,0,0,46.812468933069525,0
58.0,129918.0,62953.821705103335,4500.0,23,231,2,food,1,4,0,1,33.480826160472844,0
44.0,74067.0,26246.70107352928,196.0,30,46,4,retail,1,17,0,1,42.426569862033396,0
25.0,83585.0,33964.54494360108,1607.0,78,172,1,retail,1,3,0,0,5.912352052923598,0
72.0,132011.0,17383.90285830202,3418.0,54,176,3,retail,1,0,0,1,28.29537931460393,1
54.0,137217.0,16304.583861746165,3757.0,11,180,4,electronics,1,17,0,1,16.457677151257915,1
26.0,46607.0,5023.266113402064,2680.0,31,8,4,electronics,1,19,0,0,4.497666134663623,0
42.0,49968.0,8770.26399191339,4835.0,6,183,2,online,1,5,0,1,10.637959398684712,0
31.0,123934.0,32937.11614513759,249.0,11,66,4,electronics,1,19,1,1,46.121044954118105,0
68.0,36908.0,17506.588372652554,2590.0,77,205,3,retail,0,19,0,1,10.950505454162407,1
36.0,51423.0,14543.651543369606,4246.0,12,168,4,online,1,13,0,1,9.987467730850511,1
53.0,134151.0,28990.30505633208,148.0,66,213,3,food,1,9,1,1,40.24087052054178,0
29.0,99707.0,32382.251329074028,2516.0,53,159,3,travel,1,17,0,1,117.53758859970506,1
26.0,103257.0,14948.911493785576,4175.0,36,176,0,travel,1,8,1,0,77.7221259907883,0
36.0,86215.0,29640.920157197852,4490.0,17,100,2,online,1,11,0,1,117.74084165280676,0
,80835.0,26463.178811322494,4735.0,28,61,1,food,1,9,1,0,43.73107909015757,1
23.0,74429.0,31021.79979334143,2255.0,22,112,0,travel,1,23,0,1,26.375668007773477,0
40.0,107152.0,53005.42038399495,4310.0,7,52,1,online,1,23,0,1,65.40029627955273,0
56.0,133048.0,26656.08546595403,1759.0,15,166,3,electronics,1,20,0,1,15.147503752268795,0
39.0,63458.0,19282.511622042017,577.0,11,219,0,retail,1,18,1,1,4.06342899602508,0
46.0,71169.0,32990.11684092687,4910.0,24,36,4,food,1,5,0,1,21.126605675547527,1
23.0,32659.0,13523.30657414623,891.0,67,112,4,travel,1,13,1,1,17.779255293332056,0
39.0,85614.0,25252.92129346902,649.0,30,87,1,retail,1,7,1,1,56.27948562452939,0
40.0,133905.0,64026.49629666673,3971.0,70,183,3,online,1,22,0,1,40.077023277725296,1
52.0,102240.0,12564.751818063438,4430.0,66,85,1,travel,1,13,0,0,7.440257038910126,0
27.0,57793.0,27301.38129161975,4547.0,61,13,2,retail,1,10,0,0,119.57309941478155,0
72.0,138688.0,16670.707693914672,4909.0,78,165,4,electronics,1,23,0,1,44.98876090722847,1
61.0,71473.0,22794.304790443533,2345.0,41,47,0,food,1,15,1,1,30.59534186372642,0
53.0,121762.0,55544.94828420328,4331.0,51,90,0,online,1,19,1,1,138.3859715202496,0
60.0,114388.0,23459.649316836123,2995.0,44,232,0,travel,1,5,1,1,5.118352737789397,0
59.0,122618.0,35424.26657746298,569.0,13,199,4,electronics,1,14,1,1,77.93556173535572,0
38.0,113330.0,26035.47674903697,723.0,12,238,3,food,1,14,0,1,22.68018280672653,0
60.0,131956.0,63452.041088690814,4603.0,9,231,4,food,1,13,0,1,59.4361095715555,0
21.0,143452.0,61606.64314340816,3998.0,48,22,4,electronics,0,20,1,1,133.48386807206515,1
31.0,80751.0,30976.132416446595,266.0,49,167,0,travel,1,11,1,1,36.46080366656091,0
48.0,103915.0,34816.80332564361,586.0,53,215,4,food,1,1,0,1,1.144950803059344,0
45.0,79254.0,33939.472668438415,47.0,56,58,0,online,1,7,0,0,1.4636260150818907,0
70.0,32006.0,8222.55957240106,2082.0,40,30,3,retail,1,18,1,0,20.065748026229148,1
43.0,143171.0,39947.678658956,4515.0,24,146,2,online,0,13,0,1,76.08468214849078,1
51.0,141682.0,55539.441538471445,470.0,72,106,0,food,0,4,0,1,17.00222449149598,1
50.0,99218.0,24120.084841790296,1450.0,33,146,1,retail,1,23,0,1,20.35847305110653,0
62.0,90344.0,11343.626683367314,4488.0,23,238,2,electronics,1,8,1,1,76.7306040353113,1
55.0,58840.0,7633.539354742579,1842.0,77,74,3,retail,1,12,1,1,6.175611844575121,0
27.0,57430.0,8393.11427159463,4674.0,54,167,2,retail,1,8,1,1,93.80478166839723,0
36.0,48091.0,21538.637808368036,3409.0,53,94,0,retail,1,13,0,1,15.448180697812608,0
46.0,57983.0,16750.7419378488,442.0,49,154,3,food,1,4,0,1,2.6290783521430368,0
68.0,48989.0,18868.25775673172,4161.0,78,71,1,travel,1,1,0,1,6.24091348435713,0
72.0,100451.0,25832.354268338855,1761.0,78,7,0,food,1,6,1,1,152.40908731746538,0
69.0,133088.0,27081.32902786079,2057.0,49,197,0,travel,1,15,0,0,30.01235468433277,0
22.0,43990.0,10508.193380424682,2850.0,60,65,3,electronics,0,10,0,1,14.815163486951382,1
,115270.0,48145.159577884704,266.0,65,46,3,electronics,0,10,1,1,36.83102498051029,1
68.0,105360.0,36885.10837332493,681.0,32,18,2,electronics,1,22,0,1,57.3397297905267,0
32.0,144469.0,68630.85254829527,499.0,79,141,1,electronics,1,11,1,1,19.19484966043838,1
25.0,61081.0,22714.919032100635,3724.0,21,153,2,electronics,1,12,0,1,64.59854306184792,1
57.0,36033.0,11821.441894806754,2106.0,18,232,2,online,1,7,0,1,14.534466212354543,0
52.0,133272.0,45856.01700382406,1692.0,60,8,0,food,1,23,0,0,5.958168696731366,0
29.0,41241.0,19669.836214046754,4421.0,13,74,3,travel,1,15,1,1,39.89297535789539,0
61.0,149932.0,62263.81672670999,2470.0,24,160,0,electronics,0,20,1,0,8.191794279555298,1
55.0,147451.0,16163.06179636745,4539.0,30,145,1,online,1,0,0,0,141.0762429604137,0
39.0,30939.0,9704.199223496935,3922.0,2,102,2,online,1,12,0,0,0.022456448758557776,1
,138000.0,51796.28031737038,1985.0,25,79,1,online,1,10,1,1,70.46711683651084,0
36.0,72562.0,28987.02359700079,3226.0,50,79,3,food,1,3,0,1,16.388633666731277,1
23.0,60063.0,11127.082044941193,1399.0,14,121,3,electronics,1,3,0,1,93.56834365901952,0
40.0,145373.0,64962.96941946257,4525.0,6,176,4,online,1,14,0,1,3.1017965609678932,1
44.0,125000.0,60292.15735875819,3866.0,76,63,1,online,0,2,1,1,152.88102035656098,1
74.0,101721.0,19803.667050338398,1594.0,30,40,0,electronics,1,23,0,0,5.345579443788282,0
,52045.0,23578.788594594025,4949.0,30,84,1,food,1,18,0,0,77.5308057448007,0
44.0,141634.0,19657.596020081863,2973.0,38,15,2,online,1,20,1,0,36.42236966450727,1
72.0,69769.0,8531.544099569817,4539.0,58,99,3,travel,1,1,0,1,28.14058877264157,1
31.0,72118.0,10939.544806324033,986.0,41,134,3,retail,1,5,0,1,16.4360229851538,0
69.0,109703.0,13504.0478563089,3374.0,57,222,1,retail,1,21,0,1,92.05889513932425,0
28.0,126948.0,55603.845392980584,55.0,36,121,1,retail,1,23,1,1,11.14164232520682,0
56.0,46625.0,5763.7851941467725,1203.0,64,63,1,food,1,7,0,0,63.87043281118052,0
58.0,129724.0,27068.94622418354,3352.0,16,136,2,online,1,16,0,1,29.510729087938476,0
60.0,52076.0,7368.886138389304,4522.0,78,223,2,retail,1,4,0,1,324.94835649045626,1
40.0,147245.0,32124.26709480813,4953.0,72,128,0,retail,1,1,0,0,47.260111030273364,0
55.0,89805.0,12233.577195160266,256.0,14,112,1,electronics,1,11,1,1,5.5013249905258,0
68.0,69605.0,25559.046507187,3229.0,31,111,0,online,1,4,0,0,27.19509900321104,1
45.0,109565.0,16799.681053029697,4335.0,66,32,4,online,1,9,1,1,3.4299499738713024,1
55.0,113509.0,50027.77167841853,801.0,68,45,2,electronics,1,8,0,0,16.819506406848358,1
45.0,64121.0,27371.74294545718,646.0,65,122,3,online,1,19,0,1,21.027678038755713,0
49.0,90101.0,9502.472609034952,3785.0,55,180,4,travel,1,7,1,1,95.92624158799555,1
38.0,56433.0,25862.710168313784,2431.0,78,207,3,food,1,0,0,1,91.00408209229336,1
66.0,68309.0,7621.762932969065,4843.0,40,82,4,electronics,1,23,0,1,0.5812261857747704,0
38.0,92468.0,18110.62657738214,1098.0,25,13,0,retail,1,5,1,0,37.99412457759698,0
22.0,69254.0,7822.630939015505,4193.0,25,24,0,online,1,23,0,1,12.650749387998033,0
74.0,92293.0,21627.701179727836,3169.0,3,168,2,travel,1,21,0,0,19.289969953769273,0
55.0,121258.0,37049.97086997596,722.0,69,14,3,,1,10,1,0,1.0944556865972173,0
36.0,62853.0,26313.90798088339,4706.0,26,220,4,food,1,2,0,1,69.26391696131189,1
61.0,63405.0,14912.388083015985,3654.0,40,203,1,travel,1,14,0,1,150.37989538142148,0
56.0,91652.0,35029.0286965362,3900.0,38,70,1,online,1,10,1,1,12.376105431361275,0
53.0,68527.0,11992.347173196948,2596.0,38,62,2,online,1,23,1,1,20.910261018134953,0
24.0,102227.0,40915.271375032724,4319.0,68,120,3,travel,1,4,0,1,11.560928001505271,0
53.0,25492.0,4955.6101911353135,2118.0,7,89,1,online,1,15,0,1,132.99777367858857,0
34.0,118418.0,18641.113163739647,4803.0,30,189,2,online,1,20,1,1,0.47000049470148564,0
41.0,33811.0,5888.643455998859,3624.0,19,1,2,retail,1,6,0,1,43.836950945924755,0
68.0,118344.0,20452.831569757716,1252.0,35,217,3,electronics,1,5,0,1,102.30573939233736,0
40.0,49272.0,15035.111917065244,2069.0,33,194,1,online,1,8,1,0,10.308617398864614,0
28.0,118935.0,52083.90012744486,3496.0,33,126,1,online,1,6,0,1,44.57933174335017,0
27.0,97010.0,12789.99540761719,4342.0,78,32,1,food,0,2,0,0,2.5987871424892597,1
23.0,117492.0,44973.88470897169,3820.0,38,141,0,electronics,1,10,0,1,84.25797216733444,0
37.0,72153.0,26100.524041333058,3910.0,10,161,1,electronics,1,11,0,1,16.03982585562828,0
53.0,133042.0,59736.91977251282,2615.0,57,32,4,electronics,1,20,0,0,224.38454735815648,1
68.0,79110.0,15636.805404680574,4752.0,28,56,0,travel,1,10,0,1,127.55848997560125,0
32.0,38979.0,10915.832872673507,3044.0,78,152,0,retail,0,1,1,1,65.93477075556376,1
71.0,135059.0,63522.42774598681,4578.0,38,91,0,retail,1,0,1,1,34.342615879548624,0
42.0,133101.0,48448.41528258434,4217.0,16,4,0,food,1,23,0,1,72.74774550465469,0
42.0,53328.0,13625.696768433298,,21,216,2,electronics,1,23,0,1,6.998118356651759,0
66.0,137911.0,21040.385252781172,3373.0,6,23,4,electronics,1,1,1,1,18.567652801489785,1
50.0,37867.0,7762.507917668672,4031.0,41,29,3,online,1,13,0,1,1.3632357952576521,0
58.0,84234.0,28006.641812336286,1855.0,15,98,1,travel,1,12,0,0,51.785345245054884,0
58.0,50851.0,19692.923320559872,392.0,3,149,0,travel,1,23,1,0,81.87583233183588,0
65.0,56279.0,8428.835748055086,4122.0,43,30,3,food,1,4,0,1,146.20366457730572,1
71.0,142431.0,48403.594938133865,4598.0,47,90,2,retail,1,1,0,1,57.99894189961739,0
74.0,121063.0,38757.17074802228,3820.0,14,148,3,electronics,1,22,1,1,65.85544025146662,1
28.0,98402.0,30069.897546103624,1906.0,66,144,0,food,1,22,0,0,112.9072561152656,0
47.0,40449.0,15210.815994847815,1519.0,29,67,4,travel,1,18,0,1,137.73982050437218,0
47.0,,26098.790282003087,4222.0,4,177,3,travel,1,16,0,1,33.79460053553664,1
54.0,114080.0,26146.66522272686,1588.0,26,101,0,travel,1,10,0,1,5.814747840845382,0
41.0,30451.0,13873.624080427531,889.0,12,58,0,electronics,1,15,1,1,31.407061234865203,0
50.0,112178.0,18425.62295852951,2172.0,2,232,1,electronics,0,19,1,1,40.60485441046909,1
53.0,66316.0,11221.300378567286,1582.0,17,172,1,electronics,1,17,0,1,49.92180355292145,0
48.0,88064.0,18203.606004390895,1658.0,35,25,4,online,1,19,0,1,226.8034667931616,1
67.0,88761.0,13119.971804747269,4749.0,10,23,1,retail,1,7,1,1,124.7861762653356,0
53.0,130490.0,25070.74225154748,1369.0,43,236,4,travel,1,1,0,1,25.23921237970273,0
25.0,63870.0,9105.607718641873,4441.0,21,187,2,travel,1,16,0,1,6.021095574152882,0
68.0,121566.0,52115.46172929839,2979.0,15,129,2,online,1,10,0,0,12.090305823109034,0
39.0,148749.0,23143.499429657408,3970.0,35,97,1,travel,1,13,0,1,9.545897375598834,0
24.0,148765.0,59345.188460156845,3821.0,60,143,2,travel,1,15,0,1,22.00381578633943,0
55.0,149881.0,17860.65137468735,4252.0,44,128,3,electronics,1,14,0,1,104.57136785020707,0
69.0,55873.0,26785.970503673994,4227.0,5,81,3,electronics,1,14,1,1,28.80986958886415,1
37.0,83627.0,32151.5738558738,90.0,73,226,3,,1,2,1,1,41.88291684172857,0
64.0,91155.0,9363.315754546808,2742.0,18,209,2,travel,1,6,0,1,9.871772410732602,0
48.0,124186.0,50362.71333354551,2719.0,21,180,3,food,1,11,0,1,33.94725358026924,1
50.0,50372.0,15395.333805133714,2432.0,72,186,4,travel,1,21,0,1,103.42615680990659,1
49.0,28642.0,11793.2308834954,3651.0,74,169,0,travel,1,21,0,1,74.24240776187868,0
66.0,53001.0,16377.24134720403,4609.0,51,172,1,retail,0,22,0,1,4.233835175769811,1
73.0,59064.0,21050.996876549834,677.0,41,4,4,food,1,23,0,0,99.05127087958432,0
26.0,119826.0,49671.79077574645,2506.0,24,205,3,travel,1,2,0,1,15.998425588603723,1
55.0,39122.0,10251.654924634453,3509.0,24,196,0,food,1,18,0,1,54.788254689843754,0
61.0,49820.0,5035.96800962197,3508.0,38,135,1,electronics,1,9,1,1,7.913627620881646,0
57.0,,26398.715902684526,1454.0,44,46,4,electronics,1,7,0,1,56.14182245066056,0
44.0,80745.0,20376.496932051352,1355.0,57,9,1,food,1,15,0,1,1.817715561137159,0
49.0,75081.0,22405.45356482043,1199.0,59,215,2,travel,1,15,0,0,45.895189241018706,0
69.0,95902.0,9888.134606339963,468.0,34,161,3,food,1,11,0,1,51.914468549002734,1
66.0,33711.0,10006.665504364862,1222.0,75,33,4,food,1,22,1,1,14.018557395976075,0
73.0,110132.0,54470.73220395909,4569.0,23,84,4,electronics,0,4,0,1,138.2120548094106,1
51.0,,12678.423859650473,921.0,43,132,0,food,1,19,1,1,2.3531331859214273,0
55.0,33199.0,8570.896461510683,1035.0,40,65,0,online,1,5,0,0,111.14681242907946,0
53.0,101253.0,37957.31948497717,2421.0,47,106,0,online,1,5,1,1,24.055047883976588,0
72.0,,25555.04802056781,81.0,41,34,1,electronics,1,7,0,1,62.57327033258681,0
41.0,35211.0,9399.81058915152,2695.0,47,219,3,travel,1,16,0,1,52.71280089144014,0
52.0,136086.0,30465.23915897212,1203.0,20,85,1,travel,1,11,0,1,9.210940734180726,0
43.0,88069.0,41844.252151553956,1858.0,77,88,3,electronics,1,21,0,1,19.209595454424484,0
53.0,113896.0,42239.241249614584,2394.0,65,207,4,travel,1,13,0,1,37.716405201129305,1
,81746.0,12066.406222838526,,68,227,1,retail,1,1,0,1,93.70608111181846,0
38.0,46542.0,5937.416521657126,3751.0,24,192,1,online,1,18,1,1,154.89940949077229,0
45.0,56312.0,16523.063679082905,4758.0,36,153,1,retail,1,5,0,1,1.0400745999727918,0
62.0,70242.0,13208.026567717005,1308.0,45,55,2,retail,1,17,0,1,21.736322964768426,0
51.0,126971.0,25596.579248374514,4112.0,2,137,3,retail,1,3,0,1,55.152695591790625,0
74.0,118783.0,53580.264031083316,914.0,28,17,3,electronics,1,21,0,1,37.51016114887197,0
23.0,112893.0,15333.850873256504,3036.0,26,149,1,retail,1,4,0,1,143.25460419625438,0
60.0,80388.0,31041.476198007993,2038.0,23,188,2,food,1,5,0,0,0.855753262762776,1
66.0,131581.0,27428.967536828466,4721.0,79,141,1,travel,1,14,0,1,28.789491651918226,0
44.0,52691.0,21294.081725602173,2630.0,36,131,3,electronics,1,5,1,1,55.252223715304915,0
70.0,102960.0,40047.79045774662,2656.0,6,196,4,food,1,7,0,0,12.268417243486523,0
52.0,109388.0,11262.234126075331,4875.0,35,4,2,food,0,8,0,1,64.70789444918914,0
67.0,47601.0,14454.241916192415,2299.0,38,235,2,online,1,20,0,1,4.235898346285288,0
42.0,143307.0,22316.882824460277,3882.0,35,220,1,online,1,21,0,1,29.98635105700021,0
43.0,43020.0,19208.03474219787,1495.0,74,7,4,food,1,5,0,0,56.38685998416727,0
22.0,33155.0,14874.471978521238,3161.0,53,26,3,online,1,21,0,1,15.513914630223388,1
47.0,94119.0,25161.61562220201,1450.0,38,203,0,travel,1,1,0,1,3.8357601223109645,1
62.0,106051.0,29456.539892942215,775.0,59,24,3,travel,1,15,0,1,157.35289215431558,0
22.0,61777.0,13672.06405903739,4489.0,43,235,3,online,1,19,0,0,122.56761462011643,0
46.0,44710.0,17286.787050601193,2448.0,4,10,4,retail,1,0,0,1,130.43507635819992,0
37.0,133714.0,32554.618198287983,4102.0,5,229,2,food,1,15,0,1,191.99066005250342,0
60.0,49532.0,10258.91873922204,4793.0,68,13,3,travel,1,0,0,1,10.20983744846091,0
53.0,43601.0,11898.382570182428,1159.0,45,125,2,online,1,0,0,0,8.58546321225616,0
29.0,88227.0,12051.36771390813,3575.0,25,172,4,online,1,6,1,1,1.7406804188734315,0
63.0,29967.0,11946.083293429143,4152.0,78,234,4,travel,1,15,1,1,111.19922705997072,1
74.0,109289.0,11479.55923943693,1982.0,11,39,1,travel,1,16,0,1,69.87036228330273,0
68.0,45022.0,16108.602575912073,2676.0,29,147,0,retail,0,15,0,1,50.15543516727746,1
59.0,68463.0,11854.081638087531,473.0,34,179,4,online,1,15,0,1,131.33007278548314,0
49.0,99671.0,19232.67747609471,4228.0,14,19,4,online,1,5,0,1,42.792319785115566,0
62.0,30722.0,10883.354504887722,2191.0,24,76,2,electronics,1,17,1,0,6.947631779332103,0
46.0,52413.0,26058.558348831808,1652.0,59,52,4,retail,1,21,0,1,9.731720992554427,0
55.0,117772.0,48414.537649220976,3898.0,39,214,3,travel,1,21,1,0,7.088774404360645,1
70.0,106050.0,20185.11719891629,850.0,26,175,1,travel,1,2,0,1,18.383762208720043,0
45.0,134432.0,22908.543947875878,2664.0,43,229,1,food,1,7,1,1,23.86122852925855,0
44.0,127748.0,57038.606684381746,4128.0,36,120,3,travel,1,3,0,1,79.68784146118679,1
33.0,130922.0,36353.58033191167,575.0,39,158,4,online,1,22,0,1,10.613513479359197,1
27.0,110867.0,17164.553236459647,974.0,61,46,0,travel,1,3,0,1,64.61564460917835,0
56.0,108596.0,48312.68469082768,2292.0,16,204,4,online,1,16,1,1,33.7878143416062,0
65.0,91732.0,39117.91348701242,1005.0,59,221,1,online,1,21,0,0,399.31664957940774,0
40.0,37297.0,18408.402261709005,1197.0,6,149,0,retail,1,4,1,1,74.9356443114695,0
21.0,93323.0,43292.30403003512,4931.0,56,75,2,travel,1,13,0,0,173.612636407967,0
28.0,48816.0,21513.998868821203,4321.0,8,124,2,retail,0,14,0,1,20.9542343702528,1
66.0,149341.0,18074.70525739721,3264.0,27,229,4,online,1,11,1,1,6.565276052428169,0
36.0,65695.0,9313.327079671548,666.0,71,48,4,travel,1,12,1,1,35.2504431638089,0
34.0,44702.0,14644.07470071316,2992.0,27,62,0,travel,1,23,1,1,6.633129870447328,1
32.0,50242.0,15705.2321166765,1123.0,46,58,0,retail,1,22,0,1,33.908170488026,0
71.0,80841.0,22892.981689019416,4416.0,41,18,4,retail,1,17,1,1,15.73149810207978,0
43.0,92712.0,23986.052775134776,566.0,79,108,1,online,1,13,1,0,33.77000109975583,0
35.0,,16349.051636743892,3029.0,25,187,2,online,1,23,0,1,149.4241343928544,0
48.0,132096.0,43290.39196298797,2314.0,18,219,0,travel,1,18,1,0,17.05653803134543,0
54.0,117764.0,11874.215607462387,2590.0,12,229,1,travel,1,21,0,1,251.2928989450816,1
22.0,78574.0,16051.372487485893,61.0,51,48,4,electronics,1,6,0,1,13.024716206076173,0
52.0,110744.0,34032.94775518025,1371.0,39,63,3,electronics,0,5,0,1,11.666536934971319,0
43.0,53482.0,20798.424555705584,1204.0,10,12,0,food,1,4,0,1,39.349659169646685,0
42.0,34171.0,5797.543334337235,4029.0,74,215,3,online,1,3,0,1,92.27223530660953,1
71.0,125755.0,40084.71680385545,3148.0,77,34,1,food,1,17,0,1,69.2155203592806,1
45.0,123932.0,47810.96701733309,1658.0,54,189,2,food,1,13,0,1,64.28390242415585,0
42.0,133125.0,36988.92278391542,681.0,29,102,1,retail,1,15,0,1,16.608381617562692,0
42.0,131082.0,14528.139665495053,787.0,41,87,2,retail,0,22,0,1,1.1387074745084433,0
69.0,,16782.435803175285,4937.0,9,181,1,electronics,1,22,0,1,8.821842692287795,0
72.0,45058.0,9848.685500790421,,63,25,0,food,1,19,0,1,21.498646913666878,0
62.0,45313.0,21381.385069508116,3032.0,77,190,0,electronics,0,13,0,1,178.2159727157699,0
26.0,44149.0,6615.52254572499,1870.0,37,132,3,online,1,4,1,0,126.14753654791453,1
35.0,78521.0,28345.325800953357,3149.0,14,222,1,travel,1,21,1,1,11.197480508750402,1
74.0,70740.0,8565.758508201045,1084.0,73,222,1,retail,1,10,0,1,64.66251516698115,0
63.0,131611.0,36649.47499638672,1726.0,72,141,3,online,1,11,0,1,43.25812431259668,0
57.0,29956.0,9633.603807665893,1293.0,39,170,4,online,1,17,0,1,2.5563838308163414,0
53.0,100731.0,22078.419274591673,4696.0,40,49,1,retail,1,3,0,1,23.237322526779476,0
28.0,107612.0,30349.83971584784,1996.0,54,78,1,retail,1,12,1,1,33.28377437828859,0
73.0,142850.0,23630.463819454908,2643.0,3,184,1,food,1,19,0,1,55.06691855534774,0
64.0,91641.0,20312.185475640123,1011.0,55,175,4,electronics,1,12,0,1,17.471144900617976,0
64.0,88811.0,30945.529528640014,1056.0,33,136,0,online,1,3,0,1,135.76781306490037,0
25.0,77160.0,17030.756924098692,2186.0,71,55,3,food,1,22,1,0,30.062965846940156,1
59.0,76313.0,35096.13741704649,2348.0,19,216,4,food,1,22,0,1,14.286174527437531,1
24.0,88232.0,31001.441074631923,1865.0,34,18,2,online,1,6,0,0,19.02117079197051,0
26.0,40417.0,11133.250951250873,510.0,78,35,2,online,1,22,0,1,69.69323290612756,0
65.0,49729.0,5743.837459269576,2243.0,50,217,4,travel,1,1,0,0,51.12221247910652,1
52.0,137492.0,41222.759881584265,4584.0,47,209,4,electronics,1,20,1,1,67.77429689138737,0
72.0,55099.0,22365.262465940115,2549.0,46,160,0,online,1,17,0,1,17.289705300071063,0
50.0,143387.0,29569.702922482382,4618.0,56,152,2,retail,1,20,0,1,19.789251963639952,0
67.0,123134.0,52049.90269005253,3724.0,57,7,3,travel,1,5,0,1,25.268619033945015,0
55.0,54961.0,11031.920667569,2342.0,51,13,1,electronics,0,15,0,0,10.449274966393597,1
60.0,37602.0,16150.0046718904,610.0,54,126,1,retail,1,2,0,1,58.72790854229716,0
72.0,143474.0,19240.916017757525,4294.0,28,219,0,retail,1,21,0,1,19.97535815401417,1
36.0,34256.0,15294.39565240699,998.0,19,112,0,electronics,1,14,0,1,19.743785521269235,0
33.0,111120.0,33299.83937108467,1891.0,27,69,2,travel,1,20,0,1,15.692060936146863,0
70.0,137516.0,30063.065269687984,4493.0,48,100,3,retail,1,19,0,1,30.149586332507898,0
62.0,59681.0,12296.989559210599,1764.0,19,90,3,food,1,9,1,1,73.9152369945765,0
50.0,116328.0,31734.769719700493,2474.0,51,42,4,electronics,1,8,1,1,90.27528753356589,0
39.0,112440.0,56177.25022670954,2233.0,7,109,0,electronics,1,10,1,0,81.61175977117261,1
37.0,89789.0,16892.090531746842,4492.0,29,159,1,online,1,13,0,0,48.536498162593425,0
39.0,68361.0,9658.497333606918,1504.0,43,202,1,travel,1,23,0,0,16.454902101617705,0
48.0,89503.0,29895.26108233056,862.0,69,110,2,food,0,11,0,1,66.37396045191905,0
46.0,59540.0,17589.127380741164,461.0,58,26,1,food,1,6,0,1,2.007878563982725,0
57.0,51536.0,15959.591610207444,2334.0,8,214,3,online,0,10,1,1,80.01211789944385,1
46.0,109700.0,40235.12612241069,1768.0,42,76,3,retail,1,16,1,0,75.75813250464765,0
73.0,88043.0,18212.366137448633,4318.0,76,32,0,retail,1,8,1,0,55.43329988946775,1
43.0,103532.0,48066.3873208339,,42,91,2,food,1,21,0,1,5.152905632570766,0
29.0,81575.0,22373.479517570333,4146.0,13,225,1,travel,1,22,1,1,296.4965680289712,0
32.0,27871.0,4226.204537926221,4705.0,26,125,0,retail,1,12,1,0,70.61327397473359,1
73.0,71002.0,28182.07853024941,3348.0,18,126,4,electronics,1,15,0,1,66.36483894752428,1
21.0,74812.0,26725.969131218648,2598.0,42,52,4,online,1,2,0,1,3.3074095997064656,1
21.0,47626.0,10777.638114681902,1792.0,51,148,1,travel,1,4,0,0,25.433491339426144,0
67.0,84979.0,29624.315859875765,3530.0,16,103,1,retail,1,22,0,0,4.50570014781725,0
54.0,,11276.686952855445,1789.0,3,105,1,food,1,16,1,0,22.395436995541644,0
52.0,133946.0,37228.38113049063,3142.0,79,168,3,online,1,0,0,1,42.2549952248189,1
74.0,91668.0,42145.73883281375,3583.0,45,187,1,retail,0,20,0,1,105.5454498149268,1
68.0,124003.0,19023.758205852962,3228.0,22,205,4,food,1,8,0,1,16.629629917598084,0
45.0,105070.0,26759.07840007305,3767.0,23,14,1,,1,22,0,1,48.830528539882835,0
60.0,114390.0,49011.192785504216,4026.0,59,172,2,online,0,16,0,1,8.995339076287603,1
65.0,67998.0,33169.17687112852,2847.0,62,104,4,electronics,1,12,1,0,21.84499138793887,1
73.0,88814.0,25007.398352066153,2391.0,68,117,2,electronics,1,14,0,0,147.09770492657205,1
21.0,129601.0,39243.163108079185,4249.0,54,214,4,food,1,20,1,1,68.84511337839719,1
36.0,70607.0,23220.438282266652,3946.0,57,210,0,electronics,1,7,1,1,39.461517012401885,0
59.0,32812.0,15518.082889314128,4438.0,23,48,4,online,1,7,0,1,14.497351720877496,1
25.0,86844.0,38496.44422224368,1429.0,60,93,4,food,1,1,1,1,23.87802332918558,0
42.0,95093.0,15998.48909745841,4160.0,73,171,2,retail,1,22,0,1,8.521230379881501,0
49.0,27179.0,7466.156292506262,1340.0,55,144,2,,1,9,0,1,21.806566832744227,0
23.0,68798.0,19648.720583623093,2927.0,63,110,4,retail,1,4,0,1,8.163185414550142,0
32.0,99601.0,41398.00472653113,1456.0,56,163,4,online,1,15,0,0,79.31220722779544,0
46.0,33275.0,11352.004267478344,1450.0,55,53,3,food,1,18,0,1,4.210352364146085,1
36.0,75574.0,27334.222878952256,3754.0,25,162,0,retail,1,0,1,1,10.499366249859522,0
71.0,72857.0,36376.04026911756,2854.0,26,3,0,food,1,12,0,1,58.74768631438953,1
57.0,126484.0,16440.898455304454,4185.0,49,68,1,electronics,1,3,0,1,116.40371625562236,0
42.0,45700.0,8646.61957419664,874.0,63,133,4,travel,1,6,0,0,167.04032373553625,0
49.0,64464.0,16964.241482687758,481.0,45,138,4,online,1,0,0,1,90.40142985731016,0
34.0,67351.0,16104.497051098242,1512.0,73,52,4,retail,1,1,0,0,11.879353956874356,0
,118330.0,12857.527709675427,4694.0,79,157,4,travel,1,15,0,1,16.82340183974509,0
25.0,119319.0,16312.224890613692,1420.0,39,96,0,online,1,13,0,1,102.30124853885647,0
67.0,107534.0,40043.65249511686,3780.0,65,31,2,online,1,4,0,1,110.06146340569,0
69.0,38869.0,17558.285026575748,1915.0,69,66,3,electronics,1,13,0,0,51.17336224789627,0
50.0,85315.0,26080.010986462756,4669.0,56,204,2,food,1,16,1,1,18.81773045193988,0
66.0,135061.0,42635.57455607632,4011.0,9,91,2,food,1,11,0,1,12.683789042705445,0
72.0,118688.0,23979.41174240378,3514.0,70,69,0,travel,1,19,0,1,95.62274809983737,0
25.0,45954.0,18710.196165769434,3493.0,28,165,3,electronics,1,11,1,1,11.486698427348246,0
32.0,56555.0,22662.597155422078,4572.0,45,155,4,online,1,2,0,1,54.20653534149512,1
36.0,88353.0,29628.849495779046,608.0,26,87,0,electronics,1,20,0,0,172.028119926582,0
46.0,107190.0,19837.193948460335,1001.0,28,33,0,electronics,1,20,0,0,61.0884090997755,0
46.0,70026.0,9720.119100108172,1942.0,40,68,3,travel,1,1,1,1,14.898090630794862,0
68.0,125772.0,15808.965665080976,2794.0,15,187,1,food,1,20,1,1,16.599527807746497,0
41.0,71976.0,24261.55683707511,3051.0,6,192,0,electronics,1,20,1,1,4.874841086359318,1
59.0,105578.0,45400.031569783416,76.0,27,213,2,electronics,1,14,0,1,57.955945834808695,0
56.0,116502.0,51649.08478533652,3408.0,38,88,2,electronics,1,10,1,1,36.535773857523516,0
53.0,138943.0,39661.11675020078,2760.0,68,172,4,retail,1,9,0,1,11.563303714540954,0
50.0,134850.0,55788.59388460431,479.0,75,95,0,electronics,1,17,0,1,12.917057936756175,0
57.0,70095.0,33558.12694500962,1734.0,64,108,4,electronics,1,22,0,1,0.45327613631049496,0
43.0,39270.0,8249.372126962573,3995.0,30,216,0,online,0,21,0,0,191.7980237310362,1
30.0,55908.0,14490.466818182149,1641.0,3,177,3,retail,1,22,0,1,88.01832688238095,0
74.0,40523.0,19150.829286798114,784.0,62,53,0,electronics,0,23,0,1,25.057788933074125,1
25.0,87433.0,20572.319266180868,3022.0,12,74,1,electronics,1,20,0,1,146.02182609186025,0
56.0,72068.0,33551.29459636449,2513.0,30,49,2,travel,1,1,0,1,56.52371766852168,1
54.0,44991.0,22154.37575907627,1496.0,38,113,3,travel,1,6,1,1,69.60808413738995,1
72.0,35775.0,13048.01152590002,4029.0,60,114,2,retail,1,6,1,1,56.96476149810758,0
51.0,102801.0,43870.955460527206,4237.0,38,194,4,online,1,23,0,1,70.70359691683635,1
30.0,109995.0,43978.005734599305,939.0,15,95,3,retail,1,6,0,1,9.373072862126632,0
39.0,86250.0,32758.931887735573,3022.0,18,191,1,retail,0,22,0,1,41.32227259337318,0
52.0,41673.0,9283.595441738762,1515.0,52,25,2,travel,1,13,0,1,94.64852210411635,0
21.0,147808.0,18156.39995899894,4739.0,29,132,0,travel,1,23,1,1,0.9868032580473662,0
25.0,52056.0,12348.760395217174,2954.0,60,179,0,online,1,1,0,0,6.58767460924474,1
65.0,31614.0,11595.205694494522,2829.0,21,139,0,electronics,1,1,0,1,14.094265950980049,0
24.0,126556.0,17845.874084367057,1194.0,17,145,3,online,1,22,0,0,17.458494353808266,0
36.0,32415.0,3396.028567295887,298.0,18,108,1,electronics,1,14,1,0,10.087689270162894,0
44.0,113691.0,17721.80621344028,1821.0,57,194,1,food,1,10,0,0,48.95226092487983,0
36.0,139966.0,54068.07787040535,537.0,37,198,1,travel,1,9,0,1,17.408352743802638,0
22.0,68884.0,33692.368537960996,926.0,60,201,2,food,1,2,0,1,8.604692550158866,0
69.0,41964.0,20697.730821854533,1718.0,38,69,3,food,1,16,1,1,118.13065392840201,0
48.0,62726.0,18666.73444358697,3584.0,12,84,0,travel,0,8,1,1,59.3778363486177,1
52.0,148133.0,66325.20576115977,3329.0,75,157,2,food,1,14,0,1,14.122041361959134,1
47.0,62044.0,24490.66424825853,1416.0,73,85,1,retail,1,13,1,1,,0
40.0,82149.0,24678.881771219272,1251.0,1,201,0,electronics,1,18,0,1,67.50498086616307,0
44.0,62544.0,20583.49390925718,3143.0,58,220,3,online,1,16,1,1,78.24954247796046,0
32.0,74976.0,11613.097017898612,808.0,3,119,4,travel,1,21,1,1,9.705710809096896,0
70.0,57252.0,27198.397577288455,1533.0,63,72,1,retail,1,19,0,1,137.89571329288958,0
55.0,28832.0,6941.9356598954355,4117.0,21,223,1,online,1,16,0,1,76.91914419709673,0
53.0,115811.0,32248.6966158245,4938.0,23,20,1,online,1,15,1,0,97.18069237559521,0
53.0,105437.0,38870.83591029018,2898.0,9,27,1,online,1,19,0,1,7.7659985653007855,1
71.0,128749.0,30070.74372262892,2700.0,55,8,0,food,1,7,1,1,7.737293391605843,0
63.0,59148.0,11930.368341669306,4101.0,19,85,3,food,1,6,0,1,18.218714270498563,1
57.0,86240.0,30392.679870249533,1251.0,62,61,2,food,1,11,0,1,3.341533017466457,0
32.0,133169.0,14647.742101356644,700.0,39,156,0,food,1,0,0,1,4.774212724789643,0
23.0,113454.0,44053.05874394993,537.0,76,215,3,retail,1,11,1,1,7.727955566532193,0
21.0,137230.0,41938.77081926137,1505.0,27,198,2,food,1,5,0,0,62.31440202775782,0
53.0,110076.0,37679.179056328954,3835.0,46,3,1,travel,1,15,0,0,1.5348324867490297,0
60.0,102116.0,36021.62973666198,2903.0,34,197,3,online,1,17,0,1,4.345738975598576,0
30.0,78459.0,24386.631291300022,902.0,33,201,1,retail,1,18,1,1,144.28432013389371,0
63.0,63402.0,21113.722622919016,396.0,50,7,3,food,1,22,0,0,4.368209143042995,0
64.0,82727.0,30899.798598006662,1259.0,20,188,4,online,1,2,0,1,38.551368187939715,0
49.0,63578.0,25510.516026395733,2538.0,40,4,1,retail,1,2,0,1,51.44123357054683,0
33.0,115453.0,45139.924372462585,4513.0,58,231,1,online,1,4,1,0,159.21588684396448,0
,47318.0,21191.204618790063,3538.0,31,133,1,retail,1,2,0,0,115.0307107782982,0
51.0,100715.0,17703.418148581986,907.0,38,139,0,electronics,1,18,0,1,29.05192331169721,0
66.0,102787.0,26771.81853606136,,45,125,2,retail,1,4,0,1,142.50724599978423,0
22.0,136435.0,65368.52250667298,3705.0,41,15,1,food,1,13,0,1,28.305102964099905,0
71.0,110029.0,28457.485723661393,2696.0,9,192,1,online,1,20,0,1,55.42081690484713,0
70.0,45466.0,6817.537166641872,4522.0,9,226,0,online,0,15,0,1,15.028779941299453,1
55.0,120742.0,37451.51817888891,425.0,63,13,0,online,1,0,1,1,50.61868281825043,0
43.0,70475.0,10134.05051631029,1481.0,79,118,4,travel,1,16,0,1,38.62997212831395,0
37.0,85142.0,15422.732180707162,4190.0,77,7,3,travel,1,10,0,1,46.675792142234926,1
46.0,110160.0,55005.917689542635,4272.0,22,104,1,food,1,8,0,1,57.38768993766619,0
28.0,51564.0,16322.329234503259,2441.0,16,6,3,electronics,1,20,1,1,9.525063991125764,0
49.0,47412.0,10128.31053647393,2525.0,32,184,0,travel,1,3,0,1,17.92402872513473,0
46.0,118526.0,59015.278506330724,1105.0,66,64,0,retail,1,1,0,1,66.63604692592673,0
30.0,76001.0,36983.877747643775,819.0,14,231,4,food,0,8,0,1,8.945807266001454,1
46.0,82649.0,22835.55640262932,3054.0,38,178,2,electronics,1,21,0,1,21.0980311088296,0
54.0,85957.0,17549.0880088329,1002.0,8,30,0,retail,0,4,1,0,54.902426044715405,1
71.0,60517.0,26346.672359370026,1291.0,21,22,1,online,1,3,0,1,138.75037039850406,0
,38156.0,14737.689630710185,4380.0,56,153,4,travel,1,22,0,1,3.9143071019098583,0
27.0,48064.0,18013.26125280349,1783.0,46,156,2,retail,1,4,1,1,36.34148599282292,0
24.0,50711.0,23187.376374481562,3571.0,43,118,4,electronics,1,23,0,1,4.2727388689511825,0
73.0,55106.0,20707.00823164529,3826.0,46,84,0,food,1,23,0,1,23.83183505147385,0
70.0,90458.0,19314.51773266098,1766.0,48,167,2,retail,1,17,0,1,9.642024611296689,0
65.0,41589.0,15701.730015699934,2383.0,70,195,3,food,1,12,0,1,52.410945171306075,0
31.0,114272.0,25405.56862456274,2586.0,31,133,2,online,1,4,0,1,70.9062929014974,1
49.0,111511.0,45016.49914421247,901.0,33,193,1,electronics,1,23,0,1,14.207297034342048,0
56.0,126754.0,44097.60781928958,4194.0,44,143,3,electronics,1,18,1,1,62.393996581670855,0
45.0,,7857.8772476340155,717.0,71,90,3,travel,0,22,0,1,29.60349565343422,0
41.0,121117.0,36956.93223682284,2407.0,8,195,1,electronics,1,2,0,0,16.674436711930806,0
56.0,110731.0,26278.723848005437,4492.0,73,168,3,retail,1,21,0,1,37.05406077773542,1
30.0,135118.0,31270.122701408854,2144.0,2,121,0,retail,1,17,0,0,23.87358379658531,1
57.0,52127.0,17770.225709607716,2364.0,17,233,2,retail,1,5,1,1,13.067994996613624,0
29.0,30141.0,6900.177013733174,4545.0,52,239,2,online,1,5,0,1,70.70276702347292,0
44.0,53884.0,22133.257091308544,986.0,45,106,1,electronics,1,23,1,1,79.85673267741814,0
55.0,115421.0,14810.427334338307,744.0,37,226,0,electronics,0,4,0,1,80.55001680788112,1
69.0,27708.0,10090.015078953413,2478.0,42,69,3,retail,1,0,0,1,24.074895488485478,0
55.0,43375.0,18377.029843444463,2550.0,44,95,2,,0,7,0,1,9.288080434231706,1
68.0,40088.0,14797.79071421208,642.0,38,77,2,travel,1,0,0,0,91.75776413009473,0
56.0,82615.0,24692.93597863078,4278.0,6,171,2,electronics,1,20,0,1,19.96897389528151,1
38.0,135138.0,64882.835688912026,4109.0,68,1,2,electronics,1,5,1,1,68.92956574572464,0
69.0,70046.0,15408.396582558065,2911.0,51,150,4,food,1,19,0,1,85.03671221287607,0
59.0,35014.0,3769.857765519829,1673.0,35,62,1,electronics,1,13,1,1,73.08377203483971,0
52.0,89425.0,24394.759817247283,2025.0,58,207,3,retail,1,10,0,0,24.69891949432032,1
44.0,28273.0,3200.638585483981,3191.0,57,154,3,online,1,1,0,0,139.04453570165614,1
43.0,72135.0,34738.391057397,4073.0,73,18,1,electronics,1,20,0,1,53.96437359923991,0
52.0,127842.0,23518.73712180896,2640.0,6,48,0,electronics,1,3,0,1,42.87118083385495,1
57.0,55881.0,23222.512410114938,3882.0,13,137,1,retail,1,12,1,0,59.85136601940211,0
32.0,122022.0,50008.13389324094,1064.0,59,1,2,food,1,6,0,1,2.287912225759087,0
69.0,103077.0,19284.836717047096,390.0,30,235,2,electronics,1,5,1,1,24.75704480185508,0
33.0,33712.0,11748.315518218958,3092.0,2,137,1,travel,1,2,0,0,,0
43.0,99704.0,11887.866189589213,2401.0,58,151,1,travel,1,8,1,1,8.781978642528934,0
45.0,77874.0,22850.554914841192,1602.0,36,107,3,travel,1,13,1,1,26.755971122138366,0
55.0,94087.0,9959.941705474585,4271.0,72,173,3,online,1,19,0,0,25.980537610202624,1
61.0,37297.0,17472.061319641944,2757.0,45,130,4,online,0,10,0,0,22.006066157386517,0
50.0,134269.0,65850.1377533009,2399.0,9,142,4,electronics,0,4,0,1,41.31694055796097,1
37.0,52128.0,9847.66242373447,3563.0,65,38,2,electronics,1,13,0,1,278.6120538501865,0
69.0,93368.0,17108.977695277652,3037.0,77,40,4,electronics,1,18,0,0,14.775555227513305,1
40.0,119019.0,47784.70867769925,1217.0,50,191,4,online,1,7,0,0,61.031729300039004,0
68.0,112599.0,22672.006771513694,3863.0,79,82,0,electronics,0,6,0,0,70.93984413453056,1
45.0,113499.0,51986.0177553241,554.0,32,16,1,retail,1,6,1,1,43.913450283963925,0
42.0,103958.0,34261.6100532292,3091.0,43,127,3,food,1,23,0,0,5.127982526214457,1
33.0,57920.0,13918.815969902911,3673.0,78,117,4,travel,1,22,1,1,42.47525608681268,0
39.0,145442.0,62987.657542620946,2249.0,54,93,3,travel,1,2,0,1,153.3769647014137,0
69.0,36156.0,10751.445064058686,2377.0,47,236,4,retail,1,2,0,1,20.932087834025285,1
56.0,36108.0,16777.696499274254,3783.0,14,203,4,electronics,1,17,0,1,51.039265347703456,1
32.0,56845.0,26785.68771475267,2637.0,48,134,2,online,1,12,0,0,160.19656811696112,0
61.0,27800.0,4619.472091667912,3941.0,55,3,0,electronics,1,0,1,0,79.97197350195192,1
39.0,128614.0,12980.929022500834,2484.0,29,14,1,electronics,1,4,1,1,58.28694455155345,0
32.0,67712.0,33420.77272756894,3140.0,47,66,1,travel,1,3,0,1,177.28032113000012,0
29.0,27610.0,12768.382948991884,3517.0,63,224,2,travel,1,15,1,1,9.351609037027744,0
27.0,102603.0,12535.839007568497,106.0,19,95,2,online,1,14,0,0,74.0849607402468,0
48.0,58872.0,25504.15727469547,3868.0,9,203,1,travel,1,17,1,1,26.11419830452235,0
34.0,35728.0,10115.381852190136,2718.0,37,86,1,electronics,1,16,0,1,22.348092110738612,0
51.0,120102.0,24450.922674683832,3346.0,52,195,0,retail,1,13,1,1,36.76856145847989,0
72.0,120319.0,54323.861192913806,466.0,57,114,4,online,0,13,1,0,1.7166887420220736,1
39.0,147049.0,26272.78794230492,4378.0,28,159,0,retail,1,18,0,1,18.736826767815245,0
,45583.0,21830.610349425966,,36,161,1,electronics,1,5,0,1,9.08901483648546,0
36.0,110774.0,20188.405871362727,4098.0,64,216,4,online,1,12,0,0,7.465091857097071,1
73.0,32263.0,11146.00427427698,3894.0,18,129,1,retail,1,17,0,1,20.574700525129042,0
25.0,92450.0,17494.73265088149,1041.0,35,172,0,online,1,14,1,1,81.0412140925669,0
55.0,114285.0,36373.19735037617,217.0,68,15,0,electronics,0,22,1,1,11.226667572900539,1
32.0,44456.0,16608.319350203008,1947.0,78,37,0,online,1,6,1,0,37.901971885526535,0
45.0,116118.0,20447.354748389094,1156.0,39,155,4,electronics,1,18,0,1,69.04667661076253,0
72.0,90942.0,28042.35794014607,4309.0,8,230,3,online,1,16,0,1,13.785799943546332,0
41.0,38689.0,11127.880980283724,2574.0,15,176,3,online,1,8,0,1,128.98502334533373,0
,57934.0,7439.592788632469,452.0,7,27,1,travel,1,10,1,0,100.68190479419567,0
73.0,58276.0,24902.682553138384,4794.0,17,236,4,electronics,1,4,0,1,14.462712833220678,0
43.0,141349.0,33114.248659386016,842.0,64,12,2,food,1,1,0,1,228.48082559226813,0
36.0,126968.0,41878.22098350682,1471.0,12,67,3,online,0,14,0,1,55.30769689469326,1
59.0,44873.0,13727.265189661815,3526.0,56,30,4,retail,1,23,0,1,16.85062174452946,1
65.0,38050.0,11616.824879562131,1169.0,46,96,4,travel,1,11,0,1,57.13407989209705,0
73.0,,8573.337461003699,396.0,47,215,3,travel,1,9,0,0,54.867894348443535,0
62.0,109444.0,29483.42600811359,2051.0,79,194,4,online,1,9,1,0,46.59479619065008,1
59.0,109040.0,30634.428569553766,2563.0,16,135,4,food,0,19,0,1,62.187009264010726,1
34.0,46644.0,18352.414658383732,1728.0,69,34,3,travel,1,10,1,1,15.620306452466906,0
,87021.0,37941.81150902844,4785.0,2,32,0,electronics,1,9,0,1,193.12709587991662,0
25.0,62125.0,19755.309610785447,4060.0,54,117,1,online,1,6,1,1,97.5597193503563,0
55.0,91899.0,12380.006678247426,3419.0,27,39,2,online,1,13,0,1,68.47016166705328,0
43.0,67291.0,13104.235090364878,699.0,31,96,1,food,1,12,1,0,1.3328579746455873,0
49.0,60060.0,9968.375061110011,1179.0,41,171,0,electronics,1,4,1,0,44.62692480285382,0
63.0,26538.0,3976.6138187651973,4998.0,36,171,0,electronics,1,18,0,1,61.29115431604464,0
31.0,61176.0,15071.302196897199,,47,206,4,food,0,9,1,1,96.24163192249355,0
38.0,147430.0,28270.793609048218,4889.0,43,131,1,retail,1,7,0,1,146.08425682369514,0
67.0,66520.0,12460.60919908072,4600.0,65,174,0,electronics,1,17,1,0,123.75955986548483,0
32.0,50675.0,6176.130648660946,3506.0,50,160,1,retail,0,0,0,1,26.047580319544327,1
29.0,43287.0,4634.6532916239785,3927.0,1,43,0,retail,0,4,1,1,113.40975721758961,1
,25174.0,3552.235096186243,4852.0,72,228,2,online,1,10,1,1,0.03745448562631126,1
64.0,117268.0,19804.10160682024,2494.0,57,81,0,online,1,19,0,0,21.65275258021303,0
37.0,59998.0,16343.064705373798,1864.0,16,3,1,travel,1,10,0,1,6.045205200563791,0
58.0,127591.0,38814.21626375235,,28,74,4,online,1,15,1,1,107.30800722823605,0
27.0,78312.0,12235.213718397043,3241.0,22,117,1,electronics,1,9,1,1,131.54189390587925,0
66.0,37112.0,10017.023748258242,2607.0,41,63,3,electronics,1,14,1,1,14.786277946554986,1
33.0,130410.0,30867.986611089673,3993.0,76,111,1,retail,1,6,0,0,22.888770825970383,1
,100225.0,17375.953867833057,2201.0,19,40,2,electronics,1,14,0,1,206.37734369833396,0
62.0,69814.0,7172.431996491941,2645.0,50,18,2,online,1,15,0,1,41.74284926827932,0
29.0,110091.0,31574.885577298024,666.0,59,67,2,online,1,5,0,1,34.36380678823097,0
70.0,75719.0,28338.645921044656,3822.0,69,103,0,online,1,10,0,1,34.70092050016394,0
47.0,58919.0,11224.713700167586,3350.0,34,190,2,food,1,16,0,1,59.56733900039558,0
22.0,98155.0,14990.499755403425,3921.0,39,138,1,electronics,1,14,0,1,154.54946098797768,1
25.0,96569.0,43921.232315399466,1806.0,74,180,4,travel,1,15,0,1,22.834427858777236,0
49.0,66328.0,13929.537243828261,4373.0,7,201,2,electronics,1,23,0,1,9.476853071420207,0
57.0,95482.0,18088.59206521729,1772.0,52,46,1,electronics,1,1,1,1,10.229149222950795,0
58.0,49618.0,21972.77437982592,4482.0,60,55,0,food,1,3,0,1,1.0284569919239008,0
39.0,59675.0,25471.846457110594,3295.0,52,174,0,electronics,1,18,0,0,40.530194286816204,0
28.0,126794.0,35418.45695348016,1595.0,79,75,4,retail,1,5,0,1,132.33638681500142,0
68.0,43919.0,12986.652622018571,3573.0,24,188,4,online,1,17,0,1,62.427051363565965,1
65.0,29173.0,5458.25318644917,2450.0,26,97,1,online,1,20,1,1,247.83951473280052,0
21.0,134369.0,17645.426864267065,4594.0,10,228,4,food,1,10,0,1,120.135415931154,1
42.0,51400.0,16929.75832931239,4827.0,17,26,4,online,1,8,1,0,33.84968500763936,1
72.0,75445.0,10512.353043749454,3110.0,78,155,0,retail,1,2,0,1,33.33007094861058,1
37.0,95305.0,26657.744279081406,3254.0,2,166,1,food,1,1,1,1,49.49110906629731,0
27.0,62564.0,29792.906691107204,1050.0,77,22,4,travel,1,17,0,1,5.8792801112623,0
45.0,70814.0,34071.005773890305,3137.0,27,26,1,online,1,14,0,1,,0
65.0,104747.0,20502.43560759047,2283.0,73,214,2,electronics,1,21,1,1,31.18796120556986,0
24.0,113791.0,39786.496072166025,3639.0,71,197,0,retail,0,17,0,1,51.46463326268479,1
56.0,52962.0,15339.410839872144,2124.0,48,163,0,retail,1,18,1,1,41.644602506839384,0
26.0,109892.0,49481.516016276946,1687.0,74,194,0,online,1,14,0,0,18.58187782914893,0
51.0,110842.0,23118.57594323452,3104.0,9,227,3,travel,1,16,1,1,46.79432186385419,1
,95533.0,9694.780812768513,1008.0,23,73,1,electronics,1,17,1,1,22.78644816984387,0
64.0,81184.0,13397.347576934402,2294.0,71,115,2,travel,1,17,1,0,10.822123977039713,0
74.0,107912.0,25878.281807916836,1599.0,73,51,4,travel,1,10,0,1,56.20740567589926,0
59.0,131416.0,29737.923195967414,1171.0,27,113,2,online,1,17,0,0,18.289178880830498,0
47.0,128591.0,53563.95965317241,2530.0,71,146,1,electronics,1,22,1,0,109.92241723141885,0
30.0,35578.0,13242.994951955032,3865.0,43,171,0,online,1,2,1,1,11.115473694813788,0
46.0,,13189.351670757535,,7,12,3,online,1,12,0,1,45.832544640280126,0
39.0,141164.0,39963.17928258054,704.0,63,3,1,retail,1,13,0,1,42.378918718791574,0
59.0,64194.0,8873.12844780055,4422.0,44,210,1,online,1,3,0,0,11.016238939515066,1
23.0,134903.0,61955.35993822643,4873.0,39,120,4,food,1,17,1,1,,0
65.0,25389.0,12038.700347169533,3808.0,40,230,2,electronics,0,4,0,0,56.27946154239386,1
33.0,124303.0,61147.307543382696,3693.0,7,135,2,retail,0,13,0,0,19.17494735948002,1
70.0,136116.0,60901.17484609804,1981.0,70,225,4,electronics,1,11,0,0,6.042360752304445,0
48.0,138903.0,23555.775673467528,1513.0,25,134,3,retail,1,6,1,0,47.75686869456292,1
40.0,92391.0,10946.355711792676,3259.0,59,82,0,food,1,11,1,1,12.6879930840416,0
48.0,131429.0,43613.227314848125,4228.0,13,45,0,online,1,7,0,0,57.20271251439774,1
28.0,38794.0,18040.839765161352,3252.0,62,127,3,retail,1,20,0,1,91.46281758583713,0
61.0,83002.0,14188.40708819279,1878.0,8,86,4,retail,1,20,1,1,,0
59.0,60531.0,6223.625866045572,1681.0,45,115,1,retail,1,2,1,1,28.777906161033705,0
21.0,77815.0,32853.369928799635,1092.0,18,167,2,food,1,21,0,1,29.432355990756893,0
23.0,29986.0,3919.7181556088026,1738.0,60,179,1,electronics,1,0,1,1,50.05648514703566,0
33.0,57298.0,15211.61128655237,3861.0,60,9,2,food,1,2,0,1,20.35391509010256,0
48.0,26481.0,9839.146230438488,2152.0,2,227,1,retail,1,10,1,1,27.113162015084235,0
69.0,81408.0,15851.687134726684,1158.0,66,151,4,retail,1,17,0,1,0.6031859476979823,0
45.0,94267.0,12592.659587373035,263.0,14,12,4,online,1,6,0,1,,0
53.0,146950.0,59956.84780863362,4112.0,48,116,3,food,1,8,1,0,42.182471149903776,1
58.0,41835.0,14728.849870499753,3552.0,56,88,1,food,1,3,0,1,12.160667983811631,0
73.0,52798.0,26155.928239973728,2785.0,12,62,1,travel,0,22,0,0,7.807953335790485,1
26.0,116649.0,27730.175111495977,4647.0,55,104,3,electronics,1,23,0,1,19.608649646534555,1
64.0,89887.0,11209.354246586872,3343.0,28,73,3,travel,1,9,0,1,8.92857156163788,0
65.0,44477.0,17512.37460864318,4194.0,4,77,4,travel,1,17,1,1,3.0736910521019056,0
52.0,42266.0,13047.233872500514,3289.0,36,40,4,electronics,1,22,0,1,16.69385777802718,1
65.0,111328.0,20627.02690947585,4318.0,50,182,1,online,1,15,0,0,8.977775772727933,0
67.0,110988.0,45803.8148126641,2891.0,3,234,4,online,1,11,0,1,80.32105895138395,0
41.0,68526.0,12437.619369341299,275.0,1,209,4,electronics,1,18,0,1,3.2352983274239446,0
36.0,142965.0,29202.69739327631,2350.0,17,135,1,electronics,1,23,0,1,68.80596253235832,0
74.0,139615.0,19128.8496471638,3158.0,71,17,3,food,1,21,1,1,24.12781203142984,0
41.0,131870.0,34256.25385431951,3369.0,62,119,1,food,1,2,0,1,56.24596149176795,0
31.0,36889.0,9870.45205673098,1014.0,48,126,0,food,0,7,1,1,2.7064147410235604,0
57.0,49335.0,15087.862370733323,2104.0,62,178,1,food,0,18,0,0,126.7283763633431,1
56.0,36254.0,13906.51621612217,4727.0,69,24,0,retail,1,8,0,0,72.91652806722024,0
55.0,111610.0,51612.96986000893,3281.0,19,2,1,retail,1,18,0,1,7.549463310941618,0
39.0,36442.0,5651.922412667809,4532.0,34,227,0,online,1,16,0,0,12.345203690717586,0
40.0,71289.0,8678.668633270965,219.0,49,92,0,retail,1,12,1,1,51.6406982856373,0
38.0,78747.0,8458.411620741186,897.0,47,211,1,retail,1,1,0,1,127.27272396530029,0
67.0,62327.0,9813.295852358046,,50,161,4,food,1,3,0,1,29.514404734090192,0
61.0,41199.0,14962.644345886882,3603.0,26,149,2,food,1,10,1,0,33.24089310107555,0
69.0,97827.0,38249.46004366531,424.0,56,117,4,electronics,1,1,0,1,13.577331674132406,1
34.0,131464.0,54505.27484930442,3434.0,78,202,0,food,1,3,0,1,24.145194092328833,0
35.0,25112.0,4959.200246936742,1294.0,14,53,1,electronics,1,3,1,1,16.8448555414953,0
51.0,112051.0,24915.427888306625,3158.0,78,46,1,,1,19,0,1,21.58309970594135,0
21.0,44581.0,13073.55025358221,778.0,25,45,1,retail,1,0,1,1,1.0406357256504355,0
73.0,139228.0,17441.542483862246,992.0,4,9,1,food,1,10,0,1,2.096377389301668,0
74.0,84722.0,29183.052851801283,3212.0,79,230,2,retail,1,22,0,1,57.07910031804231,0
74.0,117036.0,57756.565360510394,4684.0,32,6,3,food,1,1,0,1,57.253002176392556,1
23.0,122562.0,29944.6572540443,3536.0,78,51,0,retail,1,18,0,0,20.04109027231218,1
36.0,41523.0,16656.494283287815,2797.0,65,234,2,retail,0,7,0,0,108.34260486366102,1
43.0,91960.0,27589.24755031246,2220.0,61,119,4,retail,1,22,0,1,15.469950445049637,1
31.0,142637.0,21555.979217612767,1048.0,20,35,3,online,1,19,1,0,25.191241163969103,0
32.0,44552.0,14831.13712762113,3942.0,74,82,3,retail,1,3,1,0,,1
30.0,148396.0,32639.656776010186,551.0,10,181,1,travel,1,15,0,1,68.04461080379006,0
52.0,35808.0,4073.5640353205736,368.0,34,147,2,travel,1,14,0,0,98.72372974687093,0
36.0,129347.0,45785.20232061593,859.0,61,197,4,travel,1,4,0,1,1.4744808898992254,0
28.0,97525.0,43259.45094715763,4532.0,27,25,1,electronics,1,4,1,1,10.152261692151992,0
58.0,48620.0,11567.082426668752,2554.0,40,139,1,retail,1,14,0,1,51.162038100116014,0
32.0,129565.0,33183.95702984904,4591.0,65,202,0,travel,1,22,0,1,20.639576740192425,0
44.0,25887.0,11815.051322788882,1841.0,33,17,3,electronics,0,16,0,1,2.226948390041259,1
48.0,56802.0,24166.043126757024,1482.0,68,36,4,travel,1,2,1,0,44.150858630947006,0
73.0,110024.0,42467.18778338429,1446.0,71,218,3,food,1,17,0,1,24.967354287292405,0
28.0,120549.0,24051.794895351293,339.0,9,223,2,online,1,10,0,0,22.635293770994817,0
48.0,139737.0,64850.077886029605,4364.0,16,96,0,retail,1,5,0,1,15.351011740061438,0
56.0,143639.0,23235.949998870008,4248.0,5,21,1,online,0,11,1,0,0.30079763635840784,0
46.0,143248.0,50238.249346191275,4018.0,23,18,0,online,1,21,1,1,10.066657890299144,0
,106938.0,11925.776258113448,4732.0,43,188,1,food,1,16,1,1,32.14507502920735,0
70.0,111741.0,39946.05795142232,1398.0,57,146,0,food,1,13,1,1,16.129996888087163,0
48.0,146028.0,30791.134166145195,4195.0,51,1,1,food,1,5,0,1,103.7281447878525,0
48.0,147746.0,41349.78986839436,729.0,13,142,3,electronics,1,9,0,1,7.715848308391315,0
57.0,51049.0,12155.064047184202,3245.0,24,136,3,travel,1,15,1,1,104.1083775078319,1
61.0,102789.0,17381.89768711667,4586.0,11,194,3,retail,1,17,0,1,25.945057872563382,1
56.0,109526.0,38201.827206328664,2141.0,52,51,3,food,1,19,0,1,16.137167442843435,0
47.0,32846.0,14872.347633659358,1110.0,17,79,0,retail,1,5,1,0,18.141252177032513,0
,115563.0,55890.160916352565,682.0,37,188,1,retail,1,18,1,1,20.029161655921484,0
37.0,129736.0,22955.299108054533,526.0,13,162,3,retail,1,2,1,1,35.31810416963467,0
29.0,71220.0,27558.515587505986,2542.0,62,36,0,food,1,11,1,1,21.838680554311996,0
53.0,71163.0,26026.85293830407,3680.0,8,62,1,food,1,15,0,1,52.09359727411923,1
73.0,28765.0,6827.404846845032,791.0,56,129,0,,1,2,1,1,27.684830165992334,0
40.0,142126.0,15298.397122939057,3533.0,70,85,3,food,1,15,0,1,55.68280045871644,0
33.0,106486.0,40029.84430454314,3568.0,44,42,2,food,1,3,0,1,46.37092309638024,0
48.0,70270.0,33602.969540606435,2396.0,60,1,0,retail,1,19,0,1,,1
68.0,100277.0,35382.54378613431,4792.0,41,224,3,travel,1,12,0,1,,1
49.0,113278.0,31051.43568421073,1599.0,21,212,4,online,1,3,1,1,80.21790875192616,0
33.0,115239.0,35731.18384141198,1511.0,42,54,1,food,1,3,0,0,225.40429275684096,1
66.0,129245.0,23244.910098402415,3804.0,74,175,3,food,1,6,0,0,9.621633175210869,0
55.0,147332.0,58964.86909366627,4328.0,74,100,4,online,1,20,0,0,94.14054886338837,1
26.0,128159.0,51080.06759769289,3090.0,29,39,0,retail,1,11,0,1,102.77879917662256,0
38.0,47931.0,7583.0158899478665,1086.0,65,158,0,travel,1,1,0,1,51.38404818416772,0
71.0,114116.0,51488.15243893244,1110.0,17,7,4,retail,1,15,0,1,35.299948384520185,0
25.0,145599.0,30237.40275102951,512.0,30,150,4,electronics,1,6,0,1,157.63048223525143,0
67.0,80633.0,39744.201184600824,1349.0,26,121,1,food,1,18,0,1,180.02864691554228,0
45.0,105702.0,26759.64575590598,3895.0,53,178,0,electronics,1,10,0,0,51.3188777728065,0
22.0,76913.0,13163.938643778629,633.0,19,45,4,food,1,0,0,1,22.279980850366368,0
30.0,144144.0,34693.737491923086,1896.0,53,74,2,electronics,1,8,0,1,84.95860878288117,0
50.0,119776.0,33066.81562001401,3360.0,17,120,2,online,1,4,1,1,4.67464230462284,0
70.0,50991.0,6512.729061998277,1060.0,46,72,4,food,1,16,0,0,17.16647981515587,1
,146049.0,48384.18654371209,3782.0,53,219,1,food,0,0,0,1,211.8679062357679,1
25.0,79845.0,27071.684864532937,3926.0,64,138,0,electronics,1,16,1,1,84.19013089431078,0
53.0,129092.0,51065.20413678964,4028.0,45,142,2,travel,1,11,1,0,140.323800516686,1
74.0,123505.0,13791.5510189473,1339.0,49,46,4,electronics,1,12,1,1,45.16805546637762,1
21.0,80312.0,25418.369391043903,4124.0,19,123,4,food,1,23,1,1,26.184775847297686,0
38.0,35561.0,4308.676493815238,3377.0,71,118,3,food,1,10,0,0,194.8323497024835,1
52.0,41901.0,15941.557584329097,3961.0,65,75,4,travel,1,12,1,0,18.51157717243362,1
67.0,131041.0,16025.160389697083,2507.0,37,6,1,retail,1,12,1,1,70.82000710158806,0
69.0,120556.0,56021.30499386955,1583.0,70,21,2,travel,0,5,1,1,40.845686855102386,0
31.0,87875.0,33465.702225990055,2644.0,26,190,3,retail,1,21,0,1,12.971393453408547,1
41.0,50917.0,15425.605867536378,2778.0,2,225,2,food,1,5,1,1,0.8818962556095187,0
46.0,87120.0,24097.528718502384,1221.0,59,147,2,online,1,19,0,1,24.206270940099586,0
45.0,26988.0,4109.43717983725,785.0,5,103,1,online,0,20,1,0,39.668865390578446,0
42.0,138745.0,30024.384122059673,1170.0,37,88,4,electronics,1,9,0,1,10.117463009245071,0
47.0,135041.0,60442.142600450745,2393.0,31,210,1,travel,1,18,1,1,26.769142110107996,0
69.0,39256.0,18127.679828278902,2664.0,76,99,4,travel,1,2,0,1,47.75026964033795,0
33.0,143490.0,14391.915469635002,3550.0,48,62,3,online,1,6,0,1,62.74982016144398,1
53.0,112728.0,38063.12285539256,4707.0,6,107,1,retail,1,4,1,1,2.709217151505317,0
54.0,53230.0,20638.34856736272,4645.0,15,229,1,travel,1,7,0,1,54.559121200257074,0
61.0,130466.0,45336.777525325626,1105.0,15,83,0,retail,0,4,0,0,2.9168128901148753,1
55.0,84778.0,11247.658842335904,33.0,61,181,1,retail,1,11,0,1,1.4295165790404667,0
21.0,70833.0,13252.143102649057,4729.0,16,152,0,retail,1,3,1,1,8.268032043971354,0
41.0,47625.0,9531.482093615405,3566.0,20,56,4,retail,1,18,0,1,53.01441481641513,1
68.0,57088.0,24701.398300777983,1089.0,77,190,4,electronics,1,17,0,1,2.7133826644512036,0
26.0,104650.0,29854.528403891414,4328.0,44,162,4,electronics,1,2,0,1,1.0558813990200286,1
48.0,66167.0,19501.484919806328,188.0,42,22,0,online,1,6,0,0,6.275865926366573,0
37.0,128937.0,61110.621897439465,2857.0,46,68,4,electronics,1,7,0,0,149.50837996619822,1
25.0,96291.0,34167.35492948377,1970.0,34,185,2,travel,1,14,0,1,118.9073406425481,0
51.0,90303.0,41491.255781324086,1483.0,64,10,1,electronics,1,20,0,1,4.521732855702232,0
,101361.0,28644.97763450925,4898.0,29,66,0,travel,0,16,0,1,18.121228033062923,1
58.0,113229.0,18091.107246307176,4989.0,3,8,4,travel,1,18,1,1,147.14981810685083,0
23.0,29117.0,13742.473877062062,1222.0,9,225,2,retail,1,3,1,1,5.1397279413814765,0
73.0,115265.0,32675.558062967524,819.0,75,123,1,online,1,15,0,1,4.968700307581972,0
43.0,122718.0,21187.577932050102,429.0,75,38,1,retail,1,12,0,1,,0
57.0,85710.0,18938.33556057967,3669.0,25,235,4,retail,1,11,0,1,187.48721332337666,0
73.0,119426.0,14369.460030476648,3826.0,42,123,2,electronics,1,3,1,1,67.95507569611652,0
57.0,119876.0,34442.80068057025,1288.0,46,62,0,electronics,0,11,0,1,12.070745998432098,0
30.0,92054.0,40618.944294809975,2533.0,73,156,4,travel,1,16,1,1,2.3518163700987507,1
30.0,55949.0,26488.05717324731,1450.0,59,138,1,electronics,1,8,0,1,167.96656944749358,0
39.0,47547.0,22491.6748640703,1350.0,21,45,1,electronics,1,11,0,1,27.711805373978844,0
37.0,106882.0,16042.134239700685,2231.0,74,65,1,food,1,14,0,1,45.61187141781768,0
41.0,93136.0,23546.78816061992,2402.0,22,226,4,travel,1,19,1,1,16.369417362755478,0
34.0,136541.0,15195.85322858684,1371.0,29,67,3,travel,1,1,1,1,71.01537987386561,1
29.0,141883.0,62721.669856235,601.0,63,137,3,food,1,8,0,0,10.95772253668595,1
66.0,,14610.138288510572,536.0,73,133,3,travel,1,13,0,1,77.30248701960684,0
21.0,86842.0,30607.18597448698,2513.0,61,106,2,online,1,3,0,0,13.107412206855393,1
71.0,119803.0,46239.09103078937,1302.0,64,138,4,online,1,3,1,1,5.1521726441219915,0
65.0,126858.0,34497.49404571088,1664.0,69,140,1,food,1,5,0,0,32.58323544509429,0
33.0,51990.0,11571.774830898854,4916.0,40,82,2,electronics,0,23,0,1,83.89033649549845,1
,41193.0,19973.874562562447,197.0,75,58,3,online,1,4,0,1,24.29565148103827,1
21.0,55109.0,26771.69263713583,2768.0,1,149,0,food,1,23,1,1,1.4649348130698208,0
69.0,44233.0,9544.355546828785,538.0,65,149,2,online,1,16,0,1,40.29448965946034,0
60.0,138557.0,40437.86581184875,443.0,62,193,2,retail,1,12,0,1,57.045422981937136,0
52.0,106730.0,52205.66282151368,3522.0,54,131,4,food,1,19,0,1,67.48750465648307,1
54.0,59510.0,6066.887575831599,1814.0,60,69,2,travel,1,16,1,1,25.701951921959843,0
48.0,26306.0,6972.965600744761,312.0,46,89,4,online,1,18,0,1,5.102723305156858,1
51.0,28849.0,4044.1399402985035,4192.0,5,64,0,travel,1,22,0,0,43.8927512493489,0
,37360.0,11344.856637367535,447.0,22,177,1,food,1,0,0,0,19.990149800952945,1
59.0,136072.0,14949.956021693268,2598.0,53,72,1,online,1,20,0,1,146.76713199064562,0
46.0,147207.0,38680.01895588806,842.0,70,17,3,travel,1,16,0,1,34.92930805787728,0
54.0,119767.0,22549.686435926094,806.0,32,73,3,electronics,1,21,1,1,31.958149938876122,0
74.0,70800.0,22183.29282483154,569.0,11,160,0,electronics,1,2,0,0,18.495936588008572,0
74.0,61963.0,30882.201791690666,3598.0,10,70,1,retail,1,13,0,0,20.683925198137697,1
23.0,79330.0,33335.61168788196,771.0,39,113,3,food,1,11,0,0,35.94938795875346,0
,76707.0,33617.3671688938,3584.0,31,232,2,travel,1,14,0,1,18.31208479468071,0
32.0,43689.0,15470.536813092354,3795.0,12,21,4,retail,1,5,0,0,111.42255237291752,0
21.0,54084.0,6307.489133582733,2524.0,38,135,3,food,1,19,1,0,28.90331695423058,1
74.0,65387.0,11947.451857399383,694.0,67,7,0,electronics,1,21,0,1,17.267118894184634,0
64.0,99816.0,46916.097506527694,4243.0,66,111,1,travel,1,1,1,0,8.444300972643642,0
25.0,27642.0,6812.239522314617,587.0,52,231,0,online,1,3,0,1,55.79057650974123,0
50.0,67137.0,9496.84356229647,4815.0,5,27,4,electronics,1,12,0,1,1.3062627600310113,0
50.0,104832.0,39937.02372579428,,11,8,4,online,1,12,0,0,29.891467054696914,1
37.0,80561.0,17705.945479146994,2338.0,25,201,0,online,1,22,0,1,39.9389222397012,0
68.0,87260.0,18110.18168800721,2741.0,35,28,3,travel,1,21,0,1,20.759457502515094,0
67.0,40438.0,20186.284939145975,837.0,35,207,3,travel,1,22,0,1,69.2782807909642,0
43.0,73442.0,32553.57557272302,440.0,22,194,1,online,1,16,0,0,56.29822312675105,0
35.0,128061.0,33702.46998320164,1073.0,37,199,1,retail,1,5,0,1,177.71565810655966,0
57.0,27994.0,13775.97290064603,1719.0,55,47,2,online,1,10,0,0,35.541815670537005,0
41.0,148439.0,53444.76270844986,1244.0,75,210,2,online,1,18,0,1,38.58921665929678,0
34.0,138530.0,54969.94810356127,311.0,72,86,1,travel,1,15,1,1,14.1074914580123,0
22.0,124575.0,14027.794936786604,1430.0,64,10,2,food,1,7,0,1,24.346006753633223,0
31.0,,8918.52622435337,4638.0,20,114,0,electronics,1,0,0,0,1.3613964864876584,0
71.0,118027.0,41691.15528998861,778.0,4,33,3,travel,1,9,0,1,58.442316099950084,0
59.0,148489.0,68246.96886385568,1414.0,18,135,2,retail,1,1,1,1,18.6709167506215,0
58.0,109381.0,38228.385001274924,453.0,51,131,2,electronics,1,18,0,1,38.866347752495315,0
54.0,143808.0,22090.34080089023,3114.0,68,14,0,travel,1,13,1,0,14.718042724743006,0
58.0,80276.0,11744.701388987984,4365.0,20,172,4,travel,1,2,0,1,48.51572969348341,0
70.0,66243.0,28992.862518829854,3315.0,9,46,1,,1,22,0,0,29.672558262598127,1
54.0,87912.0,13689.738880196066,1548.0,26,61,0,retail,1,23,0,1,32.87555310311557,0
38.0,85272.0,26271.687894439703,3940.0,25,164,4,retail,1,8,1,1,142.89176852099564,0
50.0,127700.0,14665.748383674401,1341.0,68,13,0,travel,1,22,1,1,61.23604885652662,0
35.0,67051.0,8868.695429338333,79.0,41,16,3,food,1,7,1,0,15.183780199462548,0
47.0,103854.0,38315.822795112836,3445.0,59,208,0,travel,1,10,0,0,,0
71.0,107736.0,40473.45937352758,490.0,45,133,0,online,1,14,1,1,31.431009760568525,0
54.0,146992.0,34776.50840647527,4104.0,41,217,3,online,1,5,0,0,79.25009758474228,1
72.0,147019.0,27381.39283050688,3506.0,38,38,1,food,1,1,0,1,89.59450811726218,0
58.0,90618.0,38556.518926194294,2803.0,19,230,4,travel,1,0,0,1,16.66486170593271,1
53.0,26920.0,5029.76757493178,2902.0,14,178,2,food,1,2,1,1,86.06079712517672,0
44.0,131121.0,41540.55256069015,1208.0,21,38,1,travel,1,22,1,1,9.892154058931377,0
35.0,102219.0,49809.63580166613,2382.0,15,103,0,travel,1,17,0,1,71.9363740931792,0
50.0,101872.0,16212.009419966704,1902.0,3,56,2,online,1,13,0,1,14.303138797772597,0
62.0,106132.0,50556.03200869938,1893.0,37,63,3,electronics,1,16,0,1,17.68619067008455,0
71.0,27093.0,4691.348594715776,807.0,46,120,1,retail,1,1,0,1,95.68545471754643,0
37.0,37905.0,12394.073920048208,27.0,16,48,4,retail,0,18,0,1,27.24281307280919,1
25.0,,15048.185087009873,53.0,14,105,1,food,1,21,1,1,233.17082645670212,0
49.0,49351.0,23983.176565086644,164.0,9,218,1,retail,0,8,0,1,8.240373186695049,0
24.0,55981.0,11723.362530222972,4972.0,7,59,2,online,1,7,0,0,31.120368676395106,0
30.0,98903.0,25701.25015211492,3458.0,14,77,3,electronics,1,9,0,1,65.92250255185803,0
37.0,95821.0,47253.5557412097,4848.0,6,172,3,travel,1,8,0,1,0.2690756187884812,1
30.0,134200.0,42217.730598997245,4090.0,15,218,1,travel,1,7,0,1,8.235199762159446,0
37.0,128241.0,38607.21546295407,1435.0,52,127,3,online,1,6,0,1,1.0283401801866463,0
40.0,107289.0,21791.61848836721,4330.0,72,55,2,retail,1,21,0,1,247.2273896349004,1
44.0,141506.0,53849.46078611573,4322.0,34,55,2,travel,0,23,0,1,71.48612543992448,1
25.0,109021.0,11528.881430306039,3649.0,1,129,4,retail,1,5,1,1,23.385041954896142,1
54.0,103513.0,12401.380335349404,4136.0,69,136,3,online,1,1,0,1,8.497022086881891,0
26.0,44874.0,15245.646895652806,1902.0,20,127,4,travel,1,8,1,1,4.7365957057978125,0
73.0,75931.0,17970.57682584362,907.0,7,132,0,food,1,8,1,1,37.95443566500553,0
22.0,32674.0,15726.863658117676,3434.0,7,85,2,electronics,1,18,0,1,186.25916313297424,1
33.0,75516.0,34833.73928024875,4550.0,50,214,1,retail,1,8,0,0,56.136685961830935,0
63.0,146982.0,56658.98932512791,1268.0,2,115,2,retail,1,1,0,1,22.7174103301678,0
63.0,119574.0,51088.9758871103,2025.0,47,181,0,retail,1,18,1,0,34.74252884956113,0
68.0,85686.0,31440.998748250386,4843.0,14,58,1,retail,1,15,0,1,340.77557795510336,0
31.0,119851.0,18005.556236766188,1712.0,31,37,3,online,1,21,1,1,36.57010581530271,0
71.0,94212.0,38270.54877806367,883.0,50,49,3,online,1,13,0,1,166.49244442847814,0
67.0,27426.0,5048.489973633233,575.0,61,67,2,online,1,19,0,1,0.8248524968051081,0
43.0,147952.0,33936.806919113726,2028.0,41,19,1,online,0,23,0,0,63.820567451297784,1
36.0,115009.0,49188.622999874904,1895.0,14,129,1,travel,1,0,0,1,49.330489637695955,0
51.0,93498.0,29415.42853342825,2133.0,5,29,4,online,1,12,0,1,57.81151792637736,0
31.0,54943.0,24393.38906375162,4652.0,75,87,0,travel,1,21,0,1,42.26448764596766,0
74.0,91395.0,16927.64522283005,2324.0,5,33,3,food,1,1,1,1,2.259114770790413,1
36.0,69816.0,23954.663787911373,,64,119,2,online,1,21,1,0,8.100302198880097,0
28.0,29138.0,3890.400543244499,3893.0,29,180,1,food,1,13,0,1,127.71365333864291,0
24.0,125728.0,44913.10903832034,3202.0,75,169,3,online,1,0,0,1,13.258535486542186,1
60.0,116176.0,47052.86174904421,1869.0,5,151,2,food,1,14,0,1,247.64617606854938,0
24.0,100945.0,33712.83963707282,34.0,36,133,3,electronics,1,17,1,1,56.907456154683025,0
45.0,29017.0,5991.795791596392,3513.0,79,71,2,food,1,8,0,1,29.38123801182595,0
23.0,35451.0,3989.551581486274,4265.0,19,185,3,travel,1,21,0,0,126.31697681576439,1
52.0,87956.0,12998.098415185088,1147.0,64,134,4,retail,1,7,0,1,79.23389671965512,0
23.0,118863.0,41473.819600670395,1199.0,22,177,0,food,1,6,0,0,28.015245730112415,0
47.0,35278.0,16713.59056390808,4808.0,34,22,3,retail,1,8,1,0,3.552945155956982,0
49.0,115480.0,21088.23718827492,4106.0,56,77,0,electronics,1,8,1,1,101.36317026713095,0
52.0,68764.0,27093.735246825207,3167.0,17,204,3,electronics,1,10,0,1,72.41698499749617,0
70.0,148030.0,66107.30035710224,2377.0,76,4,1,travel,1,3,1,1,78.20765550333958,0
71.0,26134.0,8058.493940618902,4487.0,56,72,4,travel,1,6,1,1,68.2968948953796,1
39.0,87943.0,32337.19675355152,1751.0,17,192,4,food,0,20,0,1,16.131242050496272,0
41.0,120667.0,51404.881286944306,3698.0,74,165,0,online,1,6,1,1,97.89509000238418,0
25.0,79318.0,16202.29286466736,3756.0,18,159,1,electronics,1,3,0,1,0.11175245031673502,0
38.0,128423.0,28093.593270609956,907.0,45,165,2,retail,1,11,0,1,13.542970406857973,0
48.0,128998.0,12932.179356015036,4033.0,78,128,4,online,1,16,0,1,2.3839180608427424,1
62.0,85128.0,41307.31087002725,726.0,56,45,1,electronics,1,19,1,1,5.860210847841599,0
42.0,113056.0,52799.18224139375,3977.0,50,218,1,food,1,2,0,1,38.00487171460178,0
41.0,46869.0,19020.719981656293,4031.0,58,235,0,electronics,1,8,1,1,1.8983967872686067,0
26.0,127468.0,16778.664896740553,3225.0,18,136,1,travel,1,4,0,1,10.006828155168561,0
21.0,142034.0,39627.650174231974,400.0,7,168,1,retail,1,19,0,0,13.246487205303112,0
25.0,30039.0,4228.190559020591,3894.0,76,225,2,retail,1,15,1,1,53.259669417389986,0
61.0,46281.0,4922.822355675833,1709.0,10,237,0,travel,1,7,1,0,31.632765972918914,0
32.0,137935.0,47790.77892263985,,69,93,0,online,1,20,0,1,30.662533999211135,0
46.0,35442.0,17165.686480062413,242.0,3,5,1,travel,1,15,0,1,73.14420527940483,0
66.0,98788.0,45555.810519526094,1936.0,44,156,2,retail,1,18,0,1,30.506651867246546,0
54.0,144729.0,54809.15104431446,3141.0,70,104,3,food,0,15,0,1,21.423030192642305,1
69.0,52586.0,7291.376703557573,3316.0,14,81,4,online,1,17,1,1,164.10548734071796,0
34.0,78053.0,16365.030252974419,2734.0,4,87,0,electronics,1,14,0,1,0.41639451271181843,0
46.0,75489.0,17213.204902337493,4811.0,18,237,2,food,1,23,0,0,18.220453054444256,1
65.0,108104.0,43810.22953701046,243.0,52,137,2,online,1,17,0,0,47.00263067260414,0
47.0,111346.0,46865.4948444452,1401.0,38,130,1,retail,1,13,0,1,76.34896075449362,0
29.0,92087.0,23394.00701910912,2902.0,20,63,4,retail,1,23,0,1,84.75331814861839,1
46.0,37625.0,10051.654149095028,1265.0,44,224,0,food,1,15,0,1,2.3584134300673343,0
67.0,59397.0,6997.1813623547005,2548.0,51,51,3,online,1,4,1,1,61.744295698780824,0
42.0,83671.0,18044.04334672646,3700.0,19,116,1,electronics,1,7,1,0,63.69359779514293,0
67.0,141214.0,39612.51400398529,899.0,68,113,0,electronics,1,15,0,1,12.044976838404372,0
50.0,116785.0,17143.246028840924,4697.0,66,31,0,travel,1,20,0,0,5.982834844634166,0
63.0,91897.0,25851.267936401677,755.0,13,7,2,food,1,0,0,1,69.2519889609095,0
68.0,51149.0,22570.53584846969,1729.0,62,158,4,online,1,10,1,1,14.350781810972531,0
37.0,85030.0,28274.890522888516,437.0,61,186,3,food,1,10,0,0,0.08376032294092303,0
46.0,94906.0,12486.966728910224,741.0,30,3,4,electronics,1,1,0,0,12.652607091487441,1
56.0,30283.0,5350.0530192548795,809.0,30,51,2,online,1,21,1,1,1.578042704568947,0
21.0,32610.0,9450.95650346821,4307.0,51,56,3,retail,1,18,0,1,14.32991211334026,1
28.0,68326.0,16712.188399490053,845.0,48,73,3,retail,1,23,0,1,20.399884293768896,0
69.0,39924.0,9721.127011343378,144.0,33,10,1,online,1,4,0,1,15.831530668638482,0
55.0,138143.0,43060.13723555999,2548.0,74,61,3,food,1,2,0,1,126.24711466519092,1
72.0,135253.0,45141.82063309556,3728.0,19,238,0,food,1,22,0,1,13.232986431576094,0
35.0,101162.0,42361.044068912015,50.0,71,50,4,retail,1,7,1,1,31.51188892126745,0
67.0,125297.0,29618.53500086358,3377.0,57,122,4,retail,1,3,0,1,157.82744892004152,1
42.0,25869.0,10921.542910390775,2425.0,19,175,1,electronics,1,12,0,1,105.68073914894403,0
34.0,122088.0,28744.947095961234,2050.0,79,218,3,online,1,21,0,1,18.49947919249893,1
46.0,26014.0,3178.213509726903,4349.0,41,1,2,food,1,13,1,0,19.762643668641765,0
48.0,35103.0,11291.759645288475,2959.0,42,222,0,electronics,1,0,1,1,44.98758820046451,0
43.0,107522.0,36037.173510936096,4271.0,52,185,1,food,1,4,0,0,124.96824385486316,0
34.0,135317.0,64115.3729667253,3476.0,4,38,3,retail,1,20,0,1,0.5025064621611554,1
,121007.0,47244.10115313674,3098.0,4,190,2,online,1,6,0,1,24.971192930506163,0
22.0,58458.0,27306.26148780798,4833.0,5,79,3,travel,1,22,0,0,94.78121731629372,1
65.0,115605.0,53564.29169605725,1125.0,41,89,1,online,1,5,0,1,26.4214816526282,0
46.0,107409.0,36715.580243491015,4588.0,61,198,2,travel,1,14,0,1,63.65808389742026,0
34.0,48248.0,15010.185651341168,2600.0,75,82,2,electronics,1,14,1,1,58.8705851195818,0
71.0,,19378.583211926398,3583.0,55,193,2,travel,1,7,0,1,11.49951620491059,0
27.0,68516.0,33664.12544752572,2988.0,75,190,2,travel,1,1,0,1,29.8550003807246,0
23.0,54061.0,22125.38743341294,2457.0,13,184,3,electronics,1,13,0,1,41.757052565217286,1
67.0,49170.0,7007.037815456842,1240.0,14,67,2,online,1,15,0,1,62.84458767821896,0
43.0,33024.0,13585.127882219582,2676.0,60,17,3,electronics,1,22,0,1,86.4081534678621,0
,107214.0,18035.026549829756,4985.0,72,127,2,retail,1,9,0,1,71.34190537804777,0
63.0,128792.0,35925.26876301301,4935.0,25,112,2,retail,1,14,0,1,1.4359982785103418,0
67.0,,11051.032132236824,4864.0,44,136,1,travel,1,22,1,1,55.529867411574806,0
65.0,68803.0,25858.453463153128,4268.0,10,60,3,electronics,1,3,1,1,,1
38.0,44296.0,19974.124829762684,2604.0,71,40,3,electronics,1,11,0,1,42.649571082410176,1
58.0,116829.0,25251.97548220159,3440.0,50,209,4,electronics,1,9,0,1,23.33774263167086,0
55.0,117708.0,15632.128130453342,2927.0,44,89,1,online,1,1,0,0,62.592756587901874,0
71.0,111664.0,24498.77332137708,2962.0,14,190,3,food,1,3,0,1,56.02579843575787,1
35.0,43257.0,15959.442755429172,2005.0,15,41,1,food,1,19,0,1,43.31393256747727,0
45.0,37855.0,8763.585851429481,3901.0,16,140,1,food,1,5,0,0,98.88236059769615,0
57.0,110178.0,23274.536958697183,316.0,2,221,1,online,1,13,0,0,5.373694301056092,0
48.0,126121.0,21916.560268671234,1372.0,30,217,0,electronics,1,22,1,1,17.90689180936365,0
30.0,148324.0,44349.850599889396,2112.0,30,115,3,food,1,2,0,1,34.17275654924534,0
59.0,45025.0,9472.338395110948,3040.0,31,100,1,electronics,1,14,1,0,159.22953099344875,0
37.0,29458.0,11559.441145980358,342.0,77,117,0,travel,1,0,0,1,3.7342046268273754,0
59.0,88610.0,11576.804416211635,,20,182,0,food,1,18,1,1,20.55485867161008,0
42.0,95843.0,35041.4671969952,252.0,49,89,2,travel,1,0,0,1,130.11061373616712,0
46.0,132237.0,25789.389458559275,1894.0,35,93,2,online,1,12,1,1,114.11342765787467,0
64.0,108961.0,32221.043025377494,1442.0,23,139,3,retail,1,7,0,1,100.21505996443712,0
45.0,74831.0,16046.457982208507,2560.0,61,60,2,online,1,17,0,1,18.4366862692947,0
37.0,68427.0,26625.456877356286,312.0,55,68,3,online,1,21,0,1,93.81222991205378,0
33.0,118809.0,56805.29365810268,4340.0,67,78,0,online,1,2,0,0,35.194171609885906,1
40.0,63506.0,29646.551182803985,3119.0,8,46,0,food,1,22,0,0,48.3501103094815,0
45.0,30668.0,10223.806066415593,2196.0,40,38,3,travel,1,17,0,1,13.644593138879104,1
24.0,116470.0,33199.088808136104,4300.0,59,189,2,food,1,19,0,0,61.323514089811084,0
30.0,72195.0,30850.38211159047,1560.0,32,17,2,retail,0,8,0,0,19.85231511479472,1
23.0,98233.0,36673.379432003916,1802.0,7,66,3,online,1,5,0,0,21.070611469671203,0
,49417.0,8570.175132903269,656.0,2,200,4,electronics,0,19,1,1,50.642446218989704,0
65.0,106982.0,45827.63172429839,4666.0,6,36,2,retail,1,1,1,1,13.710785755940632,1
38.0,131133.0,35609.658653798615,722.0,36,74,1,travel,1,3,0,1,12.70841418427363,0
67.0,35751.0,6277.670531851793,4518.0,32,7,2,retail,1,17,0,1,23.03538394708299,0
56.0,71218.0,15149.417480214961,547.0,45,228,4,food,1,6,1,0,75.26822687766106,0
67.0,32352.0,6697.2137930377485,244.0,42,16,0,electronics,0,10,1,1,12.724103724437988,0
42.0,,18460.967390483045,2406.0,53,14,0,food,1,4,0,1,77.3979511459775,0
54.0,113835.0,22055.307708926386,1514.0,9,80,0,online,1,7,1,1,59.471499471427705,0
67.0,122493.0,18303.711896512512,1384.0,75,25,2,online,0,10,0,1,56.82815178183953,0
28.0,53927.0,8060.8106004193105,4521.0,75,105,0,retail,0,23,1,1,32.19458706223778,1
60.0,66094.0,22029.822789484584,1919.0,49,4,4,online,1,19,0,1,68.49897542465831,0
69.0,126948.0,50005.28888034037,925.0,2,157,4,online,1,19,0,1,0.6805870473370598,0
64.0,79122.0,18088.33389012288,,67,127,2,travel,1,14,0,1,18.235878405889324,0
39.0,54493.0,6204.588451958093,90.0,11,56,1,travel,0,23,0,1,56.83712418913467,0
62.0,117247.0,17691.39452748148,2093.0,50,6,2,food,1,2,0,1,,0
,98539.0,45907.13491242131,2698.0,35,129,0,,1,6,1,1,0.12587536741560149,0
57.0,56707.0,16865.652121735646,1700.0,15,167,2,travel,1,23,0,1,,0
26.0,93814.0,26401.9918244952,766.0,75,129,4,retail,1,7,0,1,128.74360009770527,1
72.0,32296.0,3721.1345050810787,2680.0,31,115,2,travel,0,10,0,1,99.58596197231968,0
46.0,50398.0,19728.539460290835,3761.0,62,232,2,food,1,9,0,1,1.170401881673172,0
54.0,60842.0,18935.68727202782,3562.0,28,191,1,electronics,1,19,1,1,37.70414356867652,0
65.0,38261.0,6918.827478242549,477.0,25,57,4,online,1,8,1,1,0.21481586927530466,0
26.0,101709.0,14649.096829702059,1504.0,25,195,3,electronics,1,14,0,1,77.93128689349584,0
57.0,120985.0,30652.17227260694,1029.0,75,65,3,electronics,1,19,0,1,18.471717292028647,0
53.0,131616.0,57235.163631797,911.0,1,65,4,online,0,23,0,1,72.53431919137226,1
73.0,81704.0,36449.610665984204,682.0,59,103,3,travel,1,21,1,1,144.83358558305747,0
42.0,92173.0,31443.7637680828,448.0,69,21,0,retail,1,4,0,1,186.66258331685023,1
41.0,56781.0,22202.19834982189,,74,237,3,electronics,1,14,0,1,112.26828057672617,0
26.0,38652.0,5645.600597878299,2086.0,42,158,0,,1,3,0,1,11.416816346768968,0
26.0,30103.0,10092.043579511534,454.0,34,224,4,food,1,4,1,1,10.82082207753236,0
68.0,50500.0,18522.70721044107,975.0,66,33,3,electronics,1,14,0,0,49.14562879930371,0
24.0,140332.0,25299.773868711316,3800.0,18,176,3,food,1,16,0,1,39.26901003129045,0
50.0,125336.0,56659.62944161609,473.0,77,22,0,travel,1,22,0,1,0.47901765913550787,0
31.0,60529.0,10774.083010163924,2208.0,5,222,0,electronics,0,7,0,1,24.856603096340045,0
50.0,138499.0,31216.420344549413,2297.0,20,182,2,food,1,18,0,1,118.59193859432995,0
51.0,43452.0,15130.974446745331,3775.0,66,110,1,food,1,8,0,1,114.31542340381921,0
44.0,,21320.40156313754,3186.0,75,4,3,travel,1,9,0,1,11.401956010025206,1
29.0,56174.0,21332.29537608975,4018.0,62,215,1,retail,1,4,1,1,24.06035323323569,1
23.0,89450.0,12952.7790935804,3514.0,32,183,1,retail,1,9,0,1,41.09063707081327,0
71.0,60436.0,26578.892914864868,922.0,58,172,3,electronics,1,21,0,1,95.79280918231439,0
51.0,72406.0,22673.131784040685,506.0,50,217,0,travel,1,0,1,0,37.96375505860746,0
60.0,88059.0,25407.55034683929,1473.0,38,140,2,electronics,0,21,0,1,172.41415459122774,0
57.0,40954.0,20167.34884573051,4263.0,55,209,4,retail,1,23,1,1,80.23548987729025,1
56.0,107722.0,42674.21236123222,4277.0,28,207,3,travel,1,3,1,1,152.97821672519686,0
44.0,144747.0,21307.107334029864,503.0,74,74,3,online,1,20,0,1,65.74376918073052,0
51.0,37356.0,15040.11085236138,1436.0,22,227,4,travel,1,4,0,1,105.03290726839387,0
26.0,123499.0,17055.159238686167,1702.0,43,119,1,travel,1,22,0,1,88.89395022082324,0
,27187.0,3017.436873216208,1803.0,36,180,2,online,1,6,1,1,14.640659490122458,0
40.0,102243.0,26731.468964032036,2733.0,52,93,1,food,1,22,0,1,13.038144891514266,0
48.0,60098.0,29894.624412035766,668.0,36,204,4,food,0,4,0,1,99.89618399002059,1
31.0,117471.0,19964.616347498686,4771.0,28,65,4,food,1,19,0,1,4.423953814146772,1
,46225.0,17059.693911810347,4472.0,78,65,2,retail,1,7,1,1,26.260056626851018,0
35.0,28606.0,4844.6671479569,559.0,58,10,4,travel,1,16,1,1,85.92297003229058,0
26.0,82620.0,32214.759948424748,652.0,36,146,4,online,1,0,1,1,83.89636656261665,1
74.0,57828.0,17472.236770742806,4360.0,70,47,2,retail,1,21,0,1,7.47042769804132,0
,51489.0,19153.325352316762,217.0,9,66,3,online,1,17,0,1,33.44320096547982,0
50.0,39387.0,7134.926311893583,2507.0,21,49,1,retail,1,11,0,1,32.68021084416352,0
58.0,94463.0,37620.015669953675,4200.0,64,200,3,retail,1,2,0,1,19.557511760241393,1
71.0,96832.0,48246.313912554375,1893.0,76,22,3,retail,0,19,0,1,124.55497634500622,1
22.0,120980.0,44310.159026291454,2896.0,61,86,1,online,1,13,0,0,52.93847479930191,0
35.0,136926.0,40720.696886450736,487.0,40,26,3,electronics,1,15,0,0,196.07208573788967,0
31.0,137429.0,64491.251232782786,771.0,56,218,2,retail,1,17,1,1,3.454976581609205,0
28.0,27591.0,2934.04727160788,199.0,4,137,1,food,1,9,0,1,25.072665150791394,0
46.0,148446.0,58186.2906975612,765.0,31,149,0,travel,1,22,1,0,90.13219312502623,0
71.0,135431.0,61688.63180744461,1456.0,27,95,3,electronics,1,14,0,1,27.468419670466137,0
65.0,73516.0,9165.227475791324,4941.0,58,191,4,electronics,1,9,0,1,15.182309651451417,0
64.0,116683.0,32674.235038648763,1673.0,25,107,1,online,1,0,0,0,306.136652348498,0
25.0,87061.0,15835.332152136343,1845.0,69,134,0,electronics,1,18,0,1,103.2276029922547,0
26.0,129425.0,42271.145432481964,4238.0,70,14,4,online,1,1,0,1,39.53509661955874,1
46.0,91736.0,33008.18914018616,4160.0,5,161,0,online,1,12,0,1,41.24363723334735,1
74.0,106257.0,23488.032619384292,4070.0,8,71,3,food,1,15,1,1,0.3443309504170169,1
24.0,86753.0,24637.215915833713,4615.0,9,152,4,retail,1,7,1,1,198.15155619019592,1
39.0,109774.0,23243.085062699618,4775.0,15,201,3,electronics,1,2,0,1,82.07098658176645,1
40.0,36087.0,8940.787580676677,3622.0,7,75,4,,0,20,1,1,1.8710433886788835,1
53.0,55816.0,9143.55288900842,1699.0,72,120,1,retail,1,18,0,1,9.699277401079371,0
40.0,48408.0,21988.064618037297,1326.0,15,215,2,retail,1,13,1,1,86.027197964927,0
69.0,149116.0,15508.684952374477,4839.0,37,112,2,online,0,10,0,1,4.543607278116158,1
32.0,130276.0,59010.2956692604,3196.0,39,51,0,,1,11,1,1,142.18123612573837,0
67.0,25136.0,8261.488114479613,4030.0,6,130,4,electronics,1,10,1,1,456.23665137883114,1
21.0,42413.0,9867.941658031938,4364.0,57,143,3,online,1,10,1,1,108.76803155692971,1
46.0,138650.0,53965.74817802989,1155.0,19,163,1,electronics,0,21,0,1,67.14335412172207,0
34.0,84500.0,25612.022732958052,4404.0,63,36,1,online,1,20,0,1,33.401498873729025,0
58.0,109514.0,32815.154233598565,570.0,31,118,1,travel,1,17,0,1,4.301297298717185,0
57.0,81358.0,11720.18234148851,1922.0,75,220,2,travel,1,9,0,1,65.54936988715563,0
31.0,91197.0,23328.777207257375,1874.0,79,167,3,travel,1,15,0,1,25.280724104714015,0
56.0,125776.0,24705.643665790765,306.0,10,236,1,travel,1,7,1,1,42.22509560191917,0
33.0,117789.0,12518.422009712074,2419.0,67,4,1,online,1,5,0,1,17.363853285915106,0
63.0,117420.0,28655.159458574297,2646.0,62,192,0,retail,1,18,0,1,13.863886591241132,1
23.0,57854.0,7864.027790315576,1471.0,3,202,4,food,0,12,0,1,19.60007936964273,0
53.0,101240.0,20524.589207719102,4302.0,18,6,4,food,1,14,0,1,84.05422135752512,1
26.0,129523.0,17745.51213019918,2278.0,25,185,4,travel,1,12,0,0,27.799129563700614,1
70.0,115063.0,16152.158504558369,1004.0,20,158,0,retail,1,0,0,1,18.677099228856225,0
30.0,41322.0,7421.617883129765,17.0,58,110,2,electronics,1,20,0,0,28.36718836127869,0
25.0,138053.0,69018.17509963241,2601.0,50,99,0,retail,1,1,1,0,1.641005071303353,1
43.0,31968.0,3224.729071544212,2525.0,79,235,1,electronics,1,12,0,1,110.63917689908102,1
30.0,52518.0,18668.523801508578,4425.0,10,202,3,food,1,1,1,0,40.12149770754645,1
64.0,76925.0,12038.56858827717,1427.0,21,122,1,retail,1,10,1,1,5.536870995605526,0
22.0,84848.0,39730.18245745437,2326.0,29,117,1,retail,1,12,0,0,17.012453229709664,0
,136900.0,18817.337238949538,3942.0,10,96,3,food,1,9,1,1,,0
60.0,118422.0,57082.397098345275,1297.0,13,234,4,retail,1,22,0,1,44.954160015508506,0
22.0,26700.0,9194.693818323545,2854.0,47,234,0,electronics,0,21,0,1,17.223549156545957,1
40.0,118782.0,11938.449884870306,1128.0,23,67,2,retail,1,14,0,1,27.786413077902257,0
21.0,126004.0,57659.7931865237,562.0,50,120,1,electronics,1,0,0,1,14.952305254174975,1
57.0,48199.0,14878.294845633638,670.0,4,218,1,travel,1,13,1,1,1.6160499214257273,0
29.0,69589.0,14270.469684765238,725.0,67,15,2,retail,1,9,0,0,92.26751704669053,0
37.0,57115.0,23240.760089522086,3595.0,53,17,0,electronics,1,17,0,1,17.29937307609063,0
29.0,86934.0,40916.897304640464,3771.0,2,219,1,food,1,10,0,1,91.13487942069894,0
31.0,141335.0,41478.47699578085,2539.0,68,18,2,travel,1,6,0,1,32.557771927592825,0
35.0,145726.0,32966.338246678715,3980.0,65,115,1,retail,1,14,1,1,10.099361454639691,0
44.0,79316.0,32961.98858000906,3417.0,79,147,4,electronics,1,2,0,1,80.94126512258619,0
58.0,30520.0,11375.237357001453,,57,76,4,retail,1,1,0,1,23.66938592557072,1
55.0,134814.0,61407.91093772369,3277.0,70,88,1,electronics,1,21,0,0,61.50372337506367,0
50.0,61455.0,23168.879461695647,864.0,7,197,1,retail,1,7,0,1,90.77075421065271,0
51.0,140284.0,27693.65179767302,4770.0,19,152,4,travel,1,7,0,1,164.82248875393887,1
69.0,111465.0,52685.45930975563,3547.0,44,91,1,travel,1,10,0,1,4.486090485867173,0
25.0,148364.0,21057.94031938788,1907.0,63,48,0,retail,1,15,0,1,0.4210923120000598,0
64.0,66605.0,13799.03074834664,282.0,65,158,0,retail,1,1,1,1,39.750688302275094,0
70.0,39955.0,12309.250220643138,4097.0,39,15,3,online,1,21,0,1,15.34263038551153,0
34.0,69049.0,22530.46846326787,1282.0,26,175,0,retail,1,4,1,1,31.65924852741357,0
73.0,38917.0,4130.036839903712,4384.0,44,123,1,retail,1,6,1,1,3.771679520587981,0
31.0,95293.0,39282.54670466193,4029.0,12,230,1,travel,1,19,1,1,34.816516738538425,0
29.0,103581.0,25340.35905992811,825.0,22,127,2,retail,1,12,0,0,6.668321921690114,0
54.0,144072.0,37828.612815704,4381.0,77,172,0,food,1,1,1,1,91.18968392165249,1
32.0,89925.0,38105.52251339694,932.0,14,98,4,retail,1,2,1,1,71.24901581246972,0
55.0,132216.0,33280.53316825961,4747.0,30,155,4,online,1,8,1,1,3.848025280544662,1
55.0,95269.0,11326.52670351152,4610.0,44,84,3,electronics,1,9,0,1,90.50137228192416,1
21.0,55954.0,9544.404366759192,4877.0,38,192,2,travel,1,23,0,1,19.649054864797165,0
60.0,121671.0,58689.37795505702,1274.0,59,41,4,food,1,12,1,0,21.75961136298407,0
42.0,97617.0,12510.804104658491,3734.0,42,96,3,electronics,1,20,0,1,9.91057119009878,1
49.0,66458.0,16081.00710157297,2797.0,52,68,0,food,1,12,0,1,90.18273331762823,0
28.0,114037.0,34356.11706921367,2732.0,63,5,2,travel,1,4,0,1,,0
,46113.0,13709.963516425209,4233.0,61,53,2,online,1,22,1,0,2.5034322646290628,1
61.0,124977.0,12695.660719131427,2560.0,34,122,1,travel,1,6,0,1,169.4381917175725,0
57.0,137622.0,41350.60697145709,2959.0,39,136,0,food,0,16,1,1,14.778133074982472,0
34.0,115226.0,29210.826097161986,1683.0,41,22,2,food,1,14,0,1,137.58230031848117,0
50.0,68939.0,33699.570923312196,4597.0,37,106,3,travel,1,4,0,1,17.9222800060469,1
55.0,54345.0,8894.300167857873,3102.0,65,7,4,retail,1,23,0,1,89.01919921396868,1
41.0,149616.0,36156.453720947444,2848.0,79,150,0,travel,1,6,0,1,54.56487919236069,0
57.0,71313.0,19097.09325848413,1676.0,32,46,0,online,1,1,0,1,98.76612533325788,0
25.0,135107.0,34624.87268683915,4521.0,8,30,2,travel,1,23,0,1,186.7314842543817,1
39.0,,21979.9398636447,2205.0,18,126,2,electronics,1,17,0,1,102.5849702858209,0
34.0,117365.0,21853.966610437557,1394.0,45,101,2,retail,1,9,0,1,25.847648005448658,0
46.0,125598.0,23666.2579561327,4413.0,33,144,3,electronics,1,0,0,0,84.23595826393823,1
24.0,94166.0,36883.35127061254,,5,79,1,travel,1,13,0,1,62.17915345379226,0
45.0,72861.0,21866.76699256434,2909.0,74,133,2,retail,1,18,0,1,3.1791446724479795,0
65.0,122406.0,32567.618273388456,70.0,36,67,1,electronics,1,15,0,1,132.79193605686126,0
,74298.0,12458.379333406583,3957.0,23,23,1,electronics,1,18,0,1,31.364329027710937,0
45.0,72221.0,12639.461426375834,2300.0,40,189,0,retail,1,5,1,1,7.219539476407959,0
38.0,69942.0,7289.4010328710865,482.0,5,74,4,retail,1,11,0,1,27.70215074085059,0
60.0,28453.0,3885.840651168885,968.0,34,5,4,food,1,2,0,1,46.20874213812459,0
28.0,127811.0,41249.144162821765,542.0,24,151,3,retail,1,6,0,0,42.54225514743481,0
59.0,79935.0,36510.251458888895,503.0,17,207,3,travel,1,23,0,1,42.75903454596256,1
60.0,147439.0,31679.614322433707,91.0,71,82,4,online,1,2,0,1,14.774912510412038,1
34.0,68370.0,15800.231133807314,4984.0,22,25,4,food,1,16,0,1,50.07914974498291,0
52.0,128932.0,18855.3050349454,2980.0,15,8,0,retail,1,14,0,1,118.98131710727542,0
71.0,33328.0,8513.716862077408,21.0,15,223,0,online,1,18,0,1,24.605668633049362,0
58.0,40534.0,4656.897829205275,4554.0,25,149,4,food,1,18,0,1,49.79109179343191,0
53.0,110280.0,51505.20191350495,771.0,53,2,2,travel,1,22,0,0,13.984835822596931,1
43.0,109925.0,40589.205977035526,3195.0,21,22,2,online,1,10,0,1,2.474273852077387,0
35.0,61320.0,30433.086796796873,35.0,66,72,0,retail,1,20,0,1,44.06203180831616,0
53.0,74170.0,33608.597590345555,1816.0,32,87,1,retail,0,19,1,0,2.4358729553498137,0
45.0,125546.0,36307.430830571306,4167.0,21,224,4,travel,1,1,0,1,64.29252269555926,1
37.0,105201.0,32388.65398482032,4334.0,68,72,3,food,1,6,1,1,55.48659886465019,1
53.0,,10573.825116412652,4712.0,44,68,2,,1,18,0,1,23.048231728252173,0
67.0,128401.0,36570.625463976714,3669.0,66,64,1,travel,1,6,1,0,26.491088138143603,0
22.0,33640.0,15515.143065719276,1535.0,14,94,2,food,1,9,0,1,124.90624322334081,0
34.0,125252.0,15072.997206893548,770.0,15,19,1,electronics,1,11,0,1,0.6610317124561123,0
73.0,116057.0,51694.424754229934,604.0,20,128,4,electronics,1,22,0,1,41.425828013617284,0
60.0,55049.0,13012.43421304961,1065.0,34,87,4,food,1,17,0,0,128.43254170147452,1
60.0,30618.0,14078.312736687527,1864.0,36,82,4,retail,1,22,0,1,122.6629855986203,1
71.0,127540.0,60753.92930191718,3093.0,9,181,0,retail,1,5,0,1,43.93238089120112,0
59.0,81053.0,29855.544674466193,3926.0,71,221,1,electronics,1,19,0,0,24.00108203135446,0
,26920.0,9846.515334029957,3685.0,30,87,3,retail,1,20,0,0,5.2071476556442144,1
26.0,68937.0,19378.310311450965,2058.0,77,97,3,retail,1,7,0,0,9.544964255884858,1
26.0,94724.0,41130.684891871264,1468.0,63,52,4,food,1,4,0,1,56.920701941306326,0
23.0,37207.0,18032.19036121087,,35,175,3,food,1,2,0,1,0.8386991878313069,0
27.0,90774.0,37220.31013759329,4238.0,13,82,2,retail,1,1,0,1,107.48701029915576,0
71.0,57972.0,20219.16653173758,4191.0,79,182,1,food,1,21,0,1,44.32864446181164,0
28.0,35799.0,12268.931551003214,1509.0,46,172,1,online,1,5,1,0,2.309876167353225,0
62.0,96088.0,42258.345561348375,1840.0,56,97,1,electronics,1,6,1,0,,0
72.0,53916.0,17063.41689413013,3405.0,9,135,2,online,1,7,0,1,45.09485477378879,0
35.0,95463.0,40241.850528388546,1213.0,36,115,0,online,1,3,0,1,1.8125222424581156,0
67.0,118500.0,35971.16109525925,4280.0,3,92,2,retail,1,11,0,1,75.70352352204664,0
49.0,101700.0,12710.233105939235,2820.0,19,1,1,retail,1,23,0,1,126.23774769406057,0
53.0,62158.0,15761.95127178579,3102.0,28,63,1,online,1,11,1,1,162.49303855473502,0
72.0,109607.0,30446.23601899999,3054.0,23,231,1,online,1,16,0,1,66.14893816626557,0
50.0,144639.0,22657.250679047735,4683.0,7,226,3,travel,1,21,0,1,97.18454546335991,0
59.0,138945.0,19591.04098367807,3524.0,76,167,0,travel,1,21,0,0,47.171209656670435,1
47.0,96696.0,30380.527508811534,1808.0,14,19,2,electronics,1,18,1,1,30.67464260324499,0
56.0,86510.0,11597.310399386668,2585.0,46,31,1,online,1,8,1,1,62.43713487141855,1
49.0,145076.0,32087.629270728732,154.0,15,77,4,food,1,11,1,0,12.691780033799926,0
58.0,83692.0,33295.9240449207,4867.0,67,121,0,travel,1,20,0,1,5.814575774789623,0
53.0,86744.0,42137.88199377797,3936.0,15,24,4,retail,1,16,0,1,71.74293252711591,0
57.0,40810.0,15799.519356929683,1387.0,51,69,0,online,1,22,1,1,158.72715160397763,0
47.0,30126.0,14974.134909076469,3156.0,8,215,1,food,1,9,0,0,43.07584579072627,0
53.0,55009.0,20866.849384843466,1835.0,69,211,0,food,1,18,0,1,32.9413816759515,0
24.0,124120.0,26998.307879046053,803.0,62,193,0,food,1,10,0,0,38.22187351950523,0
42.0,136718.0,50424.47169312483,1611.0,51,161,1,retail,1,19,0,1,32.54886644131765,1
22.0,115932.0,44154.17524112299,4424.0,63,59,4,travel,1,21,0,1,29.18776539357054,0
30.0,25192.0,6265.01847858315,1120.0,68,114,4,food,1,23,1,1,146.9068533386328,0
25.0,141464.0,15148.748865042642,4063.0,78,161,3,travel,1,12,0,1,32.67355846970454,0
30.0,61413.0,23415.543352966793,4803.0,16,160,4,electronics,1,3,1,0,4.229031646554137,1
53.0,37816.0,4109.844321175953,3947.0,24,187,4,retail,1,14,1,1,72.51854098622367,1
74.0,64082.0,22587.31776729819,3973.0,6,220,0,travel,1,11,1,0,24.842980490951454,0
58.0,90048.0,14898.13503131584,4952.0,57,101,3,travel,1,23,0,0,62.01343786795596,1
33.0,148130.0,48326.14022612706,792.0,31,169,1,food,1,9,0,1,43.32378793271474,0
51.0,75940.0,22900.86205896111,1126.0,6,12,1,food,1,21,1,1,62.445033242371984,0
67.0,57130.0,6021.813753980885,1760.0,79,201,2,retail,1,6,0,1,3.1999443801999394,0
56.0,65142.0,15969.322020278012,2586.0,29,119,3,travel,1,23,0,1,1.7230158706276106,0
65.0,61468.0,20925.948751006377,4037.0,67,139,0,online,1,1,0,1,23.78431725475536,1
44.0,55698.0,24476.075091063292,3346.0,75,97,2,food,1,20,0,0,59.072442171082194,1
72.0,,27327.41073207642,4397.0,3,147,2,food,1,6,0,1,12.659686382585075,0
35.0,72897.0,21398.18450620475,1497.0,28,182,1,electronics,1,7,0,1,28.405147936418672,0
49.0,55075.0,21554.647395206623,3885.0,74,57,4,retail,1,20,0,1,197.66898624070075,1
28.0,34359.0,7785.125118045229,3641.0,48,42,0,travel,1,18,0,1,12.095588540213834,0
25.0,127197.0,30129.73370131358,4202.0,10,98,3,travel,1,5,1,0,94.17514326330422,1
49.0,130115.0,23132.5483193627,3968.0,33,199,2,travel,1,20,0,1,87.28032033245267,0
67.0,67056.0,21778.396985482665,3407.0,67,31,0,food,1,7,0,1,110.98218427940839,0
24.0,76831.0,17350.41131196016,83.0,69,180,1,retail,1,21,1,1,123.33864932706106,0
,84191.0,11260.40805682167,1369.0,12,2,2,travel,1,19,0,1,35.394789671115504,0
65.0,143592.0,53703.75759845567,1101.0,57,211,2,online,1,3,1,1,57.274784446693374,0
22.0,146948.0,56295.96734047923,4863.0,44,166,1,electronics,1,19,0,1,48.2334812334226,0
47.0,58272.0,14218.191290837303,1951.0,13,32,1,electronics,1,23,0,1,18.477049336815508,0
51.0,133117.0,17396.97550615496,3158.0,24,138,1,travel,1,8,0,1,16.41045456260393,1
71.0,39671.0,10731.762698844524,4313.0,44,105,0,food,1,4,0,1,20.89485096653007,0
71.0,52048.0,14413.870368239048,1254.0,57,136,0,electronics,1,5,0,1,12.324302243023148,0
56.0,101274.0,37214.990078859686,1295.0,16,218,0,electronics,0,18,0,1,70.81367398561476,0
56.0,50963.0,11526.126219086515,4515.0,21,222,4,electronics,1,11,0,1,167.01386618846746,1
46.0,68954.0,25722.580295216052,3046.0,76,75,2,electronics,0,4,1,1,101.16128106452977,1
63.0,97309.0,43652.37140394788,780.0,51,105,0,travel,1,4,0,1,12.291216586748948,0
47.0,127120.0,24787.69028203314,1853.0,21,148,4,retail,1,17,1,1,2.665580739336854,0
25.0,120430.0,59199.51285740781,83.0,60,148,2,retail,1,5,0,1,70.75401795944394,0
40.0,25717.0,6546.191753098906,1670.0,51,127,0,food,0,8,0,1,24.732344237215948,0
31.0,36676.0,7588.391814581455,4359.0,21,9,1,online,1,10,1,1,87.03790648027122,0
30.0,29434.0,7906.104058403157,829.0,6,200,3,retail,1,22,1,1,75.53300499718377,0
60.0,74810.0,10305.750068947083,3828.0,73,15,0,online,1,13,0,0,49.09619286015281,0
58.0,128361.0,19290.394346320674,341.0,65,226,3,retail,1,23,1,1,14.741332337732016,0
26.0,143696.0,38190.60592526454,1431.0,76,216,0,retail,1,1,0,1,5.492739312864912,0
28.0,119636.0,48449.92513068247,3665.0,58,97,1,food,1,13,0,1,14.560971145678508,0
43.0,29994.0,13800.986125518913,4941.0,78,105,3,electronics,1,18,0,0,35.64297952152962,0
67.0,29234.0,10697.515656239786,1701.0,6,233,4,food,1,9,1,1,194.27629777945245,0
46.0,94300.0,13398.881623583764,4560.0,65,237,1,retail,1,4,1,0,3.290285661674703,0
66.0,68949.0,25428.936233034285,4418.0,34,63,3,electronics,1,22,0,1,11.161677819222966,1
63.0,62405.0,22102.051756587585,237.0,56,232,3,electronics,1,3,1,1,49.34631782373609,1
32.0,59872.0,25284.27892642333,2891.0,75,219,1,electronics,1,6,1,1,18.146465565342897,0
46.0,67215.0,28909.135651610537,4963.0,3,21,1,online,1,23,0,1,97.77429735473173,0
33.0,48185.0,21552.24608256404,2875.0,42,5,1,retail,1,12,0,0,7.5072598701582045,0
60.0,68442.0,18181.79564832906,2585.0,62,125,2,travel,1,9,0,0,165.05519245028768,0
38.0,148263.0,56213.28753923799,4532.0,6,163,4,food,1,9,0,1,121.73438477928298,1
45.0,76759.0,15912.15172020706,474.0,6,85,0,online,1,3,1,1,109.25301831737086,0
53.0,66153.0,33058.9371718995,287.0,63,196,3,food,1,15,0,0,9.501703602126547,0
67.0,102535.0,17444.658575830534,4124.0,20,113,0,travel,1,14,0,1,19.986289794664184,0
60.0,127023.0,13216.20618114174,75.0,21,176,1,electronics,1,20,0,1,81.50674174420016,0
63.0,27581.0,4399.817262050326,4272.0,2,80,4,travel,1,10,1,1,82.4630373869133,0
32.0,76717.0,31480.737774782705,412.0,56,223,4,food,1,18,0,1,61.0687363662171,0
64.0,27763.0,7737.922084358991,3993.0,10,218,2,travel,1,20,0,0,29.714970682257665,1
56.0,117910.0,32896.90168773104,4514.0,70,190,1,retail,0,23,0,1,18.668481443818784,1
68.0,80480.0,38792.09782813883,3488.0,23,116,3,,0,2,0,1,164.7850576060253,1
24.0,63759.0,29829.9008403848,3454.0,30,163,2,retail,1,14,1,0,7.498271587277706,0
25.0,101067.0,22687.30742625512,4702.0,78,198,1,travel,1,15,0,1,2.237007030400506,0
57.0,143094.0,26275.385551907708,4429.0,37,97,2,retail,1,13,0,1,0.4586229331980474,0
28.0,50307.0,22104.537814054656,3049.0,55,21,0,retail,1,4,0,0,74.58872411510606,0
62.0,121371.0,56122.87626869016,,49,80,1,travel,1,16,0,1,2.9188184311196084,0
69.0,36064.0,11419.260569521855,438.0,34,239,3,online,1,17,1,1,38.67922212077783,0
48.0,101848.0,35827.01845194178,2692.0,44,39,3,electronics,1,18,0,1,22.887347789833477,0
51.0,62548.0,12682.589871573427,2787.0,22,162,1,electronics,1,0,1,1,7.944387690878423,1
29.0,61945.0,26036.789002731883,3388.0,31,234,2,electronics,1,8,0,1,67.4683304487566,0
74.0,,21170.938282776555,402.0,7,121,4,retail,1,20,0,1,2.8288790066220524,0
71.0,31476.0,9487.036512646295,4551.0,21,124,1,electronics,1,13,1,1,19.165163193693445,0
49.0,76756.0,9521.07693214134,351.0,16,143,3,retail,1,19,0,1,41.29865258274797,0
34.0,115101.0,53680.11204799852,142.0,20,6,0,online,1,20,0,1,25.742997817338388,0
60.0,27382.0,9479.116317186323,274.0,43,194,3,travel,1,19,1,0,14.997733593945439,0
61.0,74683.0,13224.599609981971,4198.0,44,216,4,travel,1,20,1,1,130.18518814894384,1
42.0,112999.0,38708.30993318719,1695.0,47,56,3,retail,1,22,0,1,133.66098571255344,0
31.0,70276.0,26071.365873027353,1444.0,19,49,4,retail,1,10,0,0,26.90080960754353,1
43.0,58402.0,18122.615681189494,1670.0,48,92,1,online,1,23,0,1,25.02268136535759,0
21.0,116881.0,45261.079693615146,3827.0,79,129,3,electronics,1,1,1,1,18.36405291437134,1
66.0,135300.0,44998.28766189714,2364.0,69,65,2,online,1,19,0,1,96.81251531584918,0
57.0,51946.0,24887.73548329679,275.0,11,28,2,travel,0,23,1,1,41.956680636427926,1
41.0,104698.0,12718.59069407609,4751.0,79,100,3,travel,1,22,0,1,4.689288824519262,1
46.0,139690.0,19905.585206445165,1146.0,29,148,3,electronics,1,4,0,0,95.97533646717963,1
66.0,137309.0,23269.571519425383,4559.0,45,176,0,travel,1,21,0,0,38.273666128107024,1
,98933.0,37205.57781123936,4936.0,68,72,3,retail,1,23,0,1,26.857778737225168,0
74.0,47335.0,16957.212254644877,1400.0,36,65,0,travel,1,14,0,0,20.614286561492488,0
43.0,70095.0,32021.0463225594,1122.0,48,218,0,food,0,11,0,1,5.236179832964776,0
21.0,104930.0,41253.332452442985,2244.0,15,51,0,electronics,1,13,1,1,156.9826223309792,0
74.0,52197.0,15833.55255376361,2876.0,44,171,0,electronics,1,10,0,1,67.59339407346211,0
,47010.0,23351.405025486107,3078.0,67,49,1,electronics,1,20,0,1,7.065366672043563,0
60.0,49123.0,10141.108452361794,2189.0,74,153,2,food,1,8,1,1,35.79713365237927,0
35.0,112923.0,48926.90071918113,4977.0,40,74,0,online,1,19,1,0,40.54872061060515,1
41.0,27890.0,7550.273392195366,644.0,14,204,2,retail,1,7,0,1,9.18945708034155,0
67.0,118305.0,42529.94424187749,3641.0,63,169,0,electronics,1,11,1,1,27.8628124673174,1
29.0,134162.0,52444.91701313578,1409.0,51,199,2,travel,1,2,0,1,51.887071746086896,0
73.0,145927.0,51585.43307256968,4796.0,79,192,3,retail,1,20,0,1,16.704493861745508,0
29.0,33026.0,5158.757676985761,2749.0,58,189,3,travel,0,14,1,0,20.144093992603228,1
30.0,89925.0,24925.447856603143,3180.0,15,12,2,retail,1,7,1,1,6.5070559943915,0
72.0,93842.0,30458.800104800102,1875.0,65,239,0,retail,1,6,1,1,26.65702497355089,1
73.0,58665.0,25790.16085288495,1965.0,55,104,1,,1,16,1,0,43.836350597468105,0
46.0,34277.0,9510.438132627465,4687.0,76,81,2,travel,1,11,0,1,6.194644809251518,0
61.0,67239.0,31434.160011093227,2228.0,10,197,4,retail,1,19,0,1,47.697599728685084,1
55.0,72664.0,20066.141016761565,,42,127,1,electronics,1,17,0,1,25.35771977832915,0
72.0,73008.0,23326.92798602958,4889.0,11,14,4,travel,1,17,0,1,56.68849505526349,0
45.0,39683.0,16607.90190248767,3140.0,16,34,2,food,1,14,0,1,18.904923854463153,0
46.0,25670.0,8553.93898364657,4286.0,73,48,0,food,1,22,0,1,42.02430016016058,0
31.0,114211.0,55288.08650596591,4124.0,78,61,4,retail,1,2,1,1,47.44106398248232,1
58.0,42889.0,15617.357373968169,1259.0,19,209,2,online,1,18,1,1,58.641054695796925,0
22.0,80612.0,24915.861804518983,3176.0,31,35,1,retail,1,14,0,1,,0
27.0,69535.0,7609.6869918550565,1255.0,73,119,0,retail,0,15,0,1,7.329483234882332,1
38.0,103542.0,27489.692672505007,63.0,53,65,4,electronics,1,21,1,1,167.96834356165314,0
47.0,79319.0,17426.334146918667,2920.0,8,59,2,electronics,1,21,0,0,92.78144372288442,1
54.0,139072.0,55523.42057777956,2406.0,24,36,0,online,1,16,1,1,41.313222387154305,0
47.0,117067.0,21459.67703888006,452.0,8,207,0,online,1,0,0,1,110.52713541211541,0
37.0,46639.0,8492.403860523287,4685.0,48,147,3,online,1,10,0,1,24.098383124711077,1
63.0,89712.0,15772.05296276462,3621.0,30,42,0,online,1,5,1,1,1.744406302429391,0
64.0,41633.0,6255.2019290134285,4387.0,58,69,2,online,1,22,1,1,64.91992193192277,0
71.0,146145.0,32795.34742059274,,55,147,1,retail,0,8,0,0,143.53800098975552,0
74.0,59660.0,27107.645339077895,832.0,73,107,3,retail,1,19,0,1,8.82818805250116,0
44.0,93975.0,38527.06127398086,3712.0,62,39,2,food,1,15,1,0,51.62352646936746,0
45.0,57172.0,22531.5130154768,2949.0,48,69,2,food,1,5,0,1,83.94624904697052,0
27.0,84197.0,35273.04681012396,4746.0,4,180,2,travel,1,11,1,1,117.72922216485422,0
72.0,126158.0,26211.488832816045,1041.0,37,12,4,retail,1,18,0,0,16.184655073154524,1
26.0,83847.0,38148.42937780954,2026.0,8,83,4,online,1,12,0,1,6.890386693873266,1
73.0,36577.0,5666.558221021785,572.0,1,175,1,travel,1,12,0,1,14.240982911944029,0
44.0,102299.0,23993.032598910926,2548.0,70,204,2,electronics,1,3,0,1,43.10452819803407,0
53.0,45176.0,15120.373208987472,350.0,47,36,4,retail,1,8,0,1,125.49784406057016,1
69.0,69386.0,9794.668983879224,4577.0,75,126,4,food,1,13,0,1,43.67782568479519,1
49.0,88972.0,34881.65722673763,3785.0,5,63,4,retail,1,13,0,0,126.05030368349989,1
63.0,145018.0,36964.85896734861,2306.0,50,76,1,retail,1,16,0,1,73.49184777934671,0
42.0,114791.0,47496.18430434155,244.0,24,82,1,retail,1,4,0,0,45.61362381534153,0
46.0,66003.0,19613.353414976213,1126.0,47,51,2,retail,1,22,0,1,1.1019803459532693,0
48.0,44996.0,7755.052040416974,1918.0,18,43,3,electronics,1,18,1,1,20.25394172678097,0
70.0,125922.0,49601.270723795074,1427.0,28,34,2,food,1,1,0,1,2.9588225237191614,0
41.0,111598.0,22415.304473485772,4929.0,77,97,4,retail,1,12,0,1,19.448275186176893,1
69.0,60931.0,18055.324986625248,1301.0,5,49,4,electronics,1,10,0,1,3.218046747130157,0
27.0,149168.0,19423.65867743904,3498.0,30,146,0,travel,1,1,1,1,9.185077113807399,0
37.0,60710.0,21075.2738357419,4737.0,1,125,2,retail,1,0,0,0,26.43979941466852,1
40.0,148099.0,54255.04772754578,3664.0,46,189,4,electronics,1,20,0,1,36.1684388996822,1
61.0,59693.0,15010.979846362146,538.0,69,57,4,online,1,2,0,1,,0
69.0,60740.0,29262.65587068081,3334.0,31,93,3,travel,1,11,1,1,65.94625113731858,0
40.0,102241.0,45974.461880499264,1990.0,70,109,0,food,1,6,1,0,44.62439182958741,0
74.0,133944.0,51324.17520715115,2949.0,56,5,2,retail,1,0,0,1,58.84391502906803,0
42.0,118583.0,45709.101579876595,1339.0,28,217,1,retail,1,8,0,0,65.98147032727871,0
48.0,101502.0,20397.911548023294,1243.0,16,24,2,electronics,1,17,0,1,64.89958631465133,0
60.0,42374.0,15370.155440856774,1763.0,54,221,2,food,1,23,0,1,137.6266798289276,0
69.0,101674.0,18228.369524622492,2810.0,53,192,3,online,1,19,0,0,13.539303127613515,1
27.0,141500.0,22300.58247386193,2943.0,12,59,2,travel,1,5,0,1,15.746198599869485,0
21.0,,29987.229460861927,2769.0,20,38,3,food,1,8,0,0,4.946896346565999,1
52.0,70913.0,24745.11777142288,2785.0,34,161,3,retail,1,22,0,1,44.89631444178893,1
33.0,148683.0,40500.527948115625,3497.0,53,10,4,electronics,1,7,0,1,25.141674608246227,1
50.0,91025.0,19594.57027820467,3860.0,64,165,1,online,1,22,0,0,34.27868466435706,0
43.0,69516.0,23744.45342464936,2537.0,23,225,3,electronics,1,17,1,1,9.305724506840212,1
71.0,112796.0,13517.179741277134,900.0,27,215,0,travel,1,14,0,1,52.357036215001905,0
39.0,51069.0,7041.005401635753,2075.0,17,126,0,food,1,0,0,1,48.2503360236611,0
52.0,143333.0,16217.079622889692,1198.0,48,11,1,electronics,1,13,0,1,15.37957630406184,0
50.0,81233.0,24342.92522617032,4307.0,21,24,3,electronics,1,17,0,1,31.31338480825615,1
49.0,109811.0,37362.38582306948,750.0,50,88,1,retail,1,18,0,1,112.35796306662303,0
69.0,84049.0,10505.444584945395,1379.0,40,199,4,electronics,1,18,0,0,74.25030353029395,0
,126820.0,49268.27478728504,1399.0,3,114,0,online,1,9,0,1,12.870181429220317,0
49.0,143028.0,27483.978515434046,2010.0,17,21,2,food,1,19,1,1,105.53829430854971,0
50.0,64178.0,24007.743560016985,1481.0,61,148,0,travel,1,20,0,0,3.484279143958982,0
36.0,57821.0,28491.80981359118,1546.0,50,10,3,electronics,1,5,0,1,26.71567979525542,0
60.0,76727.0,28883.29203664874,328.0,6,217,1,online,0,16,0,0,4.175506269487907,1
39.0,85935.0,38952.37800119612,2274.0,28,175,0,travel,1,13,0,0,128.99221311328995,0
38.0,41999.0,20129.25563388084,1904.0,72,228,2,online,0,12,0,1,,1
,87522.0,25792.770101556544,3721.0,55,175,2,electronics,1,7,0,1,8.198958350874499,0
34.0,63712.0,24269.811635515347,4829.0,58,143,1,electronics,1,21,0,1,123.27870302155921,0
71.0,89551.0,39472.979450071674,2832.0,45,172,1,food,1,9,1,1,43.632552925174814,0
67.0,65172.0,15813.566427939799,4518.0,72,232,0,retail,1,8,0,1,79.28313360950995,0
70.0,58722.0,12012.109289223805,1285.0,19,232,3,online,1,4,0,1,0.827142082118173,1
22.0,35625.0,17051.52966209133,3093.0,29,190,4,retail,1,22,1,1,27.15840840724177,0
74.0,,23431.284008851635,410.0,23,134,2,retail,1,3,0,0,208.23501541022463,0
48.0,101509.0,19070.785470738705,733.0,32,229,1,travel,1,5,0,0,43.35349326520121,0
69.0,31859.0,8908.839122907319,2339.0,10,66,4,travel,1,5,0,0,94.7503737569733,0
70.0,66609.0,27881.24236685758,1145.0,49,204,4,online,1,12,0,1,165.60369257517388,0
50.0,68307.0,21777.992688266408,2780.0,65,122,4,retail,1,3,0,1,57.76556242486672,1
58.0,135986.0,48952.35440847463,4856.0,29,132,3,food,1,21,0,1,19.847359070420982,0
71.0,126582.0,50823.59462050674,277.0,59,23,1,retail,1,7,1,1,18.452339043193696,0
24.0,46839.0,16337.615357849538,579.0,45,13,2,travel,1,4,0,1,3.6972596942586615,0
21.0,52216.0,16501.91274939575,2566.0,67,209,1,retail,1,1,1,0,27.91089719427368,0
28.0,77953.0,31169.17292435204,1983.0,51,159,0,electronics,1,8,1,0,123.48479546715964,0
49.0,109481.0,42809.83147286111,555.0,11,16,2,electronics,1,10,0,1,32.51036447136508,0
59.0,85593.0,30124.367339551536,2832.0,6,41,1,food,1,19,1,0,120.95308606492641,1
23.0,97075.0,23678.12292162033,4470.0,67,218,2,online,1,19,1,1,84.95225092392418,0
52.0,74522.0,19548.971493979458,4652.0,62,220,0,retail,1,10,1,1,207.34650284108446,0
30.0,124161.0,60612.34826719937,280.0,5,1,2,electronics,1,6,0,0,147.53343497956507,0
30.0,,8697.26237499662,748.0,9,111,4,online,1,13,1,0,61.291031820425836,0
39.0,136249.0,28258.310588312623,1267.0,28,12,3,electronics,1,5,0,1,102.48143445975437,0
66.0,32485.0,9646.76845910114,,77,229,0,online,1,3,1,0,68.93172894141108,0
54.0,56455.0,24540.529772498972,4191.0,38,119,2,online,1,5,0,0,60.76761776616419,0
53.0,136984.0,22666.778848141217,4868.0,43,184,0,electronics,1,2,0,1,62.86157299958474,0
,41767.0,8803.725414084232,399.0,21,178,4,travel,1,22,0,1,63.83500259582418,0
48.0,137701.0,17394.292155448882,728.0,62,20,3,online,1,5,0,1,23.854958104174788,0
52.0,53453.0,20440.11217048576,4254.0,46,194,0,retail,1,2,0,0,27.54441061773914,1
70.0,101280.0,19778.34064998816,4688.0,70,36,4,electronics,1,0,0,1,17.412041929928034,1
27.0,127638.0,32607.667130455517,130.0,38,79,4,travel,1,20,0,1,8.023731946061618,0
49.0,78442.0,21766.131563160485,2662.0,49,166,4,,1,17,0,1,30.665384707571103,1
28.0,76877.0,35096.316571047,2313.0,75,150,2,food,1,22,0,1,115.10390571261577,0
21.0,37226.0,9847.472555148248,4871.0,39,108,1,retail,1,22,0,1,52.67210581246042,0
23.0,118405.0,18718.647393226027,2921.0,71,189,0,food,1,3,1,1,2.891009505707978,0
44.0,47588.0,14739.23971429187,809.0,30,178,1,online,1,5,0,0,83.35333658256761,0
43.0,103976.0,50447.40818063437,3390.0,21,96,4,online,1,16,0,1,136.9782254805407,1
28.0,56709.0,19455.398007340176,2116.0,1,59,1,food,0,17,0,0,88.42825941273713,1
74.0,72788.0,35910.31560115366,1119.0,32,20,4,food,1,5,1,0,65.01343274909742,0
67.0,113031.0,49331.58009466777,1260.0,8,164,4,online,1,1,0,0,8.133029083164429,1
57.0,62019.0,7094.1240938398605,2650.0,69,126,3,travel,1,11,0,0,21.46227356314821,0
23.0,69948.0,25416.29395897333,1659.0,30,97,3,retail,0,11,0,0,41.65344894559298,1
71.0,90133.0,19352.163589969892,1355.0,8,143,1,electronics,1,3,1,1,3.9987610472036152,0
53.0,139444.0,45158.48512740915,2966.0,19,62,0,food,1,15,0,1,5.617590122227844,0
48.0,,12704.284582349439,2456.0,59,238,1,retail,1,19,1,1,136.09776300315553,0
,142603.0,34160.28720766569,3374.0,55,131,0,electronics,1,9,0,1,60.64919635344831,1
28.0,52526.0,24648.74390144001,494.0,30,93,1,electronics,1,9,1,1,16.08518474273321,0
54.0,98493.0,17990.462883815493,812.0,79,239,2,food,1,6,0,1,19.82727356247558,0
55.0,77198.0,34711.590277343224,1725.0,36,91,2,travel,1,13,0,1,,0
52.0,139100.0,15604.672441042443,1925.0,55,133,0,travel,1,6,0,1,3.9019308749032486,0
44.0,148854.0,20296.334496990257,3493.0,44,123,3,retail,1,11,1,1,67.19566288526052,0
34.0,124534.0,55027.84064149915,1767.0,27,184,0,retail,1,10,0,0,9.729870611954903,0
52.0,68395.0,24090.251893613764,1819.0,77,159,1,online,1,16,0,1,81.7685710912342,0
66.0,49031.0,19558.194033686876,3017.0,78,86,4,travel,1,10,0,1,93.49873207062,0
63.0,100542.0,18476.308583908347,3235.0,54,163,2,retail,1,20,0,1,50.86555860765595,0
36.0,62701.0,19740.367899582034,3505.0,48,118,4,online,1,2,0,1,73.45227439901268,1
24.0,137599.0,54336.15117767519,2330.0,30,199,2,electronics,1,18,0,0,9.427153517940726,0
72.0,50939.0,17875.801930066304,1680.0,39,198,1,retail,1,21,0,1,42.89389626541944,0
57.0,,17320.770405389027,4625.0,13,26,2,online,1,3,0,1,56.47409155965253,0
74.0,45324.0,21932.896134601193,1161.0,16,118,0,travel,1,7,1,0,54.170508559844656,0
41.0,47867.0,17732.94923216643,4757.0,44,1,4,electronics,1,13,0,1,6.237920976392677,1
34.0,25203.0,11671.517367391967,2233.0,71,211,4,retail,1,19,1,0,21.108884106736696,0
51.0,41544.0,16281.434453126805,2677.0,27,7,1,travel,1,23,0,1,19.654908851794115,0
68.0,40899.0,16121.789142446658,220.0,45,164,4,electronics,1,13,0,1,42.4931926228448,0
38.0,54063.0,7136.711087163768,2504.0,35,76,1,food,1,15,0,1,72.45896666462363,0
27.0,115880.0,28249.904152173993,4691.0,79,212,3,travel,1,14,0,1,42.26719791141897,0
30.0,28748.0,12745.361481750695,4272.0,28,87,0,food,1,11,0,1,70.28964921643725,0
27.0,130022.0,25099.64774572222,2517.0,7,153,2,retail,1,15,1,1,5.210702915619234,0
53.0,142269.0,20800.061628885716,2973.0,62,94,2,online,1,19,1,0,105.24358456477303,0
43.0,91629.0,21115.208745502405,3438.0,51,187,2,retail,1,18,0,1,38.4600751358399,0
41.0,105764.0,19902.15698311297,3385.0,46,61,3,travel,1,4,0,1,1.9109910549374207,1
39.0,45884.0,21570.76941195565,3965.0,20,29,0,food,1,11,0,1,51.53081611944328,1
68.0,50183.0,22441.16799823718,3715.0,38,95,4,food,1,4,1,0,36.42288491084108,1
39.0,106570.0,31957.496740499642,3415.0,61,18,4,electronics,1,9,0,1,12.446763889812082,0
56.0,96246.0,11986.241017429746,4048.0,32,41,0,retail,1,16,1,1,72.28639458327538,0
49.0,133036.0,51328.60650993966,1062.0,26,147,0,retail,1,14,0,1,135.57900961581265,0
38.0,44259.0,15462.531926884694,723.0,58,132,2,travel,1,7,1,1,19.480827173839117,0
22.0,60959.0,29761.516869175353,2898.0,39,193,4,food,1,7,0,1,34.05259944132202,1
21.0,141525.0,45794.842931706036,697.0,20,41,0,travel,1,7,0,0,6.85832808970856,0
67.0,58457.0,13711.52715558555,339.0,50,123,4,travel,1,9,1,1,132.82015160646435,0
25.0,110679.0,34045.820809432385,1756.0,79,143,0,food,1,19,1,1,19.194677287031148,0
40.0,27103.0,13326.68919477464,1217.0,52,182,1,travel,1,12,0,1,10.832278183154594,0
31.0,90901.0,34410.116591874,2152.0,22,192,2,food,1,15,0,1,32.54546241750567,0
62.0,137314.0,50640.09256132603,794.0,53,200,0,travel,1,8,0,1,2.212355672297358,0
22.0,69535.0,13647.817736635776,2706.0,66,143,3,online,0,15,0,0,14.573584280448493,1
23.0,41103.0,16336.01771171763,3830.0,43,207,0,travel,1,9,0,1,3.5027648093384767,0
43.0,123046.0,49231.77901167346,3728.0,23,178,1,travel,1,2,0,0,6.8122480938063665,0
32.0,115012.0,26098.01624081377,,77,231,3,online,1,22,1,1,5.948048693869287,0
40.0,103278.0,30310.598872659237,635.0,64,22,3,retail,1,21,0,1,102.95056537946404,0
25.0,37391.0,8145.305288790637,4244.0,9,146,0,food,1,13,0,1,133.27457635908166,0
57.0,127476.0,25939.07501786351,,7,80,1,electronics,1,12,0,1,32.1723634958293,0
58.0,53901.0,5948.429633007,771.0,41,130,3,online,1,3,0,1,49.76900868264219,0
50.0,145721.0,31196.636257051287,3989.0,54,36,2,retail,1,3,0,0,59.52024616313507,1
29.0,122537.0,39406.426299293664,3539.0,65,20,2,travel,1,5,0,1,24.82258172133714,0
54.0,106159.0,10683.892187606942,1565.0,2,144,4,retail,1,23,0,1,23.11847950415918,0
73.0,92914.0,19817.407181236576,3643.0,4,67,4,online,1,18,1,1,56.284122976213965,1
64.0,75357.0,34103.87536515327,685.0,78,120,1,travel,1,10,1,0,23.637531158675824,0
55.0,111908.0,37764.41034487781,4197.0,32,158,3,retail,1,7,0,0,43.49535395041278,0
72.0,135335.0,46439.54611879979,46.0,2,55,2,electronics,1,13,0,1,36.20020075763484,0
42.0,63437.0,16578.988567182707,3846.0,64,66,2,food,1,7,1,1,37.165277108842126,0
64.0,60503.0,22421.73763908854,1797.0,14,227,1,food,1,13,0,1,88.409627048336,0
44.0,121282.0,21342.37030158017,2737.0,20,26,3,online,1,22,1,0,60.879438937054395,0
37.0,118459.0,50641.07136452038,3890.0,49,185,1,travel,1,6,1,1,161.8044742203425,0
30.0,100403.0,14726.675083569662,1904.0,8,197,0,travel,1,20,0,1,78.26546009689142,0
50.0,66258.0,24011.935102642285,146.0,63,130,2,food,1,17,0,0,7.879057877994752,0
66.0,58724.0,13885.861203774028,3086.0,46,56,1,retail,1,11,1,1,67.06285733272586,0
43.0,89286.0,35625.5772365708,3893.0,21,212,1,travel,1,13,1,1,54.77798073617307,1
52.0,99842.0,31940.03693100079,671.0,32,190,0,electronics,1,14,1,1,51.92913047370232,0
37.0,129927.0,36501.84929216967,1820.0,8,34,4,electronics,1,17,0,1,32.76797335533146,0
70.0,39908.0,6695.323689094921,424.0,16,226,2,travel,1,11,1,0,3.225001817425284,0
71.0,117617.0,41722.11206589309,352.0,40,56,1,travel,1,9,0,1,151.29387291958244,0
37.0,75626.0,37049.77767140487,2739.0,27,55,2,food,1,11,0,0,95.50171575965423,0
34.0,62228.0,26773.059970045495,3460.0,18,20,4,online,1,7,0,1,33.3552653863505,0
29.0,48386.0,6000.02256264477,3675.0,35,50,1,food,1,5,1,0,8.633274409948779,1
60.0,71754.0,17973.78512597156,3747.0,52,153,0,online,1,23,1,1,86.9980226258711,0
22.0,135942.0,63924.44217413758,3907.0,15,84,2,electronics,1,18,1,1,28.164893397282718,0
65.0,,18073.049941368514,4251.0,63,153,0,online,1,0,0,0,24.72415495515314,0
45.0,85815.0,31309.15053269156,4428.0,53,53,4,food,1,12,0,1,54.73831947132847,1
59.0,146084.0,67934.86512054908,2179.0,66,142,4,travel,1,21,1,1,71.08061788421185,1
29.0,109748.0,49333.68787368042,1888.0,31,188,2,online,1,15,0,1,3.2451019798778167,0
74.0,88344.0,26567.527702700358,3980.0,61,111,4,food,1,17,1,1,72.95538674706829,1
42.0,60618.0,16673.49742979941,4706.0,64,236,3,electronics,1,11,0,1,66.20176580418335,0
63.0,136603.0,32221.512304866817,4580.0,34,171,2,online,1,4,1,1,44.48360979254817,1
66.0,101234.0,39239.08572366085,2627.0,55,235,3,electronics,0,20,1,1,20.656136224674867,1
24.0,86114.0,18496.83249987699,1525.0,59,190,4,electronics,1,12,0,1,9.004331640256872,0
46.0,142652.0,28523.98673303231,584.0,3,231,2,retail,1,7,0,1,5.415630617409527,0
49.0,95130.0,23069.02098946304,4452.0,17,204,3,online,1,5,0,1,0.05921974186527488,1
65.0,50525.0,8634.016299520388,2877.0,78,112,4,food,1,2,1,1,,1
54.0,104818.0,39626.22754712138,,78,69,1,online,1,19,0,0,26.495068219663043,1
43.0,139589.0,48367.06639976434,4487.0,46,191,1,online,1,3,1,1,13.96217761618678,1
57.0,39334.0,11530.817704365038,81.0,38,2,0,electronics,1,11,0,1,18.479257125591605,0
31.0,119715.0,30662.640265718805,2578.0,35,182,1,electronics,1,12,0,1,24.751913075509606,1
26.0,87767.0,40690.97688096698,3447.0,1,16,3,electronics,1,1,0,1,18.42742268506742,0
38.0,31644.0,3533.037220878099,2990.0,29,183,1,electronics,1,18,0,1,64.48035443510095,1
41.0,126154.0,51425.80730976793,1127.0,4,94,2,food,1,3,1,1,33.83680796853911,0
62.0,138237.0,63694.609387940465,2396.0,61,239,2,travel,1,22,0,1,0.9758179490972648,0
56.0,57933.0,16136.763940045561,3518.0,17,171,2,retail,1,12,0,1,12.85235631526307,0
61.0,68469.0,21928.990904201484,,28,189,1,electronics,1,18,0,1,61.83482915355233,0
58.0,58687.0,28039.796180293266,4769.0,50,166,1,electronics,1,7,0,1,17.900257362406077,0
54.0,131609.0,24335.95260368451,1525.0,8,45,0,retail,1,7,0,0,126.37511813275617,0
37.0,77656.0,23922.236695826996,49.0,34,126,4,electronics,1,15,0,1,62.35515907079376,0
57.0,42375.0,12284.023104823209,1392.0,59,179,0,travel,1,10,1,1,17.11937316809099,0
45.0,139019.0,28270.495005716395,2040.0,18,170,3,online,1,17,0,1,36.325876030445556,1
58.0,145735.0,62292.57377136996,2631.0,59,24,2,retail,1,3,0,0,55.01654275491569,1
32.0,90206.0,41480.348500484986,1910.0,27,115,1,food,1,23,0,1,10.744253912151565,0
43.0,121462.0,50136.238002494174,2227.0,16,158,4,retail,1,0,1,1,14.130578651885711,1
73.0,61607.0,10974.891800400086,4806.0,10,165,4,travel,1,0,0,1,35.37485711262354,0
62.0,108178.0,14571.517556507382,4616.0,76,123,1,food,1,13,1,0,129.4432224791223,0
42.0,48993.0,16764.316667425854,1293.0,22,181,0,online,0,3,0,0,21.08051466497637,1
41.0,69386.0,8523.230821095523,593.0,16,191,4,electronics,1,10,0,1,25.719124437580387,0
,148394.0,54776.72996267534,468.0,12,231,0,retail,1,17,0,0,10.5743508403524,0
51.0,,18730.181287853826,2275.0,75,139,1,food,1,15,0,1,44.97274949235818,0
26.0,111724.0,40792.029282021234,2676.0,51,78,0,retail,1,16,1,0,67.38268066165904,0
47.0,123132.0,41380.763080416116,825.0,1,151,2,online,1,23,0,0,29.04830287875538,0
60.0,118308.0,31834.438238248305,2521.0,27,117,1,retail,1,1,0,1,69.36461888059941,0
54.0,121393.0,21893.333411505093,256.0,67,80,1,food,1,3,0,1,18.02014587941193,0
32.0,101312.0,22519.717913292887,4835.0,12,50,4,travel,1,2,0,1,61.376474529451016,1
65.0,123371.0,38220.364136787735,426.0,30,85,4,food,1,14,1,1,14.943523703395453,0
73.0,100324.0,36191.60585084096,4473.0,9,183,4,retail,1,1,0,1,75.85422811717335,1
27.0,96196.0,39612.85931688964,,53,183,2,online,1,23,0,1,88.7868985697992,1
30.0,95014.0,38658.18345708762,117.0,61,4,2,electronics,1,18,0,1,79.90602689970326,0
,33210.0,16242.197265480258,2641.0,54,225,3,electronics,1,8,0,0,12.133689408579091,1
37.0,35922.0,7699.398607554797,848.0,37,182,1,online,1,9,1,1,59.249283298331555,0
46.0,61289.0,7872.221678277331,4523.0,65,61,4,retail,1,20,1,1,38.66803710718016,1
41.0,58340.0,13900.250247804828,4926.0,42,111,1,online,1,18,0,1,213.56717940297406,0
48.0,64850.0,25766.058687312547,1431.0,49,78,0,retail,1,4,0,1,22.437696275773465,0
66.0,81984.0,22565.65823932547,4788.0,4,83,2,food,0,13,0,0,73.75657444472225,1
22.0,128699.0,54969.32129137108,3922.0,64,133,3,travel,1,9,1,1,23.107973130684478,0
74.0,138711.0,44350.14377652693,265.0,79,100,0,retail,1,15,0,1,25.280087445681517,0
,109178.0,51522.92027734122,2837.0,51,223,1,electronics,1,5,0,0,5.882462603077112,0
21.0,36094.0,17294.273230205756,847.0,72,237,2,electronics,1,7,0,1,13.699556846062258,0
71.0,112959.0,14427.327078148735,2972.0,60,146,4,travel,0,1,0,0,8.985306195455198,1
73.0,58418.0,16506.904128448165,2292.0,79,172,0,retail,1,17,0,1,8.670106334677817,0
56.0,30741.0,10571.080572749188,562.0,31,31,2,travel,1,20,0,1,0.4528711271422508,0
71.0,136585.0,27637.840394734434,190.0,72,119,1,food,1,20,0,1,78.9407725109534,0
,97374.0,25592.87772609953,4262.0,58,94,1,,1,20,0,0,31.549125420530245,1
49.0,142275.0,52794.35650500821,1487.0,4,149,0,food,1,19,0,1,81.5247961997665,0
41.0,147564.0,28139.523783211924,580.0,22,175,0,electronics,1,7,0,1,47.40847634529633,0
31.0,93798.0,31965.658778519075,4962.0,3,30,0,food,1,4,0,0,88.9928282786336,1
60.0,141026.0,53445.910965879775,1737.0,79,55,3,retail,1,16,1,1,,0
31.0,95532.0,13011.317436644138,601.0,47,105,4,retail,1,15,0,0,4.938062557969122,0
56.0,135130.0,40405.45458991588,,38,196,2,retail,1,4,1,1,47.95516803238969,0
69.0,47164.0,9679.562612537815,2270.0,33,197,1,retail,1,16,0,1,56.62368792571012,0
59.0,60595.0,23617.176496680604,2957.0,78,41,1,online,1,3,0,1,,0
60.0,55257.0,9715.407494090288,357.0,48,173,4,food,1,0,1,0,80.80709551136526,0
55.0,39211.0,17915.316362465877,175.0,65,74,0,retail,1,21,1,0,65.7450774708932,0
74.0,120989.0,32954.56454560634,4453.0,26,219,0,travel,1,5,0,1,28.33739737626089,0
54.0,30232.0,5417.611044903184,2906.0,8,208,1,travel,1,0,1,1,85.49155469172457,0
67.0,92753.0,25526.434270752838,4503.0,50,158,4,online,1,23,0,1,58.84813455310339,0
44.0,77691.0,20471.38467054294,592.0,38,77,1,food,1,3,0,1,6.4125103343054874,0
,114765.0,31166.45375451827,3516.0,10,228,0,food,1,1,0,1,38.81262784467371,0
42.0,104768.0,35016.034238856206,4413.0,42,85,2,food,1,12,0,0,65.19993542721187,0
25.0,50613.0,15612.56629561955,3048.0,37,173,0,online,1,13,0,1,40.29208194401788,0
53.0,39026.0,6240.680936391564,2855.0,26,104,2,food,0,16,0,0,148.82457937409345,1
56.0,78535.0,9913.600988121434,2776.0,12,173,3,food,1,10,0,1,5.35094273092549,1
67.0,119090.0,46655.43431553748,4204.0,49,79,4,retail,1,2,0,1,64.06460019784704,1
40.0,55908.0,18107.872963152062,1275.0,14,212,3,food,1,6,1,1,86.99179992957129,0
39.0,77113.0,18784.750491558505,4263.0,46,84,0,,1,9,0,0,60.6428063740875,0
55.0,44610.0,18885.33698465563,4659.0,35,173,4,retail,1,10,0,1,24.35423458134203,0
72.0,71646.0,18285.73497876021,4756.0,29,183,0,food,1,9,1,1,24.345715669565042,0
63.0,130141.0,54449.17709028507,2977.0,12,187,4,travel,1,7,0,1,44.16305153738414,1
37.0,88185.0,19603.741641871507,2284.0,44,133,4,electronics,1,4,0,1,25.300033824589676,1
65.0,97567.0,12599.618858237003,2480.0,66,124,0,travel,1,22,0,1,107.35733243421721,0
63.0,72574.0,34331.55725513442,2300.0,2,32,0,food,0,1,0,1,5.8227931160955375,1
54.0,148978.0,38409.57525523217,2587.0,59,6,4,food,1,14,1,1,50.965664131370204,0
29.0,116051.0,48402.20630869726,3670.0,17,94,4,travel,1,15,0,0,7.200156419644807,1
,127020.0,26884.755120758848,1078.0,10,26,0,food,1,3,0,1,38.84381232961344,0
22.0,61182.0,21936.564115979807,2746.0,18,37,0,retail,1,21,0,1,62.865374381746555,0
73.0,141136.0,63415.84136324109,4839.0,22,13,1,online,1,15,0,0,9.04678087619645,0
29.0,25570.0,2982.935060493319,1960.0,58,93,1,food,0,11,0,1,60.87540328596057,0
29.0,122790.0,53076.506218321956,101.0,53,197,1,food,1,13,0,0,7.539983524108264,0
60.0,44288.0,14550.07844967871,3103.0,1,25,3,travel,1,11,1,1,48.452115719349734,1
37.0,103824.0,35610.45895112132,2229.0,61,141,4,retail,1,20,1,0,35.21576859682546,0
21.0,54877.0,16971.436644091966,1397.0,31,216,2,travel,1,15,0,1,17.69643262324531,0
45.0,109425.0,49218.27527072503,4284.0,31,223,3,travel,1,15,0,1,5.913773954948516,1
63.0,25917.0,3041.964927790407,2295.0,66,20,4,food,1,21,1,1,66.5626913448453,0
60.0,100602.0,20564.19129811576,3216.0,19,72,2,retail,1,11,0,0,24.047577653329252,0
62.0,120040.0,54054.61406586121,2934.0,53,188,1,food,1,1,1,1,4.52527976639512,0
45.0,89575.0,35914.04652171998,289.0,76,201,2,food,0,22,1,1,74.09388333098337,1
59.0,97518.0,10440.088292118915,1628.0,74,149,0,food,1,23,1,1,13.25655886859586,0
55.0,147115.0,45135.25174175852,2797.0,22,115,0,food,0,13,0,1,66.67599840907398,0
23.0,64104.0,19989.490849762125,380.0,23,127,4,online,1,10,0,1,41.60881845642268,0
70.0,43062.0,11211.31460115123,3193.0,15,189,3,electronics,1,8,0,1,10.816404693582323,1
57.0,41999.0,9195.989021308604,3844.0,26,212,1,retail,1,21,1,1,3.974120122326139,1
64.0,86845.0,32366.257853623938,1713.0,3,207,4,online,0,6,0,1,44.977705612043465,1
64.0,34941.0,6398.262650899522,2278.0,20,26,1,electronics,0,11,1,1,1.2767547712403815,1
71.0,86169.0,36154.739458062744,313.0,40,54,0,electronics,0,16,0,0,3.3852824191446973,1
50.0,48470.0,20416.284472959745,3784.0,39,170,3,electronics,0,8,0,1,60.569861861742226,1
58.0,135684.0,36106.13315825223,1358.0,72,139,3,online,1,5,1,1,38.70418052602265,0
54.0,84821.0,18102.430333346892,2432.0,18,165,0,retail,1,11,0,1,19.74816718303174,1
,111669.0,23847.05706402134,3638.0,41,233,2,travel,1,19,0,1,,0
39.0,143193.0,41943.596622795725,2438.0,70,125,3,electronics,1,9,0,1,44.78144911843385,0
57.0,69435.0,26929.09338818869,3043.0,27,11,2,travel,0,8,0,1,41.65333138503006,1
64.0,29529.0,7191.713430543063,678.0,15,27,1,travel,1,11,0,0,51.43855047120972,0
69.0,108055.0,37172.793477374944,509.0,37,94,3,food,1,0,0,0,140.9111975826004,0
37.0,37192.0,9409.34482319514,1424.0,58,83,0,travel,1,1,0,1,24.61471309194784,0
30.0,99102.0,21981.742836512156,539.0,5,34,2,food,1,18,1,1,17.916058730056644,0
69.0,97762.0,10748.326397983948,3631.0,73,38,1,retail,1,0,1,1,1.9596510504044398,1
67.0,128466.0,13047.73180296108,3466.0,7,189,1,retail,1,15,0,1,7.954069105911779,1
32.0,139894.0,26703.396353052172,764.0,41,87,3,food,1,15,0,1,5.616448948341389,0
36.0,111795.0,29353.17633316691,2357.0,10,181,3,retail,1,17,0,1,20.431820584427385,0
44.0,59087.0,26028.087438368824,4920.0,62,65,4,electronics,1,17,1,1,47.07923839359561,0
39.0,91677.0,38448.75597565305,736.0,26,131,4,retail,1,22,0,0,2.3720829751001418,0
28.0,29627.0,6128.822093877751,4836.0,68,195,3,food,0,12,1,1,65.03611846076511,1
51.0,81541.0,16130.128904553101,4933.0,24,156,4,electronics,1,21,0,0,25.32781667325958,1
41.0,137805.0,26310.947201522053,2659.0,78,142,0,travel,1,11,1,1,165.5283373139652,0
37.0,93226.0,21972.896123257662,2056.0,41,52,0,travel,1,8,0,1,42.011061716128154,0
43.0,130627.0,39093.981656073716,2825.0,65,30,4,travel,1,4,1,1,73.7808339258631,0
57.0,28255.0,7783.3231595008665,884.0,17,186,3,food,1,8,0,1,98.72930130258503,0
74.0,82433.0,15440.465838061951,3289.0,24,182,0,travel,1,12,0,1,109.84206813510369,0
36.0,30213.0,4597.831379450613,2994.0,27,197,1,retail,1,15,0,1,36.538480549090664,0
26.0,,6301.86749966869,2188.0,7,113,3,travel,1,9,1,1,25.27056193785556,0
28.0,44404.0,7175.033459898976,3817.0,73,143,2,online,1,15,0,1,41.107583433467134,0
45.0,141545.0,54090.366967650596,617.0,12,166,2,online,1,13,0,1,25.71411302096407,0
38.0,50380.0,9947.804449452187,644.0,3,206,3,travel,1,1,0,1,13.76890187703854,0
45.0,116056.0,33359.220670184775,4589.0,79,142,4,,0,18,0,1,19.572180555279296,1
32.0,44173.0,14865.118260554595,2737.0,10,185,0,online,1,10,0,0,13.248423278385712,0
35.0,78027.0,35481.71405009672,1084.0,33,187,0,travel,1,18,1,1,15.697033618674608,0
46.0,48989.0,22316.54896607809,1924.0,46,8,3,electronics,1,10,0,1,4.914155276564859,0
61.0,133106.0,53015.25374215639,598.0,59,72,1,online,1,13,0,1,27.79661707141905,0
65.0,49519.0,5648.275635699897,3241.0,52,147,4,food,0,14,0,1,13.412531689017596,1
46.0,47439.0,15656.2062443972,2314.0,6,32,1,online,1,6,1,1,29.743574873646565,1
67.0,,24878.00329995616,3848.0,2,95,3,retail,1,14,1,1,78.55853513225952,0
52.0,101949.0,10899.899550232047,1983.0,29,157,3,electronics,1,23,0,1,29.73866250936572,0
30.0,39995.0,12793.35444927794,2065.0,40,41,1,food,1,22,0,1,154.62523387504518,1
36.0,48559.0,21516.767662089525,3490.0,61,75,2,travel,1,7,0,1,7.998866606370503,0
27.0,135887.0,39358.423511991256,2089.0,68,45,3,retail,1,3,0,0,94.9444076379798,1
37.0,114049.0,11592.22333370044,3062.0,68,13,4,retail,1,17,0,1,14.268112537535771,0
43.0,30021.0,3134.352812237309,4492.0,29,155,1,electronics,1,13,0,0,135.85463622950303,0
46.0,123000.0,32798.493040756526,1261.0,62,19,2,food,1,20,0,0,12.883380769707149,0
,46119.0,7471.437893037322,3805.0,60,154,1,retail,1,17,0,1,68.71073790215931,0
42.0,76539.0,27996.455537304395,3832.0,41,53,2,food,1,3,0,0,3.206551587830769,1
27.0,119835.0,45959.083964011596,4312.0,65,179,2,food,1,1,1,1,,0
34.0,64350.0,11013.625935156582,3399.0,64,165,4,retail,1,20,0,0,12.338154078411465,0
35.0,71223.0,32435.90256343176,1790.0,79,137,3,food,1,5,0,1,55.45928073683293,0
73.0,50517.0,13981.24344192016,2614.0,63,220,2,electronics,1,10,0,1,50.50663342717395,0
27.0,103653.0,16287.86274385027,3698.0,48,224,3,retail,0,0,0,1,128.6514170158518,1
29.0,47250.0,19169.355203511575,4898.0,20,180,4,electronics,1,14,0,0,49.26548785753715,0
71.0,109486.0,45545.05924353456,1734.0,37,182,3,electronics,1,11,1,0,26.23345111969378,0
68.0,107895.0,38380.214009295814,2794.0,64,3,0,food,1,23,0,1,10.756772895991867,0
28.0,114132.0,50376.29220724552,3729.0,5,96,2,food,1,17,0,1,53.56702953810858,0
70.0,116066.0,45840.172548684764,1687.0,34,197,4,retail,0,4,0,0,6.18565063402733,1
43.0,91798.0,41573.688906385316,458.0,39,136,1,travel,1,10,0,1,88.16350666758795,0
49.0,79199.0,21665.299820800596,4697.0,67,14,4,retail,1,23,0,1,14.206721767482067,0
38.0,148823.0,59386.158958057335,91.0,62,120,2,electronics,0,20,1,1,37.13356501656194,0
51.0,84546.0,42264.598272668794,1416.0,24,131,4,food,1,18,0,0,45.310498734932025,1
50.0,130686.0,50963.943391619585,1490.0,3,152,1,electronics,1,21,1,1,22.50926503677725,0
,113151.0,16483.103567044698,1089.0,71,13,0,online,1,0,1,1,54.513426378743446,0
59.0,28327.0,8705.665780100586,3608.0,67,171,2,online,0,16,0,1,14.398569641186187,1
55.0,145318.0,48672.682531141734,4524.0,79,157,2,electronics,1,7,0,1,1.7619105291046795,0
38.0,54768.0,9293.268100923977,4193.0,50,72,4,travel,1,22,0,0,160.0367388307966,1
62.0,89418.0,43381.73765797271,3690.0,29,179,3,travel,1,15,0,1,19.286494105872286,1
59.0,119386.0,20323.30693307452,,74,170,3,retail,1,10,0,1,62.49424676602501,0
37.0,141947.0,24276.22561181313,4320.0,32,159,1,retail,1,18,0,0,35.41645290500296,0
34.0,67788.0,31593.739979607657,3766.0,39,191,0,retail,1,23,0,1,55.281645348780565,0
51.0,140945.0,40321.85190853358,1768.0,9,154,0,food,1,10,0,0,5.879332138643291,0
44.0,107384.0,13452.56407264586,2609.0,14,146,4,travel,1,14,0,1,36.57858954643218,0
55.0,71830.0,24370.123248233805,2560.0,68,82,4,electronics,1,7,0,0,24.897078499071824,1
64.0,77446.0,26388.217358494014,3863.0,64,57,3,online,1,13,0,1,30.06027583143831,1
65.0,130078.0,16363.851875372236,2756.0,20,7,0,travel,1,0,0,1,169.3770521850043,1
54.0,40160.0,19638.601369859145,2302.0,28,112,0,travel,1,9,1,0,7.3258473346997075,0
23.0,81583.0,25911.738663450946,1511.0,14,230,0,travel,1,6,0,1,70.26370234419322,0
57.0,58998.0,19110.531206864693,4414.0,44,48,1,retail,1,17,0,1,20.049466531022354,0
63.0,52230.0,16089.251239784026,240.0,77,80,1,food,1,11,0,1,17.149732201156265,0
60.0,34076.0,11732.11844926803,4260.0,39,119,4,electronics,1,1,0,1,15.788811908278369,1
46.0,94341.0,19407.82119057153,1208.0,28,120,3,retail,1,17,0,1,21.44550686672966,0
43.0,56085.0,12052.472400467579,124.0,64,60,2,food,1,20,1,1,22.089631178157486,0
64.0,80571.0,24536.740721585687,1423.0,32,33,3,travel,1,6,0,1,15.786728176653316,0
59.0,39715.0,16786.511488774227,,9,115,1,food,1,19,1,0,55.05474054492508,0
35.0,30750.0,3688.3342908784,1002.0,28,128,1,retail,1,11,1,1,2.44491264480349,0
69.0,138931.0,47425.72024318839,2357.0,17,3,4,travel,1,19,0,1,20.195351562469202,0
24.0,103768.0,43863.90171663808,1051.0,77,230,2,retail,1,13,0,1,16.439483640179763,0
49.0,143544.0,23364.213158924693,21.0,55,4,0,electronics,0,9,1,1,69.59912953329716,0
42.0,60903.0,6456.2671496969715,3686.0,10,100,2,travel,1,8,0,1,7.920401542759642,0
45.0,97489.0,21943.342572018242,4835.0,6,4,2,food,1,22,0,1,141.24645842211703,1
33.0,57093.0,19140.855459325183,3075.0,48,42,2,retail,1,14,0,0,9.347730363541116,1
38.0,116036.0,18021.930523677325,2046.0,75,9,4,online,1,19,0,1,23.103944778069817,1
53.0,112954.0,30548.290516330457,3056.0,67,232,1,food,1,23,1,0,11.138443165871422,0
36.0,144277.0,46302.61547066748,,41,51,0,food,1,9,0,0,16.892515329226253,0
65.0,59314.0,20140.260752974205,550.0,79,145,2,travel,0,18,1,1,,1
62.0,73225.0,15360.019308100987,2870.0,60,145,0,food,1,18,0,0,32.35181285461745,0
64.0,112985.0,29377.439368764455,86.0,77,97,2,retail,1,11,1,1,8.871221404934387,0
22.0,108014.0,44430.01339540132,3077.0,42,20,1,online,1,22,0,1,2.3878660156565723,0
55.0,60179.0,28674.443630995494,33.0,71,142,0,electronics,0,11,0,1,13.062798253978528,0
62.0,142305.0,63290.45220791345,685.0,28,22,3,online,1,8,1,0,145.5721101135314,0
54.0,137417.0,44758.5583830812,,13,180,1,retail,0,19,1,0,93.31878948149973,1
50.0,50338.0,13295.127645836954,4277.0,15,27,0,travel,1,3,0,1,29.006437519212337,1
33.0,117435.0,27383.804003482997,3408.0,36,43,2,retail,1,0,0,1,32.888540636134564,0
33.0,94681.0,14200.505053360368,2769.0,15,131,2,food,1,15,0,1,114.81332456295897,0
38.0,57101.0,8143.773106914908,498.0,75,216,1,travel,1,0,1,1,44.74424676896444,0
52.0,27775.0,10425.153212790738,1495.0,56,94,1,electronics,1,12,0,1,106.33381317134476,0
52.0,136497.0,27834.16336964595,3669.0,4,8,2,electronics,1,2,0,0,33.8478578917079,0
55.0,122183.0,24664.43153335026,3245.0,52,86,0,retail,1,11,0,1,11.163279132913189,0
59.0,70619.0,35258.5146208667,2429.0,10,89,3,food,1,22,0,1,64.71803557683909,0
,70838.0,12408.719601545568,3505.0,45,138,4,electronics,1,8,1,1,37.36890449465927,1
72.0,146316.0,23297.00470774704,766.0,29,113,1,online,1,3,0,1,55.19726117127313,0
49.0,44539.0,6212.036543679642,2534.0,53,157,2,travel,1,1,0,1,8.553114052093292,1
69.0,127274.0,42245.05820030352,4260.0,29,168,0,online,1,21,1,1,52.14967491052784,0
49.0,82124.0,28837.475538638635,266.0,23,193,1,electronics,1,21,1,0,24.08415021206253,0
,90149.0,22184.87292965266,1789.0,57,21,0,electronics,1,8,0,1,20.173187069802694,1
64.0,51616.0,16215.95789030397,4779.0,50,231,1,retail,1,19,1,1,55.65719937146092,0
36.0,104655.0,43469.481164415934,2125.0,21,152,2,retail,1,23,0,1,44.85371691467478,0
64.0,115695.0,49429.72470159388,3358.0,43,201,0,travel,1,12,1,1,52.36375838552826,0
67.0,79567.0,38443.976051386795,4778.0,10,188,2,retail,1,13,1,0,168.09844529929325,1
30.0,62099.0,26684.387063129834,1482.0,76,236,0,food,1,2,0,1,60.39845052149408,0
50.0,100831.0,32864.51076226194,268.0,30,154,1,travel,1,17,0,0,51.20757439772359,0
45.0,125246.0,21525.126537280645,4085.0,51,9,4,food,1,8,0,0,47.53803283510316,1
59.0,86799.0,12143.650818019607,316.0,33,148,4,retail,0,14,0,1,25.434249939777608,1
40.0,145714.0,17748.658210588375,1128.0,18,184,3,travel,1,21,0,0,91.37711257854323,0
25.0,115221.0,42241.209145657485,3027.0,78,227,3,electronics,1,23,0,0,23.977541150940272,1
21.0,139879.0,59170.84554752635,4351.0,22,36,2,online,1,9,0,1,60.239262434401816,0
50.0,50479.0,15319.042858632649,2790.0,64,234,0,electronics,1,16,1,1,17.346390435689134,0
69.0,71172.0,8674.84690050393,1668.0,21,36,3,food,1,12,0,1,7.994146326668089,0
23.0,124165.0,39011.1815576534,196.0,1,73,1,electronics,1,0,0,1,6.949502187912975,0
65.0,80863.0,38353.29701386389,1807.0,15,150,4,electronics,1,10,0,1,50.332502168845274,0
34.0,67043.0,22730.61246387398,934.0,36,1,0,online,1,4,1,1,19.871493648461136,0
50.0,107569.0,45584.622202582614,794.0,47,69,4,online,1,8,0,1,16.082580535193376,0
70.0,127438.0,53531.74128229917,3454.0,54,201,0,electronics,1,6,1,0,44.831676512057776,0
24.0,135107.0,63885.566513625876,3206.0,32,37,3,online,1,6,0,1,1.3002485842060143,0
38.0,40408.0,16490.161584952035,1370.0,58,230,3,electronics,1,1,0,1,14.133111447728105,0
57.0,147275.0,58774.537280511104,350.0,46,211,2,travel,1,18,0,1,20.81725040661499,0
45.0,82980.0,16068.335655705505,572.0,54,72,0,electronics,1,19,0,1,61.614085787895775,0
68.0,107956.0,13383.312027137068,4756.0,33,234,1,retail,1,17,0,1,39.373030052708756,0
21.0,41351.0,12696.402191776002,3009.0,39,107,3,online,1,9,0,1,96.8931467398627,0
,29131.0,4363.057164678771,1203.0,23,96,2,online,1,4,0,1,20.361310121129613,0
66.0,141836.0,68773.20572310608,3120.0,43,141,3,food,1,15,1,0,17.580176429130468,0
35.0,69825.0,15080.09862034049,78.0,55,84,4,food,1,22,0,1,1.6880474865649273,0
29.0,36349.0,16036.367539526269,2438.0,2,228,3,retail,1,4,0,1,151.53409868798386,0
35.0,85931.0,21916.688667309016,3608.0,66,43,0,online,1,14,1,1,34.806796761553066,0
69.0,69254.0,15878.397831849128,2382.0,38,236,2,online,1,21,0,1,34.910389663759396,0
44.0,63225.0,29972.66029540475,4566.0,29,37,0,food,1,15,0,0,128.48150924771855,0
24.0,129383.0,31741.405737692767,853.0,67,222,1,food,1,3,1,1,17.1187577456642,0
32.0,37453.0,9592.28121726418,583.0,71,202,1,electronics,1,13,1,1,20.181299769090977,0
57.0,43814.0,6240.722092784002,4224.0,36,223,3,online,1,23,0,1,53.40624361355712,1
57.0,43263.0,15928.513632046881,2606.0,29,25,2,online,1,16,0,1,,1
63.0,102694.0,22134.229932141512,4751.0,37,221,2,electronics,1,16,0,1,60.083892891979,0
26.0,40735.0,13615.33431077693,1488.0,45,216,2,online,0,20,1,1,77.7281441054323,0
59.0,40830.0,13740.956030597017,2083.0,16,231,2,retail,1,15,1,1,42.796017623505314,0
66.0,72893.0,28259.149364424902,1523.0,31,149,3,food,1,8,0,0,99.32433675647304,1
44.0,69673.0,27736.584026436998,978.0,34,169,0,food,1,1,1,1,39.937245114019035,0
31.0,114462.0,35000.3018185876,2206.0,50,73,3,food,1,10,0,1,13.0254401164538,0
33.0,70066.0,16283.112720312016,1521.0,65,170,0,travel,1,14,0,0,39.011685091218304,0
54.0,125315.0,54509.563554485874,664.0,62,42,4,retail,1,2,1,0,62.404017357434704,0
45.0,28373.0,6354.027228266775,3002.0,43,2,4,retail,1,23,0,1,53.004495688116116,1
27.0,35335.0,10706.633541229532,4660.0,56,196,0,electronics,1,15,0,1,13.920708487032151,0
72.0,48741.0,12697.080863173163,4530.0,15,136,3,travel,1,20,1,1,2.097288995076654,0
24.0,35692.0,15776.983100812042,302.0,48,96,1,online,1,18,0,1,14.549761772031719,0
,72295.0,19719.720083675078,2611.0,49,61,3,retail,1,21,0,1,206.88997365921597,1
40.0,70541.0,17948.42915191399,4536.0,44,14,1,travel,1,5,1,1,10.195623017065722,0
49.0,59057.0,22201.26713258231,4422.0,10,113,3,travel,1,13,1,1,31.215746891138433,0
74.0,91983.0,31364.036243354036,4503.0,20,77,2,,1,4,1,1,50.85333852697411,0
73.0,44583.0,6370.854231098123,1598.0,70,21,2,electronics,1,4,0,0,105.79415100492598,0
71.0,47765.0,14485.57321400776,605.0,8,152,4,travel,1,5,0,0,71.40972965525783,0
65.0,84287.0,33225.20676697778,2603.0,45,178,4,food,1,17,0,1,119.8190290844496,1
66.0,48906.0,24297.963374841947,2133.0,34,210,0,travel,1,21,0,1,46.36552303075722,0
30.0,145747.0,51253.20544426885,1953.0,51,173,1,online,1,17,1,1,100.24224175342798,0
63.0,110103.0,27318.450997755368,925.0,4,192,2,retail,1,18,1,0,15.31559319491054,0
54.0,104675.0,19936.4674837147,3879.0,39,64,3,online,1,1,0,0,28.15551803227328,1
46.0,71525.0,32124.172999126495,2804.0,24,232,0,electronics,1,16,0,0,92.8220918273174,0
61.0,63230.0,26924.98334477471,3088.0,55,154,3,food,1,0,1,1,19.693900017192654,1
69.0,142904.0,27661.80271226289,985.0,26,160,2,retail,1,8,1,1,102.4833203704905,0
23.0,44520.0,8024.856261330181,1085.0,25,236,2,travel,1,12,0,1,22.558314002723208,0
26.0,110238.0,42557.89920084416,2999.0,36,57,2,food,1,3,0,1,22.580272226921945,1
25.0,76934.0,17385.608772663138,3477.0,71,119,2,travel,1,4,0,0,18.48315449553477,0
25.0,50566.0,11253.944655188303,1461.0,74,181,3,electronics,1,22,1,1,39.586875910368576,0
74.0,98193.0,15800.83449212571,3833.0,58,161,0,retail,1,17,0,1,6.909611238013456,0
67.0,128224.0,26361.598815709294,3942.0,12,52,2,electronics,0,9,0,1,1.8644668691362578,1
43.0,55134.0,14941.480672125255,2038.0,1,95,4,electronics,1,3,0,1,113.85219323435469,1
69.0,35345.0,13895.368412357411,372.0,50,146,0,electronics,1,12,0,0,132.21030629902074,0
29.0,146012.0,34243.20699261617,2439.0,25,163,4,electronics,1,12,0,1,3.9613961708325833,0
55.0,146015.0,33793.965051659696,3642.0,5,140,3,travel,1,16,1,0,39.89179109451566,1
40.0,66185.0,14161.293448073186,2328.0,68,179,2,online,0,7,1,1,38.791903552298265,1
69.0,140464.0,40919.05482930846,3095.0,6,89,0,travel,1,3,1,1,23.295057231175136,0
62.0,117949.0,20317.267154192083,2355.0,26,237,2,food,0,22,1,1,42.07131895813084,0
55.0,95744.0,28172.891599668732,3608.0,55,223,2,electronics,1,2,0,0,30.635474842960758,1
70.0,58455.0,22310.53285494424,4339.0,39,10,0,food,1,10,0,1,33.63145754013495,0
38.0,140217.0,15692.554041576876,1741.0,9,239,2,travel,1,11,1,1,70.39364012183866,0
37.0,53018.0,5509.193274020353,36.0,45,52,2,electronics,1,8,0,1,37.32320683052427,0
44.0,79219.0,10302.364727812026,102.0,14,34,1,travel,1,14,0,1,19.552827546446142,0
23.0,70991.0,22309.91737685616,2674.0,55,115,1,electronics,1,12,0,1,43.54867624952974,1
52.0,98616.0,43566.77699336471,318.0,9,195,0,travel,1,4,0,1,51.18739401268275,0
55.0,112438.0,11463.479836154036,61.0,15,238,0,retail,1,4,0,0,54.2815472049235,0
58.0,,28479.871310032344,328.0,37,167,2,online,1,18,0,1,48.15688720007509,0
33.0,34486.0,4914.648300008599,2002.0,50,136,4,online,0,10,0,1,54.62198363740263,1
67.0,63862.0,27894.50082754178,4286.0,72,125,0,electronics,1,8,0,1,18.55990797577964,0
45.0,146662.0,42992.77821677157,3901.0,21,224,2,retail,1,2,1,0,29.541617090683523,0
29.0,83870.0,30507.12162843066,4752.0,57,235,4,food,1,17,0,0,55.23747956014823,1
24.0,111694.0,33985.49010593744,3966.0,19,157,1,retail,1,12,0,1,70.19615014913703,0
34.0,130996.0,38096.1637222379,2702.0,58,150,0,electronics,1,11,0,1,28.470970597699193,0
57.0,68856.0,29880.734015783415,3028.0,6,212,2,retail,1,8,1,0,22.73272902648573,0
54.0,126407.0,50860.431832811584,2034.0,4,198,1,food,1,9,0,1,62.91839700738514,0
31.0,125744.0,36888.372331739454,4441.0,43,189,3,electronics,1,12,0,1,12.562568788566846,1
61.0,111055.0,16064.59125563185,1535.0,42,43,1,online,1,19,1,1,0.47687667785276155,0
23.0,,8769.671023545796,1288.0,3,177,2,retail,1,19,0,1,31.854035031242034,0
48.0,89729.0,37741.433708344775,523.0,1,29,4,online,1,12,0,1,9.520095040619136,0
49.0,53378.0,16640.925034515458,4347.0,55,106,3,online,1,21,0,1,23.76349430623663,1
29.0,130428.0,38167.88335221241,1743.0,15,120,3,travel,1,8,0,1,17.211503062302366,0
23.0,79353.0,29537.30822499873,3380.0,47,81,3,food,1,23,1,1,75.08792928058178,0
45.0,74996.0,33263.47335589435,3931.0,46,31,0,retail,1,9,0,1,20.1291008655603,0
54.0,39031.0,13721.319079838286,2510.0,58,181,2,online,1,18,0,1,51.176510499025184,0
32.0,105072.0,42568.7819181397,3474.0,71,162,3,online,1,5,0,1,56.029491247953786,0
62.0,90982.0,36948.5371300836,2269.0,39,128,1,food,1,6,0,1,30.482073236940288,0
29.0,61683.0,14958.409978358437,4773.0,3,38,4,online,1,14,0,1,4.2276982466515785,0
35.0,139091.0,29158.102305960696,4699.0,30,185,2,online,1,21,0,1,60.259524949997214,0
,142797.0,60041.23012016446,2669.0,35,101,1,online,1,18,0,1,3.9071543663469814,0
45.0,42618.0,10691.642299304358,265.0,57,132,0,online,1,13,0,1,5.224320428965646,0
25.0,31587.0,14572.169775213077,1512.0,29,130,3,travel,1,15,1,1,10.907636857023856,0
31.0,87790.0,11226.258506374883,4666.0,50,12,1,travel,1,13,0,1,16.451307230164527,0
54.0,56480.0,6963.250032806074,2120.0,62,35,2,electronics,1,19,0,1,93.6870052779866,0
44.0,123530.0,58158.12955893079,416.0,52,198,1,retail,0,1,0,0,56.18447198901357,1
35.0,45527.0,16361.582751175274,2859.0,14,110,0,food,1,8,1,1,24.486876479990915,0
58.0,48569.0,12231.604457335621,3186.0,35,72,4,electronics,1,2,0,0,192.28239724610955,1
28.0,36151.0,14533.57562240793,1870.0,28,149,3,travel,1,5,0,1,,0
25.0,96094.0,35452.02899181159,4364.0,58,110,2,travel,1,4,0,0,47.056636164657014,1
68.0,84174.0,26302.72676599708,732.0,30,61,3,travel,1,13,0,1,93.93588712966692,0
46.0,69739.0,9732.03121758026,1292.0,7,163,3,electronics,1,14,0,1,80.98011424371495,0
38.0,57954.0,24623.022320785654,623.0,39,48,3,travel,1,17,0,1,4.732446095285848,0
26.0,137984.0,61597.33757715013,3341.0,69,143,1,electronics,1,16,0,0,59.7463955943648,0
57.0,,10132.048525263579,3126.0,35,71,1,travel,1,8,1,1,14.911121740846822,0
68.0,134373.0,59151.62088444575,1988.0,52,143,4,online,1,18,0,0,21.982139227804627,0
33.0,60303.0,27205.030558492752,822.0,14,237,0,online,1,22,0,1,33.56849993540542,0
48.0,59700.0,19090.355261449764,1796.0,63,134,2,,1,8,0,1,78.21131816174098,0
25.0,118036.0,42784.69948783244,340.0,36,239,1,travel,1,15,0,0,9.088172188543155,0
33.0,148728.0,37612.55685244612,2222.0,24,209,3,retail,1,5,0,0,5.745590050901538,0
37.0,92568.0,19690.755690655093,1226.0,40,68,0,electronics,1,7,0,1,8.328783526833645,0
70.0,91788.0,35686.555636959034,4492.0,29,22,2,retail,1,2,0,1,12.309321522034704,0
60.0,96045.0,42716.01947488932,3347.0,53,32,2,travel,1,21,0,1,3.067280066696732,0
65.0,62842.0,22725.616633138037,2385.0,22,123,2,electronics,1,4,0,1,130.42594910119314,0
52.0,38900.0,11850.349901660305,1250.0,72,22,2,electronics,1,6,1,1,19.215772885163236,0
49.0,,9814.194404260119,329.0,15,155,4,online,0,22,0,1,9.73847337012758,1
71.0,26881.0,3262.9094614120468,4504.0,69,110,2,electronics,1,0,1,1,50.7826585564248,0
23.0,58037.0,16150.34577222017,1924.0,64,15,0,electronics,1,21,1,0,77.32224458429053,0
60.0,,7184.389528738111,4210.0,4,124,1,retail,1,20,0,1,69.96577154496858,0
54.0,45789.0,15006.605384159971,4801.0,75,44,0,electronics,1,3,1,1,63.41795668108006,0
60.0,113059.0,28614.29185647836,339.0,18,115,3,food,1,15,0,1,2.592565946818154,0
47.0,108494.0,43709.590540310244,669.0,42,214,4,online,1,13,0,0,76.19961117942161,0
33.0,71151.0,15813.978479356516,3698.0,30,220,4,online,1,0,0,1,34.8455769690138,0
65.0,73920.0,24925.31250220503,3128.0,15,234,3,electronics,1,3,0,1,52.360707843300794,1
53.0,134388.0,42342.085248649775,4926.0,70,230,0,retail,1,9,0,0,156.66315355934657,0
26.0,92231.0,9396.95268733673,1982.0,55,9,0,online,1,10,0,1,83.21385812386038,0
44.0,142946.0,18433.709969716045,1803.0,53,34,3,online,1,6,1,1,87.25486673570963,0
39.0,105357.0,22772.629505155866,3228.0,16,228,2,food,1,3,0,0,10.012091636623122,0
36.0,28262.0,12799.691143923546,4567.0,73,73,2,electronics,1,0,0,1,32.352997713626074,0
60.0,91981.0,14607.133026654614,2543.0,34,143,1,online,1,0,1,0,149.11660788442555,1
48.0,145951.0,56097.3953700186,2467.0,27,190,0,online,1,16,1,0,43.695727534880305,1
53.0,148099.0,72471.74603223505,3110.0,13,45,0,online,0,9,1,1,5.411919848553223,0
68.0,106972.0,44524.63689859131,4376.0,27,212,3,online,0,4,1,1,65.80481145780703,1
61.0,100485.0,19813.445867649047,2743.0,73,72,3,retail,1,6,0,1,2.193772532196026,0
33.0,79722.0,36938.87811626068,4490.0,69,58,2,travel,1,7,0,0,67.79742780197489,0
63.0,114499.0,15714.170525221665,4165.0,31,220,0,food,1,1,0,1,105.91852775210326,1
65.0,75818.0,21779.23429950218,229.0,3,115,0,retail,1,8,1,1,27.691017999508823,0
45.0,54932.0,24994.980830090943,2828.0,30,19,4,,0,3,0,1,26.68875320818663,1
73.0,31901.0,11372.906956401363,1916.0,21,16,1,online,1,11,0,0,18.135468386349594,0
62.0,142473.0,37820.57282817978,2621.0,6,75,1,food,1,10,0,1,104.75346511592973,0
56.0,124023.0,26928.512068537555,2603.0,32,106,2,electronics,1,4,0,1,39.67983364714693,0
47.0,33597.0,8400.585888192243,105.0,42,136,0,electronics,1,11,0,1,43.28700360893593,0
58.0,88909.0,26990.701923101857,998.0,62,161,4,travel,1,20,0,0,54.19220252316269,1
27.0,97391.0,22167.902949697036,1122.0,32,74,0,travel,1,3,0,1,17.85024617329065,0
25.0,109214.0,53251.34243578251,2288.0,39,18,3,food,1,12,0,1,28.35095851645393,0
63.0,33263.0,15741.084789575676,255.0,64,163,2,retail,1,21,1,1,67.66344034411546,0
65.0,88293.0,39578.97837721881,2168.0,30,43,1,retail,1,0,1,1,211.63541558573195,1
71.0,137824.0,37037.71010042968,4339.0,63,50,0,online,1,17,0,1,1.7453894431898427,0
51.0,149933.0,56452.87927269556,3359.0,31,3,2,retail,1,3,1,1,2.1792329597075284,0
43.0,50805.0,23427.797177584875,2735.0,40,232,1,travel,1,3,1,0,27.93802486354535,0
62.0,116679.0,51358.80487715586,4087.0,33,219,0,retail,1,7,0,1,53.8849014452175,1
30.0,36874.0,9798.557725992454,4908.0,63,59,4,online,1,19,1,0,24.417718937898407,1
52.0,118065.0,17114.043565293086,2676.0,25,28,2,electronics,1,5,1,1,396.2837256766493,0
63.0,111402.0,14510.349516758593,3209.0,36,46,0,retail,1,3,0,1,10.867969225721763,1
73.0,39079.0,12928.334329350095,2764.0,24,64,1,retail,1,3,0,0,0.39785156913472564,0
50.0,74850.0,26725.280380215296,1427.0,58,70,1,travel,1,10,0,0,10.544037531453865,0
59.0,97779.0,43016.60401395697,664.0,39,47,4,food,1,8,1,1,108.94867608229303,1
51.0,120408.0,26129.25942768915,2452.0,46,142,2,electronics,1,13,0,0,7.841404294770077,0
38.0,34018.0,5680.6044590125375,120.0,77,135,2,food,1,3,0,1,32.59784160395457,0
56.0,145606.0,36634.809338297964,99.0,10,202,0,online,1,12,0,0,27.173999461423016,0
22.0,74500.0,17986.538684241797,772.0,32,207,1,online,1,5,0,1,54.78961163199925,0
34.0,145062.0,22192.68456309522,3182.0,36,159,1,food,1,12,0,1,2.8071246077184515,0
33.0,37100.0,13686.674563295179,2189.0,28,221,4,travel,1,2,0,1,53.757021688803164,1
49.0,82021.0,24891.46866822566,2514.0,16,106,4,travel,1,22,1,0,21.90599941044769,0
32.0,139995.0,54380.932096914694,1474.0,16,81,2,travel,1,6,1,1,130.21124554569516,0
59.0,44800.0,10800.224873441646,107.0,18,51,1,electronics,1,0,0,0,,0
22.0,88400.0,20356.830201387555,302.0,8,29,0,online,1,10,0,0,25.500152148716555,0
52.0,117446.0,33945.45745463546,1849.0,75,113,3,online,1,1,0,1,247.32561769992762,0
33.0,54437.0,24549.069464510245,1744.0,70,236,0,online,0,4,1,1,2.667072292306865,1
66.0,128124.0,14876.800857593798,2629.0,1,143,4,electronics,1,23,0,1,77.70778149769149,0
47.0,101537.0,42841.823907932754,4757.0,62,128,0,online,1,21,0,1,28.44362078373034,0
69.0,71675.0,17746.374854897877,2206.0,76,90,1,food,1,13,1,1,28.396714699886775,0
61.0,44942.0,19857.51530279431,3476.0,38,204,2,retail,1,12,1,0,9.324539688538842,0
37.0,45862.0,19302.453756492025,1916.0,45,25,3,electronics,1,15,0,1,36.16794155016835,0
60.0,36669.0,8782.390472306866,1731.0,58,189,2,retail,1,22,0,0,4.426180366966941,0
51.0,146219.0,55205.07324727655,3701.0,1,41,3,food,1,14,0,1,47.93084637256382,1
54.0,78772.0,12907.03660662297,1826.0,32,69,3,travel,1,2,1,1,13.826586188071671,0
44.0,40916.0,18760.50239533342,262.0,8,4,1,travel,1,5,0,1,64.523405864861,0
65.0,35878.0,9392.732164162244,4237.0,40,236,1,travel,1,8,0,0,46.74329921287206,1
55.0,27985.0,7898.77313828611,3529.0,56,105,4,electronics,1,2,0,1,,1
68.0,122905.0,46987.02646708025,1917.0,63,185,4,travel,1,12,0,0,69.2631586956531,0
26.0,98648.0,42254.499068184065,1920.0,74,31,3,electronics,0,12,0,1,10.951914797174812,0
39.0,66235.0,12885.164641737587,2531.0,74,131,4,electronics,1,21,0,0,0.033747860949019395,1
50.0,43931.0,16014.609197974516,3859.0,36,117,1,retail,1,6,0,0,22.76649164773712,1
27.0,117876.0,30270.464568590905,1068.0,57,195,4,travel,1,4,0,1,125.70805028114533,1
30.0,25336.0,6270.182913025746,3548.0,74,90,3,online,1,7,0,1,43.125578416564416,1
61.0,67933.0,25543.5097191042,2332.0,45,178,2,travel,1,7,0,1,65.00620124988646,0
52.0,109899.0,28010.321858585216,196.0,79,145,0,travel,1,21,0,0,105.83447051835546,0
54.0,70536.0,16818.84366703866,958.0,2,188,4,travel,1,6,0,1,118.25401727121871,0
48.0,94504.0,41048.31924862496,2300.0,68,202,1,online,1,18,0,1,37.64752994693874,0
35.0,124214.0,17453.36497821785,4369.0,50,66,2,online,1,6,1,0,38.9289450109504,0
50.0,76148.0,28201.94857730996,4627.0,29,88,1,electronics,1,22,0,1,95.16992978651277,0
57.0,138936.0,27716.364524677694,4888.0,10,203,4,online,1,3,0,1,82.37917336426685,1
49.0,41279.0,4383.800769737324,4640.0,27,24,3,electronics,1,9,0,1,60.0087678391797,0
42.0,93665.0,15614.490097584281,219.0,15,99,0,retail,1,12,0,1,46.37571077430671,0
24.0,128751.0,44118.411448069106,2103.0,60,215,0,electronics,1,3,1,0,48.01410365518367,0
40.0,129433.0,49657.083910239744,3548.0,31,160,2,travel,1,18,0,0,22.542322833935227,0
52.0,96386.0,10450.470210343787,1573.0,21,215,0,food,1,9,1,1,91.91669492912744,0
56.0,111124.0,12731.496384584141,35.0,60,226,3,food,1,6,0,0,48.08790741715434,1
70.0,130750.0,60277.95260628645,184.0,58,105,1,travel,1,4,0,1,12.649738822156529,0
24.0,102485.0,13253.598707753832,1344.0,41,19,3,electronics,1,2,0,1,13.711532723659161,0
47.0,99055.0,45334.785488705784,331.0,46,66,2,travel,1,21,1,1,98.88145059268986,0
37.0,116911.0,22361.14205701286,4160.0,45,60,2,online,1,21,1,0,49.135891180163604,0
32.0,123618.0,48953.60816798319,,26,115,0,electronics,1,21,0,0,25.43340833987115,1
42.0,,13433.597974704291,3237.0,51,194,3,travel,1,1,0,1,10.357405610683506,1
37.0,91670.0,40655.71927503756,1882.0,36,15,1,online,1,10,0,1,47.108123540083255,0
30.0,101474.0,38578.582805628525,2077.0,52,85,3,online,1,9,1,1,10.186068202356187,0
74.0,79028.0,20604.60560254991,342.0,51,163,1,electronics,1,22,0,1,31.759673767463315,0
21.0,115022.0,15012.784353604393,3001.0,3,197,1,retail,1,12,0,1,56.58424037968556,1
42.0,138892.0,54595.67757527366,920.0,14,235,3,retail,1,6,0,1,41.66823628224181,0
46.0,116632.0,40442.60114309242,4506.0,49,155,4,online,0,9,1,1,127.61640220150557,1
38.0,131651.0,13318.43222581445,959.0,77,88,3,retail,1,3,0,1,2.02658109723558,0
70.0,96128.0,9975.00476596769,2085.0,1,7,1,online,1,21,1,1,16.410960644799076,0
34.0,43108.0,18256.97899535626,2524.0,57,6,2,retail,1,19,1,1,,0
67.0,77495.0,15790.373103379867,3341.0,17,238,2,online,1,15,0,1,10.821074132697056,0
49.0,107806.0,38212.21047323674,3039.0,50,125,0,online,1,19,0,0,6.6185082609647825,0
