age,annual_income,spending_score,num_purchases,account_balance
0.36209048654480674,0.42506469236180083,-1.7342047965579763,0.41091251903131903,2.7581573492761597
-0.048902583605426736,-0.8480253371701367,0.9357679211308424,1.46944575009826,-0.6925077870887483
1.53635640125976,0.39191506536783327,-1.2574239541135441,-0.9500587780547479,0.03624218987206712
1.6873334474373967,1.0531031932024124,0.39541629969381936,-0.3451826460164959,0.15436670623344237
-0.7534621324343989,-1.3152649475065727,0.18654088300387803,-0.7988397450451848,-1.0114245986299726
-1.0721914521427434,-0.6777403947734416,0.731433274368943,-1.1012778110643109,-0.9988764496064949
-1.2818817940561278,-1.145495551408384,1.2127548867414168,-0.9500587780547479,-1.0312892708113979
0.0014230984537850666,0.10155939004897553,0.5180170877509591,1.620664783107823,-0.4823359822627401
1.1253633311095264,0.6026188375674375,-0.14493532174320303,-0.19396361300693293,0.6673879613326008
1.1085881037564556,-0.17075216482215486,-0.5944715446193819,-0.6476207120356219,0.2221654762292002
-1.4999597496460477,-1.0336220046324747,0.5089355478948746,-0.9500587780547479,-1.002886126775985
-0.6108726999332974,-0.9805722905161565,0.8812786819943358,1.771883816117386,-0.6196712175723491
-0.7534621324343989,-0.02634764661048575,0.4907724681827061,0.713350585050445,-0.3349757113061674
-0.778624973464005,-1.5274122493419953,0.8222486729297872,-0.6476207120356219,-1.0401479774960718
-1.3657579308214816,-1.4840032510077483,0.4272016891901149,-0.7988397450451848,-0.9466714304186911
-0.6444231546394388,-0.84828311031939,0.4408239989742414,-1.1012778110643109,-0.9467489609566467
0.6724321925766155,1.0319657949636463,-0.6126346243315507,-0.6476207120356219,1.6160415110793385
1.519581173906689,1.0435655866800424,-1.1711493254807421,-0.19396361300693293,-0.11794751021051401
-0.09922826566463913,0.4343960803647684,-1.316453963178093,0.10847445301219306,2.057840854387348
0.7646959430185047,-0.059187945825349454,-1.9476209831759599,-0.3451826460164959,1.6556613014211639
1.2008518541983448,0.29829185755905385,1.1945918070292483,-1.1012778110643109,0.34153385209082093
-1.3405950897918755,-1.354807348602021,0.3182232109171023,-0.6476207120356219,-1.017227590851307
-0.35924428963723604,1.4245543012763418,-1.5117070700839077,0.41091251903131903,1.331661183304411
0.07691162154260396,1.7967787287980308,-2.1020071607293946,-0.6476207120356219,1.6347769341209741
0.2866019634559885,0.019020427658085766,-1.0167631479273072,-0.4964016790260589,2.307248167758358
-1.1644552025846326,0.03288862308791047,1.1673471874609946,2.376759948155638,-0.6059196597640811
-1.2734941803795923,-1.306242887282709,1.058368709187982,-1.4037158770834368,-1.0358905396944191
0.9743862849318893,-0.6189165621138506,-0.44462613699398884,-0.9500587780547479,1.054573782436749
1.695721061113932,1.0357292829427436,0.8767379120662938,-0.4964016790260589,0.9119411888489947
-1.0721914521427434,-0.9366993005132538,0.9039825316345468,-0.7988397450451848,-1.021751329196373
1.4021545824351938,-0.3642882452814929,-0.26753610980034276,-0.4964016790260589,-0.09964356146706635
-1.4747969086164416,-1.2257145554559945,0.16837780329170896,-0.6476207120356219,-0.9512204504609162
-1.038640997436602,-0.7279546042479741,0.21378550257213103,-1.252496844073874,-1.0030293897265554
-1.0302533837600665,-0.8996315216506368,0.6860255750885209,1.318226717088697,-0.7401519881089861
-0.41795758537298394,0.1758496116637614,1.4261710733594006,2.376759948155638,-0.7344248409791301
-0.4011823580199129,-0.39614900652919427,0.9085233015625894,2.5279789811652007,-0.651114907052806
0.6724321925766155,1.4381131689270625,-1.979406372672255,-0.042744579997369934,1.395763769175456
-1.4664092949399061,-1.3070162067304687,1.0311240896197285,-0.7988397450451848,-1.0061896018714875
1.116975717432991,0.5170897066452101,-0.7761023417410702,-0.3451826460164959,0.15210146616795497
-0.8121754281701464,2.1461129006660316,-0.5944715446193819,-0.4964016790260589,0.8749456386723208
-1.7432005462655737,-1.4420893369391703,0.7677594337932806,-0.9500587780547479,-1.038969850408441
0.16917537198449267,1.9656201415589079,-1.316453963178093,-0.4964016790260589,2.4703370252410686
-1.65932440950022,-1.2970661631692935,1.1173987182525307,-1.1012778110643109,-1.0467582985800317
-1.5167349769991185,-0.31824996082486295,0.6224547960959298,2.679198014174764,-0.4428763093362577
-0.49344610846180226,1.1353328278141983,-0.8805400500860409,0.713350585050445,0.9407067038770263
1.737659129496609,0.8567831627311393,-0.09044608260669673,0.25969348602175607,0.5973542893079468
0.20272582669063466,1.289378061807939,-1.316453963178093,0.25969348602175607,1.0492427152290575
1.4273174234647996,0.5737482448510739,0.46352784861445245,-0.6476207120356219,-0.05833832464794338
1.6453953790547196,1.004951168921906,-0.9531923689347163,-0.3451826460164959,0.3693774278957707
-1.1309047478784908,-1.0931676021099748,0.6042917163837613,-1.252496844073874,-1.025755950026431
-0.4011823580199129,-0.14090203413862884,0.9312271512028004,0.864569618060008,-0.5146847565015056
-0.6779736093455805,-0.5470494081020452,1.0719910189721087,2.074321882136512,-0.795544186585359
-0.6360355409629036,-0.10285471730884954,1.108317178396446,1.620664783107823,-0.549477428132352
-0.8625011102293588,-0.1022876163804924,0.9539310008430115,0.864569618060008,-0.5029018001787207
1.9305742440569225,-0.3004636135263889,-0.8396731207336611,-0.7988397450451848,0.5517629620970571
-0.03212735625235633,-0.6518599705884155,0.8903602218504203,1.771883816117386,-0.47785100918665224
-1.5922235000879368,-1.0599664204861565,1.040205629475813,-0.9500587780547479,-1.0178983985492713
-0.8792763375824295,-1.4867356463898327,0.8540340624260827,-0.9500587780547479,-1.01963272297441
-0.887663951258965,-1.3767696209183975,0.3227639808451443,-1.1012778110643109,-1.017268041566762
0.5717808284581912,1.2767471774945298,-1.997569452384424,0.25969348602175607,2.023322910532301
-0.11600349301771014,0.13604943741906003,-1.9703248328161709,-1.1012778110643109,-0.002730389022476468
-0.11600349301771014,0.5111093695825348,-1.9703248328161709,0.10847445301219306,1.015141076653903
-0.11600349301771014,-0.6315990010571103,0.6542401855922253,0.562131552040882,-0.7193906584016388
0.4711294643397665,0.6214362774629246,-0.7034500228923949,0.10847445301219306,2.127670587388249
-0.19149201610652844,0.9268974593280226,-1.7659901860542715,-0.042744579997369934,1.3923204020223379
1.4860307192005475,0.4144959932424177,-0.1812614811675409,-0.9500587780547479,0.1706734009012929
-0.9715400880243188,-1.6056206228254304,0.7223517345128585,-0.9500587780547479,-0.9738526257580632
-0.577322245227156,0.22168167760098875,0.3772532199816509,0.864569618060008,-0.6507070290053001
-1.021865770083531,-0.9064367327909225,0.9630125406990954,-0.4964016790260589,-1.0103931053858668
0.10207446257220987,-0.5013720060543698,1.3081110552303037,1.167007684079134,-0.7805555110627548
-0.22504247081266984,0.5437950049078465,1.3126518251583454,1.46944575009826,-0.6223477065782971
-0.7618497461109344,-1.389194286712404,0.4408239989742414,-0.6476207120356219,-1.0087042880156152
-1.2315561119969154,-1.2240648073007738,0.8631156022821673,-0.9500587780547479,-0.9519755304827453
-0.49344610846180226,-0.22287389560116147,1.0946948686123197,1.9231028491269488,-0.7651522157067355
1.6202325380251137,0.7343924714656975,-0.5944715446193819,-0.7988397450451848,0.4812674777376238
1.3434412866994458,1.4411033374584001,0.18654088300387803,-0.19396361300693293,0.6581584564229211
-1.7432005462655737,0.4682159175467944,0.6224547960959298,0.562131552040882,-0.7213154382787124
-1.172842816261168,-1.3649636106825989,0.7405148142250275,-0.7988397450451848,-1.0212524370390927
-0.22504247081266984,2.1428649589854407,-1.9839471426002977,-0.042744579997369934,1.763479312573867
-1.2651065667030572,-0.8875677382655849,0.4816909283266216,-0.7988397450451848,-0.9932099785498217
-0.4515080400791253,0.21054587755324847,1.5215272418482875,3.4352931792225787,-0.6970163564155184
1.3266660593463755,0.3654675402544501,-0.30386226922468035,-0.6476207120356219,0.28934063102835805
0.14401253095488675,2.4529145029072463,-1.8976725139674955,0.562131552040882,1.316468568758054
-1.2147808846438448,-1.093734703038332,0.44536476890228405,-1.4037158770834368,-1.0014922625392604
0.38725332757441266,0.6667012424717949,-2.120170240441564,-0.042744579997369934,0.7383182908831768
-0.15794156140038704,1.099193032288893,-1.9930286824563819,-0.042744579997369934,-0.23449107777618458
1.4273174234647996,-0.0591363911954988,-0.5081969159865797,-0.7988397450451848,0.007614881455173857
1.4440926508178706,-0.42594758258286963,-0.6489607837558882,-1.1012778110643109,0.07440238356455335
-0.13277872037078053,0.4981176028601711,1.1037764084684043,1.771883816117386,-0.4542732984157415
0.07691162154260396,0.39248216629619037,-1.0440077674955603,0.562131552040882,1.2724649321287784
-0.5689346315506205,-0.8328682759940458,0.5861286366715922,-1.1012778110643109,-1.0011669713691418
1.9473494714099935,1.1452828713753738,-0.5717676949791709,-0.7988397450451848,0.7335467919059482
-0.5940974725802267,0.10558065117732619,0.9357679211308424,2.074321882136512,-0.4687091474937921
0.8066340114011816,-0.4704907827738308,-0.5944715446193819,-0.7988397450451848,0.6858031495435502
-1.0134781564069957,0.5970509375435674,0.3817939899096929,1.46944575009826,-0.5044406128124931
0.009810712130320566,2.022639562173726,-1.2029347149770377,-0.042744579997369934,2.3839477806007223
1.6370077653781843,-0.47368716982457104,-0.34018842864901816,-0.19396361300693293,0.8523320032864241
0.8401844661073231,1.1828146419066465,-1.6887970972775541,0.10847445301219306,1.673911315877338
-1.416083612880694,-1.1140987818293386,0.6496994156641834,-0.6476207120356219,-1.0713843570598212
-1.3909207718510879,-0.8648321465014485,0.16837780329170896,-0.7988397450451848,-1.0439857391248777
-1.4664092949399061,-1.1999887951605206,0.4862316982546635,-1.1012778110643109,-0.9180913145031622
1.5531316286128303,0.37093233101861894,-1.2801278037537551,-0.3451826460164959,-0.07707374768957936
0.8150216250777171,2.0292385547946092,-1.0258446877833918,1.620664783107823,2.4724977676249638
1.10020049007992,-0.10605110435958981,-0.31294380908076486,-0.3451826460164959,0.25735254233573424
0.9072853755196064,-0.5292630608035711,0.5543432471752966,2.074321882136512,-0.7235419130752219
-0.6611983819925098,-1.7228042964759567,1.5215272418482875,-1.1012778110643109,-1.014829200514113
-0.15794156140038704,0.38691426627232023,-1.230179334545291,0.41091251903131903,0.8476666874372654
0.10207446257220987,-0.1642047268311224,0.7178109645848165,1.46944575009826,-0.5445559244186442
-0.9883153153773895,-1.0415614176294747,1.539690321560456,-0.4964016790260589,-1.0670477032737355
-0.996702929053925,-1.3216577216080532,0.726892504440901,-0.19396361300693293,-0.9490192573615661
0.08529923521913886,0.8195607199789704,-1.2165570247611641,0.10847445301219306,0.8797660155973909
-0.9044391786120357,-1.029188306465319,0.70418865480069,-0.6476207120356219,-1.0427772740006556
-0.6108726999332974,0.19059423580104715,0.22740781235625818,1.620664783107823,-0.53100156384822
-1.0805790658192789,0.2793713084038655,0.6633217254483099,0.562131552040882,-0.7043328795734656
1.7712095842027504,-0.6916601448331169,-1.3527801226024305,-0.6476207120356219,0.3407568612647868
-0.38440713066684196,-0.668563670660026,0.9221456113467159,1.771883816117386,-0.6077382565130849
-0.48505849478526675,-0.31366159876815514,0.1456739536514982,0.713350585050445,-0.36859025584938293
-1.1392923615550263,-1.148434165309871,0.2637339717805957,-1.1012778110643109,-1.0139982754008057
-0.4431204264025898,0.13182195777130676,1.7894326676027774,1.620664783107823,-0.6138395727609007
1.1253633311095264,0.1626000717921445,-0.8532954305177876,-0.7988397450451848,0.24399369355667644
0.32854003183866537,0.11681956048476777,1.108317178396446,0.713350585050445,-0.8411220302244303
-0.37601951699030706,0.35520816891417084,0.6542401855922253,0.713350585050445,-0.6089416652978751
-0.05729019728196223,0.33345211511719675,-1.298290883465924,-0.19396361300693293,1.8252694658780602
-1.617386341117543,-1.199060811823209,0.8086263631456607,-0.6476207120356219,-1.028959983779773
-1.0554162247896726,-1.377594494996008,1.4397933831435272,-1.252496844073874,-1.0501864967148542
0.7898587840481113,2.8670528444975134,-2.4016979759801806,0.10847445301219306,1.4786000926416596
0.26982673610291746,-0.2141611631564017,1.040205629475813,1.46944575009826,-0.5660723341478203
-0.26698053919534676,0.03170286660134553,0.9176048414186733,1.318226717088697,-0.5190804009142967
-1.6089987274410076,-1.3385676401990663,1.2854072055900925,-1.252496844073874,-0.9971050453588556
0.7982463977246461,-0.3524306804158435,-0.5626861551230863,-0.7988397450451848,0.21999125027348682
0.9240606028726769,1.7919841482219203,-2.2654748781389142,0.10847445301219306,1.110992417817796
-0.577322245227156,-1.4355934535779884,0.20470396271604713,-0.9500587780547479,-1.0069767053763854
-0.48505849478526675,-1.4604427851660016,0.35909014026948183,-0.9500587780547479,-1.082815055068851
0.11884968992528086,0.9434464955100811,-1.929457903463791,-0.4964016790260589,2.3422936563607992
-0.6192603136098329,-0.1313644276162587,0.34092706055731337,1.167007684079134,-0.6663479723146182
0.41241616860401914,0.8480188756565289,-1.0621708472077291,-0.3451826460164959,1.3644869388962517
1.53635640125976,0.10578686969672879,-0.00417145397389484,-0.3451826460164959,0.3715870482275075
0.9492234439022834,-0.12832270445507038,0.07302163480282282,-0.042744579997369934,0.4251370537041945
-0.19987962978306392,0.6304583376867883,-1.448136291091317,-0.4964016790260589,1.348367328787381
0.2866019634559885,-0.03975185037165461,0.70418865480069,2.225540915146075,-0.5180573349025773
-0.7282992914047927,-0.2955659236905772,1.371681834222894,1.771883816117386,-0.583666709924326
0.5298427600755143,0.5933905588241714,-1.6297670882130053,0.10847445301219306,1.1104648730704019
-0.05729019728196223,1.5028657840194783,-1.6615524777093005,0.41091251903131903,1.711803523579934
0.9743862849318893,0.6535548118598792,-2.1610371697939432,0.713350585050445,1.2884901572349203
0.2866019634559885,0.9295267454504057,-1.575277849076499,1.015788651069571,1.7611348565239466
-0.8792763375824295,-1.725846019637145,1.6622911096175956,-0.9500587780547479,-1.0233710432610554
1.5866820833189723,0.8226539977700095,-0.03141607354214783,0.10847445301219306,0.6691576801337629
1.8634733346446397,0.0773287140191703,-0.04049761339823238,-0.7988397450451848,-0.043138968315677206
-0.887663951258965,-1.0062464961817799,0.2591932018525531,-0.9500587780547479,-0.9968117776718058
0.7730835566950403,1.5359638563835953,-0.5536046152670018,0.10847445301219306,1.3590935101689006
-0.040514969928891836,-0.27164457543987586,1.2263771965255439,1.46944575009826,-0.6963758867541454
-0.8289506555232175,-1.1522492079188191,0.6269955660239723,-1.554934910093,-1.0317022051983356
-1.2651065667030572,-0.9512892607609875,-0.3220253489368494,-1.4037158770834368,-0.9997882761507128
-0.47667088110873124,1.8301861289412515,-1.607063238572794,-0.4964016790260589,1.3493229769400084
0.6221065105174036,0.16223918938318993,1.0901540986842777,0.713350585050445,-0.7378698935787255
-1.4328588402337648,-1.23963430551567,0.7904632834334916,-1.1012778110643109,-0.9913964381402499
1.796372425232357,0.8834884609937758,-0.058660693110401146,0.25969348602175607,0.22341776296183205
-0.49344610846180226,0.43078725627522296,-0.18580225109558315,0.864569618060008,-0.7604868998575769
-1.6089987274410076,-1.1533318551456828,0.5997509464557187,-1.1012778110643109,-1.0477796791452736
1.6118449243485782,-0.6204116463795194,-1.012222377999265,-0.7988397450451848,0.4831551777921968
0.16078775830795777,1.5479760851387965,-1.2801278037537551,0.864569618060008,1.5692164370470671
1.6034573106720427,0.09305287612361837,0.3636309101975244,-0.4964016790260589,0.3006533477839768
1.4608678781709417,0.7215038140030352,-0.05411992318235887,-0.6476207120356219,0.5444059882236548
1.5615192422893658,0.38026371902158645,0.004910085882189706,-0.6476207120356219,1.267405221803932
-1.198005657290774,-1.198906147933657,1.1355617979646997,-0.3451826460164959,-0.9783190589229008
0.4543542369866961,-0.19915876586986273,1.6940764991138912,0.41091251903131903,-0.5853117056861681
0.31176480448559435,1.3107732331959585,-1.3436985827463461,-0.19396361300693293,1.7325918204309179
-1.7432005462655737,-1.2761865380797803,0.09118471451499159,-1.1012778110643109,-1.0206102819312426
-1.2315561119969154,-0.8124526425731886,0.8721971421382512,-0.3451826460164959,-0.9339058587996419
1.8299228799384983,-0.5836531952960063,0.19108165293191998,-0.3451826460164959,0.2592672095339438
1.259565149934092,-0.1627611971953042,-0.4400853670659466,-0.7988397450451848,0.3041405365455048
-0.15794156140038704,-1.1170373957308255,0.7495963540811121,-1.1012778110643109,-1.0023450984567726
1.1505261721391324,0.6580916192867363,-0.11314993224690777,-0.7988397450451848,0.4931886406715469
-1.2651065667030572,-0.8506546232925198,0.8086263631456607,-0.9500587780547479,-0.9604010774227542
0.6304941241939386,1.036399493130802,-0.48549306634636863,-0.7988397450451848,0.7059054696782738
-0.996702929053925,-0.8125041972030392,0.636077105880057,-1.252496844073874,-0.9900480809584121
1.2260146952279507,1.4373398494793028,0.34092706055731337,-0.3451826460164959,-0.0329470734674609
0.11046207624874536,1.8866900032575635,-1.4345139813071903,-0.4964016790260589,1.8671612380712823
-0.015352128899285335,-0.4613140586604152,1.017501779835602,1.015788651069571,-0.5311465122452674
-1.5335102043521893,-1.3174302419603,0.22286704242821556,-1.1012778110643109,-0.9976477591245453
0.6472693515470096,1.6093260946610695,-2.083844081017226,0.41091251903131903,0.23341751691163642
-1.4664092949399061,-1.1525069810680724,0.44536476890228405,-0.7988397450451848,-0.9594100348941034
-0.6360355409629036,-0.12899291464312881,1.7894326676027774,2.225540915146075,-0.5774271870653717
-1.1057419068488847,0.037940976813274116,0.9493902309149689,1.015788651069571,-0.6979433519780318
0.03497355315992706,0.5955042986480479,-1.5934409287886673,-0.042744579997369934,0.07168038750371825
1.653782992731255,-0.13322039429088206,0.8086263631456607,-0.3451826460164959,0.3773479042869094
0.462741850663231,-1.0142890184384812,1.1991325769572903,1.46944575009826,-0.6317693523863885
2.0731636765580244,-0.06104391249997283,-0.9668146787188427,-0.6476207120356219,0.19842427714999167
1.5028059465536185,1.3067519720676077,0.35454937034143985,-0.3451826460164959,0.3148060418538417
-1.1392923615550263,-1.4824050574823782,0.9312271512028004,-0.9500587780547479,-1.015294383741847
-1.3909207718510879,-1.0724941955398644,0.5770470968155077,-0.7988397450451848,-1.027333527929181
0.24466389507331157,-0.3509355961501747,1.3308149048705147,1.620664783107823,-0.8977715717728669
-0.17471678875345745,-0.5446263404990647,0.5952101765276767,1.771883816117386,-0.8373264047575568
1.3602165140525169,0.45656457120054766,-0.06320146303844341,-1.1012778110643109,0.3831896617772215
-0.048902583605426736,0.31391291040380065,-1.184771635264869,0.10847445301219306,1.1533965657401164
-0.6024850862567619,0.5273490779854894,-1.7432863364140605,0.562131552040882,2.7967860970893343
1.3937669687586582,0.3512900170455215,0.7904632834334916,-0.3451826460164959,0.35779841059673906
-1.0638038384662079,-0.6922788003913247,1.2263771965255439,2.679198014174764,-0.6211375560075977
0.41241616860401914,-0.12466232573567426,0.3227639808451443,0.562131552040882,-0.5839835738620579
-0.7954002008170757,-0.0681068967895118,0.4317424591181575,2.074321882136512,-0.6207954103727064
0.8066340114011816,0.20394688493236535,-0.512737685914622,0.10847445301219306,0.6572061791632483
-1.7432005462655737,-1.1203884466711178,0.8086263631456607,-0.6476207120356219,-1.032912355769035
-0.5269965631679436,-0.7315118737076689,-0.017793763758021337,-0.9500587780547479,-0.9752515463342198
0.25305150874984644,-0.2562297411145317,0.990257160267349,1.015788651069571,-0.45267380970878646
1.7544343568496799,0.11522136695939764,-1.0894154667759826,-0.6476207120356219,0.1847890151486571
-0.9799277017008541,-1.5023051446047289,0.708729424728732,-0.6476207120356219,-1.0005821214415198
-1.7432005462655737,-1.5902057885000862,0.36817168012556634,-0.6476207120356219,-0.9810292568583948
2.257691177441803,0.39681275520364495,-0.8442138906617034,-0.19396361300693293,0.055646735165189976
-1.047028611113137,-1.4028047089929754,1.040205629475813,-0.6476207120356219,-0.9966179513269168
-0.8457258828762881,-1.2405622888529817,0.5543432471752966,-1.252496844073874,-1.0288487443122714
1.1924642405218093,0.7513023900567106,0.013991625738274251,-0.19396361300693293,0.4712508693230464
1.653782992731255,-0.13038488964909634,0.05939932501869633,-0.6476207120356219,0.5441851947351287
1.7460467431731446,0.5429701308302362,0.09572548444303387,-0.042744579997369934,0.06674371477171472
-1.0721914521427434,-1.222002622106748,0.11388856415520264,-1.1012778110643109,-1.0359849246971478
0.37047810022134225,1.2773658330527375,-1.0440077674955603,-0.3451826460164959,-0.10436449704997589
-1.2902694077326633,-1.2204044285813778,0.6724032653043944,-1.1012778110643109,-0.9939970820547196
0.5550056011051203,2.1522994562481093,-1.4345139813071903,0.25969348602175607,1.1805676484006247
1.5782944696424368,0.2432830675084109,-0.8987031297982097,-1.1012778110643109,0.11341541317455203
1.5447440149362954,-0.4803892717051555,-0.8124285011654078,-0.042744579997369934,0.4243550065387287
-0.6611983819925098,0.34835140314403445,0.9266863812747579,0.25969348602175607,-0.7013277285044446
1.0582624216972432,0.6892821703463793,-1.2528831841855022,-0.19396361300693293,0.2792667174335525
1.53635640125976,0.012266771147650688,-0.8714585102299564,-0.9500587780547479,0.027887431684104718
-1.2567189530265217,-1.1039425197487607,1.108317178396446,-1.554934910093,-1.0531697369796702
-0.05729019728196223,0.5780272791286778,-0.8078877312373655,-0.042744579997369934,1.0392412758327763
-0.30891860757802364,1.8531279392247906,-0.6035530844754661,0.713350585050445,1.6377096109914713
-1.5251225906756538,-1.1095619744024814,1.0084202399795175,-1.4037158770834368,-1.0091829548151674
-0.5857098589036912,-0.46971746332607106,1.062909479116024,1.620664783107823,-0.352207716090054
0.18595059933756367,1.451723591207634,-1.0303854577114335,0.41091251903131903,1.9855537404225478
0.2949895771325234,-0.5771057573049738,0.39995706962186195,1.46944575009826,-0.5281733846593152
1.5447440149362954,-0.05413559209998581,-1.0303854577114335,-0.3451826460164959,0.5122881201522789
-0.38440713066684196,0.5674585800092946,1.562394171200667,1.167007684079134,-0.6592977497000839
1.10020049007992,-0.303092899648772,-0.4673299866341999,-0.042744579997369934,0.05480906826597322
0.680819806253151,-0.11729001366703139,-0.5490638453389598,-0.19396361300693293,0.35205777989506454
0.26982673610291746,1.399344087279374,-1.575277849076499,0.10847445301219306,1.9467126263532333
-0.7870125871405406,-1.4101254664317677,0.9039825316345468,-1.4037158770834368,-1.0271498142631557
1.5950696969955072,0.9395283436414317,-0.26753610980034276,-0.3451826460164959,0.27275246679879883
-0.16632917507692252,0.7639848289999703,-1.339157812818304,0.713350585050445,0.5772199456901541
-1.2231684983203803,-1.27933137050067,-0.09044608260669673,-0.9500587780547479,-0.9954094862026946
1.0666500353737787,0.8777658970803537,-0.13131301195907655,-0.7988397450451848,-0.0036978353004450326
-1.1812304299377032,-1.1140987818293386,0.7677594337932806,-1.252496844073874,-1.036003464608398
-0.03212735625235633,-0.320157482129337,0.7950040533615342,0.864569618060008,-0.6958112621842508
-0.9044391786120357,-0.8100295749702081,1.2445402762377125,0.864569618060008,-0.8081749224862242
0.856959693460394,-0.5251386904155192,0.2183262725001736,0.864569618060008,-0.5778232669875365
0.26143912242638195,1.46966460239566,-1.479921680587612,-0.19396361300693293,1.3237648665582735
-0.8708887239058943,-1.6410902081626773,0.9130640714906313,-1.1012778110643109,-0.9733166537782827
0.11884968992528086,0.08794896776840408,0.7768409736493651,1.318226717088697,-0.39938336298960303
0.26982673610291746,0.8920980841788342,-1.20747548490508,-0.4964016790260589,2.0286185833639694
0.9492234439022834,-0.3532039998636033,0.1502147235795405,1.46944575009826,-0.6263422147294915
-0.6108726999332974,-0.1946735130728562,0.5815878667435502,2.074321882136512,-0.6929510595122773
-0.37601951699030706,-0.40470707508440207,1.1355617979646997,0.562131552040882,-0.7507820990412996
0.026585939483391566,1.267725117270666,-1.716041716845807,1.318226717088697,1.8012097174146424
0.06013639418953296,1.133631525029127,-0.8305915808775766,-0.3451826460164959,1.8325522801064613
-0.8708887239058943,0.0675333343475469,1.276325665734008,1.771883816117386,-0.7138505958307628
0.5130675327224433,1.2388545245543023,-1.575277849076499,0.25969348602175607,1.6056608462256647
-1.3657579308214816,-1.7065130334431513,0.8540340624260827,-1.1012778110643109,-0.9941909083996087
1.8383104936150338,0.09398085946093007,-1.1348231660564045,-0.6476207120356219,0.02637727164044641
-0.7199116777282575,-0.581797228621383,0.5089355478948746,1.771883816117386,-0.5991121414422776
2.0983265175876302,0.09176401037735214,0.12297010401128718,0.10847445301219306,0.42917875435675346
0.31176480448559435,0.4535228480393593,-0.04957915325431692,-0.7988397450451848,0.024004163000411943
-0.7282992914047927,-0.7669814590449158,0.6042917163837613,-1.252496844073874,-0.9888328740482808
1.1673013994922035,0.19703856453237834,-0.04503838332627465,-0.3451826460164959,0.35575733491273204
0.9911615122849603,-0.7142410727077014,1.2172956566694595,2.225540915146075,-0.6576392703664234
-1.2231684983203803,-0.8993737485013835,0.6905663450165629,-0.4964016790260589,-1.0597311801157883
1.2931156046402341,-0.011757686362751957,0.46806861854249504,-0.6476207120356219,0.17308021847087346
-0.5018337221383378,-0.6267528658511493,0.3636309101975244,1.015788651069571,-0.49016656659626295
0.9492234439022834,-0.011603022473200008,-0.20396533080775195,-0.19396361300693293,0.39926713572415956
0.7311454883123634,0.23838537767259918,-0.5808492348352551,-1.1012778110643109,-0.13623797538214347
1.6621706064077906,0.30184912701874866,-0.9577331388627586,-0.3451826460164959,0.04979823588896852
0.26982673610291746,1.6506213531714395,-1.3482393526743883,-0.042744579997369934,1.334184296680925
0.03497355315992706,2.963460002318228,-1.670634017565385,0.25969348602175607,2.637626015345204
-0.47667088110873124,-0.47724443928426585,1.0765317889001507,1.771883816117386,-0.6898110727250727
0.3537028728682713,-0.13672610912072622,0.49531323811074807,1.318226717088697,-0.6851356441970503
-0.4011823580199129,-0.9624250608087278,1.1673471874609946,1.015788651069571,-0.45164568735763516
-0.8037878144936113,-0.06408563566116116,0.8676563722102093,1.015788651069571,-0.8917477860630068
1.7879848115558215,0.13073931054444313,0.045777015234569514,-0.3451826460164959,1.4636586096204198
1.4524802644944061,0.4483673850542944,0.004910085882189706,-0.6476207120356219,0.589938324807839
-0.6863612230221158,-0.17410321576244708,1.271784895805966,1.167007684079134,-0.568003855810803
1.762821970526215,-0.19209578158032373,1.203673346885333,-0.4964016790260589,0.44885802742567577
1.6286201517016492,0.540186180818301,0.20470396271604713,-0.19396361300693293,0.222873363749665
0.5885560558112617,-0.053568491171628665,0.3318455207012288,0.864569618060008,-0.7493798075721883
0.43757900963362506,-0.11888820719240152,0.3817939899096929,1.318226717088697,-0.4410560271407767
0.462741850663231,2.6390782712979415,-0.8396731207336611,1.9231028491269488,2.0408768355933518
0.16917537198449267,1.7172814895683293,-1.9112948237516219,-0.19396361300693293,0.978069681385751
-1.0554162247896726,-1.2937151122290012,0.16837780329170896,-0.9500587780547479,-1.0154494448177585
0.8905101481665355,1.0641358839904513,0.0003693159541474326,-0.19396361300693293,0.266816324305758
-0.7954002008170757,-1.1698808913277412,0.2773562815647222,-0.9500587780547479,-1.0230642920021873
0.9743862849318893,1.6028817659297383,-0.6171753942595929,-0.19396361300693293,1.6432867533848479
0.88212253449,1.0997085785873997,0.2818970514927642,-0.3451826460164959,0.10379488468213939
-0.040514969928891836,0.8864786295251135,-0.9350292892225475,-0.4964016790260589,1.2521283349337098
1.10020049007992,0.7191323010299053,0.4090386094779465,-0.4964016790260589,0.15962529924260963
-0.5521594041975495,-0.6294852612332337,1.0719910189721087,-1.4037158770834368,-1.0691848494069482
-1.2315561119969154,-1.098580838244293,0.7495963540811121,-0.6476207120356219,-1.0665943181713424
0.44596662331016057,-0.15683241476247953,1.1855102671731639,1.167007684079134,-0.5660655923619112
0.6724321925766155,2.146319119185434,-1.4662993708034857,-0.042744579997369934,1.6625176976908091
-1.5251225906756538,-1.13167891060841,0.8858194519223783,-1.1012778110643109,-0.9705255544118785
0.5298427600755143,0.5291019354004114,-0.7216131026045636,0.10847445301219306,-0.5778502341311733
0.26143912242638195,-0.3568643785829994,0.754137124009154,0.713350585050445,-0.660635994203058
-1.6257739547940786,-1.3942466404377676,0.8812786819943358,-1.1012778110643109,-1.0397367285556114
1.4608678781709417,0.26720441575911225,-0.4491669069220311,0.562131552040882,0.3332869624774056
-0.8541134965528233,-1.1646738737128257,1.249081046165755,-0.6476207120356219,-1.0256042598434743
-1.4580216812633708,-0.8353428982268769,0.22286704242821556,-0.3451826460164959,-1.0015883329884663
1.5950696969955072,1.041090964447211,0.2183262725001736,-0.19396361300693293,1.0317056446327801
1.5950696969955072,0.16229074401304058,-0.37197381814531344,0.10847445301219306,0.3894140156178802
1.301503218316769,0.35783745503655395,0.2637339717805957,-0.042744579997369934,-0.09336864423208874
1.6873334474373967,0.27746378709939146,-0.5399823054828753,-0.7988397450451848,-0.08291044884045963
-0.6611983819925098,-0.3635149258337332,0.8131671330737026,-0.3451826460164959,-0.7999482582305365
1.2092394678748803,0.06191387969382611,0.09572548444303387,-0.3451826460164959,0.2422661109174468
0.08529923521913886,1.8891646254903947,-1.0258446877833918,0.713350585050445,0.7165136698063825
-0.05729019728196223,0.037064548105813076,0.4408239989742414,0.864569618060008,-0.785195545214754
-0.18310440242999293,1.8567367633143361,-1.3800247421706837,-0.042744579997369934,0.992106079648682
0.07691162154260396,1.0333577699696137,-1.2392608744013753,1.015788651069571,0.6124491479586206
-1.4580216812633708,-0.8448289501193964,0.3636309101975244,-1.1012778110643109,-1.0319432240445892
-0.9547648606712481,-1.231385564739566,0.6088324863118033,-0.9500587780547479,-1.015429219460031
-0.6360355409629036,-0.38625051759786955,1.0492871693318977,1.46944575009826,-0.41184555424273867
-0.26698053919534676,-0.789304613770247,0.8313302127858717,2.5279789811652007,-0.4971139769756821
1.720883902143538,0.9784520891786721,-0.00871222390193679,-0.4964016790260589,-0.1883064734052864
0.3956409412509482,2.002172374123018,-0.9350292892225475,-0.3451826460164959,1.180970470108699
-1.5670606590583307,-0.5953045416422531,1.0992356385403617,-1.554934910093,-1.0559574654531199
-0.9715400880243188,-1.269484436199196,0.708729424728732,-1.1012778110643109,-1.0481032848689147
0.6640445789000805,1.4259462762823092,-1.7205824867738495,0.713350585050445,1.2524249735137143
1.8299228799384983,1.2156033864916596,-0.31748457900880717,-0.7988397450451848,0.08529036780789326
2.0144503808222765,0.22926020818903423,-0.17672071123949862,-0.9500587780547479,0.2988886853222467
1.335053673022911,-0.042278027234336435,0.045777015234569514,0.10847445301219306,0.11681832961221504
1.2847279909636986,1.6174201715476213,-1.0394669975675181,0.25969348602175607,1.2746576979957418
-1.357370317144946,-0.1405411517296743,0.5225578576790016,0.864569618060008,-0.5909242424555677
1.737659129496609,0.7100586861761911,-1.9249171335357487,0.10847445301219306,0.09275015391641077
1.4440926508178706,-0.05846618100744036,-0.8896215899421255,-0.042744579997369934,0.14253318651633862
1.5447440149362954,0.08743342146989759,0.1456739536514982,-0.3451826460164959,0.5243255788931356
0.25305150874984644,0.6877355314508597,-2.0929256208733102,-0.042744579997369934,1.6865959860654771
-1.2483313393499864,-1.4275509313212873,1.180969497245122,-1.252496844073874,-1.0005602106373148
-0.30053099390148813,1.5713818870909915,-0.4764115264902844,-0.19396361300693293,2.06859063201955
-0.4598956537556608,-0.35444131098001885,1.2172956566694595,0.713350585050445,-0.915851356134834
-1.2651065667030572,-0.9147370281968771,0.6814848051604789,-0.9500587780547479,-1.0898787612552034
-0.9128267922885712,-0.8420450001074614,0.3091416710610178,-0.7988397450451848,-1.0587940718744109
-1.047028611113137,-1.3492394485781507,-0.7034500228923949,-0.9500587780547479,-0.9920925275353737
-1.047028611113137,-1.002998554501189,0.2637339717805957,-1.554934910093,-1.0395159350670853
0.24466389507331157,0.4067627987648203,0.9993387001234335,0.10847445301219306,-0.8846116056781302
1.938961857733458,-0.24349574754142125,-0.18580225109558315,-0.6476207120356219,0.10165436765597195
-0.42634519904951884,-0.020521973437362364,-2.5106764542531934,0.41091251903131903,1.6728865644191415
-0.9547648606712481,-1.298303474285709,0.3091416710610178,-0.9500587780547479,-1.0415300436074555
0.12723730360181576,1.9142717302276608,-0.41284074749769356,0.562131552040882,0.8777519070570207
-0.6276479272863681,1.2317399856349127,-1.552573999436288,0.41091251903131903,1.294052130610001
-1.172842816261168,-1.4326548396765015,1.0765317889001507,-1.252496844073874,-1.0446481195904553
-0.3340814486076301,0.8829729146952693,-1.0712523870638138,-0.7988397450451848,1.0921019337002487
0.8234092387542526,1.7038772858071605,-0.5899307746913396,0.10847445301219306,0.9867834396733774
1.737659129496609,-0.392952619478454,-0.16309840145537213,-0.042744579997369934,0.236346822889179
2.3415673142071567,-0.8215778120567535,0.30460090113297517,-0.3451826460164959,0.05872098953978006
-1.5922235000879368,-1.3558899958288844,1.4624972327837382,-0.3451826460164959,-0.9631129608047254
0.06013639418953296,0.8550303053162173,-1.057630077279687,0.25969348602175607,1.162278868675473
0.8653473071369295,0.4222291877200151,-0.7897246515251968,-0.3451826460164959,0.11495422580832425
2.0312256081753475,0.8876128313818277,-0.7670208018849857,-0.4964016790260589,0.5531197465112813
0.0014230984537850666,-0.5780852952721361,0.8177079030017452,1.167007684079134,-0.3850722369508724
0.7563083293419692,-0.659438501176461,-0.11769070217495005,-0.042744579997369934,0.47153402433123237
-0.8121754281701464,-0.9599504385758967,1.2445402762377125,-0.7988397450451848,-1.0528528730419382
-1.0721914521427434,-1.548034101282255,0.7132701946567739,-1.1012778110643109,-1.0026889295381411
1.6370077653781843,-0.6572216520928831,0.5225578576790016,-0.4964016790260589,0.3512167421028932
-1.1057419068488847,-1.0212488934683188,0.9312271512028004,-0.7988397450451848,-1.00691771474968
1.5279687875832244,0.02902202584911176,-0.4355445971379046,-0.19396361300693293,0.725390916402307
0.25305150874984644,-0.5847358425228699,1.2854072055900925,1.015788651069571,-0.26930228931828126
0.9911615122849603,0.0634605185893456,0.1956224228599626,-0.3451826460164959,0.2510270617064376
0.13562491727835127,2.1680751729824084,-1.8023163454786093,-0.042744579997369934,2.0904845817596405
1.1673013994922035,-0.06955042642532999,-0.381055358001398,-0.9500587780547479,0.2051913447563399
0.462741850663231,2.033826916851317,-1.552573999436288,0.10847445301219306,0.8484655890675041
1.2260146952279507,0.522554497409379,-0.20396533080775195,-0.3451826460164959,0.2371507808588497
-0.023739742575820833,-1.1280700865188644,1.5079049320641604,1.015788651069571,-0.5561787633260856
-0.07406542463503324,1.5320457045149458,-1.9022132838955377,-0.7988397450451848,-0.13978584021685414
-0.13277872037078053,0.20461709512042378,1.1264802581086153,1.318226717088697,-0.72810778758222
-0.6863612230221158,-0.8678223150327861,1.0220425497636445,0.864569618060008,-0.6690480575712483
-1.357370317144946,-1.2210230841395855,0.7768409736493651,-0.9500587780547479,-1.055908587505278
-1.1141295205254202,-1.0203724647608579,0.05485855509065406,-1.252496844073874,-1.0265194572806466
-0.5018337221383378,-0.9307705180804291,-0.12677224203103427,-1.252496844073874,-1.0884646716607511
-1.3238198624388047,-0.9013843790655589,0.6678624953763519,-0.042744579997369934,-1.0013928211970997
-1.508347363322583,-1.0417160815190267,0.45898707868641053,-1.1012778110643109,-0.9867041551474545
1.494418332877083,-0.09414198486408978,-0.058660693110401146,-0.6476207120356219,-0.004945065693644911
-0.49344610846180226,-1.2445835499813322,1.1491841077488263,-1.1012778110643109,-1.0207569157747673
-0.40956997169644843,2.317222717140337,-1.479921680587612,0.41091251903131903,2.2250186050239815
-0.048902583605426736,-0.5711254202422985,1.3762226041509367,1.167007684079134,-0.510734069958721
-0.7031364503751867,-1.06182238716078,0.8676563722102093,-1.252496844073874,-0.9874204699003057
-0.5689346315506205,-0.43234035668435017,0.8858194519223783,1.9231028491269488,-0.5113425161370252
0.07691162154260396,1.172142833527562,-1.4208916715230635,-0.3451826460164959,1.2750352380066565
-0.7450745187578637,-1.7709563207564631,0.7813817435774071,-1.4037158770834368,-0.9912565460826342
1.301503218316769,0.3083450103799305,0.35909014026948183,-0.19396361300693293,-0.10234533217017373
1.4860307192005475,0.04964387778937154,-0.29932149929663837,-0.4964016790260589,0.15988822889306809
-0.41795758537298394,-0.257209279081694,0.8994417617065048,1.015788651069571,-0.45143500654797303
0.7059826472827575,0.8049707597312367,-0.5717676949791709,-1.252496844073874,0.7651489133552709
-0.37601951699030706,-0.45136401509923985,1.062909479116024,1.771883816117386,-0.503747894310324
0.3453152591917358,2.2462319918359928,-0.8305915808775766,0.864569618060008,1.0123921134494314
-1.038640997436602,-1.3638294088258844,1.32173336501443,-1.4037158770834368,-0.9982123836944399
-0.9379896333181771,-0.9509799329818837,1.1310210280366573,1.015788651069571,-0.5345511141294078
-0.25020531184227635,-0.10878349974167423,1.2354587363816278,0.713350585050445,-0.6840384185403298
-0.3256938349310946,-0.9705706923251305,0.6133732562398458,1.771883816117386,-0.4796038735230413
-0.31730622125455915,1.5922099575506539,-1.080333926919898,-0.6476207120356219,1.1349678939573487
0.11046207624874536,0.6826831777254961,-1.5117070700839077,-0.3451826460164959,0.1836783059201182
-0.37601951699030706,0.3566001439201384,1.1673471874609946,1.771883816117386,-0.5743057401894173
-0.6360355409629036,2.0416632205886156,-1.3482393526743883,1.015788651069571,2.107841309582847
-0.006964515222749836,-0.27509873563986936,0.4272016891901149,0.713350585050445,-0.6175239587602724
-0.10761587934117463,-0.0409891614880702,1.0311240896197285,1.318226717088697,-0.7667382208418723
0.18595059933756367,-0.43888779467538264,-1.339157812818304,-0.6476207120356219,-0.3297761089237054
-0.16632917507692252,0.040570262935657235,0.8040855932176181,2.376759948155638,-0.5407417590405206
-1.1476799752315616,0.1709519218279497,1.0038794700514755,1.771883816117386,-0.43776940651004714
-0.5689346315506205,-0.8568411788745978,1.299029515374219,-1.1012778110643109,-1.0299324863971735
0.42080378228055404,-0.7788905785404158,0.4090386094779465,0.713350585050445,-0.6796174924303792
1.6202325380251137,-0.12203303961329114,-0.3901368978574825,-0.4964016790260589,0.19995634799785486
-0.4515080400791253,0.06980173806097548,1.3535187545107257,1.620664783107823,-0.5339123299145122
0.018198325806856066,0.7076871732030612,-1.2574239541135441,-0.042744579997369934,0.6028134504479123
0.30337719080905884,-0.5193130172423958,1.1945918070292483,1.167007684079134,-0.4683771145377646
0.3453152591917358,1.3761445038465818,-1.0757931569918557,-0.9500587780547479,0.6805529837667691
-1.4076959992041584,-1.3662009217990143,0.6860255750885209,-1.1012778110643109,-0.9936347110621006
-0.10761587934117463,-0.30876390893234346,0.8540340624260827,1.620664783107823,-0.6133625914078257
-0.9463772469947126,-1.0989932752830982,1.0765317889001507,0.10847445301219306,-0.9599763449104752
0.11046207624874536,0.9113795157429772,-1.3709432023145993,1.167007684079134,0.7486652468073043
0.09368684889567437,-0.3079905894845837,0.7995448232895761,1.9231028491269488,-0.51211276517715
-1.1896180436142385,-0.5143122181468828,0.9130640714906313,2.5279789811652007,-0.680042224942658
1.6034573106720427,0.38820313201858647,0.9085233015625894,-0.3451826460164959,-0.012475640554208918
1.335053673022911,0.5906581634420869,-0.4491669069220311,-0.6476207120356219,0.16010733693511675
-0.03212735625235633,0.8201278209073276,-0.5990123145474239,0.25969348602175607,1.5893052736099724
0.36209048654480674,1.494668597873225,-0.7761023417410702,-0.3451826460164959,2.2186526736792302
0.06852400786606846,1.3054631063213415,-0.925947749366463,-0.042744579997369934,2.210594554071272
1.3853793550821227,-0.15291426289383014,-0.8305915808775766,-0.042744579997369934,-0.1616309120091033
-0.8625011102293588,-0.7656410386687988,0.17291857321975154,0.713350585050445,-0.5347381986883879
-1.2902694077326633,-0.3653193378785059,0.8313302127858717,2.830417047184327,-0.6980899858215566
0.051748780512997465,-0.23029776229965498,0.9448494609869269,0.25969348602175607,-0.41459114655425583
-1.2147808846438448,-0.930925181969981,0.4907724681827061,-0.7988397450451848,-0.9830501071846741
-0.25020531184227635,1.2851505821601856,-1.3754839722426415,-0.7988397450451848,0.6499031395771195
-1.3238198624388047,-0.8993737485013835,0.6905663450165629,-1.252496844073874,-1.058357541236791
0.7814711703715758,-0.37851732312027214,-0.7670208018849857,0.41091251903131903,0.07964580755542493
0.2949895771325234,1.5911273103237902,-2.0475179215928883,-0.19396361300693293,1.367692658096071
-0.3508566759607005,-0.09455442190289498,0.4862316982546635,1.318226717088697,-0.4967768876802227
0.11046207624874536,1.061558152497919,-1.3891062820267681,0.25969348602175607,1.351809010494022
-0.996702929053925,-1.2829917492200662,0.12751087393932944,-0.4964016790260589,-0.9907677666042181
-0.8625011102293588,-0.8844229058446952,1.1128579483244887,-0.19396361300693293,-1.0358534598719187
-0.6276479272863681,-0.11785711459538853,0.7132701946567739,1.46944575009826,-0.9678086146904754
1.8550857209681042,0.01190588873869614,-0.11769070217495005,-0.042744579997369934,0.4540744842729105
-1.508347363322583,-1.0259919194145786,0.8949009917784623,-1.1012778110643109,-0.9561621795323516
-1.3154322487622692,-1.0160934304832538,0.8858194519223783,-1.4037158770834368,-1.0553389065959518
1.4524802644944061,-0.039494077222401364,-0.5172784558426642,-0.3451826460164959,0.30468999209710373
-1.416083612880694,-1.1021896623338385,0.4907724681827061,-0.19396361300693293,-0.9927987296093613
0.24466389507331157,0.1606409958578198,0.8494932924980402,1.167007684079134,-0.45691944938509815
1.6453953790547196,-0.4510031326902853,0.0003693159541474326,-0.3451826460164959,0.029018366270371156
-1.0973542931723494,-1.1500323588352412,1.108317178396446,-1.252496844073874,-0.9696255259930018
-0.9547648606712481,-1.0922911734025138,1.2536218160937969,-0.19396361300693293,-0.9954111716491719
0.43757900963362506,-0.25318801795334334,0.9039825316345468,1.46944575009826,-0.8480795532827131
0.22788866772024055,0.816106559778977,-0.9214069794384206,0.713350585050445,1.7804922093157047
0.16078775830795777,1.046865082990484,-1.3073724233220083,0.10847445301219306,1.6965603456392582
0.3453152591917358,-0.4462085521141749,0.6451586457361408,1.620664783107823,-0.5986941507159079
-0.5940974725802267,-0.09661660709692095,0.8449525225699982,0.864569618060008,-0.534030311167923
-1.2567189530265217,-0.05258895320446632,0.9448494609869269,1.9231028491269488,-0.7868540245484145
-0.7031364503751867,-0.04140159852687539,0.7132701946567739,1.46944575009826,-0.4787594648379154
0.32015241816212986,1.2388545245543023,-0.7533984921008592,0.10847445301219306,1.980996293147936
-1.0554162247896726,-1.2490172481484882,0.754137124009154,-1.1012778110643109,-1.0376282350125126
-0.31730622125455915,-0.36134963138000586,1.1945918070292483,-0.19396361300693293,-0.6804517884366413
0.873734920813465,0.09341375853257293,-0.34018842864901816,-0.6476207120356219,0.5224142825878806
-0.07406542463503324,1.0509378987486853,-1.5707370791484563,-0.042744579997369934,1.9072226153901597
-0.5437717905210147,-0.3834665675859345,0.9221456113467159,0.25969348602175607,-0.5204590961327258
-1.1896180436142385,-1.0242390619996566,0.9811756204112645,-1.4037158770834368,-0.9760824714475275
0.16078775830795777,0.6369542210479701,-2.3789941263399697,0.25969348602175607,1.0155927763098187
-1.1812304299377032,-1.1374014745218322,1.1673471874609946,-1.4037158770834368,-1.027003180419631
-0.048902583605426736,0.6409754821763207,-1.5480332295082453,0.10847445301219306,0.8055086147006302
-0.8457258828762881,-1.3447026411512935,-0.22212841051992072,-0.7988397450451848,-1.0224356204661553
-1.3405950897918755,-1.2619059056111506,0.7677594337932806,-0.9500587780547479,-1.0347596051081527
-1.198005657290774,-1.3398049513154817,-0.3220253489368494,-0.9500587780547479,-1.0350579291346342
1.5028059465536185,-0.4017169065530644,0.12297010401128718,-0.4964016790260589,0.9399078022467874
1.3937669687586582,-1.2331899767843388,-0.9486515990066741,-1.252496844073874,0.861131719344393
1.6453953790547196,0.19652301823387183,0.5815878667435502,-0.4964016790260589,-0.05802483160316616
0.009810712130320566,-0.867409877993981,1.32173336501443,0.562131552040882,-0.5411108718190486
0.38725332757441266,1.4692521653568549,-1.2665054939696285,0.10847445301219306,2.118724237486755
-0.24181769816574084,0.9697909113637629,-1.7796124958383983,-0.19396361300693293,1.5999792061506957
-0.10761587934117463,0.4005246885528917,0.994797930195391,1.318226717088697,-0.5657520993171339
-1.021865770083531,-1.0941471400771372,0.35454937034143985,-0.9500587780547479,-0.9645152522738366
0.018198325806856066,-0.4966805347379607,0.6088324863118033,-0.042744579997369934,-0.7193384095608426
-1.2483313393499864,-1.540816453103164,0.49985400803879065,-0.9500587780547479,-1.096323908584388
-1.0302533837600665,0.2710710129979109,0.9130640714906313,0.562131552040882,-0.5378141385094553
-1.172842816261168,-0.9439169486923447,0.2637339717805957,-0.6476207120356219,-1.029554946386259
0.30337719080905884,-0.4906486430454347,0.9857163903393064,1.620664783107823,-0.4278572957770622
1.7292715158200735,0.26720441575911225,-0.3538107384331447,-0.042744579997369934,0.7196182622175641
0.09368684889567437,-0.16142077681918732,0.6315363359520143,2.074321882136512,-0.8007067091453202
-0.7366869050813282,-1.0409943167011175,0.8676563722102093,-0.19396361300693293,-0.9886306204710051
1.5028059465536185,0.06511026674456638,-0.7261538725326059,-0.7988397450451848,0.7626729924801215
-0.7282992914047927,0.4655866314244113,0.9584717707710534,1.167007684079134,-0.36695200187345
0.8401844661073231,-0.21297540666983678,-0.31748457900880717,-0.6476207120356219,0.7369834172731574
1.2008518541983448,0.5730780346630154,-0.5218192257707065,-0.7988397450451848,-0.32390232795032453
1.1085881037564556,-0.4880193569230516,-0.49003383627441094,-0.6476207120356219,0.35292578483087284
-0.35924428963723604,1.2058595614498868,-1.979406372672255,-0.4964016790260589,2.9960328378495014
1.7544343568496799,0.9197313657787823,-0.6807461732521838,-0.6476207120356219,0.047998179051215194
1.653782992731255,0.38619250145441114,-0.381055358001398,-0.19396361300693293,0.4686468545156224
-0.30891860757802364,0.04484929721326114,0.5906694065996348,1.620664783107823,-0.5676735083012527
-0.5186089494914081,-1.0882699122741633,1.5760164809847934,-0.3451826460164959,-1.0530922064417145
0.7059826472827575,1.4389895976345237,-0.7034500228923949,0.10847445301219306,1.819350177849792
0.6304941241939386,-0.07326235977457675,1.01296100990756,0.562131552040882,-0.37981532938818247
-0.26698053919534676,-0.6969187170778832,0.9857163903393064,1.620664783107823,-0.541635045673488
0.25305150874984644,1.3912500103928223,-1.5889001588606255,0.713350585050445,2.844447152574345
1.6621706064077906,0.7241846547552689,-0.6580423236119728,-0.7988397450451848,-0.0353522055905641
-0.5269965631679436,0.9048320777519446,-2.4016979759801806,-0.19396361300693293,1.5257740540947315
-1.55028543170526,-1.0346530972294876,-0.02233453368606361,-1.4037158770834368,-1.0231468788795748
0.4040285549274837,0.002058954437222096,-1.561655539292372,-0.6476207120356219,1.2738655381514123
-0.12439110669424563,1.8088425121830827,-1.6978786371336383,0.10847445301219306,2.081514635607465
1.2176270815514152,0.8668878701818666,0.0775624047308651,-1.1012778110643109,0.18941050938940607
-1.4328588402337648,-1.0715146575727021,0.9993387001234335,-1.1012778110643109,-1.0498864872418951
-1.4664092949399061,-0.08434660519246638,0.9039825316345468,1.167007684079134,-0.7104628484113955
-0.42634519904951884,0.3720149782454826,1.5760164809847934,1.9231028491269488,-0.5218529603694506
2.140264585970307,-0.4561070410454996,0.11842933408324491,-0.19396361300693293,0.28024427639038496
1.0414871943441726,0.08562900942512486,-0.15855763152732985,-0.042744579997369934,0.6197724129024771
0.36209048654480674,1.1294556000112244,-1.425432441451106,-0.042744579997369934,1.5643522385135873
-0.09922826566463913,0.04160135553267023,1.4852010824239492,1.46944575009826,-0.5497369868898557
1.2931156046402341,0.10429178543105996,-0.3538107384331447,-0.3451826460164959,-0.029766635964801072
-1.3322074761153402,-1.1271936578114035,0.9221456113467159,-1.1012778110643109,-1.0246418699049376
-0.43473281272605435,-0.2682935244995836,0.8994417617065048,1.015788651069571,-0.6520132500252054
0.20272582669063466,0.260914750917333,0.5089355478948746,0.864569618060008,-0.6608331914409017
-0.5186089494914081,-0.5467916349527919,0.7495963540811121,1.318226717088697,-0.4440982580322982
0.5969436694877972,0.2312192841233589,-1.080333926919898,-0.042744579997369934,0.14117640210211446
1.4860307192005475,0.220908358153229,0.31368244098905973,-0.4964016790260589,0.35322579430383155
0.6137188968408681,1.1154327406918476,-1.1802308653368268,0.864569618060008,0.9808793206634054
-0.006964515222749836,-0.3299013071711097,1.276325665734008,1.015788651069571,-0.4004873304322327
0.5046799190459078,-0.13260173873267428,0.8585748323541247,0.41091251903131903,-0.698160774573603
-1.021865770083531,-0.9189129532147797,0.6769440352324364,-0.3451826460164959,-0.9544885311803956
-1.2567189530265217,-1.1900903062291959,1.2581625860218388,-0.4964016790260589,-0.9723003295524724
-0.17471678875345745,0.3367000567977877,-2.170118709650028,-0.19396361300693293,1.479702374637812
-1.4328588402337648,-0.6904228337167013,1.2445402762377125,1.9231028491269488,-0.4170350439463368
-0.14955394772385153,-0.6665530400958506,1.1945918070292483,0.864569618060008,-0.6516694189438368
-0.7450745187578637,-1.018877380495189,0.8721971421382512,-1.554934910093,-1.010172311897341
1.8047600389088918,-0.1827643935773562,-1.0621708472077291,-1.252496844073874,0.300161197412606
0.18595059933756367,1.4462072458136146,-2.3018010375632523,-0.3451826460164959,0.6889903288321192
-0.10761587934117463,-0.1552342212371094,1.058368709187982,1.771883816117386,-0.6020431328662975
-0.7534621324343989,0.13532767260115092,0.731433274368943,1.015788651069571,-0.7765121249637188
-0.49344610846180226,-0.9454120329580136,1.0220425497636445,1.167007684079134,-0.7136820511830331
-0.30891860757802364,0.7503744067193989,-1.212016254833122,1.167007684079134,2.199684659023727
-0.577322245227156,1.0789320627575878,-0.771561571813028,-0.3451826460164959,1.2742548762876678
0.26143912242638195,1.5512240268193875,-0.6171753942595929,-0.042744579997369934,1.7398662074269327
-1.0554162247896726,-1.1840068599068192,0.9766348504832225,-0.9500587780547479,-1.0144297496989936
-0.6276479272863681,-0.7368735552121365,1.607801870481089,0.41091251903131903,-0.5511746727349903
-0.2753681528718822,-0.6189165621138506,0.3636309101975244,1.318226717088697,-0.6529082221046502
-0.48505849478526675,0.5077067640123919,0.8721971421382512,0.713350585050445,-0.8447272002393689
-0.48505849478526675,-0.6881028753734221,0.5043947779668326,1.318226717088697,-0.5230395146894679
1.2008518541983448,0.03386816105507281,-0.5172784558426642,-0.3451826460164959,0.1511289635505544
-0.30053099390148813,-0.5698365544960323,0.8494932924980402,0.713350585050445,-0.47662400415117984
0.06852400786606846,-0.7743537711135586,1.1219394881805727,0.713350585050445,-0.2995038047449702
-0.37601951699030706,-0.2739129791533044,1.1628064175329529,2.5279789811652007,-0.5876207673600653
-0.6863612230221158,-1.4441515221331964,0.6042917163837613,-0.9500587780547479,-0.9784100730326748
-0.8457258828762881,-0.11893976182225216,-1.6978786371336383,0.713350585050445,0.41544573645973554
-1.0302533837600665,-1.2931995659304947,1.085613328756235,-0.7988397450451848,-0.9694974320607272
-0.5018337221383378,-0.15982258329381718,0.35000860041339726,1.771883816117386,-0.5546854577472004
1.5866820833189723,0.08000955477140406,-0.2947807293685961,-0.19396361300693293,0.3512251693352799
-0.8960515649355002,-1.0093913286026694,-0.24937303008817402,-1.554934910093,-1.0155842805359423
0.9072853755196064,-0.13667455449087557,0.38633475983773546,-0.19396361300693293,0.655616803135157
0.8905101481665355,0.26973059262179405,1.1219394881805727,-0.9500587780547479,0.34320918588925414
0.5214551463989788,1.249062341264731,-0.9441108290786318,0.562131552040882,2.6614835102313457
-1.7432005462655737,-0.9705191376952798,0.2591932018525531,-1.4037158770834368,-1.0298313596085356
1.4860307192005475,0.31654219652618376,-0.49911537613049545,-0.6476207120356219,0.2252262470319719
0.9156729891961419,0.8684345090773862,-0.42646305728182005,-1.252496844073874,0.21310114507429578
0.20272582669063466,-1.0433658296742474,1.3853041440070213,1.015788651069571,-0.5732203126580379
1.3098908319933045,0.27380340837999534,-0.903243899726252,-0.6476207120356219,0.9263298454256812
-0.9463772469947126,0.014792948010332511,1.0946948686123197,1.318226717088697,-0.4204362749375226
0.9492234439022834,0.7267108316179508,-1.1212008562722777,-0.3451826460164959,-0.3264810610605893
1.4273174234647996,-0.39248862780979815,0.013991625738274251,-0.3451826460164959,0.24860844601151624
-0.4431204264025898,0.25575928793226804,0.30006013120493324,1.46944575009826,-0.8323526522030528
-0.05729019728196223,1.3478410120585753,-1.6660932476373431,-0.042744579997369934,1.2815006106935685
-1.2986570214091986,-1.0251670453369681,1.3353556747985567,-1.252496844073874,-0.9828023465525114
-1.5335102043521893,-0.9522172440982992,0.6769440352324364,-0.9500587780547479,-1.0287189649335196
-0.6611983819925098,0.2222487785293459,0.6678624953763519,2.679198014174764,-0.6180852124372124
1.6453953790547196,0.48167167593781396,-0.02233453368606361,-0.042744579997369934,-0.3488418794748915
0.9911615122849603,0.2578730277561447,0.25465243192451115,-0.4964016790260589,0.15618698842892337
-1.038640997436602,-1.6450599146611773,0.05031778516261179,-1.1012778110643109,-1.0196950844940702
-1.399308385527623,-0.3471205535412266,0.15475549350758244,-0.6476207120356219,-1.0595896026116953
-0.9044391786120357,-1.19519421458441,0.5225578576790016,-0.6476207120356219,-1.0596772458285146
0.0014230984537850666,0.8518854728953277,-1.012222377999265,-0.4964016790260589,2.309855553458737
1.5447440149362954,-0.2745831893413629,-0.9077846696542942,-0.4964016790260589,0.5716478596362096
0.43757900963362506,2.4913227021459803,-1.3255355030341773,0.10847445301219306,1.4282524354718371
-0.6863612230221158,1.3816092946107508,-1.0440077674955603,0.25969348602175607,1.7724880239950207
-0.03212735625235633,-0.8547274390507211,0.4771501583985796,2.074321882136512,-0.6622590791606952
-0.35924428963723604,1.7919325935920698,-1.552573999436288,-0.042744579997369934,1.308661580675213
2.0647760628814886,0.6327267414002168,-0.31294380908076486,-0.6476207120356219,0.13497901540509252
-0.15794156140038704,-0.07640719219546636,0.9312271512028004,1.771883816117386,-0.6428292521704129
0.37047810022134225,1.8721000430098296,-1.625226318284963,-0.4964016790260589,2.8368542161941206
1.3098908319933045,0.23415789802484593,-1.234720104473333,-0.7988397450451848,0.20368961194506813
-0.5689346315506205,-0.2676233143115252,-0.013252993829979062,1.620664783107823,-0.6745729511238286
-0.2837557665484177,-0.5020422162424283,0.7995448232895761,1.318226717088697,-0.6299608683162486
-1.198005657290774,-1.020630237910111,0.06394009494673829,-0.19396361300693293,-1.0868466430425459
-0.16632917507692252,-0.725634645904695,0.9584717707710534,1.167007684079134,-0.8226124570107521
0.5969436694877972,2.563241410787636,-0.7034500228923949,-0.042744579997369934,2.619782193490058
0.26982673610291746,0.9703064576622694,-1.670634017565385,0.41091251903131903,0.8038096846515146
-0.30053099390148813,0.5527139558720089,-1.361861662458515,-0.19396361300693293,1.1548561623894558
0.7814711703715758,-0.21766687798624587,0.9630125406990954,0.713350585050445,-0.5030888847377007
0.14401253095488675,1.8280723891173751,-1.4526770610193591,-0.4964016790260589,1.5361934842173828
-0.8708887239058943,1.2772111691631856,-1.8250201951188203,0.562131552040882,0.2040873773137102
1.6202325380251137,0.15445444027574187,-1.2483424142574597,-0.9500587780547479,0.5886843526287299
-0.6611983819925098,-1.2889720862827414,0.4862316982546635,-0.9500587780547479,-1.0586710342815684
-1.357370317144946,-1.1034785280801047,0.8812786819943358,-0.3451826460164959,-1.0333252901559729
-1.2315561119969154,-1.1571984523844814,0.8449525225699982,-0.3451826460164959,-1.0362798778306748
-1.7096500915594324,-1.3494456670975532,0.726892504440901,-0.19396361300693293,-1.0182034643616622
-1.2902694077326633,-1.1757581191307154,0.9584717707710534,-0.6476207120356219,-1.053146140728988
-0.8205630418466819,-1.2288078332470336,0.8812786819943358,-1.252496844073874,-1.0700528543427563
2.1318769722937723,0.556374334591405,0.39541629969381936,-0.19396361300693293,0.26281844526160897
-0.9379896333181771,-1.3495487763572547,1.2627033559498815,-0.6476207120356219,-1.0615362932929735
-0.5437717905210147,2.0994559606511936,-1.080333926919898,0.10847445301219306,0.8991469646398316
0.697595033606222,0.6566996442807689,0.5906694065996348,0.864569618060008,-0.6610219614463589
0.4543542369866961,0.5567867716302102,-1.6842563273495115,-0.19396361300693293,1.1351010442290552
1.276340377287163,0.9373114945578538,-0.6307977040437195,-0.4964016790260589,-0.2694152142322602
-1.7432005462655737,-1.2421089277485011,0.7768409736493651,-0.9500587780547479,-1.0869140609016377
-1.2147808846438448,-0.9622703969191759,0.7450555841530695,-1.1012778110643109,-0.9910037291110396
-1.7012624778828969,-1.1974626182978387,0.6042917163837613,-1.1012778110643109,-1.0145881816678597
-0.7534621324343989,-0.6751111086510585,0.8676563722102093,-0.9500587780547479,-0.9959083783599746
0.11046207624874536,1.5458623453149198,-1.5889001588606255,-0.042744579997369934,0.8392563095155523
-0.996702929053925,-0.97608703771915,0.9357679211308424,-0.6476207120356219,-1.0210754651589766
-0.6444231546394388,-1.3511469698826246,-0.1358537818871188,-1.252496844073874,-0.9705542070019926
-1.4747969086164416,-1.026971457381741,0.07302163480282282,-0.9500587780547479,-1.037742845372969
0.462741850663231,1.5213738961358614,-1.7841532657664403,0.10847445301219306,1.5881271465223417
-0.8457258828762881,-1.1712213117038581,0.09118471451499159,-0.7988397450451848,-0.9816377030366991
0.3537028728682713,-0.018614452132888332,-1.411810131666979,1.167007684079134,1.286634480663416
1.762821970526215,-0.12528098129388204,-0.6171753942595929,-0.3451826460164959,0.3416956549526413
1.2344023089044862,0.48306365094378145,0.45444630875836856,-0.3451826460164959,0.6316750359251498
-1.4328588402337648,-0.9944920405758318,-0.14947609167124531,-1.252496844073874,-1.0173101777286946
-0.30053099390148813,-0.2840692412338824,1.058368709187982,2.074321882136512,-0.3691043170249586
1.4692554918474765,0.022887024896884475,-0.5672269250511286,0.25969348602175607,0.6236186017636693
-1.508347363322583,-1.1664267311277476,0.5407209373911701,-1.252496844073874,-1.0441846218091986
-0.7366869050813282,-0.4913704078633438,0.7178109645848165,0.562131552040882,-0.5983250379373799
-0.29214338022495323,-0.04428865779851176,0.21378550257213103,1.771883816117386,-0.6716251052350357
-1.038640997436602,-1.151991434769566,1.5079049320641604,-1.554934910093,-0.969269896786292
0.6137188968408681,1.1504383343604385,-1.8840502041833689,-0.7988397450451848,1.5021660052872292
-0.12439110669424563,-0.6262373195526427,1.798514207458862,1.620664783107823,-0.527967760189085
1.9892875397926704,0.7144408297134962,-0.6580423236119728,-0.3451826460164959,0.36201371223645945
-1.7432005462655737,-1.0437267120832021,0.2183262725001736,-0.7988397450451848,-1.0217934653583052
-1.1812304299377032,-1.2243741350798778,0.8858194519223783,-1.554934910093,-0.998264632535236
0.38725332757441266,1.530292847100024,-0.9531923689347163,-0.4964016790260589,0.21471411735306917
-0.8037878144936113,2.1883361425137133,-0.7397761823167324,0.864569618060008,0.1828895169687432
1.7041086747904675,0.20090516177117704,0.7132701946567739,-0.042744579997369934,0.22373631234604113
-0.16632917507692252,1.3469645833511144,-2.4425649053325604,0.25969348602175607,1.0063245061311614
0.7982463977246461,2.5149347226175776,-0.5990123145474239,-0.042744579997369934,0.6112743917639445
1.335053673022911,0.3694372467529501,-0.9441108290786318,-0.6476207120356219,0.15378691264525218
-0.9715400880243188,-1.4413675721212613,0.5815878667435502,-0.4964016790260589,-1.0218069489301236
0.30337719080905884,1.9289132451052453,-1.5117070700839077,0.41091251903131903,1.3631638634115733
1.2344023089044862,1.5312208304373354,-0.44462613699398884,-0.7988397450451848,-0.05730851685031484
-0.4598956537556608,-0.5431828108632465,1.4624972327837382,1.318226717088697,-0.6418365241952848
1.31827844566984,0.23606541932931996,0.07302163480282282,-1.1012778110643109,-0.014769533209810372
1.7041086747904675,-0.19173489917136918,0.5543432471752966,-0.19396361300693293,0.32212593590474353
-1.7096500915594324,-1.5829881403209953,0.6269955660239723,-1.252496844073874,-0.9670080276137593
-0.13277872037078053,1.9672698897141285,-1.5344109197241187,0.25969348602175607,1.6491824451624333
1.075037649050314,0.462544908263223,-0.512737685914622,-0.042744579997369934,0.3089642843635296
-1.1225171342019558,-0.8894752595700589,1.4397933831435272,-0.9500587780547479,-1.0103459128845025
0.2866019634559885,0.8233757625879186,-0.9077846696542942,0.41091251903131903,0.6944478045256074
-0.06567781095849773,1.384805681661491,-0.6535015536839305,0.713350585050445,1.6567568416314071
-0.6444231546394388,-0.8083798268149873,0.8903602218504203,-0.042744579997369934,-1.0892349207008758
0.22788866772024055,1.9001457616485828,-0.5536046152670018,-0.7988397450451848,2.4338235127569017
-1.1309047478784908,-1.1019318891845853,0.6315363359520143,-0.9500587780547479,-0.9778993827500538
0.32015241816212986,1.4615189708792575,-1.9385394433198755,-0.042744579997369934,2.267940185014832
-1.4747969086164416,-1.2349943888291115,0.19108165293191998,-1.1012778110643109,-0.9743296071111384
-0.9128267922885712,0.20018339695326795,0.5089355478948746,2.679198014174764,-0.49703644643772643
1.8466981072915687,0.9883505781099967,-0.04957915325431692,-0.19396361300693293,-0.4067673040066422
2.0228379944988117,0.8343568987461069,-0.5626861551230863,-1.1012778110643109,0.002588880059873611
-0.36763190331377155,-0.1953952778907653,1.2082141168133749,1.620664783107823,-0.6507120853447319
-0.3927947443433774,1.904527905185888,-1.4844624505156547,-0.4964016790260589,2.0760217655379534
-1.7432005462655737,-1.19359602105904,0.3091416710610178,-0.7988397450451848,-0.9676906334370646
1.8131476525854273,0.22508428317113163,0.13659241379541368,-0.3451826460164959,0.37154996840500704
1.5699068559659013,0.07418388159828068,-0.4491669069220311,0.562131552040882,0.4793157307169136
0.5466179874285848,-0.03397773182838187,-0.4219222873537778,-1.1012778110643109,0.7617864476330631
0.009810712130320566,1.7301701470309918,-0.9168662095103784,1.46944575009826,1.3030203913156995
-1.6006111137644723,-1.3748105449840728,0.6587809555202679,-1.1012778110643109,-1.008035165764128
-0.03212735625235633,0.20167848121893678,-1.9158355936796645,-0.19396361300693293,1.926470414160894
-0.560547017874085,0.6586587202150935,-1.5480332295082453,-0.19396361300693293,0.6786703400516281
1.4860307192005475,0.07423543622813134,-0.122231472102992,-0.6476207120356219,-0.36123496742245786
1.8383104936150338,1.282160413628848,-0.5808492348352551,-0.6476207120356219,-0.01563753814561853
0.07691162154260396,1.823948018729323,-1.5026255302278233,0.41091251903131903,2.4716381899215425
0.07691162154260396,-0.1440984211893691,0.6951071149446055,1.771883816117386,-0.6221623074657944
0.30337719080905884,-0.2500947401623044,-1.0213039178553494,-0.6476207120356219,0.9544970269542721
-1.6257739547940786,-0.8608108853730978,0.5952101765276767,-0.6476207120356219,-1.0661780128914502
-1.348982703468411,-0.9452573690684616,0.34546783048535534,-0.7988397450451848,-0.9945128286767726
-0.8037878144936113,-0.9127263976327018,0.4907724681827061,-0.7988397450451848,-0.980803407030437
-1.6677120231767555,-1.3339792781423585,1.01296100990756,-0.9500587780547479,-0.9567386022275872
-1.7432005462655737,-1.2078250988978192,-0.0677422329664857,-0.9500587780547479,-1.092098494265804
-1.307044635085734,-1.4118267692168391,0.49985400803879065,-0.9500587780547479,-0.9942364154544958
0.5046799190459078,0.47110297681843083,-1.625226318284963,-0.6476207120356219,0.9646754382306698
-0.7534621324343989,-0.9802629627370526,0.5861286366715922,-1.252496844073874,-0.9988663369276313
-0.048902583605426736,-0.5607113850124673,0.731433274368943,0.562131552040882,-0.4620094977465357
-1.2902694077326633,-0.8185876435254159,1.158265647604911,-0.9500587780547479,-0.9951785800353049
1.7292715158200735,0.6470589284986974,0.6542401855922253,0.10847445301219306,-0.1065859155070535
-0.03212735625235633,1.827350624299466,-0.8805400500860409,-0.042744579997369934,2.1241126098746745
-0.07406542463503324,0.42011544789613847,1.1173987182525307,0.713350585050445,-0.5602002386209168
-1.088966679495814,-1.1323491207964684,1.0719910189721087,-0.19396361300693293,-1.0065924235795616
-0.5269965631679436,1.0422251663039255,-2.4652687549727714,-0.6476207120356219,1.655497813112866
-1.021865770083531,0.1753340653652549,1.4261710733594006,2.5279789811652007,-0.4309231229192658
0.16078775830795777,-0.07620097367606377,0.3908755297657774,1.771883816117386,-0.39364610318088333
-0.09922826566463913,-1.0110410767578903,1.035664859547771,2.074321882136512,-0.5672066396270414
-0.07406542463503324,0.18904759690552767,-1.057630077279687,-0.19396361300693293,1.6124953316911048
-1.0050905427304602,-1.0130517073220655,1.1491841077488263,-1.1012778110643109,-1.028375133852151
0.8653473071369295,-0.4164099760604995,-0.8941623598701673,-0.6476207120356219,0.2844460944582868
0.33692764551520027,-0.2450939410667914,1.4170895335033162,2.679198014174764,-0.5165690856631239
1.5279687875832244,0.7463015909611975,-0.662583093540015,-0.19396361300693293,0.842367643712643
1.3769917414055879,0.9518499001757369,-0.02687530361410588,-0.19396361300693293,0.35980746279767734
-0.6108726999332974,1.624844038246115,-0.9350292892225475,-0.4964016790260589,1.404637644878426
0.5550056011051203,-0.2771093662040447,0.8040855932176181,0.713350585050445,-0.47122551908439686
-1.2231684983203803,-1.152558535697923,1.2309179664535859,-0.7988397450451848,-1.0003023373262885
0.5046799190459078,1.7122291358429658,-1.0984970066320667,-0.19396361300693293,1.3594070032136776
0.6137188968408681,-0.14724325361025872,-1.411810131666979,0.25969348602175607,2.2094063143047777
1.5279687875832244,-0.0500627763417845,0.03669547537848529,-0.19396361300693293,0.476175743929709
-1.0805790658192789,-1.374913654243774,1.3762226041509367,-1.554934910093,-0.9764701241373058
-0.9128267922885712,-1.106674915130845,0.5679655569594237,-1.4037158770834368,-1.0090363209716424
0.7395331019888989,0.5848840448988142,-1.2165570247611641,-0.9500587780547479,0.5803110545295173
0.10207446257220987,0.8340991255968536,-0.925947749366463,0.25969348602175607,1.0293713012617236
1.335053673022911,0.07634917605200796,-0.4491669069220311,-1.1012778110643109,0.8943114186964658
-1.0134781564069957,-0.8885472762327472,-0.00417145397389484,-0.6476207120356219,-0.9701817233305099
-0.25859292551881125,1.0370697033188605,-1.3573208925304727,1.015788651069571,2.034340674154393
1.53635640125976,1.2333897337901336,-0.8759992801579987,-0.3451826460164959,-0.050765613625447105
-1.3909207718510879,-0.9174178689491109,-0.4491669069220311,-1.252496844073874,-1.0361433566660136
-0.048902583605426736,2.107653146797447,-1.234720104473333,0.10847445301219306,2.507305608274106
-1.416083612880694,-1.214630310038105,0.13659241379541368,-0.6476207120356219,-1.0075632407504849
-0.577322245227156,-1.208443754456027,-0.017793763758021337,-0.6476207120356219,-1.0095992600950598
-0.19987962978306392,-0.6593353919167597,0.7178109645848165,0.864569618060008,-0.20693908421180698
0.13562491727835127,1.02593390327112,-1.3891062820267681,0.10847445301219306,1.732172144258071
0.48790469169283746,-0.26530335596824595,1.3353556747985567,1.318226717088697,-0.4084291542332572
1.2092394678748803,2.0131535102812066,-1.6297670882130053,0.10847445301219306,1.7027155961743476
1.8466981072915687,-0.35712215173225265,-0.4491669069220311,-0.9500587780547479,0.03967207345336686
-0.6108726999332974,0.78697819391336,0.5679655569594237,1.771883816117386,-0.41915870650773135
1.3769917414055879,-0.2326177206429342,0.6088324863118033,-0.9500587780547479,0.24454314910827538
-0.048902583605426736,0.8848288813698927,-1.3119131932500507,-0.9500587780547479,2.305252599129238
1.10020049007992,1.790282845436849,-1.0984970066320667,0.41091251903131903,1.243962346751205
0.17756298566102816,1.8756057578396739,-1.189312405192911,0.713350585050445,1.50560768699387
-0.23343008448920533,-0.5484413831080127,1.4170895335033162,0.713350585050445,-0.4234245715417706
-0.14116633404731604,0.4063503617260151,0.8131671330737026,1.46944575009826,-0.5267289570282715
-0.48505849478526675,-1.1842646330560724,0.6224547960959298,1.167007684079134,-0.28452355645475247
-1.0805790658192789,-1.2515949796410206,-0.6716646333960993,-1.1012778110643109,-0.9481091162638255
1.6621706064077906,0.27756689635909276,-0.45824844677811566,-0.6476207120356219,0.39425630334715506
0.03497355315992706,-0.4328559029828567,1.299029515374219,1.167007684079134,-0.6353812641872364
-0.5857098589036912,-1.0217644397668253,0.6905663450165629,-0.7988397450451848,-1.0217664982146686
-1.088966679495814,-0.8776176947044095,0.6406178758080988,-1.4037158770834368,-1.0312437637565106
1.9892875397926704,0.33283345955898896,-0.8442138906617034,-0.4964016790260589,0.259223387925534
2.224140722735661,1.0508863441188345,-0.1086091623188655,-0.4964016790260589,0.2790273840337763
-0.09084065198810364,-0.10806173492376513,1.0447463994038557,2.5279789811652007,-0.6374830159444261
-0.8960515649355002,-1.594072385738885,0.0003693159541474326,-0.9500587780547479,-1.0565574843990377
-0.09922826566463913,-0.48245145689918145,1.4488749229996118,0.10847445301219306,-0.5467891410010629
-1.0805790658192789,-1.6196434821448071,1.1264802581086153,-0.7988397450451848,-0.9787488477746116
-1.239943725673451,-1.2444288860917803,1.4852010824239492,-1.252496844073874,-0.9968657119590794
-0.7534621324343989,-1.214475646148553,0.5543432471752966,-0.4964016790260589,-0.9771712698718614
-0.26698053919534676,-0.9853668710922668,0.8858194519223783,1.771883816117386,-0.6434410692416718
1.301503218316769,1.021397095844263,-0.7624800319569434,0.10847445301219306,-0.4156091562265433
1.4860307192005475,0.2326628137591771,-0.41284074749769356,-0.19396361300693293,0.19234318625990332
0.06013639418953296,1.5316848221059913,-1.5707370791484563,-0.042744579997369934,1.5574739314397374
0.462741850663231,-0.25421911055035634,0.7132701946567739,1.167007684079134,-0.5199534621895366
-0.03212735625235633,1.6852145098012254,-1.7614494161262293,0.25969348602175607,1.2475607749802347
-0.05729019728196223,-0.6120082417138635,0.8449525225699982,2.225540915146075,-0.2126207242867759
0.21111344036716956,1.2748912108199064,-1.5026255302278233,-0.3451826460164959,1.308201453786911
0.08529923521913886,1.4221312336733611,-1.080333926919898,0.10847445301219306,1.2861558138638636
0.41241616860401914,1.8399299539830245,-1.1302823961283623,-0.7988397450451848,0.8849335944967841
0.14401253095488675,0.8483797580654835,-0.8078877312373655,0.41091251903131903,1.4104962568335109
0.873734920813465,-0.32056991916814215,-0.6762054033241415,-0.3451826460164959,0.3610412096190589
1.897023789350781,1.0138185652562175,-0.02233453368606361,-0.19396361300693293,0.6729128548851808
-1.4496340675868353,-1.067854278853306,1.0492871693318977,-0.7988397450451848,-0.9928341239853844
-0.19987962978306392,-0.12363123313866127,1.3898449139350633,2.074321882136512,-0.5212664249953511
-0.37601951699030706,1.6207712224879136,-2.3562902766997587,0.10847445301219306,0.7129725467575811
0.8485720797838585,0.9236495176474316,0.3091416710610178,-0.4964016790260589,-0.007940104083802135
0.04336116683646197,-0.27659381990553816,0.6860255750885209,2.376759948155638,-0.507400256826627
1.1505261721391324,1.339643825912322,0.6315363359520143,-0.9500587780547479,-0.13809365195364773
-1.3909207718510879,-0.7769315026060911,0.44990553883032597,-1.4037158770834368,-0.9867783147924556
-0.778624973464005,-0.8519950436686368,0.6678624953763519,-0.19396361300693293,-0.7498281363351493
1.670558220084326,0.014019628562572769,-0.7352354123886901,-0.19396361300693293,0.8131672834934689
0.24466389507331157,0.8869426211937693,-1.143904705912489,0.25969348602175607,1.2897205331633472
-1.399308385527623,-1.001658134125072,0.9176048414186733,-1.252496844073874,-0.9907121468704673
-0.9044391786120357,-0.03784432906718058,0.8358709827139137,2.830417047184327,-0.7145921922807736
1.6789458337608612,0.8619901803460549,-0.19034302102362513,-0.4964016790260589,-0.40042328346609546
1.5447440149362954,-0.3955303509709865,0.06394009494673829,-0.3451826460164959,0.6986175991104407
-0.25859292551881125,-0.4506938049111814,0.8086263631456607,0.864569618060008,-0.7480921264635331
-0.48505849478526675,0.1803348644607679,0.8313302127858717,1.46944575009826,-0.429483751627654
-1.5418978180287248,-0.6879482114838702,0.6951071149446055,-1.252496844073874,-1.0322179518203884
-0.42634519904951884,1.139199425052997,-1.184771635264869,0.41091251903131903,0.9186138714526144
-1.2567189530265217,-1.239170313847014,0.5952101765276767,-0.9500587780547479,-1.0132600498437494
1.2260146952279507,0.2980340844098006,0.35000860041339726,-0.6476207120356219,0.28543713698693773
-1.021865770083531,-1.397133699709404,0.49985400803879065,-0.6476207120356219,-0.9401352689797323
1.7460467431731446,-0.7211493931076884,-0.00417145397389484,-0.042744579997369934,0.8277767335586809
-0.23343008448920533,-0.2808728541831421,1.0901540986842777,2.074321882136512,-0.4861080114789313
-0.07406542463503324,-0.3785688777501228,1.2854072055900925,1.46944575009826,-0.5419552805041745
0.33692764551520027,2.3321735597970252,-2.1519556299378593,0.10847445301219306,1.8410435594590848
-0.7282992914047927,0.011751224849144194,0.4862316982546635,1.620664783107823,-0.5433727409915815
-1.3154322487622692,-1.422137695186969,0.8631156022821673,-1.554934910093,-1.0372422677692115
-0.35924428963723604,-0.7568251969643378,1.2399995063096705,0.713350585050445,-0.4436212766792231
-0.9883153153773895,-1.00387498320865,0.6633217254483099,-0.7988397450451848,-0.9986910504939922
0.19433821301409918,1.7620824629085436,-0.7306946424606482,-0.3451826460164959,0.9632141561348534
0.13562491727835127,0.2761233667232746,0.4317424591181575,1.318226717088697,-0.8762939273126684
-0.9044391786120357,-1.2187031257963064,-0.42646305728182005,-0.4964016790260589,-1.0034237842022429
-1.7432005462655737,-1.0402209972533578,1.5941795606969626,-1.252496844073874,-1.037092263032732
1.016324353314566,-0.19859166494150557,-0.09044608260669673,0.25969348602175607,0.19960914602353155
1.6034573106720427,0.007059753532735093,-0.05411992318235887,-0.6476207120356219,0.7317956130160365
1.779597197879286,-0.08970828669693393,0.009450855810231978,0.25969348602175607,-0.10072898899844568
1.8718609483211752,-0.2684997430189862,-0.3084030391527226,0.41091251903131903,0.08537126923880362
2.20736549538259,0.18275793206374844,0.10026625437107614,-0.042744579997369934,-0.21786414827764763
0.88212253449,3.0122822367867927,-0.512737685914622,-0.4964016790260589,0.3931371668862298
0.11884968992528086,1.9337593803112063,-0.6898277131082681,-0.4964016790260589,1.5173501926011996
-1.1392923615550263,-1.0641423455040593,0.28643782142080676,-1.1012778110643109,-0.9947218240399573
-0.09922826566463913,-0.2061186408997004,0.39541629969381936,1.620664783107823,-0.37967880822352135
1.276340377287163,0.1932750765532809,0.16383703336366698,-0.3451826460164959,0.5129538715108114
-0.14116633404731604,1.312629199870582,-0.7170723326765214,0.25969348602175607,0.7836888246055403
0.11884968992528086,0.6470589284986974,-2.0883848509452685,0.10847445301219306,2.1569535344848108
0.17756298566102816,-0.33304613959199936,0.70418865480069,0.41091251903131903,-0.7047003069055164
-0.8708887239058943,-1.0081024628564033,-0.6580423236119728,-1.1012778110643109,-0.9779448898049409
1.2847279909636986,0.4264566673677684,0.8313302127858717,-0.9500587780547479,0.31855278937287335
1.4608678781709417,-0.08001601628501183,-0.5853900047632974,-1.1012778110643109,0.5496949192694134
1.1924642405218093,0.35278510131119034,-0.644420013827846,0.25969348602175607,-0.0029225299208882525
-1.0134781564069957,-1.2928386835215402,0.8858194519223783,-1.4037158770834368,-1.0522393705242021
0.03497355315992706,-0.03413239571793382,1.348977984582683,-0.19396361300693293,-0.6760662567027139
0.21950105404370507,-0.46425267256190217,1.1446433378207836,0.713350585050445,-0.48683443891064637
1.158913785815668,-0.6980013643047468,-0.15401686159928757,0.41091251903131903,0.43380530493693414
1.142138558462597,1.0254183569726136,-0.6807461732521838,-0.3451826460164959,-0.6284338538078174
-0.8625011102293588,-0.5169930588991166,1.1855102671731639,1.620664783107823,-0.8143672528438142
1.6370077653781843,-0.03005957995973251,-0.6762054033241415,-0.6476207120356219,0.5053761041488832
-1.2818817940561278,-1.1829757673098062,1.2536218160937969,-0.9500587780547479,-1.0505977456553146
1.779597197879286,0.1144480475116379,-0.09044608260669673,-0.6476207120356219,0.04839762986633462
1.6034573106720427,-0.38197148332026565,0.6633217254483099,0.41091251903131903,0.33944389845897244
0.4040285549274837,0.5801410189525544,-1.2892093436098395,-0.042744579997369934,0.36308565619602023
1.1673013994922035,0.5913283736301453,-0.535441535554833,-0.9500587780547479,0.42419826001634
-0.26698053919534676,0.07763804179827419,0.3636309101975244,1.771883816117386,-0.5786845301374354
0.03497355315992706,-0.2952565959114733,0.18200011307583608,1.015788651069571,-0.43088098675733344
0.14401253095488675,1.8392081891651153,-1.6751747874934273,-0.7988397450451848,0.8151544248902021
-1.047028611113137,-1.0558936047279552,0.5089355478948746,-1.4037158770834368,-0.9887047801160062
-0.5269965631679436,-0.20529376682209,1.326274134942472,1.318226717088697,-0.595161454899493
0.03497355315992706,-0.5182819246453828,0.7904632834334916,2.225540915146075,-0.6189970389814302
-1.307044635085734,-2.0846146887678145,0.1774593431477935,-1.554934910093,-1.0260525886064351
-0.29214338022495323,0.12037682994446258,1.040205629475813,2.074321882136512,-0.6657445824757457
0.4711294643397665,-0.6957845152211689,0.5180170877509591,0.41091251903131903,-0.6228533405214862
1.335053673022911,-0.374856944400876,-0.14493532174320303,-0.3451826460164959,0.4286326696981092
0.8317968524307882,0.5509610984570869,0.11388856415520264,-0.4964016790260589,0.11120410739633795
0.03497355315992706,1.5516364638581928,-0.9486515990066741,-0.042744579997369934,1.0199917916155645
-1.1896180436142385,-0.9718595580713967,0.5634247870313812,-1.252496844073874,-1.0235817240707175
0.2866019634559885,0.5858635828659765,-1.2210977946892065,0.41091251903131903,1.1228562755714908
0.9492234439022834,-0.8958680336715394,0.4862316982546635,1.9231028491269488,-0.6837721179969168
-0.9547648606712481,-0.7002182133883247,0.46806861854249504,-1.4037158770834368,-1.030798805886504
-0.05729019728196223,0.7339284797970417,-1.5480332295082453,-0.7988397450451848,0.7071746108756788
-0.4515080400791253,2.1042505412273043,-1.162067785624658,0.10847445301219306,0.2202053019761035
1.8215352662619628,-0.007787979864251949,0.22286704242821556,0.25969348602175607,0.3328538027327403
-0.48505849478526675,-0.21318162518923936,0.6496994156641834,0.864569618060008,-0.5434469006365825
0.03497355315992706,2.5727790173100065,-1.293750113537882,-1.1012778110643109,2.5423494114300693
-0.40956997169644843,1.589838444577524,-0.14947609167124531,0.713350585050445,1.4909173354977476
0.9324482165492124,-0.40821278991424625,0.2773562815647222,0.10847445301219306,0.300319629381472
0.4711294643397665,2.1046629782661093,-1.493543990371739,-0.042744579997369934,0.9692446836306227
-0.8289506555232175,-1.2595859472678712,0.5679655569594237,-0.9500587780547479,-0.9827012197638736
-0.023739742575820833,2.03965259002444,-1.6343078581410475,-0.6476207120356219,1.6655127360809663
-1.5251225906756538,-1.2575237620738453,0.2909785913488487,-0.9500587780547479,-1.0432374008889576
-1.2651065667030572,-1.4058464321541637,-0.07228300289452796,-0.9500587780547479,-0.9776027441700494
0.07691162154260396,1.09816193969188,-1.3845655120987261,-0.042744579997369934,1.6110458477206293
-0.20826724345959943,0.8815809396893017,-0.9123254395823365,1.015788651069571,0.9721756750546424
-0.10761587934117463,0.10238426412658592,0.40449783954990387,0.10847445301219306,-0.5647425168772329
0.5885560558112617,1.4317719494554326,-1.4526770610193591,0.41091251903131903,2.1875713551913925
1.3266660593463755,0.050417197237131284,-0.31748457900880717,-0.9500587780547479,1.0449195450147903
2.0396132218518828,-0.02253260400153769,-1.080333926919898,-0.6476207120356219,0.9310339265438177
-1.2902694077326633,-1.4295615618854625,0.735974044296985,-1.1012778110643109,-1.0100897250199532
0.6053312831643327,0.25524374163376157,0.03215470545044302,-0.7988397450451848,-0.16910081079648448
-0.3927947443433774,-1.1274514309606567,0.15475549350758244,-0.9500587780547479,-0.9898862780965916
0.08529923521913886,-0.02366680585825198,1.3943856838631052,1.015788651069571,-0.44253416370136633
-1.6677120231767555,-1.1845739608351764,-0.14039455181516108,-0.9500587780547479,-1.0065974799189936
0.04336116683646197,1.041709620005419,-1.4890032204436967,0.25969348602175607,0.7192255531883538
-0.9128267922885712,-1.0368699463130657,-0.28569918951251155,-1.252496844073874,-0.9548357331547187
-0.23343008448920533,-0.6238142519496622,0.4907724681827061,0.25969348602175607,-0.6281321588883811
0.32015241816212986,0.689179061086678,0.3727124500536083,-0.9500587780547479,0.020552368614907317
1.1673013994922035,0.1943061691502939,-0.04503838332627465,-0.9500587780547479,0.8848071860109868
-1.0973542931723494,-0.9092722374327082,1.1673471874609946,-1.1012778110643109,-1.0141752472809218
1.158913785815668,-0.3226836589920188,-0.32656611886489134,-0.3451826460164959,0.8497886645521825
-1.0805790658192789,-1.489210268622664,0.2909785913488487,-0.9500587780547479,-0.9978651817201166
-0.07406542463503324,-0.4431668289529866,0.9493902309149689,1.620664783107823,-0.5973188263904334
-1.4747969086164416,-1.059605538077202,1.01296100990756,-1.554934910093,-1.0183467273122324
-1.3825331581745524,-1.0003177137489552,0.29551936127689127,-0.7988397450451848,-0.9632680218806366
-1.416083612880694,-1.0296522981339746,0.6724032653043944,-1.1012778110643109,-1.0092419454418728
0.15240014463142226,1.4569821634524003,-0.9077846696542942,-0.042744579997369934,0.5912462312742217
1.4608678781709417,0.6950047342598014,-0.09952762246278095,-0.19396361300693293,0.10889167482948628
-1.0050905427304602,-1.1762736654292218,0.6496994156641834,-1.252496844073874,-1.0512449571025968
-1.0134781564069957,-0.625464000104883,1.01296100990756,0.713350585050445,-0.7142753283430417
0.15240014463142226,1.9593820313469792,-1.6615524777093005,0.10847445301219306,0.20520482832815828
1.8718609483211752,0.3421132929321059,-1.339157812818304,-0.3451826460164959,0.3477042716442058
-0.4431204264025898,1.5490071777358096,-1.6161447784288785,0.562131552040882,2.2837041659169937
-0.2753681528718822,-0.7973471360269483,-0.7897246515251968,0.10847445301219306,2.665676901066861
1.8634733346446397,0.7064498620866455,-0.15855763152732985,-1.4037158770834368,-0.30979177004239233
-1.7096500915594324,-1.3845543700258456,1.2082141168133749,-1.7061539431025627,-0.9913998090332046
-1.3322074761153402,-1.2822184297723065,0.754137124009154,-0.9500587780547479,-1.0388484982620756
-0.29214338022495323,-0.2750471810100187,1.158265647604911,0.713350585050445,-0.523595712026976
-0.25020531184227635,-0.13873673968490155,0.758677893937196,1.771883816117386,-0.5695966027318489
0.6053312831643327,1.6620149263684332,-1.561655539292372,0.562131552040882,1.4977737317673927
0.08529923521913886,1.8187925557442581,-0.9214069794384206,-0.9500587780547479,1.01454442860094
1.7544343568496799,-0.008200416903057145,0.13659241379541368,-0.6476207120356219,-0.2303381376561242
0.8905101481665355,1.422904553121121,-1.9657840628881287,-0.4964016790260589,1.2294304272239487
-1.0638038384662079,-1.0771856668562736,0.21378550257213103,-0.6476207120356219,-1.0364416806924952
-1.4915721359695124,-1.176531438578475,0.731433274368943,-0.6476207120356219,-1.0099414057299512
1.1505261721391324,-0.33990290536213574,-0.14039455181516108,-0.9500587780547479,0.35987825154972386
1.10020049007992,0.24802609345467064,-1.2392608744013753,0.25969348602175607,1.1916797970254454
-0.8960515649355002,-1.2442742222022285,-0.14493532174320303,-0.6476207120356219,-1.0457975940879722
-1.172842816261168,-1.1759643376501179,0.6769440352324364,-1.1012778110643109,-1.0756232549502238
-1.2986570214091986,-1.1492074847576308,0.8858194519223783,-0.19396361300693293,-0.9605628802845747
1.6370077653781843,-0.2952050412816226,-1.2256385646172487,-0.6476207120356219,0.5790469696715443
-1.5167349769991185,-1.2090108553843841,1.1219394881805727,-1.1012778110643109,-1.0823599845199805
-0.5186089494914081,-1.260668594494735,0.9630125406990954,-0.3451826460164959,-1.025086827774944
-0.3927947443433774,-0.5680836970811102,0.7904632834334916,1.771883816117386,-0.6434461255811037
-1.088966679495814,-1.1066233605009943,0.20470396271604713,-1.252496844073874,-0.9946746315385929
1.5866820833189723,0.6410270368061713,0.05939932501869633,-0.6476207120356219,0.05953843108126912
-1.5754482727348662,-1.115181429056202,1.1128579483244887,-0.6476207120356219,-0.9574835695705526
-1.0973542931723494,-1.2986128020648129,0.726892504440901,-0.9500587780547479,-0.9769268801326534
-0.8373382691997526,-0.4682223790604022,-0.05411992318235887,-0.6476207120356219,-1.096323908584388
1.6873334474373967,-0.029028487362719523,-0.903243899726252,-0.7988397450451848,0.102544283395985
-0.26698053919534676,-0.06253899676564166,0.8676563722102093,1.9231028491269488,-0.7721838984100196
0.009810712130320566,0.3428866123798656,0.2591932018525531,0.41091251903131903,-0.4762633186050383
0.48790469169283746,0.8100746680864509,-0.9486515990066741,-0.6476207120356219,1.8331994915537435
1.2344023089044862,-0.058105298598485816,-0.15401686159928757,-0.19396361300693293,-0.34084612138659354
-0.8960515649355002,-1.4406973619332029,0.11842933408324491,-1.554934910093,-1.0447408191467067
0.32854003183866537,0.7086667111702235,-1.8568055846151157,-0.6476207120356219,0.3910724949515407
-0.6528107683159743,-0.12481698962522621,0.6088324863118033,2.225540915146075,-0.7764969559454231
-1.0805790658192789,-1.2015869886858908,0.8267894428578291,-1.252496844073874,-0.9809888061429396
-1.7432005462655737,-1.3436715485542805,1.01296100990756,-0.4964016790260589,-1.0174500697863103
-0.9547648606712481,-1.0645032279130138,-0.00871222390193679,-1.4037158770834368,-1.0622424953669611
-1.0554162247896726,-1.0704835649756892,0.6587809555202679,-0.7988397450451848,-1.0199714977163468
-0.9379896333181771,-1.0325909120354617,1.058368709187982,-0.6476207120356219,-1.0282369272410123
0.8066340114011816,0.24441726936512517,0.4408239989742414,-0.3451826460164959,0.18518678051729934
-0.05729019728196223,1.0370181486890098,-1.8068571154066513,0.41091251903131903,1.8418475174287552
-0.6779736093455805,-0.4490956113858113,1.0719910189721087,1.9231028491269488,-0.7955374447994498
0.09368684889567437,-0.2865954180965642,0.6088324863118033,1.9231028491269488,-0.5840914424366048
-0.4598956537556608,1.4738405274135626,-1.711500946917765,0.25969348602175607,0.8756754369969905
-0.31730622125455915,1.850292434583005,-2.3971572060521384,0.713350585050445,1.362612722413497
-0.040514969928891836,1.8384348697173556,-1.293750113537882,0.864569618060008,0.6319851580769725
0.5550056011051203,-0.3291795423532006,-0.11314993224690777,-0.6476207120356219,0.24632466603477848
0.42919139595708955,1.166729597393244,-1.3255355030341773,-0.6476207120356219,1.0032637353283897
1.6202325380251137,-0.052228070795511776,0.22740781235625818,-0.6476207120356219,0.23645300601724875
0.22788866772024055,1.2047253595931724,-1.2619647240415863,0.10847445301219306,1.1763860556904504
0.9659986712553538,-0.14244867303414832,-0.7079907928204371,-0.3451826460164959,0.15919551039089896
0.16078775830795777,0.8668878701818666,-1.6297670882130053,0.25969348602175607,2.326288656612385
0.13562491727835127,0.19812121175924197,-1.5934409287886673,-0.3451826460164959,0.6771281565249012
0.0014230984537850666,-0.22668893821010952,0.5498024772472547,1.167007684079134,-0.598473357227382
-0.7618497461109344,-0.05789908007908322,0.2773562815647222,2.074321882136512,-0.585997682402428
-0.9379896333181771,-1.39125647190643,0.023073165594358472,-1.252496844073874,-1.0216030099063707
-1.3322074761153402,-0.32520983585470065,1.081072558828193,0.864569618060008,-0.5778182106481047
0.41241616860401914,2.6522247019098573,-1.189312405192911,0.25969348602175607,1.4423056881995413
-0.4011823580199129,0.737124866847782,0.8767379120662938,1.771883816117386,-0.5821093573793034
-0.9128267922885712,-0.7679609970120781,0.24103012214038466,0.713350585050445,-0.616313808189573
-0.06567781095849773,1.1822475409782893,-1.2392608744013753,0.713350585050445,1.4713122220738264
-0.7031364503751867,-1.9135048722935089,1.3807633740789786,-0.9500587780547479,-1.010320631187343
0.48790469169283746,0.9264334676593667,-1.3255355030341773,-0.042744579997369934,2.080572471026656
1.5279687875832244,0.45357440266921,0.41357937940598843,0.25969348602175607,0.28561916520648584
1.1673013994922035,0.15192826341306004,0.2591932018525531,-0.6476207120356219,0.04941563953862213
0.12723730360181576,1.4873993950642834,-1.3073724233220083,0.713350585050445,2.6367546395164414
-1.4412464539103,-1.0836299955876048,0.39995706962186195,-0.042744579997369934,-0.9948886832412097
-0.5521594041975495,-0.9199440458117927,0.8358709827139137,1.46944575009826,-0.4718996976753157
0.009810712130320566,-0.07135483847010272,1.1173987182525307,0.41091251903131903,-0.7202536069980149
1.653782992731255,-0.32010592749948635,-0.1086091623188655,-0.7988397450451848,0.2963554592668689
-1.6760996368532906,-1.4801882083988003,0.7723002037213231,-0.9500587780547479,-0.921691428178669
-0.15794156140038704,1.0616097071277697,-2.3018010375632523,0.713350585050445,2.1925501640853278
-1.2651065667030572,-1.156682906085975,1.1537248776768683,-0.3451826460164959,-0.9697991269801634
-1.0302533837600665,-1.0960546613816111,1.5941795606969626,0.41091251903131903,-0.5273711121361218
-1.3657579308214816,-0.7184685523554546,-0.12677224203103427,-0.9500587780547479,-0.9999955860674203
1.737659129496609,0.5229669344481842,0.35454937034143985,-0.9500587780547479,-0.14733832588162288
0.0014230984537850666,1.5886011334611083,-1.080333926919898,0.562131552040882,1.1295559253187473
1.5028059465536185,0.24812920271437192,-1.1121193164161935,-1.1012778110643109,0.07688167533265755
0.7059826472827575,0.36221959857385916,-0.4627892167061576,0.25969348602175607,0.41906607549297015
0.48790469169283746,-0.5609691581617205,1.0901540986842777,1.46944575009826,-0.46689897797717494
-1.5586730453817954,-1.7092969834550864,0.3182232109171023,-0.9500587780547479,-1.047491467797656
-1.5167349769991185,-1.1302353809725918,0.45898707868641053,-0.7988397450451848,-1.0077587525418512
-0.5940974725802267,-1.3189768808558195,0.15929626343562472,-0.6476207120356219,-1.0323393039667539
-0.6360355409629036,-0.3977472000545644,0.7813817435774071,1.771883816117386,-0.6198667293637156
-0.711524064051722,-0.0979054728431872,1.0084202399795175,1.620664783107823,-0.8191792025364978
0.9156729891961419,0.08000955477140406,-0.24483226016013174,-1.1012778110643109,0.5602559268961577
1.53635640125976,0.14022536243696263,-0.48549306634636863,-0.042744579997369934,-0.03626234668830453
1.712496288467003,0.5847809356391128,-0.8396731207336611,-0.9500587780547479,0.5156050788195998
-1.0805790658192789,-1.02212532217578,1.01296100990756,-0.6476207120356219,-1.043035147311682
-0.11600349301771014,-0.1526564897445769,0.6496994156641834,1.620664783107823,-0.39350621112326767
-0.711524064051722,0.9421060751339642,-1.8250201951188203,-0.042744579997369934,1.5889125645807622
0.5130675327224433,1.474510737601621,-1.1802308653368268,0.713350585050445,-0.5082665763159577
1.712496288467003,1.0566604626621072,-0.21758764059187843,-0.042744579997369934,-0.20311817704777418
-1.038640997436602,-0.9517532524296434,0.1320516438673714,-0.7988397450451848,-1.013308927791591
-0.5689346315506205,-1.954233029875522,0.70418865480069,-1.554934910093,-0.9917807199370736
1.796372425232357,-0.2684997430189862,-0.4764115264902844,-0.4964016790260589,-0.23101231624704308
-1.55028543170526,-1.1624570246292478,0.8631156022821673,-1.252496844073874,-1.016978144772667
0.9576110575788188,0.08459791682811187,-0.5944715446193819,-0.4964016790260589,0.20125582723185084
-0.4598956537556608,-0.7810043183642924,0.9357679211308424,-0.9500587780547479,-1.0265885605862157
0.3537028728682713,1.4481663217479392,-0.8850808200140832,0.713350585050445,2.039904332975951
0.5633932147816557,1.6332474429117707,-1.2483424142574597,0.10847445301219306,1.337025959441648
0.4040285549274837,0.8010526078625873,-1.8613463545431579,0.713350585050445,1.0467145455131117
1.2427899225810217,0.7155750315702105,0.35909014026948183,0.41091251903131903,0.9850019227468743
-0.11600349301771014,2.7005313900799157,-0.5309007656267908,0.864569618060008,3.270313970332465
1.1673013994922035,0.18332503299210556,-0.5309007656267908,-0.4964016790260589,0.8063547088322335
0.06013639418953296,0.5352369363526387,-0.9986000682151384,0.713350585050445,1.5429757208420267
1.1756890131687383,0.36366312820967733,1.7848918976747354,-1.252496844073874,0.7017103933962812
0.09368684889567437,0.018040889690923427,0.5180170877509591,0.713350585050445,-0.3893145057342295
1.4021545824351938,-0.05789908007908322,-0.18580225109558315,0.10847445301219306,0.6687059804778471
-1.0721914521427434,-1.03960234169515,0.4090386094779465,-0.7988397450451848,-1.0660398062803116
-0.7870125871405406,-1.276547420488735,0.7950040533615342,-1.252496844073874,-0.9259758331239586
-0.49344610846180226,1.636443829962511,-1.493543990371739,-0.4964016790260589,0.8858471064874792
1.0247119669911016,0.062480980622183255,0.2773562815647222,-0.7988397450451848,0.19710457255826794
-1.357370317144946,-1.5437550670046511,1.1401025678927417,-0.9500587780547479,-0.9961325427414551
0.6892074199296865,1.9870153129469272,-1.575277849076499,1.015788651069571,2.832723186878266
1.6118449243485782,-0.24880587441603813,-0.28569918951251155,-0.6476207120356219,0.1535374665666121
0.6556569652235451,1.2491654505244323,-2.283637957851083,0.864569618060008,1.9792653396157516
-0.24181769816574084,-0.12394056091776516,1.01296100990756,1.46944575009826,-0.6108091399947203
-0.6192603136098329,-0.7658472571882015,0.3363862906292708,-1.1012778110643109,-1.0519932953385167
-0.9631524743477833,-1.5243189715509562,1.203673346885333,-0.7988397450451848,-1.0147617826550213
1.5699068559659013,-0.28448167827268755,-0.9168662095103784,-0.19396361300693293,0.4155468632483734
0.13562491727835127,0.9621092715160162,-0.7851838815971545,0.41091251903131903,2.3001591798748464
1.9473494714099935,0.13104863832354702,0.2728155116366802,-0.9500587780547479,0.12187298359762935
-0.08245303831156874,2.3988852508237657,-1.0485485374236028,-0.6476207120356219,1.3953761164856777
-0.9883153153773895,-1.249635903706696,1.580557250912836,-1.4037158770834368,-0.9586060769244326
-0.08245303831156874,-0.9254088365759615,0.7723002037213231,1.167007684079134,-0.6824692678699661
-0.5102213358148726,-0.4869882643260386,1.2082141168133749,1.167007684079134,-0.7135455300183721
1.3937669687586582,0.9390127973429252,0.16383703336366698,0.25969348602175607,-0.00047357618937544146
0.04336116683646197,1.951597282239531,-1.1166600863442357,0.713350585050445,1.7657462380858318
1.5447440149362954,0.17894288945480036,0.10026625437107614,-1.4037158770834368,0.4142440131214227
0.11884968992528086,0.16693066069959905,-1.2483424142574597,0.10847445301219306,1.8578120664617146
-0.6108726999332974,-0.9666525404564811,1.4942826222800338,-0.7988397450451848,-1.0237856630944704
-0.21665485713613433,-0.6831020762779091,1.5442310914884985,1.167007684079134,-0.49194134173685694
-0.6192603136098329,-0.9184489615461239,1.1355617979646997,-1.1012778110643109,-1.029578542636941
-0.6444231546394388,-0.544574785869214,0.6633217254483099,0.713350585050445,-0.5195438986955535
-0.19987962978306392,0.7570765085999833,-1.1756900954087843,-0.4964016790260589,0.5310859047135749
-1.3322074761153402,-1.2574722074439946,0.5316393975350856,-0.7988397450451848,-0.9791634676080267
1.5615192422893658,-0.7000119948689222,-0.6535015536839305,-0.19396361300693293,0.25374905776727275
-1.508347363322583,-0.8817936197223121,0.6496994156641834,1.318226717088697,-0.6718273588123115
1.4273174234647996,0.39588477186633325,-1.298290883465924,-0.19396361300693293,0.4836776662001587
0.14401253095488675,0.0487674490819105,0.8903602218504203,2.679198014174764,-0.6497227282625585
1.5615192422893658,0.5390004243317361,-0.23120995037600525,0.25969348602175607,0.31346948279734493
1.6370077653781843,0.4402217535378918,0.25465243192451115,0.10847445301219306,-0.1069887372151276
-0.29214338022495323,-0.5408628525199672,1.2581625860218388,0.713350585050445,-0.5230816508514002
-1.0050905427304602,-1.3549104578617222,0.08664394458694932,-1.252496844073874,-1.0076138041448037
-0.5269965631679436,2.324852802358233,-1.6887970972775541,0.25969348602175607,1.1963248875168766
-1.5418978180287248,-1.5724194412016121,0.6724032653043944,-1.4037158770834368,-0.938850958764032
0.16917537198449267,-0.43306212150225926,0.8540340624260827,0.25969348602175607,-0.7002052211505647
-0.05729019728196223,-1.0427987287458904,0.6179140261678878,1.46944575009826,-0.453953063585055
-1.6089987274410076,-0.9075709346476368,0.8812786819943358,-1.7061539431025627,-0.9868878688134799
1.8299228799384983,0.18347969688165752,-0.7988061913812813,-0.19396361300693293,-0.06306431657028493
-1.1644552025846326,0.06861598157441054,0.7768409736493651,1.46944575009826,-0.5441766989612523
-1.3322074761153402,-0.689288631859987,0.726892504440901,-0.6476207120356219,-0.9827551540511471
1.9221866303803876,0.09614615391465735,0.7405148142250275,-0.6476207120356219,0.8533314730474614
0.051748780512997465,-0.970055146026624,1.4034672237191896,1.015788651069571,-0.718461977392648
-1.1141295205254202,-1.4700319463182223,0.7405148142250275,-0.9500587780547479,-1.0405878790266465
0.7311454883123634,1.3648024852794391,-0.41738151742573554,0.41091251903131903,0.11371373720103356
0.026585939483391566,0.8547209775371134,-1.0213039178553494,0.10847445301219306,0.7505849703449458
-0.048902583605426736,-0.05970349212385595,0.8449525225699982,2.074321882136512,-0.6246601391451488
-0.7954002008170757,-0.28350214030552523,0.9766348504832225,0.864569618060008,-0.6103675530176684
-0.7450745187578637,-1.0895587780204294,0.8131671330737026,1.318226717088697,-0.5132116762803478
0.5633932147816557,0.021701268410319538,-1.0394669975675181,-0.042744579997369934,2.3934975203410884
-0.23343008448920533,-0.23993847808172644,0.9993387001234335,3.284074146213016,-0.3615467750207579
-1.239943725673451,-0.6524786261466233,0.3227639808451443,1.46944575009826,-0.6637237321494664
0.47951707801630195,1.4438872874703352,-1.5117070700839077,-0.042744579997369934,2.437302274286043
0.06852400786606846,0.3549503957649176,0.5270986276070436,1.771883816117386,-0.5633200000503941
-0.42634519904951884,-1.0758968011100072,0.8131671330737026,-0.9500587780547479,-1.020935573101361
0.9156729891961419,-0.5762293285975127,0.18654088300387803,-1.4037158770834368,0.25314061158896833
-1.0805790658192789,-1.6191794904761512,0.49985400803879065,-1.4037158770834368,-1.034478135546444
-0.8121754281701464,-1.445646606398865,0.7178109645848165,0.10847445301219306,-1.0104217579759809
-0.7870125871405406,-0.9276772402893901,0.045777015234569514,-1.1012778110643109,-1.018899553756786
1.5111935602301534,0.49698340100345684,-1.0031408381431806,-1.1012778110643109,0.4707469208263345
0.09368684889567437,1.3175268897063934,-1.0303854577114335,1.167007684079134,2.217216673280573
2.089938903911095,0.9490143955339512,0.23648935221234207,-0.19396361300693293,0.1464097134141222
-0.8708887239058943,-1.1320397930173645,1.2627033559498815,-0.6476207120356219,-1.002528812122798
0.42080378228055404,1.3685144186286857,-1.298290883465924,-0.19396361300693293,2.4391545799645926
1.3098908319933045,0.790793236522308,-0.42646305728182005,-0.19396361300693293,-0.023142831309022987
0.7898587840481113,-0.25916835501601865,0.6451586457361408,1.771883816117386,-0.758100307645724
-0.5689346315506205,0.27308164356208625,-1.952161753104002,-0.042744579997369934,1.595398162625402
1.3434412866994458,-0.07362324218353129,0.15475549350758244,-0.042744579997369934,0.444175857111744
-0.6695859956690451,-0.10450446546407031,1.798514207458862,0.562131552040882,-0.4181356404960119
1.653782992731255,0.3124693807679824,-0.2539138000162163,-0.19396361300693293,-0.07146795270608879
-0.9883153153773895,-0.7308932181494612,0.17291857321975154,-0.042744579997369934,-0.9669288116293262
-0.6528107683159743,-1.1876156839963647,-0.22666918044796297,-1.1012778110643109,-0.9934863917720985
-0.9883153153773895,-0.5640624359527595,0.39995706962186195,0.25969348602175607,-0.6243955240482132
-1.2902694077326633,-1.3411453716915986,0.6724032653043944,-0.9500587780547479,-1.0245424285627769
0.06013639418953296,-0.6323207658750194,0.735974044296985,2.074321882136512,-0.4858096874524497
1.1924642405218093,0.42284784327822295,-0.29932149929663837,-1.1012778110643109,0.3005926717107943
-0.41795758537298394,0.38913111535589817,1.1446433378207836,0.562131552040882,-0.8825941262448055
0.026585939483391566,0.006956644273033794,0.6587809555202679,1.771883816117386,-0.6339149257519878
-1.4580216812633708,0.361807161535054,0.8540340624260827,1.015788651069571,-0.46849341034469805
0.6640445789000805,-0.5746826897019933,-0.9395700591505894,-0.3451826460164959,1.352853987309946
0.11884968992528086,0.0346930351326832,0.758677893937196,1.771883816117386,-0.5497487850151969
0.22788866772024055,1.3475316842794716,-2.0565994614489727,-0.9500587780547479,1.981159781456234
-0.08245303831156874,0.29653900014413176,-1.1983939450489955,-0.042744579997369934,0.7648623874541306
1.9305742440569225,0.005564669267066258,-0.535441535554833,-0.3451826460164959,0.38627234338419797
0.47951707801630195,0.1048588863594171,0.422660919262073,2.225540915146075,-0.7149562487198698
-0.6779736093455805,-0.013562098407524687,0.49531323811074807,0.41091251903131903,-0.42384761860757214
-0.19987962978306392,-0.5917988268124089,1.539690321560456,1.015788651069571,-0.6231230119578538
0.24466389507331157,0.42119809512300216,-0.8850808200140832,1.167007684079134,1.7827995855431245
0.25305150874984644,1.0103128504263734,-1.3891062820267681,0.10847445301219306,1.8512051162707093
0.9827738986084248,-0.23158662804592123,0.25465243192451115,-0.6476207120356219,0.42939786239880195
-0.8708887239058943,-1.3715626033034818,0.7450555841530695,-0.7988397450451848,-0.9524002629950242
-1.088966679495814,-1.2404076249634297,0.46806861854249504,-1.4037158770834368,-1.000622572156975
0.31176480448559435,3.027748625741988,-1.529870149796077,-0.042744579997369934,0.9797163625940705
0.009810712130320566,0.9771632234324058,-1.3709432023145993,0.713350585050445,1.2122321313696076
-0.37601951699030706,0.8181171903431522,-1.9657840628881287,-0.042744579997369934,0.8678650780211952
-1.1812304299377032,-1.2382423305097023,0.6451586457361408,-0.4964016790260589,-0.9563560058772409
-1.0134781564069957,-0.7972955813970977,1.0674502490440667,-0.6476207120356219,-1.0414794802131366
-1.0134781564069957,-1.367592896804982,1.062909479116024,-0.9500587780547479,-1.0477813645917509
-0.47667088110873124,-1.3100063752618065,1.0946948686123197,1.771883816117386,-0.5900865755563511
0.31176480448559435,1.3262396221511532,-1.9476209831759599,0.562131552040882,2.5110860647226834
-0.24181769816574084,1.2908731460736078,-0.17217994131145634,-0.3451826460164959,1.4786809940725696
1.10020049007992,-0.16905086203708344,0.7405148142250275,-0.3451826460164959,0.1698053959654849
-1.0050905427304602,-1.1965861895903775,0.9766348504832225,-0.6476207120356219,-1.0205647748763556
-0.4515080400791253,-0.35464752949942147,1.0038794700514755,-0.19396361300693293,-0.6698334756296689
0.36209048654480674,-0.05429025598953775,0.9312271512028004,2.9816360801938897,-0.57887498558937
-0.7031364503751867,-1.0054216221041694,0.70418865480069,-1.252496844073874,-0.9942229318826774
-0.5186089494914081,2.3556824710089215,-1.6161447784288785,-0.4964016790260589,1.799244486822114
-0.14955394772385153,-0.07125172921040142,1.339896444726599,1.015788651069571,-0.5145010428354801
-0.711524064051722,-0.12311568684015477,0.9130640714906313,0.713350585050445,-0.32712153072196226
-0.03212735625235633,0.7560454160029704,-1.561655539292372,1.015788651069571,0.8958080951683058
1.4105421961117293,-0.0006734409448623249,0.027613935522400747,-0.6476207120356219,0.4912402645437914
-1.5838358864114017,-0.6888761948211819,0.20924473264408908,-0.6476207120356219,-0.9948010400243902
-0.19987962978306392,-0.2760782736070317,0.8721971421382512,1.620664783107823,-0.5879511148696155
-1.0554162247896726,-0.7301198987017015,0.7768409736493651,-0.6476207120356219,-0.972337409374973
-0.16632917507692252,-0.5573603340721751,0.70418865480069,1.318226717088697,-0.46707426441081384
1.2511775362575572,0.1671884338488523,-1.4390547512352325,-0.9500587780547479,0.13488968674179583
0.9492234439022834,0.2505007156875018,-0.5853900047632974,-0.9500587780547479,0.25922507337201134
1.3937669687586582,1.20848884757227,-0.26753610980034276,-0.042744579997369934,0.43676831984402265
-0.9212144059651064,-1.3223279317961116,-0.16763917138341408,-0.9500587780547479,-1.0057176768578444
-1.5418978180287248,-1.035323307417546,1.4397933831435272,-1.252496844073874,-1.042162086036442
-1.1896180436142385,-1.2320557749276244,0.5679655569594237,-1.554934910093,-1.0068368133187697
-1.4244712265572292,-1.669342145320833,1.798514207458862,-0.9500587780547479,-1.0050991180006763
-0.15794156140038704,0.20085360714132638,1.2399995063096705,2.225540915146075,-0.6493805826276671
0.24466389507331157,0.8051769782506393,-1.838642504902947,0.41091251903131903,1.5977476750147543
-1.3154322487622692,-0.6828443031286558,0.8676563722102093,-0.6476207120356219,-0.9629562142823367
0.3956409412509482,-0.523849824669253,1.303570285302261,1.771883816117386,-0.5551405282960706
-0.040514969928891836,0.04325110368789101,1.1628064175329529,1.620664783107823,-0.5448744738028533
-0.5857098589036912,-0.7186232162450066,0.6042917163837613,0.562131552040882,-0.6248152002210602
-0.5269965631679436,-0.393983712075467,0.6406178758080988,1.620664783107823,-0.6010318649799192
-0.4682832674321957,-0.7343473783494546,0.5316393975350856,-0.9500587780547479,-0.9869923664950723
-0.3927947443433774,2.5651489320921104,-1.7614494161262293,0.41091251903131903,3.2131790201985657
-0.4682832674321957,-0.4294532974127138,0.8949009917784623,1.167007684079134,-0.38907011599502145
1.796372425232357,-0.03743189202837539,-0.1812614811675409,-0.6476207120356219,-0.049299275190198555
-1.55028543170526,-1.0181040610474292,0.8358709827139137,-1.4037158770834368,-1.0487724071204017
-1.088966679495814,0.07299812511171574,0.758677893937196,2.074321882136512,-0.8338678685861429
-0.5186089494914081,-0.9565993876356045,0.7405148142250275,-1.1012778110643109,-0.9809534117669163
-1.1057419068488847,-1.0051122943250657,0.8676563722102093,-0.7988397450451848,-0.8829531263444698
1.4692554918474765,-0.5959231972004609,-0.21304687066383615,0.25969348602175607,1.059667201691141
1.5866820833189723,0.15981612178020943,0.6088324863118033,-0.4964016790260589,0.23508442347768327
0.8401844661073231,0.5542605947675284,-1.1075785464881513,-0.3451826460164959,0.3682279533982541
-1.2902694077326633,-0.9318531653072927,1.035664859547771,-0.9500587780547479,-1.0538405446776344
-0.10761587934117463,0.3047877409202357,0.5770470968155077,0.25969348602175607,-0.6512126629484892
0.32854003183866537,1.7029493024698488,-2.329045657131505,-0.3451826460164959,0.3959552333962706
-1.2315561119969154,-1.3833686135392806,0.3727124500536083,-0.9500587780547479,-1.0174888350552882
0.42919139595708955,-0.4645620003410061,0.726892504440901,1.318226717088697,-0.6322834135619642
-0.8457258828762881,-0.32923109698305125,1.7485657382503978,1.015788651069571,-0.30163420909227373
-0.15794156140038704,-0.10795862566406383,1.2263771965255439,1.46944575009826,-0.5065339373372962
-0.24181769816574084,0.3384529142127098,0.8949009917784623,1.015788651069571,-0.6066376599634097
0.4711294643397665,-0.6775857308838896,-0.04957915325431692,-0.6476207120356219,0.3129335108175644
1.3769917414055879,0.7554267604447625,-0.3356476587209759,-0.042744579997369934,0.620010060855776
-0.8289506555232175,-1.1523523171785204,1.1128579483244887,-1.1012778110643109,-0.9651590928281641
-0.2837557665484177,1.6095838678103227,-1.3936470519548105,0.41091251903131903,1.3613284121977967
0.0014230984537850666,1.188176323411114,-0.7806431116691122,0.10847445301219306,1.7930808090546375
0.22788866772024055,1.7458427545055892,-1.7569086461981873,0.25969348602175607,0.9563240509356622
1.6034573106720427,-0.32139479324575254,-0.16763917138341408,-1.1012778110643109,0.27942177850946387
-0.7450745187578637,2.3827486516805125,-1.5207886099399923,0.562131552040882,1.4488351078525905
-1.2734941803795923,-1.5176684243002225,1.798514207458862,-1.252496844073874,-1.0715748125117557
-1.1812304299377032,-1.2817028834737998,1.5260680117763294,-1.1012778110643109,-1.0285318803745394
0.7311454883123634,0.58137833006897,0.23648935221234207,-0.6476207120356219,0.5661077970653339
-1.3322074761153402,-1.228446950838079,0.45898707868641053,-1.252496844073874,-0.9689344929373099
-0.16632917507692252,-0.1849812426609341,0.9993387001234335,1.46944575009826,-0.573186603728492
-0.48505849478526675,1.8412703743591412,-1.1666085555527,0.25969348602175607,0.6645631530366506
0.26982673610291746,1.1875576678529063,-1.212016254833122,-0.3451826460164959,3.4811700664282546
1.4692554918474765,-0.6279901769675649,1.081072558828193,-0.4964016790260589,0.023742918796430996
0.03497355315992706,0.4212496497528528,1.1037764084684043,0.864569618060008,-0.4813853904495445
-0.2753681528718822,1.2629820913244063,-1.4299732113791481,-0.19396361300693293,0.695580424558351
1.1756890131687383,0.2658639953829953,0.045777015234569514,-0.042744579997369934,0.49283132601836005
1.5279687875832244,0.9438589325488863,-0.6217161641876349,-0.9500587780547479,0.28804957902674844
-0.3256938349310946,0.35500195039476823,-1.034926227639476,0.713350585050445,2.2051691018608524
-0.5940974725802267,-0.0025809622493363545,0.39541629969381936,1.46944575009826,-0.6318435120313896
0.14401253095488675,-0.05279517172386892,0.636077105880057,1.46944575009826,-0.5059170639266055
1.6621706064077906,0.34479413368433964,-0.19488379095166738,-0.3451826460164959,0.37803051011021466
-0.40956997169644843,-0.7159939301226235,0.9630125406990954,1.46944575009826,-0.8690785309433592
-0.8960515649355002,0.027269168434189677,0.8540340624260827,1.318226717088697,-0.46383483628144856
1.2511775362575572,0.7708931493999573,-0.5309007656267908,0.562131552040882,0.458363945557632
-0.8289506555232175,-0.21148032240416792,1.2854072055900925,0.864569618060008,-0.4750683370526345
1.4357050371413351,0.38474897181859297,-1.3436985827463461,-0.6476207120356219,-0.4655657898136328
0.9324482165492124,-0.18065065375347955,0.49531323811074807,-0.6476207120356219,-0.2336011620361717
2.1318769722937723,0.21162852478011213,-0.9577331388627586,-0.9500587780547479,0.062037948207100874
0.26982673610291746,0.26911193706358627,1.058368709187982,0.864569618060008,-0.3855643873222432
-1.047028611113137,-1.085073525223423,0.3318455207012288,-0.7988397450451848,-1.0205984838059015
-0.5437717905210147,-0.7300683440718507,1.3081110552303037,1.9231028491269488,-0.7476893047554591
-1.088966679495814,-0.31644554878009024,1.0265833196916865,1.46944575009826,-0.7227345842125966
-1.3322074761153402,-0.9451027051789096,0.8177079030017452,-0.4964016790260589,-0.9632258857187042
-0.711524064051722,0.15930057548170293,0.8313302127858717,1.318226717088697,-0.7325691644076258
-1.4496340675868353,-0.7220773764450001,1.017501779835602,-1.252496844073874,-1.035941103088738
-0.21665485713613433,1.5153935590731862,-1.711500946917765,0.10847445301219306,1.682857665778832
1.259565149934092,0.6404599358778142,1.0765317889001507,-0.19396361300693293,0.17785340289457913
-1.0134781564069957,-1.064297009393611,0.7450555841530695,-1.1012778110643109,-1.0018613753177883
-0.3508566759607005,-0.3245396256666422,0.5906694065996348,1.015788651069571,-0.5359331802407915
-0.07406542463503324,0.5185332362810283,1.081072558828193,0.25969348602175607,-0.47334749619931404
1.8634733346446397,0.2354983184009628,-0.2947807293685961,-0.3451826460164959,0.7733132160912988
-0.7282992914047927,-0.9772727942057149,0.990257160267349,-1.252496844073874,-1.0831487734713556
0.24466389507331157,1.4800270829956406,-1.4345139813071903,0.41091251903131903,1.4780742333407428
1.7879848115558215,-0.04444332168806371,-1.5162478400119501,-0.7988397450451848,0.3555584522284109
-0.577322245227156,-0.9719111127012473,0.6269955660239723,1.9231028491269488,-0.5891680072262241
1.762821970526215,0.9792254086264318,0.4090386094779465,-0.7988397450451848,0.4029363527052357
0.43757900963362506,1.0119110439517436,-1.0167631479273072,-0.9500587780547479,1.651176328345076
0.9743862849318893,-0.4463116613738762,0.027613935522400747,-0.19396361300693293,0.2997819719552141
1.016324353314566,0.3670141791499696,0.16383703336366698,-0.042744579997369934,0.265778089275743
-0.8541134965528233,-0.09388421171483653,1.1900510371012059,1.167007684079134,-0.24431217439939554
-0.4598956537556608,-1.2904156159185596,0.4907724681827061,-1.252496844073874,-0.9924077060266282
0.06013639418953296,-0.3471205535412266,1.2399995063096705,1.771883816117386,-0.5415187498665546
1.2931156046402341,0.6361809016002103,-1.3119131932500507,-1.252496844073874,0.7715350700577503
-0.31730622125455915,-0.22003839095937575,1.1991325769572903,0.41091251903131903,-0.5707275373181152
0.2949895771325234,1.139766525981354,-0.6807461732521838,-0.042744579997369934,0.2000136531780828
0.7227578746358279,0.35196022723357995,-0.26753610980034276,-0.6476207120356219,0.3166870001225054
0.22788866772024055,-0.7330069579733378,0.2773562815647222,0.864569618060008,-0.4069004542783487
-0.4515080400791253,-1.247264390733566,1.4397933831435272,-0.7988397450451848,-1.0326089754031216
-1.088966679495814,-0.5506582321915907,0.758677893937196,1.9231028491269488,-0.8261771763102359
1.0247119669911016,0.7629537364029574,0.013991625738274251,-1.554934910093,0.3425619744419723
-1.4244712265572292,-1.5529833457479174,0.24103012214038466,-1.554934910093,-1.0406468696533517
-0.11600349301771014,1.5823630232491797,-1.0258446877833918,0.41091251903131903,1.442973125004551
1.2344023089044862,-0.11311408864912878,-1.1166600863442357,-1.1012778110643109,-0.32198766075211493
-1.047028611113137,-1.3531060458169495,0.9584717707710534,-1.1012778110643109,-1.0360253754126028
1.116975717432991,-0.02933781514182342,0.45444630875836856,-0.9500587780547479,0.1419972145365582
-0.6360355409629036,0.9013779175519512,-1.7659901860542715,-0.3451826460164959,3.2417692487929592
1.1253633311095264,0.06072812320726117,-1.411810131666979,-0.042744579997369934,0.2322798405394608
-0.6947488366986513,-1.3586739458408195,0.2591932018525531,-0.6476207120356219,-1.0229041745868441
-0.6947488366986513,-0.10795862566406383,1.1446433378207836,0.25969348602175607,-0.6750819559599723
-0.43473281272605435,-0.3012884876039993,0.9811756204112645,1.167007684079134,-0.7313826100876085
-0.23343008448920533,-0.19828233716240168,1.4852010824239492,1.167007684079134,-0.30637199913995633
1.10020049007992,0.5749340013376388,0.6587809555202679,0.10847445301219306,0.3603333220985939
-1.1644552025846326,-1.2133929989216894,0.10026625437107614,-0.9500587780547479,-1.0212524370390927
-0.06567781095849773,0.17559183851450816,1.271784895805966,0.713350585050445,-0.6742544017396195
-1.684487250529826,-1.0764639020383644,0.4816909283266216,-0.3451826460164959,-0.9810461113231678
-1.038640997436602,-1.8928830203532492,0.5270986276070436,-0.19396361300693293,-1.0292953876287552
-0.20826724345959943,1.715683296042959,-0.771561571813028,-0.3451826460164959,1.4796147314209924
-0.015352128899285335,2.4365716852445907,-1.5434924595802033,-0.4964016790260589,0.13363908545564127
-1.0721914521427434,-0.22710137524891472,0.8540340624260827,2.074321882136512,-0.42820281230490814
0.7395331019888989,0.48033125556169703,0.07302163480282282,-0.042744579997369934,0.3381258793137258
0.5717808284581912,1.149046359354471,-1.2210977946892065,0.713350585050445,1.3346241982114995
0.38725332757441266,2.8252420396886366,-1.0667116171357716,0.10847445301219306,3.2197657450318435
-1.047028611113137,-0.18281594820720684,1.249081046165755,1.9231028491269488,-0.6358582455403116
-0.023739742575820833,0.8986970767997173,-1.3028316533939663,0.41091251903131903,1.0327860158247277
0.6640445789000805,0.5580240827466257,-1.9203763636077065,0.10847445301219306,2.58570752205854
-1.7432005462655737,-1.1584873181307478,0.5407209373911701,-1.252496844073874,-0.9728565268899805
-0.35924428963723604,-0.016088275270206513,0.8631156022821673,1.9231028491269488,-0.5848246116542292
1.5615192422893658,0.7685216364268275,0.20470396271604713,-0.6476207120356219,1.2568223033729826
-1.1392923615550263,-1.0829082307696956,1.0674502490440667,-0.6476207120356219,-0.9947521620765486
-1.0805790658192789,-1.3754807551721313,0.758677893937196,-0.7988397450451848,-0.986304704332335
1.5782944696424368,-0.5637531081736556,-1.139363935984447,-0.3451826460164959,0.26021274500770747
2.2660787911183378,-0.2537551188817005,-0.381055358001398,-1.554934910093,0.2069475799856836
0.6388817378704741,1.5643189028014524,0.14113318372345596,0.562131552040882,0.6632013122829945
-0.8541134965528233,0.21059743218309912,0.7223517345128585,2.5279789811652007,-0.6478198591896899
-0.7199116777282575,-0.692381909651026,1.344437214654641,-1.1012778110643109,-0.9885126392175944
0.9995491259614958,0.7485699946746261,-1.6297670882130053,-0.19396361300693293,1.2417594682053776
-1.1560675889080971,-0.262210078177207,0.4090386094779465,0.562131552040882,-0.5347044897588419
0.16917537198449267,1.7912623834040113,-1.184771635264869,0.41091251903131903,0.07730977873789104
1.0079367396380308,0.23395167950544332,-0.00417145397389484,-0.3451826460164959,0.3015449489704672
-0.14955394772385153,1.1498196788022308,-2.4652687549727714,0.10847445301219306,0.9804731280623769
-0.31730622125455915,0.3824805681051644,-0.6489607837558882,-0.19396361300693293,1.2320260147989863
-0.9463772469947126,0.13692586612652105,0.6724032653043944,1.771883816117386,-0.6493755262882352
-0.6528107683159743,1.1613163612589257,-1.3482393526743883,-0.7988397450451848,1.29942196308667
-0.14116633404731604,0.053974466696826096,0.7405148142250275,1.9231028491269488,-0.5212411432981917
-0.711524064051722,-1.0861046178204359,1.1446433378207836,-1.252496844073874,-0.9919543209242353
-0.5102213358148726,-1.1281216411487152,-0.013252993829979062,-1.4037158770834368,-1.0653251769739376
-1.5670606590583307,-1.5375685114225732,1.0538279392599395,-1.1012778110643109,-1.0379518407361537
1.8383104936150338,0.2932395038336902,-0.4537076768500734,-0.3451826460164959,0.4455764631343779
0.14401253095488675,0.5752948837465933,-0.7897246515251968,0.25969348602175607,0.571990005271101
0.3956409412509482,-0.3202605913890383,1.4170895335033162,1.167007684079134,-0.5780743985126539
-0.006964515222749836,0.8056409699192951,-1.7614494161262293,0.864569618060008,1.9968293773556665
-1.1225171342019558,-0.6050483666840258,0.41357937940598843,0.25969348602175607,-0.7531906020573572
-1.2902694077326633,-1.5363827549360083,-0.15855763152732985,-1.1012778110643109,-0.9941841666136995
-0.9044391786120357,-0.34856408317704485,0.8177079030017452,1.167007684079134,-0.738490137882371
0.38725332757441266,-0.2571577244518434,1.1628064175329529,1.46944575009826,-0.636212189300544
-0.7282992914047927,-1.0072260341489423,0.6451586457361408,2.074321882136512,-0.431524827311661
1.1756890131687383,-0.33598475349348633,1.798514207458862,0.562131552040882,-0.5602390038898947
0.42080378228055404,-0.43584607151419436,0.5498024772472547,1.167007684079134,-0.6428663319929134
1.1673013994922035,0.9728841891548019,-0.5309007656267908,-0.6476207120356219,-0.10922363924402374
-1.483184522292977,-1.0523878898981112,1.326274134942472,-1.252496844073874,-1.059587917165218
-0.8205630418466819,-1.7785348513445087,1.1673471874609946,-0.19396361300693293,-1.0216215498176209
0.07691162154260396,-0.00041566779560907763,1.0220425497636445,1.620664783107823,-0.5750675619971556
1.2260146952279507,-0.4500751493529736,0.013991625738274251,-0.9500587780547479,0.3531937708207631
0.31176480448559435,-0.42264808627242806,1.4352526132154853,2.074321882136512,-0.47112607774223636
0.12723730360181576,1.02593390327112,-1.0757931569918557,-0.4964016790260589,1.9692301912899244
-0.4682832674321957,-0.6042750472362661,0.2501116619964692,-0.9500587780547479,-1.0309825195525295
-1.1560675889080971,-0.7855411257911495,1.1446433378207836,-0.9500587780547479,-0.9960701812217951
1.720883902143538,0.45981251288113856,-0.7079907928204371,-0.042744579997369934,0.22016990760008023
-0.6108726999332974,1.1247125740649646,-0.7170723326765214,0.562131552040882,1.5680450517453455
-1.416083612880694,-1.09358003914878,0.422660919262073,-0.6476207120356219,-0.9853305162684572
0.17756298566102816,0.5945247606808856,-1.5117070700839077,-0.4964016790260589,1.5856663946654876
-1.6089987274410076,-1.1491043754979295,0.8494932924980402,-1.1012778110643109,-1.0145696417566092
1.5699068559659013,1.1911664919424516,0.05485855509065406,-0.6476207120356219,0.4185890941398951
0.38725332757441266,0.8934385045549511,-1.4753809106595703,0.562131552040882,2.4344858932224795
0.5214551463989788,-1.7216700946192423,0.8540340624260827,0.562131552040882,-0.5515505272994276
-0.40956997169644843,1.3528418111540883,-1.838642504902947,0.713350585050445,0.7923132542298702
1.0247119669911016,2.165600550749577,-1.561655539292372,-0.3451826460164959,0.7045621688358681
-0.9212144059651064,-1.3559931050885858,0.994797930195391,-1.252496844073874,-0.9894851418349948
-0.9128267922885712,-0.9894912414803188,1.3126518251583454,-0.7988397450451848,-0.9922661285225353
0.5550056011051203,1.8914845838336738,-1.4072693617389371,0.10847445301219306,1.2455011593849772
1.0918128764033845,1.4772946876135562,-0.3674330482172715,0.864569618060008,1.0264824459996362
1.7879848115558215,0.4791970537049828,-0.6489607837558882,-0.19396361300693293,0.3292772853079154
0.009810712130320566,1.3276315971571209,-0.9214069794384206,0.864569618060008,1.7543357654345295
1.5111935602301534,2.097187556937765,-0.994059298287096,-0.9500587780547479,0.15377005818047915
-0.3340814486076301,-0.14982098510279118,0.9085233015625894,0.25969348602175607,-0.8147178257110921
-0.6779736093455805,0.2122471803383199,0.6951071149446055,0.864569618060008,-0.4523080678232129
-1.1392923615550263,-1.1490012662382283,0.36817168012556634,-0.7988397450451848,-1.0604121004926164
-0.17471678875345745,1.1436846778500036,-1.0031408381431806,0.41091251903131903,0.3134913936015497
-1.4747969086164416,-0.5217360848453764,0.34092706055731337,-0.042744579997369934,-1.0033749062544013
-1.4328588402337648,-1.23566459901717,0.5997509464557187,-0.9500587780547479,-1.013302186005682
-0.48505849478526675,-0.1288898053834275,0.8812786819943358,1.620664783107823,-0.6387150773193303
-1.6760996368532906,-1.6541335295148916,0.7495963540811121,-0.6476207120356219,-1.0421435461251918
0.2866019634559885,0.7050063324508273,-1.5253293798680343,0.41091251903131903,0.8130290768823302
2.198977881706055,0.3999060329946839,-0.21758764059187843,-0.7988397450451848,0.6374578027887569
1.31827844566984,-0.16178165922814186,-0.02233453368606361,-0.4964016790260589,0.9478951331026988
1.2344023089044862,-0.327220466418876,-0.14947609167124531,-0.6476207120356219,-0.20424068440165424
-0.9044391786120357,-1.1665813950172996,0.8404117526419562,-1.252496844073874,-1.0480881158506192
-0.21665485713613433,0.5240495816750478,-1.3436985827463461,-0.6476207120356219,0.9295962406986831
0.7730835566950403,-0.4676037235021944,0.3091416710610178,-1.252496844073874,0.8561461686645478
-1.2734941803795923,-0.6382495483078441,0.15929626343562472,-1.4037158770834368,-1.0369034930272747
-0.4515080400791253,1.2923682303392765,-1.575277849076499,0.41091251903131903,2.267796922064262
-1.198005657290774,-1.3773367218467547,1.1900510371012059,-0.9500587780547479,-1.0503365014513335
-1.0050905427304602,-1.457452616634664,0.967553310627138,-1.252496844073874,-1.0914108321030667
-0.35924428963723604,1.718673464574297,-0.9986000682151384,-0.3451826460164959,1.4869548508296218
-1.2147808846438448,-1.0330549037041177,1.1491841077488263,-0.4964016790260589,-0.9605662511775293
1.4692554918474765,0.35072291611716433,-0.771561571813028,-0.3451826460164959,0.20830267895343058
1.3853793550821227,0.9704611215518214,0.4771501583985796,-0.3451826460164959,0.16071409766694364
-0.15794156140038704,-0.9833562405280916,1.1264802581086153,1.46944575009826,-0.4176536028035049
-1.5335102043521893,-1.145495551408384,0.9221456113467159,-1.4037158770834368,-0.9714879443504152
-1.0721914521427434,-1.3892458413422546,-0.05411992318235887,-0.9500587780547479,-1.0397704374851573
-1.0805790658192789,-1.2808264547663388,0.31368244098905973,-1.4037158770834368,-1.0024546524777969
1.494418332877083,0.7729037799641327,-0.8487546605897452,-0.7988397450451848,-0.1596117471293013
1.4524802644944061,0.2582339101650992,-0.3946776677855245,-0.4964016790260589,-0.10893374244992858
-1.021865770083531,-1.1498261403158385,0.3636309101975244,-1.1012778110643109,-1.0467515567941224
-1.0050905427304602,-0.18106309079228475,1.0265833196916865,1.015788651069571,-0.8556303535010047
-1.0050905427304602,-1.0266105749727865,0.9403086910588844,-1.1012778110643109,-0.9959690544331573
1.9976751534692059,0.12630561237728727,-0.7670208018849857,-0.3451826460164959,-0.19901748576851006
1.53635640125976,-0.6764515290271753,-0.9713554486468851,-0.9500587780547479,0.005752463097760404
0.49629230536937297,-0.7388841857763119,1.5033641621361185,0.25969348602175607,-0.21128079433732463
1.6118449243485782,0.07119371306694301,-0.5218192257707065,-0.6476207120356219,0.5290717961732045
0.009810712130320566,0.0031416016640857347,1.2581625860218388,2.225540915146075,-0.7639690322796729
0.051748780512997465,1.5783933167506796,-0.48549306634636863,0.41091251903131903,1.528849993915799
-0.006964515222749836,0.38480052644844365,0.7495963540811121,1.318226717088697,-0.6104703652527836
-1.2734941803795923,-0.934894888468481,0.45898707868641053,-1.1012778110643109,-0.9951330729804179
-0.342469062284165,-0.33278836644274606,0.6179140261678878,2.679198014174764,-0.9574751423381662
1.2176270815514152,0.9154007768713278,0.10026625437107614,-0.9500587780547479,-0.3391202241938411
-0.48505849478526675,-0.7972955813970977,1.1718879573890373,0.713350585050445,-0.5989891038494349
-0.19987962978306392,0.5412172734153141,-1.575277849076499,-0.042744579997369934,1.3295105535993799
1.897023789350781,-0.40986253806946704,-1.3891062820267681,-0.7988397450451848,-0.2563395204613884
1.3098908319933045,0.5388973150720349,0.472609388470537,-0.7988397450451848,0.0009455697445088261
1.2008518541983448,0.11970661975640415,-2.1156294705135212,-0.4964016790260589,0.8651262274955872
-1.2063932709673095,-0.8487986566178964,0.07302163480282282,-1.1012778110643109,-0.9809500408739619
-1.038640997436602,-0.7629086432867145,0.8404117526419562,-0.7988397450451848,-1.0490673602539287
-0.8121754281701464,-1.28092956402604,0.6088324863118033,-0.3451826460164959,-1.032844937909943
-0.8625011102293588,-1.0956422243428061,1.0038794700514755,-0.4964016790260589,-1.0603059173645466
-0.47667088110873124,-0.5589585275975453,0.9493902309149689,2.225540915146075,-0.6130221312194116
-0.8792763375824295,-1.6588765554611513,0.3727124500536083,-1.1012778110643109,-1.067209506135556
-1.1141295205254202,-0.6151530741347532,1.3353556747985567,1.620664783107823,-0.7683697330318959
0.42919139595708955,1.3098452498586468,-0.40375920764160905,-0.19396361300693293,0.387155517338302
-1.1309047478784908,-1.2480892648111765,1.5169864719202448,-0.9500587780547479,-0.9985174495068306
-0.06567781095849773,-0.2589621364966161,1.5442310914884985,1.015788651069571,-0.8098401436057939
1.477643105524012,1.1292493814918216,0.5770470968155077,-0.6476207120356219,0.63842861995968
-0.12439110669424563,1.0567635719218085,-1.579818619004541,0.25969348602175607,2.280894526639339
1.1924642405218093,-0.7492466663762923,-0.4945746062024532,-0.4964016790260589,0.18179060586554535
0.7814711703715758,-0.1780729222609471,-0.9395700591505894,-0.6476207120356219,0.4077735840950788
-1.0973542931723494,-0.980933172925111,0.754137124009154,-1.4037158770834368,-1.0401412357101627
-1.1141295205254202,-0.6361358084839674,0.8721971421382512,2.074321882136512,-0.4209924722750306
-0.7702373597874695,0.16909595515332632,1.28086643566205,1.318226717088697,-0.6852451982180746
1.779597197879286,0.4552757054542814,0.18654088300387803,-1.1012778110643109,0.3128054168852898
-0.3256938349310946,-1.3165022586229882,-0.26753610980034276,-1.1012778110643109,-0.992707715499587
0.7227578746358279,0.5131200001467101,-0.903243899726252,-0.3451826460164959,0.3755411056632469
-0.7282992914047927,-1.0724426409100138,0.6406178758080988,-0.4964016790260589,-0.9975297778711345
-1.2063932709673095,-1.2889720862827414,0.023073165594358472,-1.1012778110643109,-1.0403097803578925
0.30337719080905884,0.7817196216685938,-0.7170723326765214,-0.042744579997369934,1.8681775622970924
-0.19149201610652844,0.7204211667761715,-1.6978786371336383,-0.19396361300693293,2.0088246999345905
-0.49344610846180226,-1.0627503704980916,0.472609388470537,1.620664783107823,-0.7093234865927426
1.2679527636106276,-0.9025701355521238,0.14113318372345596,-0.3451826460164959,0.09586317355997878
1.259565149934092,0.622415815430087,0.4907724681827061,-1.1012778110643109,0.1339154986779179
-0.3508566759607005,1.8945778616247129,-0.6353384739717617,-0.6476207120356219,0.3328200938031942
0.5214551463989788,1.0482570579964514,-1.529870149796077,0.41091251903131903,1.2943942762448923
0.5717808284581912,1.7791470453891087,-0.18580225109558315,-0.19396361300693293,1.5437796788116975
-1.0134781564069957,0.2213207951920342,1.4170895335033162,1.46944575009826,-0.5689713020887716
-1.2315561119969154,-1.41904441739593,0.6542401855922253,-1.4037158770834368,-0.9778808428388036
-0.40956997169644843,-0.03258575682241434,0.8676563722102093,1.167007684079134,-0.583621202869439
1.5447440149362954,0.3902137625827618,0.34546783048535534,-1.554934910093,0.4356609815084384
-0.8289506555232175,0.5631279911018401,-0.662583093540015,-0.19396361300693293,2.346637051932794
1.3602165140525169,1.1345595083664386,-0.1812614811675409,-0.19396361300693293,0.10142346148858225
0.0014230984537850666,0.6478322479464571,-1.0939562367040248,0.10847445301219306,1.4152525867924437
0.15240014463142226,-0.4423935095052268,0.726892504440901,0.41091251903131903,-0.6204128140223598
-0.6276479272863681,-0.8584393723999679,0.9085233015625894,1.015788651069571,-0.550004972879746
0.11884968992528086,0.2230736526069563,-1.8295609650468623,-0.4964016790260589,1.3473560609010025
0.7143702609592923,0.595349634758496,-1.6887970972775541,1.015788651069571,2.097934255189294
0.9072853755196064,-0.12357967850881062,-0.28569918951251155,-0.3451826460164959,-0.17862189794673658
-0.4515080400791253,-0.9207173652595524,1.3353556747985567,0.713350585050445,-0.8963102896770502
-1.6006111137644723,-1.0167120860414618,1.3626002943668103,-1.252496844073874,-0.9438044859608085
0.8234092387542526,0.750786843758204,-0.9531923689347163,-1.252496844073874,-0.07979068741098246
1.2176270815514152,0.12604783922803403,0.2501116619964692,-1.1012778110643109,-0.19999673017181982
1.5531316286128303,-0.04299979205224552,-0.5853900047632974,-1.4037158770834368,-0.27717500981373655
-1.2063932709673095,-1.3690879810706507,1.4261710733594006,-0.9500587780547479,-1.0553827282043615
1.4692554918474765,0.09815678447883268,0.31368244098905973,-0.4964016790260589,0.48987842379013524
-1.047028611113137,-1.0437782667130526,0.8449525225699982,1.46944575009826,-0.6438725435398598
-1.2147808846438448,-1.3227919234647676,1.4488749229996118,-0.7988397450451848,-1.0345438679590586
-1.1896180436142385,-0.9611877496923122,0.6133732562398458,-0.6476207120356219,-1.0245811938317548
-1.0050905427304602,-0.938864594966981,0.990257160267349,-0.042744579997369934,-0.7844943994801984
-0.5857098589036912,-1.0026376720922343,0.7495963540811121,-1.554934910093,-0.9802438387999742
-0.8037878144936113,0.26086319628748234,1.1264802581086153,1.318226717088697,-0.9032880380930608
-0.9463772469947126,0.08464947145796252,-1.1484454758405311,0.562131552040882,1.08700008721347
-1.3657579308214816,-1.116212521653215,-0.09044608260669673,-0.6476207120356219,-1.096323908584388
0.18595059933756367,-0.34057311555019415,1.0265833196916865,1.46944575009826,-0.5932838675237839
-0.23343008448920533,0.6997477602060611,-1.316453963178093,-0.19396361300693293,1.6158224030372896
0.7814711703715758,0.6245811098838142,0.5134763178229171,-0.4964016790260589,0.10898437438573766
-0.3340814486076301,1.7634228832846606,-2.1156294705135212,0.41091251903131903,1.693917565562856
1.519581173906689,-0.49307171064841526,0.29551936127689127,0.41091251903131903,0.2724254901822031
-0.8708887239058943,-1.8897381879323596,0.8177079030017452,-0.6476207120356219,-1.0389091743352585
-0.26698053919534676,0.7069138537553014,-1.7886940356944825,-0.3451826460164959,2.0837107723673833
-1.047028611113137,-0.6717085030809156,0.3772532199816509,2.679198014174764,-0.6414775240956204
-0.18310440242999293,1.4201721577390365,-0.6943684830363103,-0.7988397450451848,2.7284614677926595
1.9305742440569225,0.6376759858658791,0.2773562815647222,0.10847445301219306,0.024309228812802806
0.31176480448559435,0.8289952172416393,-1.339157812818304,0.41091251903131903,1.6760450911175961
-0.7031364503751867,-0.7628055340270131,0.5634247870313812,0.562131552040882,-0.6924504819085202
-1.2063932709673095,-1.0758968011100072,1.4170895335033162,-0.9500587780547479,-0.9936515655268736
0.8234092387542526,-0.559577183155753,0.967553310627138,0.864569618060008,-0.5762018674763766
-0.3256938349310946,1.2934508775661402,-1.8295609650468623,0.713350585050445,1.1460817280286466
-1.399308385527623,-1.5161217854047029,-0.11769070217495005,-1.4037158770834368,-0.9790168337645019
-0.9799277017008541,-1.1306993726412478,0.7405148142250275,-0.9500587780547479,-1.0164927361872056
-1.047028611113137,-0.997843091516124,0.5906694065996348,-0.7988397450451848,-1.01379602182353
1.4357050371413351,0.07485409178633912,-0.6126346243315507,-0.042744579997369934,0.13181374692072842
-0.31730622125455915,2.1243568468690572,-0.8850808200140832,0.864569618060008,2.261651784208037
-0.3256938349310946,-0.4912672986036425,0.4771501583985796,1.46944575009826,-0.6237348290291127
-0.30053099390148813,1.4499191791628614,-1.3482393526743883,-0.4964016790260589,1.9694155904024269
-1.0973542931723494,-0.9148401374565784,1.1673471874609946,-1.252496844073874,-1.0244227618628887
1.075037649050314,0.9005014888444901,0.05031778516261179,-0.9500587780547479,0.3061007107986016
1.8466981072915687,0.9198344750384836,-0.5672269250511286,-0.19396361300693293,0.2387873493883053
-1.348982703468411,-0.8792674428596303,1.4715787726398228,-1.1012778110643109,-0.9914267761768413
-1.047028611113137,-1.1190480262950009,0.5270986276070436,-0.9500587780547479,-1.017409619070855
-0.7366869050813282,-1.0247546082981631,0.6042917163837613,-0.4964016790260589,-0.9892677192394235
1.5028059465536185,0.5941638782719311,-0.4673299866341999,-0.3451826460164959,0.7162895054249021
1.1673013994922035,1.0877479044620488,-0.34472919857706047,-0.042744579997369934,0.23757045703169666
-0.8960515649355002,0.24317995824870958,-1.8522648146870733,-0.4964016790260589,2.088231139819494
-0.10761587934117463,0.006853535013332495,0.3817939899096929,0.713350585050445,-0.483010160853659
-0.7282992914047927,-0.13466392392670026,0.7950040533615342,1.620664783107823,-0.6350475457847315
1.3098908319933045,1.12435169165601,1.0765317889001507,-0.19396361300693293,0.08360492133059605
-0.4515080400791253,-0.7210462838479871,1.2172956566694595,1.167007684079134,-0.4475298270600753
-1.047028611113137,-0.9666525404564811,0.06394009494673829,-0.7988397450451848,-1.0318100737728826
-1.1560675889080971,-1.2337055230828453,1.0538279392599395,-0.7988397450451848,-1.0779643401071894
0.22788866772024055,0.5360102558003985,-1.271046263897671,0.10847445301219306,1.4273642051783015
-0.8792763375824295,-1.248295483330579,0.3727124500536083,-0.6476207120356219,-1.015764623309013
1.4189298097882648,-0.1812177546818367,-0.4945746062024532,-1.252496844073874,0.31576169000646925
-0.006964515222749836,-0.5796319341676557,0.7405148142250275,2.830417047184327,-0.633864362357669
-1.483184522292977,-1.1607041672143257,0.3182232109171023,-0.3451826460164959,-0.9523699249584329
-0.7199116777282575,-1.3854823533631573,0.7723002037213231,-1.252496844073874,-0.9884233105542976
0.7982463977246461,0.6168994700360675,-1.4662993708034857,-0.4964016790260589,2.2359740071264134
-0.25859292551881125,-0.5008049051260126,1.798514207458862,1.318226717088697,-0.6262899658886952
0.08529923521913886,1.2929868858974845,-1.298290883465924,-0.3451826460164959,1.4197392453150088
1.477643105524012,0.1573930541772289,-0.1086091623188655,-1.1012778110643109,-0.38731556621215507
-1.416083612880694,-1.3638294088258844,0.8949009917784623,-0.7988397450451848,-0.9990719613978614
-1.4076959992041584,-1.0055762859937214,0.2501116619964692,-1.1012778110643109,-1.0002821119685608
-0.3927947443433774,-0.001704533541875314,0.6406178758080988,1.318226717088697,-0.5913236932706872
-0.15794156140038704,-0.6947534226241558,1.1718879573890373,1.46944575009826,-0.6053584060871412
-1.7432005462655737,-0.7152206106748638,0.10480702429911841,-0.6476207120356219,-1.0797997913209663
0.32015241816212986,-0.08130488203127807,1.339896444726599,1.771883816117386,-0.5206394389057967
1.712496288467003,0.30174601775904736,-0.7352354123886901,-0.9500587780547479,0.0032175515959053987
-0.35924428963723604,-0.1492023295445834,0.994797930195391,0.713350585050445,-0.510853736658609
0.6053312831643327,1.1192993379306464,-1.4345139813071903,-0.19396361300693293,2.9597198934961333
1.8131476525854273,-0.30376310983683047,0.6542401855922253,-1.1012778110643109,0.3535173765444042
0.12723730360181576,1.890711264385914,-1.080333926919898,-0.19396361300693293,2.2041949137969743
1.494418332877083,0.06866753620426119,-0.994059298287096,-0.7988397450451848,0.32015733441926036
-0.996702929053925,-0.9700035913967733,1.0674502490440667,-0.19396361300693293,-1.0404732686661902
-1.3405950897918755,-1.2304575814022543,1.2854072055900925,-1.1012778110643109,-1.041152503596541
0.5130675327224433,1.580867938983511,-1.0712523870638138,0.864569618060008,3.1631735086636352
2.0647760628814886,-0.07022063661338844,0.5952101765276767,-0.3451826460164959,0.2845219395497653
-1.0973542931723494,-1.4674026601958392,0.7132701946567739,-1.252496844073874,-1.043987424571355
1.1085881037564556,0.5077067640123919,-0.662583093540015,-0.4964016790260589,0.4194031647884296
-0.09084065198810364,0.11315918176537167,1.0038794700514755,1.015788651069571,-0.483911874719013
-1.2902694077326633,-1.4650311472227093,0.8721971421382512,-1.252496844073874,-1.0270975654223595
1.4357050371413351,0.0777411510579755,-1.034926227639476,-0.4964016790260589,0.3431350262442533
-0.14955394772385153,1.8777194976635505,-2.061140231377015,0.41091251903131903,1.8951868420957803
0.9408358302257479,-0.4086252269530514,1.1764287273170793,1.620664783107823,-0.6632231545457091
-1.2651065667030572,-1.212722788733631,1.1900510371012059,-1.4037158770834368,-1.0208546716704505
1.335053673022911,-0.0011889872433688193,-0.4627892167061576,-0.19396361300693293,0.33278301398069376
-0.6360355409629036,-0.027997394765706535,0.9630125406990954,1.318226717088697,-0.4430448539839874
-1.4496340675868353,-0.2070466242370121,1.3535187545107257,1.620664783107823,-0.3365684582272132
0.8653473071369295,0.24405638695617063,-0.8260508109495343,-0.3451826460164959,0.0346831518805672
-0.29214338022495323,1.0911505100321917,-1.0213039178553494,0.713350585050445,1.4303069947276625
1.5699068559659013,0.1755402838846575,-0.09952762246278095,-0.7988397450451848,-0.0787524523809674
-0.43473281272605435,-0.4729138503768113,1.0765317889001507,0.713350585050445,-0.6916414675994175
0.9324482165492124,0.7639848289999703,0.18654088300387803,-0.6476207120356219,0.21687991607639617
-1.4580216812633708,-1.420539501661599,0.9630125406990954,-1.1012778110643109,-0.9259033589254347
-1.198005657290774,-0.8352913435970263,0.8494932924980402,1.167007684079134,-0.5581895009735013
1.4273174234647996,0.6570089720598727,-0.5172784558426642,-0.6476207120356219,0.027664952749101537
1.7712095842027504,0.53137033911384,-0.03141607354214783,-0.6476207120356219,0.6264214992554145
-0.9379896333181771,-0.9278834588087927,0.9130640714906313,-0.4964016790260589,-1.0251845836706273
1.276340377287163,0.6761357397344637,-0.49911537613049545,0.25969348602175607,0.19187126124626006
0.2866019634559885,1.5383353693567252,-2.3245048872034633,-0.4964016790260589,1.22166557530304
1.0666500353737787,0.04247778424013127,0.8994417617065048,-0.4964016790260589,0.5375866717765102
-1.4412464539103,-1.2932511205603454,1.2082141168133749,-1.252496844073874,-1.0137875945911434
1.8299228799384983,0.5377631132153206,-0.4491669069220311,-0.3451826460164959,0.48597661519519225
-0.040514969928891836,-0.5354496163856491,0.5361801674631282,0.864569618060008,-0.5151533106221942
-1.7432005462655737,-0.9955231331728448,1.3807633740789786,-1.4037158770834368,-1.0351489432444083
-0.26698053919534676,-0.2907713431144668,0.8676563722102093,0.864569618060008,-0.6142272254506791
-0.5186089494914081,1.5623082722372772,-1.738745566486018,0.10847445301219306,1.883622993815044
-0.887663951258965,-0.8987550929431758,1.1491841077488263,0.562131552040882,-0.5131442584212559
0.32015241816212986,-0.28886382180999276,1.1128579483244887,1.771883816117386,-0.586887598142441
1.4860307192005475,0.5376600039556193,-0.06320146303844341,0.10847445301219306,0.8095402026743251
1.5279687875832244,-0.24071179752948618,0.22740781235625818,-0.4964016790260589,0.24653197595148596
-0.21665485713613433,-0.18492968803108348,0.8040855932176181,0.41091251903131903,-0.5354831660313532
0.33692764551520027,2.383882853537227,-1.6116040085008365,-0.19396361300693293,1.6502189947459711
0.41241616860401914,1.7281079618369657,-1.7523678762701447,0.41091251903131903,2.4335470995346253
0.7143702609592923,0.9628310363339253,-1.479921680587612,-1.1012778110643109,-0.02400915079835381
-0.23343008448920533,-0.6995480032002663,1.3081110552303037,0.41091251903131903,-0.6099377641659577
-1.0554162247896726,-0.40310888155903196,1.4170895335033162,1.318226717088697,-0.4840837902596973
-0.08245303831156874,0.1300691003563847,1.040205629475813,1.318226717088697,-0.673435274751653
-0.08245303831156874,1.4440419513598872,-1.3300762729622195,0.562131552040882,1.738241437022818
0.15240014463142226,-0.855346094608929,0.9039825316345468,1.318226717088697,-0.46869060758254183
-1.3322074761153402,-0.7875002017254743,0.013991625738274251,-0.9500587780547479,-1.0332056234560847
1.1673013994922035,-0.5863855906780907,0.009450855810231978,-0.6476207120356219,0.08670277195586835
-1.6341615684706137,-1.4603912305361508,1.6441280299054266,-0.9500587780547479,-1.0728035029937053
0.26143912242638195,1.245247298655783,-1.602522468644752,1.015788651069571,1.3158348408825902
-0.3927947443433774,1.2155002772319583,-1.6887970972775541,-0.042744579997369934,1.11345316967465
0.48790469169283746,0.10594153358628074,-1.5434924595802033,0.864569618060008,1.2162586630038705
1.8466981072915687,0.4257864571797099,0.6542401855922253,-0.9500587780547479,0.07114104463098317
-0.14116633404731604,0.6580400646568857,-1.625226318284963,1.015788651069571,1.5434712421063521
-0.006964515222749836,0.6772183869613273,-0.6262569341156772,0.41091251903131903,0.8106070902944543
-1.3657579308214816,-1.1434849208442086,0.6406178758080988,-0.6476207120356219,-1.011647077564976
-0.13277872037078053,1.1994152327185557,-1.2892093436098395,-0.3451826460164959,0.06130309354299934
-0.8289506555232175,-1.3289269244169948,-0.094986852534739,-0.6476207120356219,-1.0329005576436938
-1.617386341117543,-0.00206541595082986,0.03215470545044302,-0.9500587780547479,-0.9860367183424447
1.1756890131687383,0.3112836242814175,-0.30386226922468035,-0.4964016790260589,0.9786916111358738
1.259565149934092,0.6794352360449052,0.08664394458694932,-0.3451826460164959,-0.32696141330661904
1.4692554918474765,0.25761525460689144,-0.5263599956987488,-0.19396361300693293,0.39569904553172136
0.30337719080905884,1.458064810679264,-1.0939562367040248,-0.9500587780547479,0.06362900968166953
1.158913785815668,0.07072972139828716,-0.9531923689347163,-0.042744579997369934,0.9691789512180082
-0.8792763375824295,-0.2829865940070187,1.4397933831435272,2.074321882136512,-0.6202914618759945
1.0918128764033845,0.28014462785162525,-0.7670208018849857,-0.4964016790260589,0.28494667206204427
-0.21665485713613433,3.705382680498924,-1.3436985827463461,-0.4964016790260589,0.6422259308730305
-0.7199116777282575,-1.4427079924973782,0.6451586457361408,-0.9500587780547479,-1.0140319843303516
-0.6192603136098329,1.5281791072761473,-1.361861662458515,0.25969348602175607,1.9422057424729409
0.11046207624874536,0.9131323731578992,-1.952161753104002,0.10847445301219306,0.8866274682064678
0.8150216250777171,2.533236616214558,-1.3300762729622195,-0.042744579997369934,1.428667055305252
0.9995491259614958,-0.3359331988636357,0.0185323956663162,-0.19396361300693293,-0.553225861097861
1.2008518541983448,1.1508507713992437,-0.5081969159865797,-0.6476207120356219,0.15687127969870612
1.5950696969955072,-0.3711450110516293,-1.3209947331061351,-1.252496844073874,0.5095324151618982
-1.021865770083531,0.11269519009671582,0.7405148142250275,1.318226717088697,-0.9193570848076124
0.5046799190459078,-0.7198089727315715,1.0538279392599395,1.771883816117386,-0.6744869933534864
1.5615192422893658,0.7665110058626522,0.3091416710610178,-0.4964016790260589,0.4363402164387893
-0.048902583605426736,-0.9685085071311045,0.8267894428578291,1.620664783107823,-0.6463771170051235
-1.2315561119969154,-1.6745491629357487,0.5316393975350856,-1.1012778110643109,-1.0039833524327055
-1.2818817940561278,-1.2128258979933322,1.798514207458862,-0.9500587780547479,-0.9976831535005686
-1.399308385527623,-1.3227919234647676,0.8721971421382512,-1.252496844073874,-1.0543057279053685
1.494418332877083,0.8778690063400549,0.013991625738274251,-0.4964016790260589,1.0258790561607638
-0.24181769816574084,-0.2762844921264343,0.9811756204112645,1.9231028491269488,-0.576431088197289
-1.1057419068488847,-1.1403916430531698,0.10934779422716036,-0.6476207120356219,-0.973903189152382
-0.887663951258965,-0.39511791393218126,1.339896444726599,1.9231028491269488,-0.6727206454452789
-1.6257739547940786,-1.4692070722406119,0.6269955660239723,-1.1012778110643109,-1.0424064757756502
-0.25859292551881125,-0.3024742440905642,0.4181201493340304,0.713350585050445,-0.4305455829083513
-0.4598956537556608,1.1368279120798672,-1.2256385646172487,-0.19396361300693293,0.5537905542092458
-1.6509367958236845,-1.1050767216054749,0.7632186638652386,-0.7988397450451848,-0.9403577479147357
-0.4598956537556608,1.7757959944488164,-0.6535015536839305,-0.3451826460164959,1.4911077909496824
-0.2753681528718822,2.046509355794577,-1.0667116171357716,-0.3451826460164959,2.172516947256173
0.33692764551520027,0.9367959482593473,-1.0712523870638138,0.713350585050445,0.2581699838772233
-0.20826724345959943,0.56549950407497,-1.6524709378532163,-0.19396361300693293,1.6095744529459488
0.10207446257220987,-0.4313092640873372,0.8903602218504203,2.225540915146075,-0.45648460419395537
2.0815512902345596,-0.10502001176257682,-0.5808492348352551,-0.6476207120356219,-0.169176655887963
0.17756298566102816,0.4587814202841256,-1.7024194070616807,-0.6476207120356219,2.039174534651281
1.259565149934092,1.0804787016531072,0.0775624047308651,-0.4964016790260589,0.4826428020630983
0.856959693460394,0.6831987240240026,-0.6217161641876349,-0.042744579997369934,0.11262662422317689
0.026585939483391566,0.4397062072393853,-1.7523678762701447,-1.1012778110643109,0.4707654607375849
0.17756298566102816,0.06696623341918975,-0.381055358001398,0.25969348602175607,1.2215914156580392
-0.9799277017008541,-1.0380557027996307,0.7178109645848165,-0.7988397450451848,-1.0275779176683892
-1.7432005462655737,-0.6473231631615584,0.7495963540811121,-0.19396361300693293,-1.0366692159669304
1.2176270815514152,0.7408883548268794,-0.667123863468057,-1.252496844073874,0.6437900252039624
-1.1057419068488847,-0.8699876094865133,0.8494932924980402,-0.9500587780547479,-1.000305708219243
0.8905101481665355,0.677991706409087,0.6542401855922253,-0.4964016790260589,0.05724959476509951
1.8886361756742456,0.3185528270903591,0.09118471451499159,-0.9500587780547479,0.11114174587667797
-0.9631524743477833,-1.160961940363579,0.4317424591181575,-1.1012778110643109,-1.023703076217083
1.2092394678748803,-0.04727882632984943,-0.7443169522447747,-0.3451826460164959,0.3521639630231344
0.2866019634559885,2.604897551706961,-1.55711476936433,0.562131552040882,1.0059351679949058
-0.49344610846180226,0.14651502727874186,0.7178109645848165,1.46944575009826,-0.703530607050272
-0.12439110669424563,1.1253312296231723,-1.5661963092204143,-0.042744579997369934,1.1852835276441025
-0.342469062284165,-0.2011178418041874,0.9403086910588844,1.318226717088697,-0.6838412213024859
1.2427899225810217,-0.026192982720933802,-0.5990123145474239,-0.7988397450451848,0.7608729356423681
-1.0134781564069957,-1.369912855148261,0.8267894428578291,-1.1012778110643109,-1.0541203287928658
1.7544343568496799,0.15409355786678733,-0.20396533080775195,-0.7988397450451848,0.5646785384525855
-0.6444231546394388,-0.05929105508505075,0.8812786819943358,1.46944575009826,-0.9249847905953078
1.5111935602301534,0.3762424578932358,-0.381055358001398,-0.3451826460164959,0.19801976999544024
0.42919139595708955,0.3040659761023266,0.9085233015625894,1.771883816117386,-0.6661962821316614
-0.05729019728196223,-0.15507955734755743,0.6088324863118033,2.5279789811652007,-0.6205257389363388
-0.6108726999332974,-1.5124614066853068,0.726892504440901,-1.252496844073874,-0.9850473612602713
-1.2651065667030572,-1.3647058375333456,0.34546783048535534,-0.6476207120356219,-0.9846394832127653
1.6286201517016492,0.8212620227640419,-0.00871222390193679,-0.19396361300693293,0.4448264394519808
-0.048902583605426736,0.2825161408247551,-1.6978786371336383,0.25969348602175607,1.6967592283235793
0.009810712130320566,0.05278871021026116,0.45444630875836856,1.9231028491269488,-0.8025724983956883
-0.29214338022495323,-1.136679709703923,0.8994417617065048,0.713350585050445,-0.6908796457916793
-0.778624973464005,1.8053367973532386,-1.584359388932583,-0.042744579997369934,0.6928955083200169
-1.0805790658192789,-1.234788170309709,0.08664394458694932,-0.6476207120356219,-0.9990500505936565
0.5550056011051203,-0.3723307675381942,1.1628064175329529,-0.3451826460164959,-0.48565968271597026
0.5885560558112617,0.5846262717495609,-0.5536046152670018,-0.19396361300693293,0.5454593922719656
-0.4598956537556608,-0.1691024166669341,0.6724032653043944,2.225540915146075,-0.5438059007362468
-0.43473281272605435,1.0079413374532435,-1.5889001588606255,-0.4964016790260589,1.2995466861259897
1.913799016703852,0.12785225127280675,0.9176048414186733,-0.6476207120356219,-0.08467005496275785
-0.9715400880243188,-1.161116604253131,0.967553310627138,-0.19396361300693293,-1.0124780026782834
1.2847279909636986,0.6957264990777104,-0.22212841051992072,-0.4964016790260589,0.7309141245084101
0.08529923521913886,0.668144772107613,-0.8623769703738721,0.41091251903131903,1.3174747803050004
0.9324482165492124,0.43589116463043726,-0.38559612792944026,0.10847445301219306,-0.08038227912451382
-1.0805790658192789,-1.2985096928051116,1.1401025678927417,-0.4964016790260589,-1.020669272557948
0.6388817378704741,-0.1682775425893237,-0.9531923689347163,-0.3451826460164959,0.1054145987468221
-1.617386341117543,-0.7950787323135198,1.2627033559498815,1.015788651069571,-0.5463424976845792
-1.2483313393499864,-0.8519950436686368,1.0946948686123197,-0.9500587780547479,-0.9769824998664042
-1.2651065667030572,-1.2842290603364817,0.4362832290461995,-1.1012778110643109,-0.9497439993468038
-0.8373382691997526,-1.4047122302974495,0.5770470968155077,-0.7988397450451848,-0.9511799997454611
1.259565149934092,-0.19230200009972634,-0.2947807293685961,-1.1012778110643109,-0.0758787661371756
1.6453953790547196,0.7619226438059443,-0.2766176496564273,-0.19396361300693293,-0.1636972693902697
1.5866820833189723,0.7570249539701327,-0.035956843470190104,-0.9500587780547479,-0.4951790844197449
-0.9296020196416419,-1.4597210203480924,1.1219394881805727,-1.1012778110643109,-0.9752481754412654
0.462741850663231,1.2749943200796077,-2.0702217712330993,0.10847445301219306,-0.5848954004062756
1.6370077653781843,0.8058471884386977,0.3772532199816509,-0.19396361300693293,0.27877625250865906
0.10207446257220987,1.3101545776377506,-1.8795094342553267,0.10847445301219306,1.0463875688965163
0.25305150874984644,0.04227156572072867,1.249081046165755,1.015788651069571,-0.6444304263238452
-1.021865770083531,-0.8728746687581498,0.7950040533615342,-0.7988397450451848,-1.0437059550096464
1.494418332877083,-0.2779342402816551,-0.8714585102299564,-0.7988397450451848,-0.44947988863430816
-0.09084065198810364,1.7856429287502906,-0.7670208018849857,-0.6476207120356219,0.4000205302995116
-0.07406542463503324,2.06341927438559,-1.9385394433198755,0.864569618060008,1.463291182288369
0.5550056011051203,0.02907358047896241,-0.26753610980034276,-0.3451826460164959,0.432170421853956
1.1253633311095264,0.4749695740572295,-0.7125315627484791,-1.252496844073874,-0.23307698818173217
-0.11600349301771014,-0.045680632804479294,0.5815878667435502,2.074321882136512,-0.6458023797563651
-1.357370317144946,-1.2526260722380336,0.7132701946567739,-1.252496844073874,-0.960343772242526
-1.7432005462655737,-0.7531132636150911,0.6269955660239723,-0.9500587780547479,-0.9777274672093695
1.276340377287163,-0.18771363804301852,0.4771501583985796,-0.6476207120356219,0.4165817273854341
0.6137188968408681,-0.6859375809196948,-0.5490638453389598,-0.19396361300693293,0.41050063649534546
-0.6695859956690451,0.8174985347849445,-1.815938655262736,1.620664783107823,0.33345045078570335
-1.0134781564069957,-1.041819190778728,1.3580595244387677,-1.252496844073874,-0.9790067210856381
-1.2483313393499864,-1.3970305904497027,-0.5808492348352551,-1.1012778110643109,-1.096323908584388
-0.19987962978306392,-0.08326395796560275,1.158265647604911,1.46944575009826,-0.5933597126152623
-0.9799277017008541,-1.089764996539832,0.5316393975350856,-1.7061539431025627,-1.0241193814969753
0.5969436694877972,0.8089404662297367,-1.0530893073516447,1.015788651069571,0.9108810430147749
-0.42634519904951884,-1.3771820579572027,0.636077105880057,-1.1012778110643109,-1.0072716585099124
-0.17471678875345745,1.5778262158223226,-1.5934409287886673,-0.6476207120356219,1.4728628328329398
-1.348982703468411,-1.023311078662345,0.6633217254483099,-1.1012778110643109,-0.9826961634244417
1.653782992731255,-0.40207778896201896,0.30460090113297517,-0.3451826460164959,0.1648619814475722
-1.1896180436142385,-1.2874770020170727,1.2581625860218388,-1.4037158770834368,-1.000391665989585
0.07691162154260396,-0.8159068027731821,0.7178109645848165,1.771883816117386,-0.5304352538318481
-0.778624973464005,-0.9215937939670135,0.22740781235625818,-0.9500587780547479,-1.0098841005497232
1.53635640125976,-0.3055675218816032,-0.9350292892225475,-0.042744579997369934,0.18997513395930068
0.22788866772024055,-0.2992263024099733,1.1673471874609946,2.5279789811652007,-0.35405159453621715
1.033099580667637,0.053613584287871545,-0.3946776677855245,-0.042744579997369934,0.1852777946270734
1.6453953790547196,0.23472499895320306,0.5815878667435502,-0.3451826460164959,0.03263870530360566
-0.040514969928891836,0.22730113225470955,-0.662583093540015,0.562131552040882,1.996767015836006
0.18595059933756367,1.7281595164668164,-1.2755870338257131,0.41091251903131903,0.8721006050186433
1.5699068559659013,0.6653092674658273,-0.00871222390193679,0.25969348602175607,0.2790054732295714
-0.07406542463503324,0.5712736226182427,1.1764287273170793,1.620664783107823,-0.9015537136679218
1.3518289003759814,-0.011293694694096112,-0.035956843470190104,-0.7988397450451848,-0.11696489491424975
1.3853793550821227,-0.06336387084325205,-0.035956843470190104,-1.1012778110643109,0.21366576964419026
1.0582624216972432,0.07547274734454691,0.16383703336366698,-0.6476207120356219,0.4800758670781747
-0.342469062284165,2.213082364842025,-1.9249171335357487,-0.042744579997369934,2.16223572374466
-1.5251225906756538,-1.4319330748585923,1.0992356385403617,-0.7988397450451848,-1.0581418040876969
1.712496288467003,0.6787650258568468,-0.05411992318235887,0.41091251903131903,-0.0663458808615825
-0.19987962978306392,-0.7513088515703183,0.6542401855922253,1.771883816117386,-0.6432067921813275
-1.038640997436602,-1.139463659715858,1.6668318795456376,-1.4037158770834368,-1.0106577204828024
1.1337509447860614,0.08109220199826771,-1.3527801226024305,-0.6476207120356219,0.49724045400296957
-0.9883153153773895,-0.9534030005848642,1.062909479116024,-1.1012778110643109,-1.046261091869229
0.9827738986084248,0.02505231935061175,0.3182232109171023,-1.4037158770834368,0.04121762787304842
-0.9631524743477833,-1.596701671861268,0.726892504440901,-0.6476207120356219,-1.0277329787443006
-0.7199116777282575,1.7794563731682125,-1.3981878218828525,-0.7988397450451848,1.4896010017989785
-0.9631524743477833,-0.038514539255239025,1.081072558828193,0.25969348602175607,-0.6581533315419991
0.6472693515470096,1.2419993569751921,-1.602522468644752,0.713350585050445,0.6043606903140712
1.5782944696424368,-0.02753340309705069,0.09572548444303387,0.41091251903131903,0.030589202387212265
0.07691162154260396,-0.5546279386900906,0.7995448232895761,0.562131552040882,-0.6751527447120188
0.09368684889567437,0.2761233667232746,1.062909479116024,1.620664783107823,-0.6106692479371046
-1.7432005462655737,-0.9299971986326694,1.6713726494736802,-0.7988397450451848,-0.9979005760961399
-0.48505849478526675,1.3473254657600688,-2.315423347347379,1.015788651069571,1.2826096344756301
-1.3405950897918755,-1.4716816944734432,0.9221456113467159,-0.7988397450451848,-1.0458110776597906
-0.5521594041975495,-0.6054608037228311,0.8721971421382512,1.167007684079134,-0.5218023969751318
-0.09084065198810364,0.5763259763436064,1.3853041440070213,0.41091251903131903,-0.5057367211535346
1.9641246987630645,-0.06635403937458972,-1.212016254833122,0.25969348602175607,0.1482923571292632
-0.6108726999332974,-0.6157201750631103,0.9720940805551799,3.132855113203453,-0.4187508284602254
1.6370077653781843,0.5581787466361777,-0.8351323508056188,0.25969348602175607,0.04781952172462162
0.7311454883123634,-0.27747024861299924,-0.9350292892225475,-0.6476207120356219,0.48692889245486515
-1.7432005462655737,-1.2317464471485207,0.7178109645848165,-0.9500587780547479,-1.0399946018666377
-0.5940974725802267,-0.5299848256214802,0.9176048414186733,1.167007684079134,-0.5290481313810325
-1.7432005462655737,-0.8497781945850588,0.12751087393932944,-1.1012778110643109,-0.9783578241918787
-0.5857098589036912,0.11893330030864441,1.2127548867414168,1.015788651069571,-0.5667144892556706
0.462741850663231,-0.022945041040342888,1.1855102671731639,0.713350585050445,-0.4292595872461735
1.6286201517016492,0.41769238029315797,0.12297010401128718,-1.252496844073874,0.41359005988823155
-1.4496340675868353,-0.9299456440028186,1.4670380027117809,-0.6476207120356219,-1.0662488016434966
-0.6444231546394388,0.9815453669697111,-0.9622739087908005,1.46944575009826,2.7293716088904003
0.4040285549274837,1.0572275635904644,-1.8613463545431579,-0.6476207120356219,0.5189085539151025
0.0014230984537850666,0.9100906499967109,-0.9214069794384206,0.864569618060008,0.13412112314814822
-1.617386341117543,-1.068266715892111,1.4670380027117809,-0.7988397450451848,-1.005045183713403
-0.7618497461109344,-0.33222126551438896,0.6769440352324364,0.713350585050445,-0.08287505446443638
1.779597197879286,-0.18219729264899903,-1.0530893073516447,-0.19396361300693293,0.15879437412930222
0.6724321925766155,2.0863610846691287,-1.411810131666979,0.41091251903131903,0.5081773161941511
0.6640445789000805,1.760432714753323,-1.5434924595802033,-0.3451826460164959,1.7062937990456495
0.7059826472827575,1.3785675714495624,-0.9668146787188427,0.562131552040882,1.6227630716307995
1.7460467431731446,-0.17750582133258994,-0.12677224203103427,-0.19396361300693293,0.06934772957913904
1.720883902143538,1.0419673931546722,-0.28569918951251155,-0.6476207120356219,0.10299261215894602
-0.9463772469947126,0.019226646177488364,1.2536218160937969,1.015788651069571,-0.8394955743738384
0.41241616860401914,0.5654479494451193,-1.7614494161262293,1.46944575009826,0.3452266653225791
-0.6444231546394388,-0.09976143951781057,1.5169864719202448,1.771883816117386,-0.6586842471823477
-0.9799277017008541,-0.4413108622783632,0.4181201493340304,0.713350585050445,-0.5089525530322178
-1.3154322487622692,-1.4527611453182547,0.009450855810231978,-1.4037158770834368,-0.989242437542264
0.22788866772024055,-0.892980974399903,0.8040855932176181,1.46944575009826,-0.3195892704149211
-1.3322074761153402,-0.9753137182713902,0.39995706962186195,-1.4037158770834368,-1.0010894408311861
-0.4431204264025898,-0.8427152102955198,0.35454937034143985,2.225540915146075,-0.5322774468315339
0.9576110575788188,0.7234628899373599,-1.8568055846151157,-0.19396361300693293,1.9772714564331093
0.19433821301409918,-0.6704711919645,0.7995448232895761,0.562131552040882,-0.5237642566747057
-0.40956997169644843,0.039796943487897495,1.4443341530715699,0.864569618060008,-0.6635636147341232
0.8653473071369295,-0.4181112788455709,0.5906694065996348,0.864569618060008,-0.7171220474431967
-0.25020531184227635,-0.33567542571438247,1.040205629475813,1.167007684079134,-0.5444733375412566
0.26982673610291746,1.322166806392952,-1.4617586008754437,0.713350585050445,0.37198649904262704
-1.416083612880694,-1.0701742371965852,0.30460090113297517,-0.9500587780547479,-0.9673771403922874
-0.36763190331377155,1.4088301391718936,-2.0702217712330993,0.10847445301219306,2.067154631620893
-0.6192603136098329,-0.7251706542360391,0.46352784861445245,-0.6476207120356219,-0.9974252801895421
1.3266660593463755,0.1723954514637679,-0.8941623598701673,-0.19396361300693293,0.1570111717563218
-0.4682832674321957,2.6223745712263313,-0.5536046152670018,0.10847445301219306,2.0264359301758694
-0.6024850862567619,-0.741513471898695,0.49531323811074807,1.620664783107823,-0.3959602211942125
1.5699068559659013,0.4422323841020671,0.3318455207012288,-0.3451826460164959,0.20249294494618703
0.30337719080905884,-0.40635682323962286,0.3273047507731862,1.46944575009826,-0.6454197834060186
-1.4244712265572292,-1.3017576344857025,0.5770470968155077,-0.6476207120356219,-1.031274101793102
0.11046207624874536,-0.8599860112954874,1.0719910189721087,0.713350585050445,-0.6584432283360943
0.6221065105174036,-0.9894396868504681,1.0538279392599395,1.318226717088697,-0.6051376125986152
-0.29214338022495323,1.4427015309837703,-1.7478271063421027,1.015788651069571,1.2913823833899623
1.6202325380251137,0.5259055483496712,0.38633475983773546,-0.4964016790260589,0.2064537441678355
0.3537028728682713,-0.5099816292394282,0.967553310627138,1.015788651069571,-0.5374989600182006
-1.088966679495814,-1.1077575623577087,1.0084202399795175,-0.6476207120356219,-1.048524646488239
1.2679527636106276,0.6530908201912233,0.28643782142080676,-0.6476207120356219,0.14343995672112453
0.2949895771325234,0.761252433617886,-0.7670208018849857,0.41091251903131903,1.4792624731072372
-1.0554162247896726,-1.2243741350798778,-0.3084030391527226,-0.6476207120356219,-1.096323908584388
0.43757900963362506,1.327322269378017,-1.7069601769897227,0.10847445301219306,0.8474661193064672
-1.2986570214091986,-0.9858308627609227,0.28643782142080676,-1.7061539431025627,-1.0498595200982583
-0.9212144059651064,-1.3907924802377742,0.8585748323541247,-0.4964016790260589,-0.9723458366073595
-0.20826724345959943,-1.4960154797629497,0.3091416710610178,-0.9500587780547479,-1.075217062349195
-0.342469062284165,-0.07955202461635598,0.39995706962186195,1.015788651069571,-0.4742289847069405
1.5447440149362954,-0.4315154826067398,0.1502147235795405,-0.9500587780547479,0.32542435466081415
-0.17471678875345745,-0.15487333882815482,0.5225578576790016,0.864569618060008,-0.6009846724785549
0.26982673610291746,1.175236111318601,-0.8714585102299564,1.015788651069571,1.0613627608473022
0.5466179874285848,1.2198308661394128,-0.8351323508056188,-0.19396361300693293,1.2259196422117382
0.8988977618430709,0.14130800966382626,-0.02687530361410588,-0.7988397450451848,0.335336465393799
0.16078775830795777,1.5065777173687251,-0.48549306634636863,-0.4964016790260589,0.9787977942639433
-1.088966679495814,-1.2939728853782544,0.70418865480069,-0.9500587780547479,-1.001768675761537
1.2679527636106276,-0.02253260400153769,0.35909014026948183,-0.4964016790260589,-0.21901699366811894
-1.0050905427304602,-0.9658792210087214,0.6315363359520143,-0.9500587780547479,-0.9911284521503596
1.5615192422893658,0.04211690183117672,-0.09952762246278095,-0.6476207120356219,0.8169881906575014
0.7563083293419692,0.478578398146775,0.472609388470537,-0.4964016790260589,0.5719141601796226
-0.9044391786120357,-1.2337055230828453,1.4216303034313589,-1.1012778110643109,-1.0507039287833844
-1.0638038384662079,-0.7919338998926301,0.8812786819943358,-0.7988397450451848,-0.9922442177183304
-0.08245303831156874,-0.717231241239039,0.9266863812747579,1.9231028491269488,-0.7482455020929673
0.15240014463142226,0.783730252232769,-2.1746594795780703,0.41091251903131903,1.026106591435199
-1.4915721359695124,-0.8754008456208315,-0.08590531267865446,-0.9500587780547479,-0.9904930388284187
0.5298427600755143,-0.7282123773972274,0.10480702429911841,1.771883816117386,-0.6187796163858589
-1.088966679495814,-0.9184489615461239,0.5543432471752966,-1.1012778110643109,-0.9993096093511603
1.5447440149362954,-0.8604500029641432,0.04123624530652724,-0.3451826460164959,-0.15162441627338974
-0.8205630418466819,-0.5860247082691362,0.754137124009154,0.562131552040882,-0.45382159875982586
-0.8037878144936113,-1.0059887230325266,0.11842933408324491,-0.9500587780547479,-1.03721192973262
-0.9631524743477833,-1.39919588490343,0.11388856415520264,-1.252496844073874,-1.0243098369489099
-1.3909207718510879,-1.5144720372494822,1.1855102671731639,-0.7988397450451848,-0.9544362823395993
-0.47667088110873124,1.7448632165384268,-0.6217161641876349,0.25969348602175607,0.4218335786086922
-1.2063932709673095,-1.0017096887549228,0.41357937940598843,-0.7988397450451848,-1.0073239073507085
1.7460467431731446,0.4767739861020022,-0.14493532174320303,-0.9500587780547479,0.1418151863170101
-1.1141295205254202,-0.9549496394803837,0.34546783048535534,-0.9500587780547479,-1.0006714501048164
1.0834252627268495,0.051087407425189725,1.1764287273170793,-0.6476207120356219,0.41357151997698116
0.6137188968408681,-0.2490636475652914,0.5952101765276767,1.318226717088697,-0.6479597512473055
0.19433821301409918,0.14105023651457302,1.2218364265975015,1.318226717088697,-0.5557422326884658
0.9240606028726769,0.0827419501534885,-0.535441535554833,-0.042744579997369934,0.05417028405107758
0.24466389507331157,0.9996925966771396,-1.402728591810895,0.25969348602175607,0.8692623131508748
0.8150216250777171,0.5560650068123011,-0.21758764059187843,-0.3451826460164959,0.12140274403046343
1.477643105524012,0.7087182658000741,-0.7533984921008592,-1.1012778110643109,0.33183579306045263
-0.17471678875345745,1.2014774179125816,-1.8976725139674955,0.713350585050445,1.9889347460560063
-0.7199116777282575,-1.367128905136326,1.6849949592578066,-0.7988397450451848,-1.0672634404228294
-0.5269965631679436,-0.12388900628791451,0.6315363359520143,0.562131552040882,-0.5532005794007016
0.16078775830795777,1.3533058028227443,-1.234720104473333,0.25969348602175607,1.0951711317354067
-1.1309047478784908,-1.0945080224860917,0.3636309101975244,-1.252496844073874,-1.0272374574799752
0.12723730360181576,0.19925541361595625,-2.0338956118087617,0.713350585050445,1.2800561830625248
0.462741850663231,-0.2333394854608433,-0.9758962185749274,0.10847445301219306,1.1563983459161826
-0.5437717905210147,-0.7057345587823443,-0.0677422329664857,1.620664783107823,-0.5090739051785832
0.88212253449,0.23065218319500178,0.6996478848726474,-0.3451826460164959,0.05794568416022328
-0.09084065198810364,-0.04274201890299228,0.6406178758080988,1.318226717088697,-0.46523207141112793
-1.0805790658192789,-0.7261501922032014,0.5861286366715922,-0.7988397450451848,-1.0247665929442573
0.38725332757441266,2.2518514464897135,-0.7170723326765214,-0.4964016790260589,0.4308574590481413
-0.6192603136098329,1.3719685788286793,-0.6535015536839305,-0.4964016790260589,1.3752704254579993
-0.9547648606712481,-1.1486919384591243,0.6814848051604789,-0.7988397450451848,-0.9979123742214809
0.07691162154260396,0.7183074269522949,-1.4617586008754437,-0.3451826460164959,1.6736332172085844
-0.26698053919534676,-0.6400024057227661,0.7132701946567739,1.620664783107823,-0.6120563703879203
-1.1309047478784908,-1.020475574020559,0.17291857321975154,-0.4964016790260589,-1.096323908584388
1.9473494714099935,-0.21380028074744717,-0.19488379095166738,-0.6476207120356219,0.3280317403611928
-1.416083612880694,-0.9744372895639292,0.70418865480069,-0.9500587780547479,-0.9458051109293603
-0.7031364503751867,-0.8299812167224094,-0.42646305728182005,-1.1012778110643109,-1.0073980669957097
-0.8625011102293588,-1.2561833416977284,0.5588840171033392,-0.7988397450451848,-1.0312892708113979
-0.13277872037078053,-1.4433782026854365,1.1310210280366573,1.46944575009826,-0.4732210877135168
-1.3909207718510879,-0.5268399932005906,0.7450555841530695,1.318226717088697,-0.5868218657298264
-1.2483313393499864,-0.9988226294832864,0.5952101765276767,1.620664783107823,-0.7157703193684044
0.04336116683646197,1.7010417811653749,-2.2563933382828303,0.864569618060008,0.13278624953812881
-1.2231684983203803,-1.3088206187752416,0.9130640714906313,-1.1012778110643109,-1.045325669074329
1.913799016703852,0.862866609053516,-0.37197381814531344,-0.9500587780547479,0.7316911153344439
-0.30891860757802364,1.2098808225782374,-1.575277849076499,-0.19396361300693293,1.312640919808112
-0.14955394772385153,-0.3134038256189019,1.0220425497636445,1.46944575009826,-0.66340349731878
-0.6360355409629036,-0.8461178158656627,0.3318455207012288,-0.4964016790260589,-0.990937996698425
-0.29214338022495323,1.3685659732585365,-1.3754839722426415,-0.7988397450451848,1.2147923245686223
-0.6108726999332974,-0.7613104497613443,0.5588840171033392,-1.1012778110643109,-1.0498494074193947
-0.08245303831156874,1.0015485633517631,-1.361861662458515,0.10847445301219306,2.3320444563323544
1.5447440149362954,-0.5450387775378699,-1.7523678762701447,0.562131552040882,0.38847690737650303
-0.048902583605426736,1.2922135664497245,-1.6161447784288785,0.10847445301219306,1.04288689656317
-0.25020531184227635,0.5355462641317427,-1.3709432023145993,-0.042744579997369934,2.313234873645718
0.38725332757441266,1.2256049846826855,-1.1348231660564045,0.41091251903131903,0.280131351476406
-0.08245303831156874,2.2367974945733238,-0.5399823054828753,0.25969348602175607,2.54689506057934
-0.8457258828762881,-0.23901049474441474,1.5714757110567514,1.167007684079134,-0.7210322832705264
-0.778624973464005,0.11594313177730674,1.1991325769572903,1.015788651069571,-0.4977190522610318
-0.3256938349310946,-0.49982536715885034,1.32173336501443,1.771883816117386,-0.5721146597689308
-0.14116633404731604,0.26210050740389795,1.058368709187982,1.318226717088697,-0.6886851944782382
-0.711524064051722,0.4384688961229697,-0.6762054033241415,0.864569618060008,1.882817350398896
1.5615192422893658,0.3141191289232032,-0.6262569341156772,0.10847445301219306,-0.5356146308565823
0.36209048654480674,0.8270361413073146,-1.584359388932583,0.25969348602175607,1.2668287991086964
0.18595059933756367,0.879931191534081,-0.5081969159865797,0.41091251903131903,2.5759032799001025
0.15240014463142226,0.15450599490559253,0.5361801674631282,1.9231028491269488,-0.5299380471210454
-1.239943725673451,-1.119615127223358,0.4181201493340304,-0.7988397450451848,-1.0218339160737604
0.2949895771325234,-0.2096759103593952,0.9493902309149689,1.167007684079134,-0.7203968699485852
0.3537028728682713,1.681451021822128,-1.6343078581410475,-0.19396361300693293,2.4245552425782444
1.2427899225810217,-0.4352274159559866,0.422660919262073,-1.1012778110643109,-0.20622276945895565
0.9156729891961419,0.5645715207376583,-0.00417145397389484,-0.4964016790260589,0.07787945964721751
-0.07406542463503324,0.24637634529944985,0.6951071149446055,1.46944575009826,-0.7182698364942361
0.856959693460394,0.4810530203796062,-0.8396731207336611,-0.19396361300693293,-0.5821396954158947
0.5885560558112617,0.7030988111463533,-0.7988061913812813,-0.6476207120356219,-0.06270194557766594
-0.8541134965528233,-1.0296007435041241,0.17291857321975154,-0.6476207120356219,-0.962646092130514
0.8150216250777171,-0.38310568517697996,-0.11314993224690777,-0.19396361300693293,-0.18194391295348938
-0.9463772469947126,-1.445801270288417,1.01296100990756,-1.1012778110643109,-1.0343955486690564
1.6789458337608612,-0.14033493321027168,-0.122231472102992,-0.19396361300693293,0.3649497599999112
1.10020049007992,-0.7416165811583962,0.5770470968155077,-0.9500587780547479,0.42125378502050187
1.016324353314566,0.8166221060774834,0.1502147235795405,-0.6476207120356219,-0.10562689646147146
-1.6677120231767555,-0.810493566638864,0.6406178758080988,-0.9500587780547479,-1.0067845644779736
-1.7432005462655737,-1.226384765644053,0.5679655569594237,-0.3451826460164959,-1.023273287365372
0.873734920813465,0.985824401247315,0.0775624047308651,-0.3451826460164959,0.1510514330125987
-1.1896180436142385,-0.7876033109851756,0.8631156022821673,-1.1012778110643109,-0.9926419830869726
-1.3322074761153402,-1.3059851141334557,-0.04957915325431692,-0.6476207120356219,-1.0366624741810213
-1.0721914521427434,-1.4430688749063327,0.6042917163837613,-0.9500587780547479,-0.992684119248905
0.08529923521913886,0.008864165577507823,0.8631156022821673,2.074321882136512,-0.8851812865874568
0.9995491259614958,-0.4680677151708503,-0.035956843470190104,-0.3451826460164959,0.5072604333105013
-0.26698053919534676,0.9332902334295031,-1.1983939450489955,-1.1012778110643109,0.5430694291671581
0.37886571389787715,2.203802531468908,-1.316453963178093,1.015788651069571,2.1753215301943962
-0.05729019728196223,1.1890011974887245,-1.457217830947401,-0.19396361300693293,0.8726348915519465
0.07691162154260396,-0.2539097827712524,0.7132701946567739,0.562131552040882,-0.5511005130899892
0.8988977618430709,-0.8009044054866431,-0.5263599956987488,1.167007684079134,0.6372117276030713
-1.3154322487622692,-0.9729422052982604,0.9857163903393064,-0.9500587780547479,-1.0207754556860178
-1.374145544498017,-1.1175013873994815,1.1855102671731639,-1.252496844073874,-1.0423761377390588
-1.1309047478784908,-1.333463731843852,1.339896444726599,-0.3451826460164959,-0.9963651343553221
0.7311454883123634,0.8191482829401653,-0.4537076768500734,-0.9500587780547479,0.20842066020684136
-0.5018337221383378,-1.2450475416499882,1.2354587363816278,1.771883816117386,-0.7991038495454107
0.32854003183866537,1.4315141763061794,-2.1020071607293946,-0.7988397450451848,1.4559965699346267
-1.7432005462655737,-0.9592802283878382,-0.013252993829979062,-1.7061539431025627,-1.0169410649501665
-1.2986570214091986,-1.2800015806887284,0.5861286366715922,-0.7988397450451848,-1.0375102537591017
-0.7282992914047927,0.10960191230567685,0.9857163903393064,0.713350585050445,-0.6180565598470984
0.8988977618430709,1.089655425766523,-1.3709432023145993,0.10847445301219306,1.639890578733094
-1.172842816261168,-0.16946329907588864,1.2172956566694595,1.015788651069571,-0.5393731765009552
0.9240606028726769,0.2497789508695927,-0.27207687972838507,-0.7988397450451848,0.2062531760370372
0.11884968992528086,1.392899758548043,-0.5399823054828753,0.713350585050445,1.8537046333965415
-1.6760996368532906,-1.4395631600764884,1.081072558828193,-1.1012778110643109,-1.0919704003335293
-1.2063932709673095,-1.0256825916354748,0.636077105880057,-1.4037158770834368,-0.9622365286365309
1.6286201517016492,0.30772635482172267,0.6905663450165629,-0.4964016790260589,0.537052385243207
-0.05729019728196223,-0.47012990036487623,0.8040855932176181,0.864569618060008,-0.5676718228547754
1.0834252627268495,-0.4018200158127657,-0.381055358001398,-0.19396361300693293,0.41603564272678956
1.276340377287163,0.05155139909384557,-0.5309007656267908,-0.3451826460164959,0.3721365037791064
-1.1560675889080971,-1.5322583845479563,0.7950040533615342,-1.4037158770834368,-0.9975432614429529
0.680819806253151,-0.7788905785404158,1.3807633740789786,1.167007684079134,-0.45864534657785044
-0.6108726999332974,-0.020470418807511714,1.058368709187982,1.015788651069571,-0.4372452326556077
-0.19987962978306392,1.9196334117321285,-1.5117070700839077,-0.6476207120356219,1.401457207375766
-0.19149201610652844,-0.23684520029068745,0.6269955660239723,1.318226717088697,-0.7338585309627582
1.4524802644944061,0.0805766556997612,-0.6035530844754661,-0.4964016790260589,0.35830067364697354
1.670558220084326,0.02154660452076759,0.6678624953763519,-0.19396361300693293,0.14894799580893187
1.6202325380251137,0.39913271354692414,-0.05411992318235887,-0.6476207120356219,0.32856602689449604
-0.5353841768444791,-0.16982418148484318,0.4907724681827061,2.679198014174764,-0.5730315426525806
2.584808110826682,0.6437078775584052,0.4907724681827061,-0.7988397450451848,-0.0578697705272548
-0.36763190331377155,-1.205350476664988,1.01296100990756,-0.6476207120356219,-0.9856355820808481
0.9911615122849603,2.19519290828385,-1.5207886099399923,0.562131552040882,1.7173621260620602
0.11046207624874536,0.009946812804371463,1.0674502490440667,1.015788651069571,-0.46673548966887707
-1.1812304299377032,-0.9670134228654357,0.2455708920684266,-0.9500587780547479,-1.0439638283206727
0.16917537198449267,1.7527510749055761,-2.1746594795780703,1.015788651069571,1.7691575817558811
0.11884968992528086,2.3785211720327593,-1.7932348056225247,-0.042744579997369934,1.0800358223692779
0.06852400786606846,0.979483181775685,-0.34472919857706047,1.46944575009826,0.7863771117368294
1.3518289003759814,-0.038308320735836426,-0.058660693110401146,-0.3451826460164959,0.6195651029857696
-0.8205630418466819,-0.9332966949431108,0.7178109645848165,1.620664783107823,-0.6217409458464701
-1.3238198624388047,-1.3761509653601898,-0.07228300289452796,-0.9500587780547479,-0.9845450982100368
-0.7870125871405406,-1.2102997211306503,0.30460090113297517,-0.9500587780547479,-1.0617975374969546
-1.684487250529826,-1.294900868715566,1.2536218160937969,-0.9500587780547479,-0.9574818841240753
0.07691162154260396,-0.8169378953701951,0.2773562815647222,1.318226717088697,-0.29598796339332806
1.4860307192005475,-0.25844659019810956,-0.05411992318235887,-0.7988397450451848,0.5343961215949865
0.16078775830795777,0.9751525928682305,-1.3346170428902617,-0.042744579997369934,1.672974207635961
0.42080378228055404,-0.7081576263853248,1.1173987182525307,1.771883816117386,-0.6289496004298702
-0.6276479272863681,-0.3288702145740967,0.6179140261678878,1.620664783107823,-0.6643271219883389
-0.26698053919534676,-0.5033826366185451,0.990257160267349,1.015788651069571,-0.5127835728751143
0.06013639418953296,-0.07578853663725857,1.1628064175329529,2.376759948155638,-0.6670373199238327
0.16917537198449267,1.048463276515854,-1.1802308653368268,-0.4964016790260589,1.145149676126701
1.2427899225810217,-0.24313486513246668,0.7632186638652386,1.46944575009826,-0.5761664731003534
0.7227578746358279,1.0342341986770747,-2.0702217712330993,0.713350585050445,1.0481674003765422
-0.24181769816574084,-0.5275617580184997,1.01296100990756,2.376759948155638,-0.6110467879480193
1.075037649050314,0.5433825678690414,0.3182232109171023,0.25969348602175607,0.0649065781114608
0.14401253095488675,-0.18338304913556397,1.1764287273170793,-0.042744579997369934,-0.6028892269979007
1.5279687875832244,0.13589477352950807,-0.8215100410214923,-1.554934910093,-0.2069626804624892
-0.887663951258965,-0.8238462157701821,-0.04957915325431692,-0.7988397450451848,-1.00209733782461
1.3098908319933045,-0.44626010674402555,-1.5707370791484563,-0.9500587780547479,-0.4039880027655791
-0.5940974725802267,0.2983434121889045,1.2672441258779235,1.46944575009826,-0.5095272902809761
-0.05729019728196223,0.003347820183488332,1.0992356385403617,1.620664783107823,-0.4302169208452783
-0.5353841768444791,-1.5198337187539497,0.20924473264408908,-1.252496844073874,-1.019654633778615
-1.3154322487622692,-1.4265713933541249,0.25465243192451115,-1.252496844073874,-1.0118594438211153
-1.047028611113137,-1.3637262995661832,0.9448494609869269,-0.7988397450451848,-0.993324588910278
1.5782944696424368,-0.23885583085486278,0.5361801674631282,-0.7988397450451848,0.767355162794053
0.21111344036716956,-1.0766185659279164,1.1764287273170793,1.620664783107823,-0.5044220729012427
-0.8708887239058943,-1.1997310220112674,0.46806861854249504,-1.252496844073874,-0.9857232252976675
0.49629230536937297,1.4470321198912248,0.18200011307583608,-0.7988397450451848,1.0468190431947044
-0.4011823580199129,0.5701909753913791,1.0719910189721087,0.713350585050445,-0.6689604143544289
1.897023789350781,0.8110026514237626,0.08210317465890737,-0.6476207120356219,0.41907955906478855
1.7460467431731446,0.3619618254246059,0.39995706962186195,-0.3451826460164959,0.3314531967101061
1.0834252627268495,0.42068254882449563,0.22740781235625818,-0.6476207120356219,0.15864605483930005
1.3937669687586582,-1.01418590917878,-1.103037776560109,-0.3451826460164959,-0.22040243067245716
0.16917537198449267,1.7101153960190891,-1.584359388932583,-0.3451826460164959,0.5086846355838176
1.016324353314566,-0.06331231621340142,-0.09044608260669673,-0.9500587780547479,0.2010282919574158
1.762821970526215,-0.12641518315059633,-0.3765145880733557,-0.7988397450451848,0.6281591945735081
-0.23343008448920533,-0.2881420569920837,0.49531323811074807,1.46944575009826,-0.7582857067582267
0.9827738986084248,0.05129362594459232,-0.08590531267865446,-0.3451826460164959,0.2640336521717403
0.4543542369866961,-0.16312207960425876,1.0946948686123197,0.25969348602175607,-0.3242866097471484
-1.684487250529826,-1.4680728703838977,0.10934779422716036,-0.19396361300693293,-1.026890255505652
0.6388817378704741,2.121676006116824,-2.0475179215928883,-0.042744579997369934,1.0032435099706623
-0.6779736093455805,-1.1440520217725658,1.4307118432874433,-1.1012778110643109,-1.0001658161616274
-1.2734941803795923,-0.8623059696387666,0.9630125406990954,-0.6476207120356219,-0.9943763075121114
0.7311454883123634,0.12496519200117039,-0.1812614811675409,0.25969348602175607,0.12441632233187087
-0.19149201610652844,0.38768758572008,0.9811756204112645,0.864569618060008,-0.356879773725122
-1.7432005462655737,-0.6387650946063506,0.5952101765276767,-0.9500587780547479,-0.9976157356414768
-0.08245303831156874,1.6954738811415047,-1.4345139813071903,0.10847445301219306,1.4160295776184777
-0.9044391786120357,-0.32691113863977206,0.9312271512028004,0.10847445301219306,-0.41035899044976254
-0.9212144059651064,-1.8184381348489114,1.1310210280366573,-0.9500587780547479,-1.0490269095384737
2.0396132218518828,0.5286894983616063,-0.5944715446193819,-0.19396361300693293,0.19734727685099868
1.142138558462597,-0.4932263745379672,-0.47187075656224214,-0.7988397450451848,-0.4307983998799459
0.7982463977246461,1.1519334186261074,-0.0677422329664857,-0.7988397450451848,0.10168302024608601
-0.41795758537298394,-1.3706346199661703,-0.17217994131145634,-0.7988397450451848,-1.0131134160002246
-0.7031364503751867,0.6648452757971715,-0.994059298287096,0.10847445301219306,1.5485781449325626
-1.1057419068488847,-0.30587684966070705,1.081072558828193,1.167007684079134,-0.4183159832690827
1.1253633311095264,0.3394324521798721,-0.5263599956987488,-0.4964016790260589,0.30668556072622366
-1.088966679495814,-1.7451790058311385,1.4761195425678655,-1.1012778110643109,-1.035475919861004
-0.7702373597874695,-0.5780337406422855,0.3636309101975244,1.015788651069571,-0.592983858050825
-1.5251225906756538,-0.9603628756147019,0.8631156022821673,-1.4037158770834368,-0.989530648889882
1.3769917414055879,0.1662604505115406,0.2637339717805957,-0.3451826460164959,0.017211813696904287
-0.8121754281701464,-1.2221572859962997,-0.19488379095166738,-0.9500587780547479,-0.9564335364151966
0.6137188968408681,-1.2154036294858648,0.8812786819943358,2.679198014174764,-0.5635980987191481
0.37047810022134225,0.9337026704683083,-1.5934409287886673,-0.042744579997369934,1.042280135831343
-0.14116633404731604,1.5753000389596408,-1.4299732113791481,-0.19396361300693293,1.8513129848452563
-1.4580216812633708,-1.1576108894232866,1.01296100990756,-0.7988397450451848,-1.0734052073861007
0.9324482165492124,0.5617360160958725,-1.6570117077812585,0.10847445301219306,1.0455229348536628
-0.35924428963723604,0.2172479794338329,0.8313302127858717,1.167007684079134,-0.5231153597809463
-0.47667088110873124,0.3979985116902099,0.4362832290461995,1.318226717088697,-0.5959232767072313
0.6724321925766155,0.9000374971758343,-1.3482393526743883,-0.4964016790260589,1.9605164330022977
0.04336116683646197,0.9330840149101005,-0.7624800319569434,-0.3451826460164959,1.4480328353293974
1.5279687875832244,0.16672444218019644,-0.07682377282256991,-0.7988397450451848,0.6752168602196461
-0.43473281272605435,-0.41506955568438264,0.967553310627138,1.620664783107823,-0.4818707990350061
1.3098908319933045,-0.20890259091163546,0.0775624047308651,-0.042744579997369934,0.5661145388512429
0.17756298566102816,0.9805658290025487,-1.9884879125283397,-0.19396361300693293,0.9054454781254914
-0.25020531184227635,1.3000498701870233,-1.5162478400119501,-0.6476207120356219,1.8167090832198676
1.2092394678748803,-0.4076456889858891,-0.17217994131145634,-0.9500587780547479,0.22569480115266047
-1.3322074761153402,-1.103736301229358,0.7132701946567739,-0.7988397450451848,-1.0208748970281782
2.182202654352984,-0.028667604953764976,-0.5808492348352551,-0.3451826460164959,0.40005255378258003
0.009810712130320566,2.151216809021246,-1.584359388932583,-0.3451826460164959,2.7308581726833765
-0.25020531184227635,-0.22514229931459004,0.6406178758080988,2.830417047184327,-0.6490013571702752
-1.1896180436142385,-1.261390359312644,1.5260680117763294,-1.1012778110643109,-0.9574414334086202
1.4105421961117293,-0.13987094154161583,-1.0167631479273072,-0.4964016790260589,0.23830868258875285
0.07691162154260396,0.7321756223821196,-0.794265421453239,-0.19396361300693293,2.114043752619301
1.4189298097882648,-0.7170765773494872,-0.5763084649072128,-0.6476207120356219,0.08085932901907888
-1.0302533837600665,-0.831373191728377,1.0992356385403617,-0.4964016790260589,-1.0468729089404878
1.5028059465536185,0.6664434693225416,-0.7034500228923949,-0.042744579997369934,0.5527607464116171
1.335053673022911,0.48115612963930743,-0.31294380908076486,-0.4964016790260589,-0.22571158707594338
1.796372425232357,-0.26721087727271997,-1.339157812818304,-0.19396361300693293,-0.0758787661371756
1.4608678781709417,-0.181320863941538,0.12751087393932944,-0.7988397450451848,0.8950900949689772
1.4105421961117293,-0.2837083588249278,-0.26753610980034276,-0.3451826460164959,0.12437418616993845
-0.2753681528718822,0.46935011940350874,0.7768409736493651,1.015788651069571,-0.5444918774525068
0.5550056011051203,1.1859594743275361,-1.0939562367040248,0.10847445301219306,-0.2122684659730209
-0.19149201610652844,0.10238426412658592,0.7950040533615342,1.620664783107823,-0.980055068794517
0.462741850663231,1.7799719194667192,-1.1756900954087843,-0.19396361300693293,1.2417207029363997
-0.9547648606712481,-0.7174374597584416,1.1037764084684043,-1.4037158770834368,-1.0066008508119482
-0.9883153153773895,-1.3336699503632545,0.18654088300387803,-0.3451826460164959,-1.0063800573234223
-0.16632917507692252,1.3456241629749974,-1.1666085555527,-0.3451826460164959,2.0887249756373425
-0.040514969928891836,-0.6372184557108311,1.28086643566205,2.074321882136512,-0.5986688690187485
1.2847279909636986,0.09310443075346903,0.34092706055731337,-0.3451826460164959,0.3209983722114316
0.4040285549274837,-0.3627416063859734,0.422660919262073,2.074321882136512,-0.6600629424007769
1.2427899225810217,-0.9043745475968966,-0.49003383627441094,-0.6476207120356219,0.4461040078817721
-0.24181769816574084,1.5529768842343095,-0.7306946424606482,-0.19396361300693293,2.20576912080677
-1.1141295205254202,-1.3459399522677091,0.06848086487478056,-0.3451826460164959,-1.0266172131763298
-0.19987962978306392,1.6219569789744785,-1.3255355030341773,0.864569618060008,1.6848886287839748
0.5717808284581912,0.8513699265968212,-1.3981878218828525,-0.9500587780547479,1.2971280704310686
-1.2986570214091986,-1.2007621146082803,1.1673471874609946,-1.252496844073874,-1.000396722329017
-1.617386341117543,-1.1126036975636697,0.726892504440901,-1.1012778110643109,-0.9514479857353514
2.148652199646843,0.7065014167164962,-0.8351323508056188,-0.19396361300693293,0.6224202493183109
0.9576110575788188,0.7284636890328728,0.4771501583985796,-0.7988397450451848,0.6115154106101981
-1.2567189530265217,-0.8597282381462341,1.2309179664535859,1.620664783107823,-0.5169466256740384
-0.5857098589036912,-0.41042963899782414,0.8086263631456607,1.9231028491269488,-0.6894217345888171
1.3686041277290524,-0.10945370992973266,-0.3356476587209759,-0.042744579997369934,0.42727925617683943
0.7059826472827575,1.9115908894754272,-2.21552640893045,-0.4964016790260589,2.117247786372643
1.2931156046402341,0.021959041559572786,0.6042917163837613,-1.252496844073874,-0.0026360040197477563
-1.0050905427304602,-0.85225281681789,0.4362832290461995,1.9231028491269488,-0.698307408417128
-1.1392923615550263,-1.1098713021815854,0.8676563722102093,-0.7988397450451848,-0.9550312449460853
-0.21665485713613433,0.783730252232769,-2.0883848509452685,-0.042744579997369934,0.7816308944567606
0.009810712130320566,-0.26798419672047974,0.8449525225699982,-0.042744579997369934,-0.9061886914804892
-0.711524064051722,1.227615615246861,-0.9214069794384206,-0.042744579997369934,1.390887772516635
1.0834252627268495,0.0390751786699884,-0.9849777584310115,-1.1012778110643109,-0.030380138482537313
1.7460467431731446,0.19801810249954066,-0.29932149929663837,-0.7988397450451848,0.10781130363753878
-1.5335102043521893,-1.0536252010145266,0.5679655569594237,-1.1012778110643109,-1.001745079510855
0.6221065105174036,1.9633001832156285,-0.9758962185749274,-0.042744579997369934,1.9833609745555845
0.25305150874984644,1.3534089120824455,-1.5207886099399923,-0.9500587780547479,0.9080697182906431
-1.2651065667030572,-0.7702294007255067,1.367141064294852,-0.9500587780547479,-1.0548703524752632
-1.1644552025846326,-0.9172116504297083,0.36817168012556634,-1.4037158770834368,-0.9913543019783174
-0.7366869050813282,-1.0408396528115658,0.5906694065996348,1.167007684079134,-0.5849459638005946
-0.09084065198810364,2.541021365322006,-1.4435955211632747,-0.042744579997369934,0.7241588550274028
1.2427899225810217,1.0369150394293085,0.09118471451499159,-0.6476207120356219,0.2006878317690017
0.30337719080905884,2.5024585021937207,-0.9849777584310115,0.562131552040882,0.8400181313232907
0.44596662331016057,-0.5889633221706232,1.6849949592578066,1.771883816117386,-0.4872473732975842
0.5969436694877972,1.586590502896933,-2.02935484188072,-0.3451826460164959,1.2640612959929745
0.26982673610291746,0.8689500553758926,-0.7670208018849857,0.25969348602175607,0.8836088335656285
-0.29214338022495323,-1.0115566230563968,0.5770470968155077,1.318226717088697,-0.5717320634185844
-0.09922826566463913,-0.7150143921554611,1.0674502490440667,1.771883816117386,-0.4777262861473322
-0.9296020196416419,-0.9161805578326953,0.9630125406990954,-0.3451826460164959,-1.0455161245262636
-0.6947488366986513,-0.015933611380654564,0.8449525225699982,0.713350585050445,-0.8716589495001011
1.0918128764033845,1.8462711734546542,-1.470840140731528,0.10847445301219306,1.2302579814443015
0.6892074199296865,0.8607528692296393,-1.2528831841855022,-0.4964016790260589,0.9944876155211031
-0.996702929053925,-0.9767056932773578,0.3772532199816509,-0.4964016790260589,-0.993806626602785
-1.374145544498017,-1.8666932683891193,0.8585748323541247,-0.9500587780547479,-1.024547484902209
1.016324353314566,1.2356581375035622,-0.8805400500860409,-0.6476207120356219,-0.32005613908913233
-0.6276479272863681,1.855138569788966,-1.2619647240415863,0.864569618060008,1.2283011780841593
0.11046207624874536,0.9003983795847887,-1.8568055846151157,-0.19396361300693293,2.417931437922466
0.8905101481665355,-0.604739038904922,-0.9577331388627586,-0.4964016790260589,0.07927332388394223
-1.348982703468411,-0.36057631193224615,1.0992356385403617,0.562131552040882,-0.5102334923549636
-1.088966679495814,-0.7978111276956041,-0.4491669069220311,-0.6476207120356219,-0.9946898005568886
1.0834252627268495,0.6390164062419961,-0.5944715446193819,-1.252496844073874,-0.19430160652503253
-0.8121754281701464,-0.9077255985371888,0.7405148142250275,-0.4964016790260589,-1.0105447955688236
-0.25020531184227635,0.4881160046691451,0.4408239989742414,1.46944575009826,-0.7997291501884879
1.075037649050314,1.0966668554262113,-0.7261538725326059,-0.19396361300693293,0.46570237951978394
-0.3256938349310946,-0.5044137292155582,0.6269955660239723,1.46944575009826,-0.7051654901332504
-1.684487250529826,-1.0658952029189812,0.6860255750885209,-0.042744579997369934,-0.9972769608995399
-1.4747969086164416,-1.154775384781501,1.4125487635752743,-0.7988397450451848,-0.9884452213585025
0.697595033606222,1.511320743314985,-0.8941623598701673,-0.6476207120356219,1.6844504126998778
-0.2837557665484177,1.1857532558081334,-2.0248140719526773,0.562131552040882,0.5809178152613443
-1.1392923615550263,-1.5226176687658848,0.6542401855922253,-0.6476207120356219,-1.0000528912476483
0.14401253095488675,-0.7110446856569611,1.2854072055900925,0.713350585050445,-0.4844866119677714
-1.7180377052359674,-1.6834165592700605,1.0038794700514755,-1.7061539431025627,-1.0189416899187183
0.6556569652235451,1.7723933888786736,-0.9804369885029696,1.167007684079134,1.351611813256178
-0.38440713066684196,-0.9266977023222278,1.108317178396446,2.225540915146075,-0.8174667889155638
0.22788866772024055,1.8244635650278296,-1.575277849076499,0.10847445301219306,1.7341761401195774
-0.6947488366986513,-0.5152917561140451,0.6224547960959298,1.9231028491269488,-0.5944080603241412
-0.9547648606712481,-1.0866201641189424,1.0084202399795175,-1.554934910093,-1.0225839397561576
0.9156729891961419,1.2705090672826012,-0.9486515990066741,-0.042744579997369934,0.7603268509837238
-1.0554162247896726,-1.4036811377004366,-0.02233453368606361,-1.1012778110643109,-1.0182641404348447
-1.4328588402337648,-1.3048509122767415,0.6996478848726474,-1.252496844073874,-0.9733318227965785
-0.7366869050813282,-0.3897046777978631,0.6996478848726474,0.41091251903131903,-0.530298732667187
-0.7534621324343989,-1.7808032550579371,0.6633217254483099,-0.9500587780547479,-1.0002163795559462
0.9659986712553538,-0.11517627384315475,-0.6580423236119728,-0.3451826460164959,0.4035886204919498
0.42080378228055404,1.2230788078200037,-0.9986000682151384,-0.19396361300693293,1.1713819650993549
0.8234092387542526,2.025165739036408,-1.1666085555527,-0.042744579997369934,1.9571185729040665
-1.4496340675868353,-0.5925721462601686,1.2127548867414168,1.46944575009826,-0.5990127001001172
-1.3825331581745524,-1.4792602250614886,0.22740781235625818,-1.252496844073874,-0.9807005947953218
2.0983265175876302,0.26117252406658625,-0.7533984921008592,-0.9500587780547479,0.3222860533200866
-0.42634519904951884,-0.44775519100969435,1.371681834222894,0.41091251903131903,-0.8214444426019852
1.2679527636106276,0.20111138029057962,0.20924473264408908,-0.3451826460164959,0.6435254101070268
-0.20826724345959943,-0.45847855401862947,0.7632186638652386,1.620664783107823,-0.8669144176665096
-1.1141295205254202,-0.8623059696387666,0.34092706055731337,-0.4964016790260589,-1.026868344701447
0.30337719080905884,2.3085099846955774,-1.6570117077812585,-0.3451826460164959,0.27498568338121765
0.9324482165492124,1.2744787737811012,-1.339157812818304,0.10847445301219306,1.12560692422244
1.762821970526215,-0.36573177491731107,0.20470396271604713,-1.252496844073874,-0.1356463836686121
-0.560547017874085,-0.035627479983602654,1.580557250912836,1.015788651069571,-0.7412441574262746
0.3453152591917358,1.0726939525456594,-0.8623769703738721,0.25969348602175607,1.7098433493268377
1.301503218316769,0.5830280782241908,-0.0677422329664857,-0.9500587780547479,0.1126451641344271
-1.1057419068488847,-1.3984741200855209,0.4362832290461995,-1.252496844073874,-0.9652838158674842
1.7544343568496799,0.24565458048154076,-0.3765145880733557,-0.4964016790260589,0.1991304792239791
-0.03212735625235633,1.1971983836349778,-2.2291487187145766,-0.042744579997369934,-0.11478055627967255
0.15240014463142226,-0.5600927294542595,0.7495963540811121,1.015788651069571,-0.479868488619977
1.2176270815514152,-0.29999962185773305,-0.7670208018849857,-0.042744579997369934,0.22536445364311036
0.23627628139677606,-0.5348309608274413,-1.057630077279687,-0.042744579997369934,2.6042221516116504
-1.3825331581745524,-1.0775981038950788,0.25465243192451115,-1.252496844073874,-0.962833176689494
-1.6341615684706137,-1.1183778161069424,1.0946948686123197,-1.1012778110643109,-1.0182456005235945
-1.1057419068488847,-1.023156414772793,0.29551936127689127,-1.252496844073874,-1.0419716305845075
0.4543542369866961,1.81100780663681,-1.711500946917765,0.41091251903131903,1.3448548583286937
-0.13277872037078053,0.6198380839375545,0.4907724681827061,1.167007684079134,-0.7638611637051258
1.8718609483211752,-0.6527363992958766,0.7677594337932806,-0.042744579997369934,-0.07034544535220887
1.8131476525854273,-0.17528897224901202,0.3227639808451443,-0.19396361300693293,-0.18807388179141935
-1.3322074761153402,-1.153744292184488,1.017501779835602,-1.252496844073874,-1.043584602863281
-0.13277872037078053,0.029434462887916953,0.8903602218504203,0.864569618060008,-0.8118626793785506
0.9995491259614958,-0.6281448408571167,-0.22666918044796297,-0.9500587780547479,1.0166630348229027
-1.4580216812633708,-1.5545299846434368,0.5725063268874657,-1.7061539431025627,-1.0804992516090444
1.9892875397926704,0.7956393717282692,0.2773562815647222,-0.4964016790260589,-0.052333078849333546
1.2427899225810217,0.005873997046170155,-0.03141607354214783,-0.4964016790260589,0.519569248934203
-0.8373382691997526,-0.9734061969669162,0.472609388470537,0.10847445301219306,-1.062911617618448
-0.16632917507692252,1.7165597247504203,-1.6524709378532163,-0.042744579997369934,1.698618275788038
0.3453152591917358,1.1742565733514387,-1.552573999436288,-0.19396361300693293,2.272838092477858
-1.4496340675868353,-0.926233710653572,0.20470396271604713,-0.19396361300693293,-0.9868929251529117
-0.7031364503751867,-0.4589425456872853,0.5952101765276767,-0.042744579997369934,-0.5895775707202073
-0.7618497461109344,-0.7488857839673378,0.6406178758080988,0.713350585050445,-0.47554363295923235
1.796372425232357,-0.16332829812366134,-0.7988061913812813,0.25969348602175607,0.6529588540404592
-0.05729019728196223,1.1781231705902373,-1.6751747874934273,1.167007684079134,2.1504595092077845
0.3956409412509482,0.43475696277372294,-0.7261538725326059,0.10847445301219306,1.3683145878461935
1.8466981072915687,0.7235144445672105,-0.06320146303844341,-0.3451826460164959,0.46017411507424916
1.4440926508178706,0.14264843003994315,-0.33110688879293365,-0.6476207120356219,-0.15629310301550298
-1.3825331581745524,-0.8076580619970782,1.603261100553047,-0.4964016790260589,-1.0276975843682774
1.4357050371413351,0.2744736185680538,0.2773562815647222,-0.19396361300693293,0.1503907379934982
-0.03212735625235633,-0.7094980467614417,0.25465243192451115,1.318226717088697,-0.692942632279891
0.26982673610291746,1.4485787587867445,-0.9077846696542942,0.25969348602175607,0.8820953026290156
-1.088966679495814,-1.0485212926593124,0.6224547960959298,-0.9500587780547479,-0.9777948850684614
0.17756298566102816,0.3823774588454631,1.2399995063096705,1.318226717088697,-0.6840653856839666
-1.0721914521427434,-1.6482563017119174,0.8177079030017452,-0.9500587780547479,-0.9779954531992598
-0.2837557665484177,0.921999769492211,-1.3709432023145993,0.713350585050445,1.7756735178371121
-1.2734941803795923,-1.5322583845479563,-0.47187075656224214,-0.9500587780547479,-0.9653411210477122
0.0014230984537850666,0.5620453438749764,-1.5207886099399923,-0.19396361300693293,1.4490946666100946
-0.778624973464005,-0.5892726499497272,1.0719910189721087,1.167007684079134,-0.6156278314733131
1.5279687875832244,0.5087894112392556,-0.21758764059187843,-0.042744579997369934,-0.6564746268506111
-0.7366869050813282,-1.5452501512703198,0.11388856415520264,-0.6476207120356219,-0.9501316520365822
-0.4598956537556608,-0.7217164940360455,0.726892504440901,1.46944575009826,-0.7435498482072173
0.19433821301409918,-0.9843357784952539,0.8903602218504203,1.46944575009826,-0.566013343521115
0.14401253095488675,-0.875916391919338,0.6724032653043944,1.015788651069571,-0.6942168298167276
-1.038640997436602,-1.2679377973036765,0.7223517345128585,-1.252496844073874,-0.9837579947051389
-0.3927947443433774,1.3267036138198092,-1.034926227639476,-0.042744579997369934,0.7787319265158092
-0.5269965631679436,-0.34583168779496043,0.7813817435774071,2.225540915146075,-0.5246137216992635
-0.3340814486076301,0.03443526198342995,0.6542401855922253,1.620664783107823,-0.7200446116348301
-1.7432005462655737,-1.0334673407429227,-0.2539138000162163,-0.9500587780547479,-0.9704918454823326
-1.7432005462655737,-0.7759004100090782,0.2909785913488487,-1.1012778110643109,-1.014517392915813
0.2949895771325234,1.8543136957113555,-1.1484454758405311,-0.042744579997369934,1.2884513919659422
-0.11600349301771014,-0.457808343830571,1.040205629475813,1.167007684079134,-0.6472670327451364
1.4692554918474765,0.1434217494877029,-0.6898277131082681,-0.4964016790260589,0.24690445962296867
0.22788866772024055,0.9859790651368668,-2.165577939721986,0.10847445301219306,1.4344430803829498
-0.7618497461109344,-0.9842842238654033,0.5361801674631282,-0.9500587780547479,-1.0238598227394717
1.2176270815514152,0.20126604418013158,-0.5853900047632974,-1.1012778110643109,0.17012731624264865
0.15240014463142226,-1.5260202743360276,0.9630125406990954,1.318226717088697,-0.5851279920201427
0.37047810022134225,0.24472659714422906,-1.5480332295082453,0.25969348602175607,2.450453813148393
0.32015241816212986,0.10243581875643658,0.46806861854249504,1.620664783107823,-0.8064759924371087
-0.3508566759607005,-0.19771523623404452,1.1945918070292483,2.5279789811652007,-0.37672759144177387
-0.9715400880243188,-1.0654827658801762,0.2591932018525531,-1.4037158770834368,-1.0071823298466156
1.116975717432991,0.14785544765485875,1.0265833196916865,-1.1012778110643109,0.462270810492007
-0.6444231546394388,0.9801018373338929,-1.552573999436288,0.41091251903131903,1.9845424725361693
0.36209048654480674,0.07165770473559886,0.9357679211308424,1.46944575009826,-0.5931490318056002
1.6873334474373967,-0.11244387846107033,-0.43100382720986236,-0.6476207120356219,0.2245368994227573
0.9156729891961419,0.32329585303661884,-0.7216131026045636,-0.3451826460164959,-0.07372982187862166
-0.24181769816574084,-0.9251510634267083,0.735974044296985,0.41091251903131903,-0.5641054181088145
-0.006964515222749836,1.1685855640678673,-1.5480332295082453,-0.042744579997369934,0.8162044580455582
0.09368684889567437,-0.7645583914419353,0.9403086910588844,1.318226717088697,-0.4621139954281281
1.0247119669911016,0.973605953972711,0.8858194519223783,-0.4964016790260589,0.5104830069750937
-0.7702373597874695,-1.116985841100975,1.0084202399795175,-1.1012778110643109,-1.0023012768483628
1.8550857209681042,-0.4493533845350645,-1.20747548490508,-0.9500587780547479,0.2873315788274198
-0.7450745187578637,-0.5413268441886231,1.040205629475813,2.074321882136512,-0.42149979166469714
-0.342469062284165,1.065682522885971,-0.8033469613093233,1.318226717088697,1.557858213236561
-0.7534621324343989,-0.5258089006035777,0.9266863812747579,1.9231028491269488,-0.7055919080920064
-0.30053099390148813,-0.5216845302155256,0.9493902309149689,0.562131552040882,-0.5843172922645627
-0.15794156140038704,2.0007288444872002,-0.9077846696542942,-0.19396361300693293,1.1907241488728177
-0.342469062284165,-0.3801155166456423,0.45444630875836856,0.713350585050445,-0.7494674507890077
-0.7534621324343989,-1.2185484619067544,0.45444630875836856,-1.252496844073874,-1.023335648885032
-0.5353841768444791,-0.9166445495013511,0.5361801674631282,-1.4037158770834368,-0.9986371162067187
-0.8708887239058943,-1.0294976342444229,0.6996478848726474,-1.252496844073874,-1.0177450229198373
-0.8708887239058943,0.5846778263794116,1.3943856838631052,0.864569618060008,-0.5746226041271492
1.2511775362575572,1.2782422617601987,-1.1302823961283623,-0.042744579997369934,-0.0980508145460205
-1.5418978180287248,-1.3642418458646897,0.636077105880057,-0.9500587780547479,-1.0630953312844735
-0.03212735625235633,1.8396206262039205,-1.3527801226024305,-0.6476207120356219,1.0988454050559149
1.8466981072915687,0.08176241218632614,-0.30386226922468035,-0.6476207120356219,0.20477503947644746
-1.1225171342019558,-1.2261785471246505,0.754137124009154,-1.1012778110643109,-0.9966634583818037
-0.09084065198810364,-0.714292627337552,0.9448494609869269,1.620664783107823,-0.6592286463945147
0.06013639418953296,-0.24452684013843423,0.967553310627138,1.771883816117386,-0.6120243469048516
1.4021545824351938,0.1848201172577744,-0.31748457900880717,-0.7988397450451848,0.4517502535807178
-1.0973542931723494,0.3298432910276513,0.24103012214038466,1.771883816117386,-0.5896129650962306
0.6388817378704741,1.5232298628104848,-0.4355445971379046,0.25969348602175607,1.4162503711070036
-1.0721914521427434,-0.5444716766095128,0.4362832290461995,2.5279789811652007,-0.7387143022638514
0.8653473071369295,-0.1621425416370964,-0.00417145397389484,-0.7988397450451848,0.326342922990941
0.9408358302257479,0.2313223933830602,-0.4627892167061576,-0.042744579997369934,0.02418619121996003
-0.9044391786120357,-1.1770469848769816,0.6996478848726474,-1.1012778110643109,-0.9886862402047559
-0.14116633404731604,-0.7020226254330975,0.8994417617065048,1.620664783107823,-0.5435851072477209
-0.048902583605426736,1.2800466738049714,-1.0213039178553494,0.25969348602175607,-0.1646057250415328
-1.5586730453817954,-1.5376716206822745,0.5089355478948746,-0.9500587780547479,-1.0415620670905243
-1.0638038384662079,-1.0766185659279164,0.7768409736493651,-1.1012778110643109,-1.0179675018548406
0.7982463977246461,-0.24215532716530436,0.4771501583985796,-0.9500587780547479,0.21341463811907302
1.6202325380251137,0.5761713124540544,-0.9758962185749274,-0.7988397450451848,0.6611029314187593
1.5950696969955072,0.292827066794885,0.10026625437107614,-0.4964016790260589,0.6380561362881972
0.08529923521913886,0.18750095801000818,0.8358709827139137,-0.042744579997369934,-0.8087328052702096
-1.0134781564069957,-1.27933137050067,0.045777015234569514,-0.7988397450451848,-1.0821611018356596
1.762821970526215,0.39846250335886574,0.30460090113297517,-0.3451826460164959,0.5092104948847345
-0.8625011102293588,-0.8511701695910263,0.12751087393932944,0.10847445301219306,-0.9559818367592808
-0.6192603136098329,0.26802928983672264,1.3308149048705147,2.225540915146075,-0.45743856690010565
-0.7366869050813282,-0.023460587338849384,0.6951071149446055,1.318226717088697,-0.6230657067776257
1.3937669687586582,-0.1253325359237327,0.13659241379541368,-0.6476207120356219,0.5694938590382239
0.9072853755196064,1.1621927899663866,-0.04503838332627465,-0.19396361300693293,0.5434722508752321
0.10207446257220987,1.3655242500973481,-0.7897246515251968,-0.4964016790260589,2.3409402428395296
-0.342469062284165,0.6604115776300156,-1.6297670882130053,-0.042744579997369934,1.5189968738095192
-0.18310440242999293,-0.6938769939166949,1.32173336501443,1.318226717088697,-0.401254208579403
-0.11600349301771014,1.4904926728553225,-1.4163509015950215,-0.3451826460164959,2.4935911302883387
0.9911615122849603,0.941693638095159,-0.9486515990066741,0.41091251903131903,1.618637098654376
-1.0638038384662079,1.8258039854039465,-1.20747548490508,-0.042744579997369934,1.0426509340563483
-0.41795758537298394,-0.28530655235029795,1.1310210280366573,2.830417047184327,-0.7418070965496919
0.8234092387542526,1.472190779258342,-1.6297670882130053,-0.6476207120356219,1.3892630021125207
-1.6089987274410076,-0.9161805578326953,0.5407209373911701,-1.252496844073874,-1.0095284713430133
1.6873334474373967,0.5635404281406453,-0.03141607354214783,-0.4964016790260589,0.22766003174518915
-0.048902583605426736,0.1002705243027093,0.9993387001234335,1.167007684079134,-0.8352886999665046
-1.2315561119969154,-1.0194444814235462,1.0311240896197285,-0.7988397450451848,-0.9767903589679923
-1.0302533837600665,-0.8432307565940264,0.8585748323541247,-0.7988397450451848,-1.0201248733457808
-0.9212144059651064,-1.0308380546205396,0.4907724681827061,-1.4037158770834368,-1.044243612435904
-0.22504247081266984,1.9034968125888752,-1.0213039178553494,0.713350585050445,1.7187054269044661
-0.23343008448920533,0.9778334336204643,-1.6887970972775541,-0.4964016790260589,1.309844764102276
0.88212253449,0.7798636549939704,-0.2811584195844693,-0.3451826460164959,-0.007149629685949809
0.9576110575788188,0.19569814415626144,0.0003693159541474326,0.25969348602175607,0.6179605579393826
1.3602165140525169,1.7477502758100631,0.636077105880057,-0.6476207120356219,0.25271250818373486
0.19433821301409918,0.8736930813221524,-1.584359388932583,0.10847445301219306,1.3527191515917625
-0.14955394772385153,0.4516153267348853,0.9720940805551799,1.318226717088697,-0.36964534534417104
-0.3927947443433774,1.6890295524101735,-0.6353384739717617,0.41091251903131903,1.269695743566579
-1.0805790658192789,-0.6146375278362466,0.8404117526419562,1.9231028491269488,-0.5690336636084316
0.8905101481665355,0.42016700252598915,1.0038794700514755,-1.1012778110643109,0.7329737401036671
-1.038640997436602,-1.011505068426546,1.035664859547771,-0.9500587780547479,-1.028058269914419
0.7059826472827575,0.07877224365498849,-0.8215100410214923,-0.4964016790260589,-0.4475247707206434
0.38725332757441266,1.2995343238885169,-1.9022132838955377,0.10847445301219306,1.5677500986118185
1.1840766268452738,-0.23055553544890822,-0.644420013827846,-0.3451826460164959,0.3536825502991792
-0.7954002008170757,-0.5532359636841232,0.5906694065996348,-1.4037158770834368,-1.0352113047640683
-0.9883153153773895,-1.0658952029189812,1.062909479116024,-1.252496844073874,-0.9620528149705054
-0.5018337221383378,0.10248737338628723,1.062909479116024,1.167007684079134,-0.6946449332219612
-0.7618497461109344,-1.3884725218944949,0.731433274368943,-0.6476207120356219,-0.9819023181336347
0.03497355315992706,-0.15291426289383014,1.040205629475813,0.864569618060008,-0.34036408369408644
0.5298427600755143,2.0515101548900896,-0.8487546605897452,0.562131552040882,1.1946647227367388
0.9659986712553538,-0.02562588179257666,-0.5490638453389598,-0.7988397450451848,0.6610523680244406
1.8383104936150338,0.6491211136927234,-0.47187075656224214,-0.042744579997369934,0.6776540158258181
1.3769917414055879,-0.05753819767012867,0.6905663450165629,-0.19396361300693293,1.0397755623660794
0.6304941241939386,0.9993317142681851,-0.9214069794384206,0.25969348602175607,2.207704013362707
-0.8373382691997526,-0.8261661741134614,0.6042917163837613,-0.4964016790260589,-0.9661248536596555
-0.9883153153773895,-1.1792638339605594,0.23194858228430013,-1.252496844073874,-1.0336539522190458
-0.08245303831156874,1.0847577359307112,-1.3073724233220083,0.10847445301219306,1.6053524095203193
0.680819806253151,-0.016913149347816903,0.636077105880057,-0.3451826460164959,0.45615769611884993
0.13562491727835127,-0.14363442952071326,0.8267894428578291,1.771883816117386,-0.8203573296241284
-0.7618497461109344,-0.88638198177902,1.017501779835602,0.25969348602175607,-0.7835151550768886
0.07691162154260396,-0.3446974859382461,1.081072558828193,2.225540915146075,-0.5917484257829662
-0.8205630418466819,-0.17771203985199255,1.1673471874609946,1.46944575009826,-0.4508012786725092
2.140264585970307,0.6672167887703013,-0.6126346243315507,-0.7988397450451848,0.15224978545795714
0.3537028728682713,0.8542054312386069,-1.3346170428902617,0.41091251903131903,1.0128185314081877
-0.11600349301771014,-0.8034821369791756,1.0992356385403617,1.015788651069571,-0.24641392615658506
1.3853793550821227,-0.43940334097388917,-0.7397761823167324,-0.3451826460164959,0.30271464882571153
0.17756298566102816,0.2091023479174303,0.5815878667435502,-0.9500587780547479,0.7059981692345254
-1.0302533837600665,-1.465237365742112,1.203673346885333,-0.9500587780547479,-1.0358399763001003
0.30337719080905884,1.2748912108199064,-2.64689955209446,0.25969348602175607,2.8396571136858664
0.11046207624874536,2.062078854009473,-1.6388486280690895,-0.3451826460164959,1.3230654062701952
0.20272582669063466,-0.26143675872944727,0.9085233015625894,1.015788651069571,-0.7532024001826982
1.2008518541983448,-0.23380347712949914,-0.24483226016013174,-0.3451826460164959,0.4032481603035357
0.8066340114011816,1.4497129606434587,-1.470840140731528,0.25969348602175607,0.9122041184994529
0.07691162154260396,-0.1997774214280705,0.9539310008430115,2.679198014174764,-0.3066298724509827
-0.8708887239058943,-1.4015158432467092,-0.5672269250511286,-0.6476207120356219,-1.0147112192607022
-0.5353841768444791,1.3445415157481337,-1.5162478400119501,0.562131552040882,1.8243980900492973
-1.483184522292977,-1.1222959679755917,0.726892504440901,-0.4964016790260589,-0.9925374854053802
1.779597197879286,-0.0001063400165051809,-0.6217161641876349,0.25969348602175607,0.1442405437978407
-0.5269965631679436,-0.41331669826946055,0.5725063268874657,3.4352931792225787,-0.9880137470603144
0.6556569652235451,0.31551110392917076,-1.3300762729622195,0.10847445301219306,1.3577788619166085
-0.6695859956690451,-0.004436928923959735,1.0538279392599395,0.864569618060008,-0.692529697892953
-0.25859292551881125,-0.27417075230255766,-1.4980847602997813,-0.3451826460164959,2.4779518724254976
-0.06567781095849773,-0.40367598248738906,0.5089355478948746,1.167007684079134,-0.8036107334257034
-0.29214338022495323,-0.5917472721825583,1.5124457019922029,2.376759948155638,-0.3667750299933338
-0.23343008448920533,-0.5988618111019479,0.5407209373911701,2.679198014174764,-0.8015140380079457
-1.4580216812633708,-1.3664586949482675,-0.47187075656224214,-0.6476207120356219,-1.0603783915630702
-0.5018337221383378,-0.3611434128606033,0.6042917163837613,2.5279789811652007,-0.6526334943288508
2.3247920868540857,0.9261756945101135,-1.2392608744013753,-0.6476207120356219,0.6943618467552652
-0.6192603136098329,1.9670121165648753,-1.929457903463791,-0.042744579997369934,1.046154977282649
-0.015352128899285335,-0.3559363952456877,1.5760164809847934,1.9231028491269488,-0.5399175757131223
-0.40956997169644843,1.207303091085705,-1.7659901860542715,-0.042744579997369934,0.7813056032866421
-0.6192603136098329,-0.2379278475175511,0.9766348504832225,1.46944575009826,-0.54658520197731
-1.1476799752315616,-0.7214587208867923,0.023073165594358472,-1.4037158770834368,-1.002466450603138
0.5885560558112617,0.9595830946533344,0.636077105880057,-0.9500587780547479,0.23473890694983746
1.142138558462597,0.7226380158597495,0.5997509464557187,-0.042744579997369934,0.587732075369057
-0.887663951258965,-0.7957489425015781,0.5089355478948746,-0.9500587780547479,-1.0385484887891168
-1.348982703468411,-1.3184097799274623,1.4307118432874433,-0.9500587780547479,-1.0757732596867031
-1.4076959992041584,-1.5402493521748069,1.535149551632414,-1.252496844073874,-0.9220588555107198
-0.48505849478526675,1.5301897378403224,-0.5672269250511286,-0.042744579997369934,1.3371119172119903
-0.8037878144936113,2.0037190130185376,-2.433483365476476,-0.19396361300693293,0.7726710609834486
1.158913785815668,0.10444644932061191,-0.4673299866341999,-0.6476207120356219,-0.10346615407757632
-0.13277872037078053,1.8432810049233166,-0.5626861551230863,0.10847445301219306,0.826977831928442
-0.49344610846180226,1.3727934529062897,-1.3709432023145993,0.25969348602175607,1.9474811899468811
0.9072853755196064,-0.10331870897750538,0.5634247870313812,-0.19396361300693293,0.31717746504739885
-1.483184522292977,-1.0147014554772864,-0.10406839239082323,-1.1012778110643109,-0.9974842708162475
-1.7432005462655737,0.4179501534424112,1.0492871693318977,1.771883816117386,-0.6000998130779738
0.36209048654480674,-0.33995445999198637,0.9176048414186733,1.167007684079134,-0.6164216767641201
1.0079367396380308,0.029331353628215658,-0.7216131026045636,-0.6476207120356219,0.6244175033939081
0.8317968524307882,0.784039580011873,-0.5581453851950441,-0.19396361300693293,0.24463921955748127
-0.6192603136098329,0.3879969134991839,0.9266863812747579,2.225540915146075,-0.9847692625915173
-0.8457258828762881,-1.5317943928793003,0.3227639808451443,-1.1012778110643109,-1.0529927650995539
-1.307044635085734,-0.7756426368598249,0.9266863812747579,-0.9500587780547479,-0.9678490654059305
-1.5167349769991185,-0.6886184216719287,0.6996478848726474,-1.4037158770834368,-1.013179148412839
-0.778624973464005,-0.2639629355921291,0.4408239989742414,0.713350585050445,-0.7361473672789278
-1.088966679495814,-0.8236399972507795,0.5089355478948746,-0.3451826460164959,-1.01730680683574
1.3266660593463755,0.8670940887012692,-0.0677422329664857,-0.3451826460164959,0.08728088009758134
0.30337719080905884,-0.38212614720981763,0.9630125406990954,3.132855113203453,-0.621649931736696
-0.30053099390148813,0.2842689982396772,0.17291857321975154,2.074321882136512,-0.8154712202864439
1.5699068559659013,0.6875293129314572,-0.21758764059187843,-0.4964016790260589,0.7222559859545341
-1.2483313393499864,-0.9638170358146954,-0.04503838332627465,-0.7988397450451848,-1.076900823380015
0.051748780512997465,0.08418547978930667,1.1355617979646997,1.015788651069571,-0.6035431802310921
1.477643105524012,0.38753292183052807,-0.13131301195907655,-0.6476207120356219,-0.11957228061462859
-0.7199116777282575,-1.333463731843852,0.6042917163837613,-0.4964016790260589,-1.0098487061736998
-1.2315561119969154,-1.034601542599637,0.7495963540811121,-0.7988397450451848,-1.0233794704934418
-0.29214338022495323,-0.14414997581921976,1.371681834222894,1.9231028491269488,-0.524338993923464
0.9995491259614958,-0.7755395276001236,-0.38559612792944026,-0.3451826460164959,-0.03244312497074907
0.36209048654480674,0.17301410702197567,0.6496994156641834,1.318226717088697,-0.6478518826727585
0.14401253095488675,-0.4846167513529087,0.46806861854249504,2.074321882136512,-0.818063436968527
0.5801684421347267,0.19219242932641728,-1.0303854577114335,-0.6476207120356219,0.6591764660952085
1.5531316286128303,0.4199092293767359,-0.3765145880733557,-0.4964016790260589,0.0941086237771124
-0.16632917507692252,1.656601690234115,-0.8805400500860409,0.713350585050445,1.9748696952029607
-0.05729019728196223,1.037275921838263,-1.479921680587612,-0.042744579997369934,0.5420767011920301
0.08529923521913886,0.7455798261432884,-0.9758962185749274,-0.4964016790260589,2.1744215017755195
-0.2837557665484177,-0.6767608568062793,0.6633217254483099,0.562131552040882,-0.49207449200856346
1.8299228799384983,0.41057784137376835,-0.9986000682151384,-0.4964016790260589,0.7771610903989683
-0.8457258828762881,-0.13213774706401843,0.9039825316345468,-0.3451826460164959,-0.41971321839876213
-0.06567781095849773,1.5275604517179393,-1.5117070700839077,-0.6476207120356219,0.6614888986620605
1.4357050371413351,-0.9514439246505395,-0.9758962185749274,-0.6476207120356219,0.4174497323212421
1.4860307192005475,0.6714958230479052,-0.3220253489368494,-0.6476207120356219,0.08749830269315267
1.519581173906689,1.1673998075813024,-0.6262569341156772,-0.042744579997369934,0.8490588662275129
1.2511775362575572,-0.3137131533980058,-0.7488577221728169,-1.252496844073874,0.48325630458083435
-1.1644552025846326,-1.1234301698323061,1.2581625860218388,-1.1012778110643109,-0.9690625868695846
0.5717808284581912,0.4626480175229243,-0.5944715446193819,-0.6476207120356219,0.11853242867962632
-1.307044635085734,-1.3160382669543325,0.731433274368943,-1.1012778110643109,-1.0390962588942385
-0.10761587934117463,2.4959626188325386,-1.4345139813071903,0.25969348602175607,0.6062062542067118
-0.23343008448920533,1.6687685828788683,-1.3981878218828525,0.562131552040882,1.0331163633342781
1.9305742440569225,0.1278006966429561,0.6088324863118033,-0.042744579997369934,0.2793459334179855
-0.6108726999332974,-0.9184489615461239,0.5180170877509591,2.5279789811652007,-0.33429984726877116
1.2427899225810217,-0.10945370992973266,-0.8623769703738721,-0.6476207120356219,0.8053923188936967
1.9054114030273166,0.07861757976543653,-0.5445230754109176,0.25969348602175607,-0.278878996202284
1.0582624216972432,-0.2437535206906745,-0.2085061007357942,-0.6476207120356219,0.6807013030567715
1.7544343568496799,-0.16569981109679122,0.4408239989742414,-0.6476207120356219,0.23103935193216996
-1.0134781564069957,-1.1388965587875008,0.735974044296985,-1.1012778110643109,-1.0414002642287037
0.5550056011051203,1.2295746911811856,-1.974865602744213,-0.042744579997369934,1.6172230090599238
-0.25859292551881125,2.4708555140952724,-1.6887970972775541,-0.4964016790260589,2.2841339547687043
0.5046799190459078,1.8335371798815439,-1.7523678762701447,0.562131552040882,1.141745074242561
-0.8708887239058943,-1.3139245271304558,0.9766348504832225,-0.042744579997369934,-1.0325196467398245
-1.3825331581745524,-0.9792318701400395,1.0674502490440667,-1.1012778110643109,-1.0062131981221696
-0.07406542463503324,2.3033029670806617,-1.8885909741114109,1.167007684079134,1.072291195806097
-0.5857098589036912,-0.4350727520664346,1.0901540986842777,1.015788651069571,-0.4800168079099792
-0.048902583605426736,1.4716236783299848,-1.647930167925174,-0.042744579997369934,2.6570659550143496
0.7059826472827575,1.2925744488586792,-1.5389516896521611,1.015788651069571,2.3589391257705867
-1.7432005462655737,-1.0149592286265396,0.9493902309149689,-0.7988397450451848,-1.0356023283468012
1.477643105524012,-0.1766293926251289,0.7995448232895761,-0.3451826460164959,0.4523030800252711
0.13562491727835127,0.052634046320709206,-1.7024194070616807,0.10847445301219306,1.9248827235792798
-1.2315561119969154,-1.098013737315936,1.5987203306250046,-0.9500587780547479,-1.065111125271321
1.276340377287163,-0.2889153764398434,0.20016319278800454,-0.6476207120356219,0.19612195726200368
-0.9463772469947126,-0.7407401524509352,0.9403086910588844,-0.6476207120356219,-0.9984281208435339
-0.6108726999332974,-0.9262852652834226,0.8585748323541247,-0.19396361300693293,-0.9788752562604088
-1.6257739547940786,-0.8063176416209613,0.8131671330737026,-1.252496844073874,-1.0443363119921554
-1.1644552025846326,-1.2928386835215402,-0.04049761339823238,-0.7988397450451848,-1.0330117971111954
-1.7012624778828969,-1.0492430574772216,0.7132701946567739,-0.9500587780547479,-0.9987584683530841
-0.342469062284165,0.9155554407608797,-1.7205824867738495,0.562131552040882,2.192526567834646
-0.12439110669424563,-1.1691591265098322,0.4816909283266216,1.167007684079134,-0.3567803323829614
1.4608678781709417,-0.13512791559535609,-0.7170723326765214,-0.19396361300693293,0.3078046971871489
1.2008518541983448,0.04227156572072867,-0.5853900047632974,-0.3451826460164959,0.37915975925000395
0.30337719080905884,1.2872127673542115,-1.9430802132479175,-0.3451826460164959,1.3363568371901613
-0.08245303831156874,-0.33660340905169417,0.9766348504832225,2.074321882136512,-0.43172539544245936
-0.040514969928891836,1.1925584669484193,-1.298290883465924,-0.4964016790260589,1.5853309908165056
-1.2651065667030572,-1.3134605354617999,0.23648935221234207,-1.252496844073874,-1.0169596048614167
0.9911615122849603,0.49512743432883344,0.3636309101975244,-0.4964016790260589,-0.11400862179307043
-1.0721914521427434,-1.546126579977781,1.1628064175329529,-0.6476207120356219,-0.9653326938153257
-0.25020531184227635,1.1544080408589386,-1.8795094342553267,-0.042744579997369934,2.179744141750824
1.9473494714099935,0.2872591667710149,-0.40375920764160905,-0.9500587780547479,0.06582514644158777
-0.023739742575820833,0.04289022127893646,0.45444630875836856,1.318226717088697,-0.49507964307758434
-0.18310440242999293,1.407335054906225,-1.5026255302278233,0.562131552040882,1.6754770956547473
0.6388817378704741,0.3686639273051903,-1.6797155574214695,-0.6476207120356219,-0.04359066797159275
-0.08245303831156874,-1.0745563807338905,1.1764287273170793,0.864569618060008,-0.5632441549589156
-1.2063932709673095,-0.9929454016803123,0.7904632834334916,-0.9500587780547479,-1.001440013698464
-0.3256938349310946,2.240767201071824,-0.9986000682151384,0.864569618060008,0.8544034170070225
-0.09922826566463913,0.6594835942927039,-1.4345139813071903,-0.19396361300693293,1.5755705702664775
0.10207446257220987,0.8024445828685548,-2.183741019434154,-0.19396361300693293,1.0317393535623263
0.08529923521913886,0.742280329832847,-1.493543990371739,0.41091251903131903,2.4275030884670374
0.5801684421347267,0.07315278900126769,0.6905663450165629,1.46944575009826,-0.3329531755334107
1.335053673022911,-0.6085025268840194,0.3182232109171023,-0.4964016790260589,0.46055334053164104
0.9911615122849603,-1.2321073295574752,-0.771561571813028,-1.1012778110643109,0.358354607934247
-0.015352128899285335,0.8258503848207497,-1.7977755755505667,1.167007684079134,1.990249394308298
-0.42634519904951884,-0.7513088515703183,0.9039825316345468,1.167007684079134,-0.8076692885430351
0.11884968992528086,0.4800734824124438,0.5952101765276767,2.225540915146075,-0.5117166852549851
-0.49344610846180226,-0.6627895521167533,0.7995448232895761,1.318226717088697,-0.7011001932300095
-0.7870125871405406,-1.2837135140379752,0.7632186638652386,-0.9500587780547479,-1.0057547566803449
1.142138558462597,-0.2876265106935772,-0.4082999775696513,-1.1012778110643109,-0.025357507980191582
-1.0721914521427434,-1.1552909310800075,0.2773562815647222,-0.6476207120356219,-0.9920453350340094
0.32854003183866537,1.8831842884277192,-1.0394669975675181,-0.3451826460164959,1.7970348664903772
-1.348982703468411,-1.2031851822112607,0.35000860041339726,-0.4964016790260589,-0.9944066455487026
1.2847279909636986,-0.07073618291189493,-0.9123254395823365,0.562131552040882,0.5487696091533772
1.6873334474373967,0.2737518537501447,-0.6898277131082681,-0.19396361300693293,0.44472699810982025
-1.4999597496460477,-0.4870913735857399,0.7405148142250275,-1.252496844073874,-1.0343028491128052
0.47951707801630195,1.3845479085122379,-1.2755870338257131,-0.4964016790260589,1.8116594855738852
-0.10761587934117463,1.1853408187693284,-1.1348231660564045,0.41091251903131903,0.2004164748861569
0.32854003183866537,1.0540827311695748,-1.620685548356921,-0.19396361300693293,1.466722751316146
-1.6425491821471492,-1.0636267992055528,-0.4537076768500734,-1.252496844073874,-0.9518255257462659
0.018198325806856066,1.3837230344346274,-1.529870149796077,0.10847445301219306,1.2642332115336588
0.6724321925766155,-0.12275480443120022,0.8404117526419562,1.620664783107823,-0.836867963315732
-1.0721914521427434,-1.0951266780442996,0.7723002037213231,-0.9500587780547479,-1.031864008060156
-0.8373382691997526,-1.140804080091975,1.0084202399795175,-0.9500587780547479,-0.972836301532253
0.03497355315992706,1.3241774369571273,-1.7705309559823137,-0.4964016790260589,1.4488384787455453
-0.7450745187578637,-0.5474102905109998,0.6633217254483099,1.46944575009826,-0.6292512953493065
0.9072853755196064,1.4682726273896924,-0.013252993829979062,-0.3451826460164959,0.20969317229720078
1.938961857733458,-0.42713333906943457,-1.0712523870638138,-0.7988397450451848,-0.4853596732430113
-0.48505849478526675,0.7836271429730678,-0.7125315627484791,0.10847445301219306,0.29501047297798577
1.5782944696424368,0.734031589056743,-0.7170723326765214,-1.1012778110643109,-0.01931181146612649
-1.3154322487622692,-0.9088082457640524,0.49531323811074807,-0.4964016790260589,-1.0048007939741945
1.1253633311095264,0.626076194149483,-1.1257416262003201,-0.3451826460164959,0.6937719404882112
-1.0638038384662079,0.4871364667019828,1.367141064294852,1.167007684079134,-0.6380408987284114
1.1840766268452738,0.943755823289185,-0.3946776677855245,-0.7988397450451848,-0.11509404932444993
-0.6947488366986513,-0.4656446475678697,0.5270986276070436,1.318226717088697,-0.4504759875023909
1.6034573106720427,0.9274645602563798,-0.6217161641876349,-1.252496844073874,0.4990135436970863
-1.198005657290774,-1.0917756271040073,0.26827474170863763,-1.252496844073874,-1.0244328745417526
-1.0554162247896726,-0.8145663823970652,1.1537248776768683,2.225540915146075,-0.41242703327740626
-1.3154322487622692,-1.3703768468169168,0.9857163903393064,-0.9500587780547479,-0.9803988998758856
1.2847279909636986,0.2131751636756316,-0.2085061007357942,-0.9500587780547479,0.6310126554595723
-1.172842816261168,-0.9320078291968447,1.4397933831435272,-0.9500587780547479,-1.0657145151101934
-1.357370317144946,-1.432706394306352,1.32173336501443,-0.3451826460164959,-1.0264385558497362
-0.4598956537556608,2.4844659363758437,-1.2392608744013753,0.713350585050445,2.1123701042673453
0.0014230984537850666,0.8653412312863472,-0.3084030391527226,-0.4964016790260589,1.438680292826875
0.24466389507331157,0.2346734443233524,-1.3981878218828525,-0.4964016790260589,1.086091631562207
1.259565149934092,0.12671804941609247,-0.41284074749769356,-0.042744579997369934,-0.6159042446955898
-1.172842816261168,-1.1914307266053128,1.4488749229996118,-0.9500587780547479,-1.096323908584388
-0.3508566759607005,-0.9500003950147213,0.20470396271604713,-0.3451826460164959,-0.9939246078561957
1.670558220084326,0.3150471122605149,-0.17672071123949862,-0.9500587780547479,0.40084302818043255
-0.023739742575820833,2.4244047925998373,-1.6887970972775541,-0.19396361300693293,0.19830629589658072
1.4440926508178706,0.4627511267826256,0.7995448232895761,-0.6476207120356219,0.4741869170864981
1.276340377287163,0.4864147018840737,-0.5808492348352551,-0.3451826460164959,-0.08400767449718001
-0.6528107683159743,-0.47399649760367496,1.4216303034313589,1.167007684079134,-0.6682525268339641
1.3686041277290524,0.6814974212389312,0.1956224228599626,-0.3451826460164959,0.022563106262322944
0.11046207624874536,2.13167760430785,-1.316453963178093,0.25969348602175607,1.9391078918476685
1.6286201517016492,-0.02753340309705069,-0.22666918044796297,-1.1012778110643109,0.32823567938494597
-0.5018337221383378,0.3651066578454955,-1.4753809106595703,0.562131552040882,2.082225894020884
-0.43473281272605435,1.8034808306786152,-1.3754839722426415,-0.042744579997369934,2.6706927897832973
-0.12439110669424563,-0.34150109888750585,0.5225578576790016,1.771883816117386,-0.46404214619815615
0.26143912242638195,1.3332510518108416,-1.2574239541135441,-0.4964016790260589,1.823846949051221
-0.12439110669424563,-0.713570862519643,0.6951071149446055,2.5279789811652007,-0.4810769537441991
-0.18310440242999293,-0.15930703699531068,0.5770470968155077,2.074321882136512,-0.523658073546636
-0.342469062284165,0.24792298419496933,0.20924473264408908,1.620664783107823,-0.7269026933509526
0.44596662331016057,-0.34732677206062923,0.08210317465890737,1.46944575009826,-0.5611980229354768
0.10207446257220987,0.9005014888444901,-0.9168662095103784,-0.042744579997369934,0.48923458323580776
0.15240014463142226,2.0021208194931677,-0.8578362004458299,-0.19396361300693293,0.6466923640378681
0.0014230984537850666,0.09604304465495604,-0.6353384739717617,-0.6476207120356219,0.3755697582533607
1.2427899225810217,2.7270304698231493,-1.0984970066320667,0.864569618060008,2.0832877253015814
0.9408358302257479,0.9030792203370226,-0.21304687066383615,-0.6476207120356219,0.6695773563066099
1.1840766268452738,0.24183953787259269,-0.1358537818871188,-0.3451826460164959,0.27893468447752495
0.7479207156654344,-0.418987707553032,-0.7261538725326059,-0.9500587780547479,0.027486295422507964
0.3956409412509482,1.1621412353365361,-0.9713554486468851,0.864569618060008,2.3828926911059347
-0.9883153153773895,-1.2823730936618583,0.6860255750885209,-1.554934910093,-1.0773643211612718
-0.16632917507692252,0.654328131307639,-1.4890032204436967,-0.4964016790260589,1.0934991688299283
-1.0134781564069957,-1.0386743583578384,0.8449525225699982,-0.9500587780547479,-1.0339977833004144
-0.560547017874085,-0.6660374937973441,0.5861286366715922,1.318226717088697,-0.783114018815292
-0.23343008448920533,0.8101262227163016,-1.8295609650468623,-0.19396361300693293,1.2104826379261733
-1.1057419068488847,-0.8496750853253575,-0.0677422329664857,-0.9500587780547479,-1.0510595579900939
-1.5167349769991185,-0.7025381717316039,0.636077105880057,-1.4037158770834368,-1.0594092598386244
0.5633932147816557,0.4959007537765932,-0.39921843771356674,-1.252496844073874,0.5670802996827341
1.2931156046402341,-0.003921382625453241,-0.1086091623188655,-0.4964016790260589,0.08913655666908561
0.11046207624874536,1.7598140591951152,-1.6615524777093005,0.10847445301219306,0.5679263938143374
-1.239943725673451,-0.8640588270536886,0.6269955660239723,-1.1012778110643109,-1.0210164745322712
0.44596662331016057,1.2988125590706077,-1.8568055846151157,0.41091251903131903,1.1823289399694004
-0.19987962978306392,1.9862419934991675,-1.3300762729622195,-0.3451826460164959,1.8993718056989095
1.116975717432991,0.6059698885077298,0.0185323956663162,-0.3451826460164959,0.8529758438407515
1.3602165140525169,-0.3730009777262527,-0.12677224203103427,-0.19396361300693293,0.08659321793484409
-0.30053099390148813,0.9598924224324382,-1.7614494161262293,-0.19396361300693293,1.1006454618936683
-0.7282992914047927,-1.0704835649756892,0.6224547960959298,-1.4037158770834368,-1.0306943082049118
0.04336116683646197,-0.7836336044866755,0.30006013120493324,1.46944575009826,-0.8357639958731022
-0.4431204264025898,0.40284464689617094,-1.711500946917765,-0.042744579997369934,0.5102942369696363
1.7544343568496799,0.7643972660387756,0.4317424591181575,-0.3451826460164959,-0.05552025813790255
-0.9296020196416419,-0.7797670072478768,0.08664394458694932,-0.6476207120356219,-1.0478959749522072
-0.3256938349310946,2.2275692158300577,-0.925947749366463,-0.7988397450451848,1.525012232286993
-1.0302533837600665,-1.262576115799209,0.45444630875836856,-1.4037158770834368,-1.0367400047189768
2.0144503808222765,-0.620308537119818,-0.3492699685051024,-0.042744579997369934,-0.4195261338397821
-0.8960515649355002,-0.16270964256545356,1.4579564628556962,1.318226717088697,-0.40420036902171846
1.1924642405218093,1.6988249320817967,-1.4753809106595703,1.318226717088697,0.8885994405849056
-1.239943725673451,-1.3022216261543584,0.8267894428578291,-1.554934910093,-0.9705811741456293
-0.8121754281701464,-1.3159351576946312,1.1173987182525307,-1.4037158770834368,-1.048184186299825
0.5885560558112617,1.3614514343391468,-1.339157812818304,-0.19396361300693293,0.862023320530883
-1.1476799752315616,-1.3850183616945013,1.3898449139350633,-0.9500587780547479,-1.0366793286457943
-1.483184522292977,-1.609229446914976,0.8222486729297872,-0.7988397450451848,-0.9757521239379772
-0.38440713066684196,-0.6418583723973895,0.8086263631456607,1.771883816117386,-0.5467014977842435
0.2866019634559885,1.1333737518798737,-0.925947749366463,1.015788651069571,2.595715703240731
0.44596662331016057,1.8393628530546673,-1.103037776560109,0.25969348602175607,1.2853619685730564
-0.6360355409629036,0.036136564768501384,0.990257160267349,0.562131552040882,-0.4637505639575837
-1.1644552025846326,-1.0274354490503967,0.8585748323541247,-1.252496844073874,-1.01292296054829
-0.5857098589036912,-1.540352461434508,1.0719910189721087,2.074321882136512,-0.5264828818425861
0.009810712130320566,1.0170665069368086,-0.3946776677855245,0.25969348602175607,0.5871067747259798
-0.23343008448920533,-0.5155495292632984,0.8222486729297872,2.5279789811652007,-0.32940868159165454
0.8401844661073231,1.2395762893722115,-0.6580423236119728,-0.19396361300693293,-0.1104068226710863
-0.6947488366986513,0.4092374209976515,0.5089355478948746,2.225540915146075,-0.6969287131986989
-0.47667088110873124,-0.7785296961314613,0.8040855932176181,2.074321882136512,-0.4703002089683607
1.1924642405218093,0.790638572632756,-1.55711476936433,-0.4964016790260589,1.3301594504931393
-0.6611983819925098,-0.5225094042931361,0.5815878667435502,1.167007684079134,-0.8175308358817011
0.12723730360181576,2.663669829736701,-1.8658871244711999,-0.19396361300693293,1.2030970114626567
0.14401253095488675,2.026454604782674,-0.6762054033241415,1.318226717088697,1.149395315803013
-0.16632917507692252,0.3546410679858137,-0.9531923689347163,0.562131552040882,1.7482074820430769
0.6304941241939386,0.15625885232051462,-0.058660693110401146,-1.1012778110643109,0.6841025340479573
-1.2147808846438448,-1.362437433819917,-0.00417145397389484,-1.1012778110643109,-1.006327808482626
1.2511775362575572,1.0538765126501721,0.045777015234569514,-0.6476207120356219,0.8211495580099483
1.1505261721391324,0.037270766625215675,0.11842933408324491,0.41091251903131903,0.07915871352348613
0.13562491727835127,-0.2341643595384537,0.9403086910588844,1.318226717088697,-0.6056483028812363
-0.20826724345959943,-0.6632535437854091,0.8313302127858717,1.9231028491269488,-0.6116063561784819
0.13562491727835127,1.165543840906679,-2.238230258570661,-0.042744579997369934,0.6517453325768051
0.6053312831643327,1.7341914081593424,-1.1938531751209531,1.167007684079134,1.620059615481215
-0.4598956537556608,0.9373630491877044,-1.1121193164161935,0.10847445301219306,1.7119703827811867
-1.7432005462655737,-1.285517926082748,0.35909014026948183,-0.9500587780547479,-0.979182007519277
-1.7432005462655737,-0.9733546423370655,1.017501779835602,-1.4037158770834368,-1.0465476177703694
-0.6695859956690451,1.2470001560707051,-0.44462613699398884,0.10847445301219306,0.2719316543643551
-0.25020531184227635,2.4472950482535256,-1.4662993708034857,0.713350585050445,1.201634043920363
-1.1896180436142385,0.033301060126715666,0.6860255750885209,1.46944575009826,-0.5333123109685944
1.4860307192005475,-0.5986555925825453,0.12297010401128718,-0.042744579997369934,0.4704907329617853
0.18595059933756367,1.2358128013931142,-1.2029347149770377,1.015788651069571,1.965026687775545
1.7544343568496799,1.3722263519779325,-0.058660693110401146,-1.1012778110643109,-0.16025558768362877
-1.6928748642063614,-1.4551326582913846,0.20924473264408908,-0.6476207120356219,-1.0445453073553403
0.278214349779453,1.4411548920882509,-1.4844624505156547,-0.042744579997369934,2.4998121132360427
1.3518289003759814,1.1699775390738347,-0.02233453368606361,-0.3451826460164959,0.14296971715395862
0.7898587840481113,1.9094771496515506,-2.1746594795780703,0.713350585050445,1.0613627608473022
-0.7031364503751867,1.4462072458136146,-1.6297670882130053,0.864569618060008,0.7227869015948827
0.6640445789000805,0.20121448955028093,0.994797930195391,1.318226717088697,-0.5253704871675698
-0.29214338022495323,-0.42867997796495405,0.8313302127858717,1.318226717088697,-0.5873173869941517
1.31827844566984,-0.1495116573236873,-0.4809522964183267,-0.9500587780547479,0.1773224872542304
1.4524802644944061,-0.9265945930625265,0.5180170877509591,-0.3451826460164959,0.1722358097857475
1.1673013994922035,-0.24746545403992126,-0.5717676949791709,-0.4964016790260589,0.4831197834161734
-1.239943725673451,-1.273144814918592,0.6315363359520143,-1.4037158770834368,-1.0167286986940272
-0.14116633404731604,1.3965085826375885,-1.815938655262736,-0.4964016790260589,1.8558957138170278
-1.4496340675868353,-0.7625477608777599,0.15475549350758244,-1.1012778110643109,-1.0725270897714287
-0.08245303831156874,2.3365557033343305,-1.3981878218828525,0.713350585050445,1.0832364852296652
2.0731636765580244,-0.3098981107890577,-1.3300762729622195,0.10847445301219306,0.26676576091143905
-1.2063932709673095,-1.489777369551021,-0.013252993829979062,-1.252496844073874,-1.0508926987888416
0.5298427600755143,0.5137902103347686,1.2309179664535859,2.074321882136512,-0.5131375166353467
-0.3340814486076301,-0.5213236478065711,1.01296100990756,0.713350585050445,-0.5155696159020866
1.519581173906689,0.6199411931972558,-1.7432863364140605,-0.4964016790260589,0.2452999145765818
0.8905101481665355,-0.9082411448356953,-1.5707370791484563,-1.1012778110643109,0.546534707124481
0.33692764551520027,-0.7673423414538704,1.2899479755181344,1.318226717088697,-0.7209985743409802
-1.1309047478784908,-1.4655466935212158,0.34546783048535534,-0.7988397450451848,-1.0514404688939631
-0.4682832674321957,-0.8085344907045392,1.249081046165755,1.167007684079134,-0.3639670761621566
-0.8457258828762881,-0.8392094954656757,0.35000860041339726,-1.1012778110643109,-0.9708019676341553
-0.9799277017008541,-0.6455187511167857,0.8903602218504203,2.376759948155638,-0.6905375001567878
0.018198325806856066,1.8169365890696347,-0.6943684830363103,-0.3451826460164959,0.6112491100667852
-0.18310440242999293,0.343711486457476,1.7349434284662708,1.167007684079134,-0.5253890270788202
-0.30891860757802364,-0.19317842880718739,1.1900510371012059,1.167007684079134,-0.6232865002661516
-0.9463772469947126,-1.3637262995661832,0.6633217254483099,-1.1012778110643109,-1.010642551464507
0.19433821301409918,1.1908571641633479,-0.22212841051992072,-0.3451826460164959,1.9126076168851245
0.5046799190459078,-0.6247937899168245,0.9493902309149689,2.074321882136512,-0.7026238368454861
0.3956409412509482,1.2101901503573413,-1.7569086461981873,-0.042744579997369934,1.9495795708111163
-0.3508566759607005,0.9392705704921784,1.4034672237191896,1.318226717088697,-0.6835007611140719
1.1337509447860614,1.6073670187267448,-0.49911537613049545,-0.042744579997369934,0.18326031519374858
-0.048902583605426736,-0.18910561304898607,-2.02935484188072,1.015788651069571,1.9059366197279817
0.07691162154260396,1.9949547259439273,-1.1756900954087843,-0.3451826460164959,1.4897543774284125
-1.1309047478784908,-0.8992706392416823,0.5588840171033392,-1.1012778110643109,-0.9327563843021252
-0.24181769816574084,0.4021744367081125,0.5770470968155077,2.074321882136512,-0.4327552032400879
-0.06567781095849773,0.08418547978930667,-1.8250201951188203,0.562131552040882,2.679232947083763
1.2008518541983448,1.063465673802393,-0.017793763758021337,-0.4964016790260589,0.5098897298150851
0.7143702609592923,0.9022543462594121,-0.7443169522447747,0.562131552040882,1.3362540249550459
1.897023789350781,-0.0789333690581482,-0.1358537818871188,0.10847445301219306,0.3924899554389476
0.42080378228055404,-0.09470908579244693,1.2672441258779235,1.9231028491269488,-0.5203461712187469
-0.24181769816574084,-0.010107938207531175,1.1991325769572903,-0.042744579997369934,-0.642699472791661
-0.03212735625235633,1.2438037690199648,-1.5434924595802033,0.10847445301219306,1.1379056271672778
-0.778624973464005,-0.9017452614745134,1.0992356385403617,1.318226717088697,-0.29430925870194
-0.41795758537298394,-0.7743537711135586,1.2354587363816278,1.620664783107823,-0.5261053418316715
1.276340377287163,0.49858159452882694,0.06848086487478056,-1.252496844073874,0.3915494763046158
-0.6611983819925098,-0.014747854894089625,0.5134763178229171,2.225540915146075,-0.6478721080304861
-0.7618497461109344,-1.0442422583817086,1.348977984582683,-0.9500587780547479,-1.022302470194449
-0.36763190331377155,-0.9845935516445071,0.6678624953763519,-0.7988397450451848,-0.983055163524106
-0.8121754281701464,-0.3530493359740513,0.49985400803879065,1.46944575009826,-0.4527142604242415
-0.26698053919534676,1.27597385804677,-1.316453963178093,0.562131552040882,0.42690171616592487
-0.25859292551881125,-0.001962306691128561,1.0946948686123197,1.167007684079134,-0.5690033255718402
-0.29214338022495323,-0.6968671624480325,0.2728155116366802,0.10847445301219306,-0.4528288707846978
-1.3154322487622692,-0.9213875754476109,0.8585748323541247,-0.9500587780547479,-1.002075427020405
0.4543542369866961,-0.7599700293852274,0.46806861854249504,0.41091251903131903,-0.5932265623435559
-0.49344610846180226,1.711146488616102,-1.0258446877833918,0.864569618060008,2.392462656204028
1.2260146952279507,0.47950638148408664,-0.34018842864901816,-1.252496844073874,-0.10605837075965946
1.335053673022911,0.3130364816963396,0.34546783048535534,-1.1012778110643109,0.4329710089306722
0.44596662331016057,-0.18699187322510943,0.9539310008430115,2.830417047184327,-0.5743664162626
-1.088966679495814,-0.5253964635647724,-0.22666918044796297,-1.554934910093,-0.9853945632345945
0.44596662331016057,0.013658746153618223,-0.8805400500860409,1.167007684079134,0.40359536227785886
1.0582624216972432,-0.15415157401024573,-1.0213039178553494,-0.042744579997369934,0.6005684357401525
1.6118449243485782,0.20611217938609264,0.11388856415520264,-0.3451826460164959,-0.2220086611653215
1.9054114030273166,0.5596738309018465,-0.512737685914622,-0.6476207120356219,0.7941116256211463
-0.7031364503751867,-1.3309891096110207,0.3636309101975244,-1.1012778110643109,-0.9958679276445194
1.301503218316769,2.2181862731972393,-1.6524709378532163,-0.4964016790260589,1.3466498588270153
-0.2753681528718822,1.1888980882290232,-0.19034302102362513,0.41091251903131903,0.09682893439147
-0.25020531184227635,-0.7376984292897469,0.8131671330737026,1.318226717088697,-0.4967650895548816
-0.048902583605426736,2.2430356047852524,-0.7806431116691122,-0.042744579997369934,2.480095760344619
-1.6089987274410076,-1.4603396759063003,0.735974044296985,-0.7988397450451848,-1.018628196873941
-0.30891860757802364,-0.1772480481833367,1.3353556747985567,1.9231028491269488,-0.645529337427043
-1.3825331581745524,-0.8017808341941042,0.7495963540811121,-0.7988397450451848,-0.9492383654036146
-0.577322245227156,0.2589556749830083,0.9993387001234335,0.562131552040882,-0.5104441731646258
0.9995491259614958,1.2425664579035491,-0.6898277131082681,-0.19396361300693293,0.62379894453674
-0.7618497461109344,-0.06692114030294687,1.4443341530715699,1.318226717088697,-0.5255036374392763
0.6388817378704741,2.1039412134482003,-1.8704278943992425,0.41091251903131903,3.183370213801087
-0.996702929053925,-1.1678702607635658,0.70418865480069,-0.6476207120356219,-0.9796741578906477
1.720883902143538,0.10192027245793009,-0.6262569341156772,-0.4964016790260589,0.06515939508305539
-0.996702929053925,-0.30268046260996684,1.2263771965255439,1.771883816117386,-0.5361506028363628
1.0079367396380308,0.18781028578911207,-0.7988061913812813,-0.042744579997369934,0.23835418964363997
-0.6192603136098329,-1.1656018570501374,0.03669547537848529,-1.1012778110643109,-1.0095048750923312
-0.6108726999332974,0.31968702894707335,0.6406178758080988,1.318226717088697,-0.6353593533830316
-0.5521594041975495,-0.8387455037970198,1.2218364265975015,0.864569618060008,-0.7241537301464809
1.3937669687586582,0.7791934448059119,0.2818970514927642,0.10847445301219306,0.306387236699742
0.16917537198449267,0.3123147168784305,0.08210317465890737,1.167007684079134,-0.7895372553402716
-0.36763190331377155,-1.066823186256293,0.28643782142080676,-0.042744579997369934,-0.68617725012002
1.5782944696424368,0.053510475028170246,-0.17672071123949862,-0.042744579997369934,0.2739862136201804
-1.5167349769991185,-0.8444165130805913,-0.17217994131145634,-1.4037158770834368,-1.0153887687445757
-0.12439110669424563,0.5773570689406193,-1.0894154667759826,-0.042744579997369934,2.4093086937446135
-1.726425318912503,-0.9206142559998511,-0.04957915325431692,-1.1012778110643109,-0.9507502108937502
0.051748780512997465,1.187145230814101,-1.4890032204436967,-0.19396361300693293,1.620496146118835
-0.4598956537556608,1.911745553364979,-1.815938655262736,0.713350585050445,0.5564552450898526
-0.9547648606712481,-0.7748693174120651,0.8358709827139137,-1.4037158770834368,-1.0178141262254063
-0.5186089494914081,1.341448237957095,-1.997569452384424,-0.4964016790260589,1.7836861303901832
-1.4999597496460477,-1.2130836711425854,1.249081046165755,-1.554934910093,-0.9960398431852038
-0.342469062284165,-0.5469978534721945,0.20924473264408908,0.864569618060008,-0.4560565007887219
-0.7199116777282575,-1.2188577896858581,0.8631156022821673,2.5279789811652007,-0.6427803742225712
-0.9379896333181771,-1.290518725178261,0.4090386094779465,-0.7988397450451848,-1.068003351426363
-1.374145544498017,-0.8772568122954549,0.39995706962186195,1.167007684079134,-0.5395703737387989
1.0079367396380308,1.3237134452884713,-0.00871222390193679,-0.4964016790260589,0.7356064075012055
-0.015352128899285335,1.4225436707121664,-1.184771635264869,-0.3451826460164959,-0.27509011252131993
-1.0638038384662079,-1.0565638149160137,0.9857163903393064,-0.6476207120356219,-1.0142915430878552
1.0666500353737787,0.6631439730121,-1.0076816080712225,-1.1012778110643109,0.055097279613591045
-0.7534621324343989,-0.24143356234739527,1.1491841077488263,1.46944575009826,-0.7452403510239461
1.5028059465536185,0.3456705623918007,0.6042917163837613,-1.1012778110643109,-0.11041356445699549
-0.8792763375824295,-1.5125129613151576,0.9266863812747579,-1.4037158770834368,-1.012764528579424
-1.1057419068488847,-1.2165893859724297,1.580557250912836,-1.252496844073874,-1.0506044874412237
-0.040514969928891836,1.6019022279625759,-1.0440077674955603,-0.3451826460164959,0.7118635229755196
0.10207446257220987,1.244783306987127,-1.1166600863442357,-0.6476207120356219,1.1828092922154303
-0.7954002008170757,-1.2957772974230273,0.9130640714906313,-0.9500587780547479,-0.9848366804506091
-0.09084065198810364,0.7763063855342756,-1.3209947331061351,0.562131552040882,1.4659980093309082
0.06852400786606846,-0.8834433678775329,0.44990553883032597,0.713350585050445,-0.5105638398645138
0.697595033606222,-0.30953722838010317,1.5442310914884985,2.225540915146075,-0.5097683091272296
0.6556569652235451,0.06717245193859235,-1.1302823961283623,-0.3451826460164959,1.242588707872208
-0.15794156140038704,0.26983370188149536,0.4362832290461995,0.864569618060008,-0.5088210882069886
-0.42634519904951884,0.16213608012348865,-1.3754839722426415,-0.042744579997369934,1.1007213069851465
0.6388817378704741,1.125228120363471,-1.3709432023145993,-0.6476207120356219,2.332329296787018
-1.0050905427304602,-1.083733104847306,0.9811756204112645,-0.7988397450451848,-1.016285426270498
0.9072853755196064,-0.2127176335205835,-1.529870149796077,-0.9500587780547479,0.49830565617662137
-1.3238198624388047,-0.6288150510451752,0.8812786819943358,-0.042744579997369934,-0.8130778862886818
1.1505261721391324,0.42640511273791776,-0.9214069794384206,-0.3451826460164959,0.3819087224544756
0.23627628139677606,1.5816412584312707,-1.103037776560109,1.015788651069571,2.007778037672189
1.276340377287163,0.49636474544524906,0.045777015234569514,-0.3451826460164959,-0.448696156022365
-0.7870125871405406,-1.0672356232950981,-0.23120995037600525,-0.042744579997369934,-1.0321454776218648
-1.2147808846438448,-0.7605371303135846,1.2899479755181344,1.620664783107823,-0.758083453180951
0.873734920813465,0.738001295555243,-1.6116040085008365,-0.3451826460164959,0.3481037224593254
0.6724321925766155,1.6200494576700044,-1.0984970066320667,-0.042744579997369934,1.7761572409760962
1.4608678781709417,-0.3690828258576033,-0.925947749366463,-0.3451826460164959,-0.24665663044931593
0.9072853755196064,0.16053788659811852,-0.04957915325431692,-0.4964016790260589,0.8662537911888991
-1.1560675889080971,-1.2698453186081504,0.44536476890228405,-0.9500587780547479,-0.990909344108311
1.1924642405218093,0.09233111130570928,-2.015732532096593,-0.3451826460164959,0.28957322264222496
-0.8289506555232175,-1.2565957787365336,1.0901540986842777,-1.1012778110643109,-1.0034895166148574
1.6370077653781843,-1.0348077611190396,-0.4945746062024532,-0.4964016790260589,0.20121369106991843
-0.006964515222749836,-0.3524822350456942,0.9720940805551799,0.713350585050445,-0.6678968976272543
-0.7702373597874695,-0.30778437096518113,0.49985400803879065,0.562131552040882,-0.7424711624617469
1.6453953790547196,0.8446678247162367,-0.17672071123949862,-0.6476207120356219,1.0888962145004293
1.2176270815514152,0.34644388183956043,-0.2947807293685961,-0.19396361300693293,-0.01397568791900353
-0.5689346315506205,-0.8793705521193316,0.4272016891901149,-1.1012778110643109,-0.9650377406817987
-0.14116633404731604,-0.3478423183591357,1.371681834222894,1.015788651069571,-0.599017756439549
0.5717808284581912,1.103781394345601,-1.143904705912489,0.10847445301219306,2.164629057742422
0.43757900963362506,1.4096034586196535,-1.0394669975675181,-0.4964016790260589,1.6105604391351678
0.5130675327224433,1.5541110860910239,-0.9713554486468851,0.562131552040882,0.6754528227264677
-1.0134781564069957,-1.1429693745457021,1.3308149048705147,-0.7988397450451848,-1.0261739407528006
1.0666500353737787,0.16022855881901463,-0.771561571813028,-1.252496844073874,-0.040297305554954
-0.7366869050813282,-1.1949879960650076,-0.04049761339823238,-0.6476207120356219,-0.9705019581611962
1.712496288467003,0.6166932515166649,0.1956224228599626,-0.6476207120356219,-0.17800839542900035
-0.47667088110873124,0.9069973722056719,-1.6842563273495115,0.10847445301219306,1.8840359282019818
-1.047028611113137,-0.9307705180804291,0.2909785913488487,-1.4037158770834368,-1.059628367880673
1.2931156046402341,0.7036143574448598,-0.5944715446193819,-0.3451826460164959,0.10619664591228792
-1.2231684983203803,-0.6518599705884155,1.5169864719202448,-0.6476207120356219,-1.0296779839791015
1.0079367396380308,-0.3516573609680838,-1.8068571154066513,0.41091251903131903,2.3376502513158455
1.5028059465536185,0.020773285073007845,-0.03141607354214783,-0.9500587780547479,0.34321592767516346
-0.9883153153773895,-0.9420094273878706,0.46352784861445245,-1.1012778110643109,-1.0090986824913024
-0.6528107683159743,-0.4390424585649346,0.45444630875836856,1.46944575009826,-0.730710116943167
-1.4999597496460477,-1.0401178879936566,1.539690321560456,-0.6476207120356219,-1.0063800573234223
-1.198005657290774,-1.5984029746463395,0.422660919262073,-0.4964016790260589,-1.045672871048652
1.4860307192005475,0.09681636410271578,-0.43100382720986236,0.10847445301219306,0.31837244659980257
-0.13277872037078053,1.7092905219414787,-0.9531923689347163,-0.042744579997369934,0.46494224315852284
-1.2315561119969154,-1.3551682310109754,0.9266863812747579,-1.252496844073874,-1.024894686876532
0.5382303737520499,1.6638193384132058,-1.7886940356944825,0.10847445301219306,1.5944071200967511
-0.05729019728196223,1.3644416028704844,-1.3754839722426415,0.864569618060008,0.9569662060435125
-0.8121754281701464,-1.069040035339871,1.0447463994038557,1.167007684079134,-0.48524169198960054
0.5801684421347267,1.0632079006531399,-1.9612432929600867,0.25969348602175607,1.2969005351566334
-0.4431204264025898,-0.8155974749940782,0.7495963540811121,1.620664783107823,-0.6305878544058031
0.051748780512997465,-0.7423383459763053,0.708729424728732,0.25969348602175607,-0.6137317041863537
-0.17471678875345745,0.7212975954836326,-2.0883848509452685,-0.19396361300693293,0.81826744453377
-0.6444231546394388,-0.1960139334489731,0.994797930195391,1.318226717088697,-0.3940708356931623
0.13562491727835127,0.6078774098122038,-1.298290883465924,-0.042744579997369934,0.7063049204933934
-0.48505849478526675,-0.7380593116987014,0.6088324863118033,1.015788651069571,-0.7830668263139275
-0.6947488366986513,-0.8671521048447277,0.35909014026948183,-0.3451826460164959,-0.9513333753748952
1.116975717432991,0.16791019866676138,-0.5763084649072128,-0.9500587780547479,0.7069403338153345
0.13562491727835127,1.7080016561952125,-1.0258446877833918,-0.3451826460164959,1.3340444046233093
-0.6192603136098329,1.4693552746165561,-1.584359388932583,-0.19396361300693293,1.8251245174810127
0.37886571389787715,0.03324950549686501,0.6587809555202679,-0.7988397450451848,0.22903029973123182
1.4860307192005475,0.058511274123683246,0.5679655569594237,-1.1012778110643109,0.7337810689662927
-1.0638038384662079,-1.8083334273981841,0.4090386094779465,-1.252496844073874,-1.0594918467160122
-1.2063932709673095,-1.4322424026376963,0.10934779422716036,-1.252496844073874,-1.0244497290065258
1.7544343568496799,0.42960149978865797,-0.3628922782892292,-0.6476207120356219,0.6729549910471133
1.4440926508178706,-0.13126131835655738,-0.7397761823167324,-0.6476207120356219,0.31066321441264516
-0.25859292551881125,0.4981176028601711,0.2909785913488487,2.074321882136512,-0.45407947207085225
0.23627628139677606,-0.2466921345921615,1.7667288179625664,1.46944575009826,-0.5263345625525839
-0.7870125871405406,-0.6980013643047468,1.0038794700514755,1.015788651069571,-0.48764682411270366
1.695721061113932,-0.13218930169386908,-0.6898277131082681,0.10847445301219306,0.1417393412255316
0.6053312831643327,2.0291354455349078,-1.5162478400119501,1.167007684079134,0.6212471785701121
-0.9296020196416419,-0.8287439056059939,1.249081046165755,-0.4964016790260589,-0.9866148264841577
-0.015352128899285335,-0.21797620576534976,0.46806861854249504,1.318226717088697,-0.773921593728113
1.1840766268452738,0.5160070594183465,0.8858194519223783,-0.7988397450451848,0.41409737927789775
-1.374145544498017,-1.3101094845215078,0.05031778516261179,-0.9500587780547479,-1.0188102250934892
1.0247119669911016,1.5063714988493224,-0.6080938544035084,0.713350585050445,0.5833229473844475
-0.10761587934117463,-0.05377470969103126,0.5906694065996348,0.864569618060008,-0.7400053542654611
1.8550857209681042,0.6636079646807559,-0.6943684830363103,-0.7988397450451848,0.0600524922568448
0.7982463977246461,2.326502550513454,-1.1666085555527,-0.4964016790260589,0.3998031077039401
0.9743862849318893,0.2642658018576252,-1.0757931569918557,0.10847445301219306,0.3044574004832369
-1.2986570214091986,-1.2442226675723778,0.9312271512028004,-1.252496844073874,-0.9797853973581493
-0.10761587934117463,1.441721993016608,-2.1110887005854795,0.41091251903131903,2.3903996697158165
0.026585939483391566,0.6870653212628014,-1.6887970972775541,1.167007684079134,1.5226020438244579
-1.2651065667030572,-1.1681795885426698,0.17291857321975154,-0.6476207120356219,-1.0250716587566482
0.9324482165492124,-0.06619937548503778,0.21378550257213103,1.620664783107823,-0.5969817370949739
0.3453152591917358,0.8617324071968017,-1.979406372672255,-0.3451826460164959,0.5698916244068659
-0.35924428963723604,-0.6435596751824609,0.6905663450165629,0.562131552040882,-0.719301329738342
-0.9883153153773895,0.5496206780809699,0.3817939899096929,1.015788651069571,-0.6491024839589131
-1.399308385527623,-1.323152805873722,1.0992356385403617,-0.7988397450451848,-1.0574440292460958
1.3266660593463755,0.13548233649070288,-0.4764115264902844,-1.1012778110643109,0.535345027961705
-0.015352128899285335,1.7631651101354073,-1.952161753104002,-0.042744579997369934,2.3680321095156045
0.6472693515470096,-0.17931023337736268,0.6996478848726474,1.9231028491269488,-0.6329103996515187
-1.1560675889080971,-1.1609103857337282,0.8358709827139137,-1.1012778110643109,-0.9756274008986572
1.033099580667637,1.0885727785396593,-0.6262569341156772,-0.6476207120356219,0.16636202881236664
1.7544343568496799,-0.20168494273254453,-0.43100382720986236,-0.7988397450451848,-0.07477816958750057
0.6640445789000805,1.2222023791125427,-1.5434924595802033,0.25969348602175607,1.0545822096691353
-1.7432005462655737,-1.451111397163034,0.994797930195391,-0.6476207120356219,-1.0810824160901893
1.0498748080207077,0.22054747574427447,-0.8487546605897452,-0.19396361300693293,-0.11342040097249374
0.7982463977246461,0.8389968154326652,-0.18580225109558315,-0.042744579997369934,0.16818231100784767
0.5130675327224433,2.3930080230207915,-1.2438016443294175,0.41091251903131903,0.9791584798100849
1.5950696969955072,-0.042020254085083183,0.5043947779668326,-0.3451826460164959,0.37433601143197914
-0.13277872037078053,1.3932606409569976,-1.3936470519548105,0.10847445301219306,1.6313133416101282
1.6789458337608612,0.9442198149578408,-0.2811584195844693,-1.1012778110643109,0.3976002291581127
-1.6928748642063614,-0.9721173312206499,0.11842933408324491,-0.7988397450451848,-1.0192754083212232
-1.239943725673451,0.26338937315016414,0.5588840171033392,1.167007684079134,-0.6657530097081323
0.04336116683646197,2.117190753319817,-1.529870149796077,0.713350585050445,2.168075795788495
-0.37601951699030706,2.4255389944565513,-1.2801278037537551,0.562131552040882,0.8794306117484088
-1.307044635085734,-1.1908120710471048,0.4907724681827061,-0.3451826460164959,-1.0086840626578875
-0.7199116777282575,-1.23963430551567,-0.00871222390193679,-1.4037158770834368,-1.0319516512769755
1.4608678781709417,0.2889604695560863,-0.4673299866341999,0.10847445301219306,0.04970890722567181
-0.07406542463503324,1.0064462531875746,-1.620685548356921,0.10847445301219306,1.1745404917978102
-0.06567781095849773,0.3377311493948007,1.0946948686123197,-0.042744579997369934,-0.6679643154863462
-0.9128267922885712,-1.1611681588829814,0.9266863812747579,-0.6476207120356219,-1.0216552587471668
0.42919139595708955,1.5550390694283356,-1.8976725139674955,0.562131552040882,1.2010154850631949
-0.03212735625235633,1.7169721617892255,-1.4980847602997813,-0.042744579997369934,3.0439315412878116
-0.3508566759607005,-1.1402369791636178,0.15475549350758244,-1.252496844073874,-0.9998455813309408
-0.42634519904951884,-1.0940955854472865,0.6769440352324364,-1.252496844073874,-0.9962690639061161
-0.48505849478526675,1.3577910556197508,-1.5934409287886673,-0.3451826460164959,2.066515847405997
0.06852400786606846,2.0194431751229858,-0.381055358001398,0.41091251903131903,0.3249760258978531
1.0498748080207077,0.324739382672437,-1.2801278037537551,1.318226717088697,1.5727221657198454
1.1505261721391324,0.08289661404304044,-0.4537076768500734,-0.6476207120356219,0.7751233856079159
0.88212253449,0.43310721461850216,0.1320516438673714,0.41091251903131903,0.6135750262054551
-1.2147808846438448,-1.229168715655988,1.4125487635752743,-0.6476207120356219,-1.096323908584388
0.49629230536937297,0.5946278699405869,-1.0984970066320667,-0.6476207120356219,1.2849422924002094
-0.25859292551881125,-0.55457638406024,1.2127548867414168,1.318226717088697,-0.5037816032398699
1.720883902143538,0.5537966030988726,-0.9895185283590539,-1.1012778110643109,0.3290497500334805
1.9725123124395993,-0.02645075587018705,-1.2801278037537551,-0.6476207120356219,0.3116542569412958
-0.19149201610652844,0.7603244502805743,-1.529870149796077,0.25969348602175607,1.2233189982972688
-0.711524064051722,0.22395008131441735,1.0946948686123197,1.318226717088697,-0.5269834594463434
-0.8037878144936113,0.3883062412782878,0.8449525225699982,0.713350585050445,-0.3101524555885339
1.9641246987630645,0.7631084002925093,0.10934779422716036,-1.252496844073874,0.4688895588083529
-0.7450745187578637,0.7588809206447561,1.3853041440070213,0.562131552040882,-0.4405217406074735
-1.038640997436602,-0.5312736913677465,0.03215470545044302,-1.1012778110643109,-0.9672237647628532
-1.2483313393499864,-1.2926840196319882,0.636077105880057,-0.7988397450451848,-1.0462931153522974
-0.35924428963723604,0.32582202989930065,0.6587809555202679,1.318226717088697,-0.5539725138873036
0.16078775830795777,-0.22952444285189524,1.1855102671731639,3.132855113203453,-0.49394533759836334
-0.9212144059651064,-0.952990563546059,0.7723002037213231,-1.252496844073874,-1.0155000082120773
-0.015352128899285335,1.9523706016872908,-2.406238745908223,-0.042744579997369934,1.822549155263702
-1.2063932709673095,-1.1739537070859425,0.31368244098905973,-1.252496844073874,-1.0793126972890272
-0.31730622125455915,-0.050423658750739044,-1.7069601769897227,0.41091251903131903,1.5005901128309564
0.22788866772024055,-0.6986715744928053,0.6179140261678878,2.679198014174764,-0.5723185987926839
1.10020049007992,-0.11765089607598593,0.11388856415520264,-0.4964016790260589,-0.19097622062532504
-0.5269965631679436,0.804042776393925,-1.1075785464881513,-0.19396361300693293,1.3573423312789885
0.5214551463989788,1.6131411372700175,-1.2755870338257131,-0.4964016790260589,1.4543246070291478
-0.9044391786120357,-1.4972012362495146,-0.04957915325431692,-1.1012778110643109,-1.0348118539489488
0.14401253095488675,0.18311881447270298,-1.2665054939696285,-0.042744579997369934,0.9394594734838264
1.2344023089044862,0.3448456883141903,-0.28569918951251155,-0.6476207120356219,-0.23737824759179474
-0.7954002008170757,-0.31752819600695387,0.636077105880057,0.713350585050445,-0.7864630009656816
-0.8121754281701464,0.17069414867869645,1.3989264537911477,1.167007684079134,-0.5292133051358076
-1.0554162247896726,-1.533908132703177,1.2218364265975015,-1.252496844073874,-0.9457848855716326
-0.37601951699030706,-0.5693725628273765,0.9130640714906313,0.25969348602175607,-0.6079539936621788
-0.42634519904951884,-0.4163068668007982,1.180969497245122,0.713350585050445,-0.676730322614769
-0.7954002008170757,0.013761855413319521,0.35000860041339726,1.318226717088697,-0.5330173578350674
-0.23343008448920533,0.5380724409944244,-1.230179334545291,0.562131552040882,2.4968255020782717
-0.7702373597874695,1.0033529753965358,-1.607063238572794,0.25969348602175607,1.3431694118513966
0.16917537198449267,1.7847665000428294,-1.8477240447590315,0.10847445301219306,2.1714230924924074
-1.1392923615550263,-0.967838296943046,0.8721971421382512,-0.4964016790260589,-1.042008710407008
-0.8121754281701464,-0.9510314876117343,0.4181201493340304,-0.6476207120356219,-1.0608991945245552
-1.047028611113137,-1.2327259851156829,0.708729424728732,-0.9500587780547479,-1.0026181407860948
0.6640445789000805,1.16642026961414,-0.9486515990066741,1.015788651069571,1.9686419704693474
1.7292715158200735,0.5334840789377167,0.1774593431477935,-0.042744579997369934,0.16443556348881605
0.5801684421347267,0.9069458175758213,-1.8795094342553267,-0.042744579997369934,2.1909152810023493
-1.1309047478784908,-1.2889720862827414,0.4317424591181575,-0.9500587780547479,-1.0530146759037589
-0.6276479272863681,0.0907844724101898,1.4307118432874433,0.864569618060008,-0.5218007115286544
-0.6108726999332974,-0.7840975961553314,1.203673346885333,1.620664783107823,-0.49634709882851186
-0.577322245227156,-0.042587355013440326,1.035664859547771,1.771883816117386,-0.6336351416367566
0.37047810022134225,0.03443526198342995,0.7768409736493651,1.9231028491269488,-0.4634033619832605
1.3434412866994458,0.11372628269372881,-0.24029149023208948,-0.4964016790260589,0.21267641256201683
-0.6528107683159743,-0.37413517958296694,1.4170895335033162,0.713350585050445,-0.6436247829076972
-1.399308385527623,-1.8675181424667295,0.3727124500536083,-0.9500587780547479,-1.0386496155777547
-0.342469062284165,1.3002560887064258,-1.716041716845807,0.10847445301219306,1.5206267005530656
-1.3909207718510879,-1.0206817925399618,0.05031778516261179,-0.9500587780547479,-1.06823594304023
-1.6257739547940786,-1.020784901799663,0.3817939899096929,-1.554934910093,-0.9861445869169918
-0.5857098589036912,-1.3209875114199947,1.7440249683223552,-0.6476207120356219,-1.020460277194763
1.1085881037564556,-1.2016385433157413,0.0003693159541474326,-0.4964016790260589,-0.2561389523305901
-0.6360355409629036,0.17894288945480036,0.636077105880057,1.46944575009826,-0.6136878825779439
0.8150216250777171,0.2520473545830213,-0.49911537613049545,-0.4964016790260589,0.7786661941031947
-1.5335102043521893,-1.092239618772663,0.6088324863118033,-0.6476207120356219,-1.0212743478432977
-0.35924428963723604,-0.6921241365017727,0.731433274368943,1.46944575009826,-0.6150564651175093
1.276340377287163,-0.01052037524633637,-0.47187075656224214,-0.042744579997369934,0.43550592043252706
-0.9044391786120357,0.08506190849676772,-0.3628922782892292,-0.4964016790260589,1.10671812555137
0.9408358302257479,-0.3661442119561163,-0.7352354123886901,0.562131552040882,0.1352082361260049
-0.09922826566463913,2.2321575778867655,-1.9203763636077065,-0.042744579997369934,1.1844846260138637
-0.6863612230221158,1.780745238914479,-1.9158355936796645,-0.042744579997369934,1.437999372450047
-0.6863612230221158,-0.2039533464459731,0.9085233015625894,1.620664783107823,-0.6839811133601017
-0.7282992914047927,0.9454571260742564,-1.3209947331061351,-0.4964016790260589,1.647727904852526
0.08529923521913886,1.3286626897541338,-0.6580423236119728,0.864569618060008,1.589103020032697
-0.08245303831156874,0.16414671068766398,0.3817939899096929,0.562131552040882,-0.6107821728510836
1.276340377287163,-0.018614452132888332,-1.1257416262003201,-0.4964016790260589,-0.0067552352102622365
-1.1309047478784908,-1.7132151353237357,-0.16763917138341408,-1.1012778110643109,-0.9909885600927439
-1.3154322487622692,-1.2852601529334946,0.05939932501869633,-0.7988397450451848,-0.9962437822089567
-0.30053099390148813,-1.6104667580313914,1.0038794700514755,-1.252496844073874,-1.0421182644280325
1.3769917414055879,0.32339896229632015,0.15929626343562472,-0.3451826460164959,0.7251414703236672
-0.42634519904951884,0.46177158881546326,-1.9203763636077065,-0.4964016790260589,1.1212786976687408
-1.198005657290774,-1.1361126087755657,0.2818970514927642,-1.1012778110643109,-1.0042327985113455
-0.12439110669424563,-0.43331989465151255,0.8540340624260827,1.318226717088697,-0.5733838009663357
1.5447440149362954,0.16492003013542372,0.12751087393932944,-0.042744579997369934,0.007766571638130546
-1.357370317144946,-0.9969151081788123,0.12297010401128718,-0.9500587780547479,-0.977162842639475
1.8215352662619628,-0.24504238643694073,-1.0757931569918557,-0.042744579997369934,0.2458190320915893
1.7712095842027504,0.3808308199499436,-0.771561571813028,-1.4037158770834368,-0.32000557569481336
-1.617386341117543,-1.202257198873949,-0.013252993829979062,-1.4037158770834368,-1.0218507705385333
-0.3927947443433774,1.1161545055097568,-1.2892093436098395,-0.19396361300693293,0.7509962192854064
0.13562491727835127,0.2849907630575863,0.6451586457361408,0.713350585050445,-0.45651325678406945
0.09368684889567437,1.7519777554578164,-1.3209947331061351,0.41091251903131903,1.267501292253138
1.8047600389088918,0.6317987580629052,-0.6989092529643526,-0.6476207120356219,-0.3986687336832291
0.4711294643397665,2.1431227321346937,-2.3653718165558426,0.10847445301219306,1.3413693550136432
-1.2483313393499864,-1.0769278937070204,0.6951071149446055,-0.19396361300693293,-1.028290861528286
-1.1644552025846326,-1.1405978615725723,0.7723002037213231,-0.9500587780547479,-0.9748099593571681
0.026585939483391566,2.1451849173287196,-1.933998673391833,0.25969348602175607,2.224747248141137
-1.1225171342019558,-1.8181288070698074,-0.03141607354214783,-0.9500587780547479,-1.0133729747577283
-1.0134781564069957,-1.2699999824977024,1.249081046165755,-0.7988397450451848,-1.0033159156276958
0.04336116683646197,-0.8140508360985588,0.7859225135054496,1.620664783107823,-0.5712180022430087
0.37047810022134225,-0.7093433828718897,0.8858194519223783,2.225540915146075,-0.6275877596762142
-0.8289506555232175,-0.3711965656814799,0.49531323811074807,1.620664783107823,-0.4591273842703575
-0.23343008448920533,-0.1332719489207327,1.249081046165755,2.376759948155638,-0.4768549103185696
-1.1392923615550263,-1.0651734381010722,0.9039825316345468,-0.7988397450451848,-1.0230019304825273
-0.09084065198810364,-0.15966791940426522,0.8631156022821673,1.620664783107823,-0.5230226602246949
-0.9128267922885712,-1.2156098480052673,1.1491841077488263,-0.7988397450451848,-1.0227592261897964
-1.5251225906756538,-0.2608696578010901,0.8449525225699982,0.864569618060008,-0.5268385110492958
-0.14116633404731604,-0.5491115932960712,1.2445402762377125,1.167007684079134,-0.6730577347407384
0.873734920813465,0.8652381220266459,0.31368244098905973,-0.042744579997369934,0.4189952867409237
-0.6024850862567619,0.4194967923379307,1.0492871693318977,1.318226717088697,-0.2191585711722118
0.8066340114011816,-0.6034501731586557,0.9039825316345468,-0.6476207120356219,0.614090772827508
-0.09084065198810364,0.9075129185041784,-1.411810131666979,-0.4964016790260589,1.6450783829902147
0.5550056011051203,1.6916588385325566,-1.361861662458515,-0.19396361300693293,2.1110217470855073
1.737659129496609,-0.5623095785378375,0.36817168012556634,-1.1012778110643109,0.5098121992771295
-1.198005657290774,-0.967838296943046,0.6587809555202679,-0.4964016790260589,-1.0345809477815593
1.5028059465536185,0.7688309642059314,0.472609388470537,-0.6476207120356219,0.4851288356171117
0.04336116683646197,-0.7399152783733248,0.5588840171033392,1.167007684079134,-0.3136935786373353
-1.047028611113137,-0.9219546763759681,0.5089355478948746,-1.1012778110643109,-0.9897969494332949
-0.40956997169644843,-0.46770683276189573,1.4670380027117809,1.167007684079134,-0.6654664838069917
-0.4431204264025898,-0.6430441288839545,1.271784895805966,0.713350585050445,-0.8506397464817276
0.26982673610291746,-0.14296421933265482,1.180969497245122,2.5279789811652007,-0.6750077963149713
-0.560547017874085,-0.24658902533246022,0.8222486729297872,1.318226717088697,-0.3977349963348064
0.9240606028726769,-0.017789578055277942,-0.8305915808775766,-0.4964016790260589,0.2816061171440411
-0.49344610846180226,0.740063480749269,1.2627033559498815,1.167007684079134,-0.6226780540878474
0.6556569652235451,-0.8010590693761951,0.9039825316345468,1.318226717088697,-0.49473244110326114
-0.17471678875345745,-1.2873223381275207,1.1219394881805727,-0.6476207120356219,-1.031290956257875
0.2866019634559885,1.1466748463813412,-1.448136291091317,-1.252496844073874,1.704601610782443
2.1151017449407012,0.0954759437265989,-0.6307977040437195,0.562131552040882,0.6160442052946955
-1.0638038384662079,-0.8330744945134484,0.6179140261678878,-0.7988397450451848,-0.9393228837776751
0.9492234439022834,-0.09986454877751187,-0.25845456994425825,-0.9500587780547479,0.2474623424069541
0.5466179874285848,1.098780595250088,-0.9077846696542942,-0.9500587780547479,0.1807928215509854
-1.1476799752315616,-1.3746043264646701,0.5679655569594237,-0.7988397450451848,-1.0582294473045164
2.3080168595010147,0.7936802957939444,0.23194858228430013,-0.042744579997369934,-0.16255790757161676
-0.21665485713613433,-0.3816621555411618,1.1491841077488263,2.225540915146075,-0.5863330862514102
0.8317968524307882,1.1520365278858087,-1.9022132838955377,-0.19396361300693293,1.8611458795938083
-1.2063932709673095,-1.4605458944257028,0.7859225135054496,-0.9500587780547479,-1.0015563095053974
-1.416083612880694,-0.6160295028422141,0.708729424728732,-1.252496844073874,-1.014573012649564
0.051748780512997465,1.3192797471213156,-1.9476209831759599,-0.19396361300693293,1.3826004321877647
-0.9715400880243188,-0.21390339000714845,0.7859225135054496,1.9231028491269488,-0.34677552209372503
-1.5838358864114017,-0.9461337977759227,0.8676563722102093,-1.252496844073874,-1.0350747835994074
0.8653473071369295,0.5191003372093854,-1.4980847602997813,-0.4964016790260589,0.53100163238971
-1.4915721359695124,-1.4391507230376834,0.28643782142080676,-0.6476207120356219,-1.004394601373166
-0.09922826566463913,1.408469256762939,-2.692307251374882,-0.042744579997369934,1.072373782683485
-0.7534621324343989,-0.8590580279581757,1.1900510371012059,1.167007684079134,-0.7757519886024578
1.4692554918474765,0.3654675402544501,0.2818970514927642,-0.3451826460164959,0.125267472802906
-1.7432005462655737,-1.7860618273027036,0.10480702429911841,-1.4037158770834368,-1.008829011054935
0.42080378228055404,1.4395051439330302,-1.979406372672255,-0.19396361300693293,1.3273717220196894
-1.1476799752315616,-1.2356130443873192,0.7904632834334916,-0.6476207120356219,-0.9763470865444631
-1.2567189530265217,0.35989964023057996,-1.8613463545431579,0.25969348602175607,0.8362865528225545
1.1756890131687383,0.2980340844098006,-0.3946776677855245,-0.19396361300693293,0.46269554300428567
-1.2231684983203803,-1.0223315406951825,0.5815878667435502,-0.6476207120356219,-1.036461906050223
0.16078775830795777,1.7277470794280112,-1.602522468644752,-0.6476207120356219,1.44553668909652
0.12723730360181576,1.3623278630466078,-2.0565994614489727,-0.3451826460164959,1.2990343103968915
-0.08245303831156874,-0.32495206270544735,0.726892504440901,1.46944575009826,-0.6467630842484245
-0.09922826566463913,-0.4925046097200581,1.081072558828193,0.41091251903131903,-0.5872465982421053
-1.0805790658192789,-1.336969446673696,1.040205629475813,-1.1012778110643109,-0.9931004245287973
-1.2986570214091986,-0.41146073159483715,0.8358709827139137,1.015788651069571,-0.8327268213210127
0.49629230536937297,0.5878226588003012,-1.339157812818304,0.562131552040882,1.5547620480577662
0.3537028728682713,1.0260370125308216,-1.602522468644752,0.25969348602175607,1.592136823691832
-0.22504247081266984,-0.8671521048447277,0.8086263631456607,1.167007684079134,-0.8743000441300258
-0.47667088110873124,-0.3787750962695254,0.9720940805551799,1.771883816117386,-0.6268225669755212
0.24466389507331157,-0.04253580038358968,0.8812786819943358,1.318226717088697,-0.5759406232723955
1.2176270815514152,-0.16508115553858344,0.20016319278800454,-0.7988397450451848,-0.15562903710344794
0.5214551463989788,1.0968730739456138,-0.7216131026045636,-0.6476207120356219,1.1922511633812494
-0.25020531184227635,0.0111325692909364,0.9130640714906313,1.46944575009826,-0.5978514274772593
0.9743862849318893,2.0364046483438494,-0.8215100410214923,-0.3451826460164959,1.07118554291699
1.5615192422893658,0.18280948669359906,0.17291857321975154,0.10847445301219306,0.1089894307251695
0.13562491727835127,0.9498908242414122,-1.6615524777093005,-0.3451826460164959,0.736278900645647
1.737659129496609,-0.15038808603114834,-1.0213039178553494,-0.9500587780547479,0.47618922750152737
-1.3238198624388047,-1.1536411829247866,1.1446433378207836,-0.6476207120356219,-1.0643358198917643
-1.1057419068488847,-1.421106602589956,0.35909014026948183,-0.6476207120356219,-0.9738509403115859
-0.23343008448920533,-0.125435645183434,0.6814848051604789,0.864569618060008,-0.46365449350837784
-0.35924428963723604,-1.5007069510793587,0.5225578576790016,-0.6476207120356219,-1.0460942326679763
1.3434412866994458,-0.1493054388042847,0.6224547960959298,-0.4964016790260589,-0.1519395947646443
-0.7702373597874695,-0.7348629246479612,0.35000860041339726,-1.554934910093,-1.0065705127753566
-1.3238198624388047,-0.9445356042505525,0.26827474170863763,-0.7988397450451848,-0.999211853455477
-1.4999597496460477,-1.3946075228467223,1.299029515374219,-0.9500587780547479,-0.9796691015512159
-1.1392923615550263,-1.1752941274620594,0.9720940805551799,-0.4964016790260589,-1.096323908584388
-0.3927947443433774,-0.6033470638989544,0.45898707868641053,0.864569618060008,-0.5789356616625527
0.37047810022134225,1.2860785654974973,-1.402728591810895,0.25969348602175607,2.4053462090764874
0.26982673610291746,-0.3081452533741357,1.01296100990756,1.015788651069571,-0.646402398702283
1.6034573106720427,1.0945531156023347,-0.05411992318235887,-0.6476207120356219,-0.07949910517040995
-0.10761587934117463,2.5110165707489283,-1.3845655120987261,0.713350585050445,1.5294163039321704
1.8299228799384983,-0.06712735882234946,-0.17672071123949862,0.41091251903131903,0.7347013227428968
1.8215352662619628,0.5847809356391128,-0.8169692710934501,-0.6476207120356219,0.15287508610103442
-0.5018337221383378,-0.852098152928338,0.8222486729297872,1.620664783107823,-0.5516533395345427
0.009810712130320566,1.2287498171035751,-1.1666085555527,0.864569618060008,2.135369706896543
-0.4598956537556608,1.99438762501557,-1.7796124958383983,0.10847445301219306,2.070048543222412
0.08529923521913886,0.20425621271146924,0.5588840171033392,0.10847445301219306,-0.5011303959310813
0.14401253095488675,-0.6048421481646232,0.8721971421382512,1.015788651069571,-0.4844090814298157
0.14401253095488675,-0.05563067636565464,0.5498024772472547,1.015788651069571,-0.7414834908260508
0.2866019634559885,1.491575320082186,-1.6116040085008365,-0.6476207120356219,1.8257498181240897
-0.887663951258965,-0.5591131914870971,1.4488749229996118,2.225540915146075,-0.5131678546719382
-0.09922826566463913,1.3927966492883417,-1.3936470519548105,-0.3451826460164959,-0.4585914122905769
-0.08245303831156874,0.840801227477438,-1.7296640266299337,-0.4964016790260589,1.899317871411636
-1.0134781564069957,-1.0938378122980332,-0.08136454275061218,-1.1012778110643109,-1.086745516253908
1.2511775362575572,-0.308093698744285,0.05485855509065406,-0.4964016790260589,0.21483209860647995
-0.8373382691997526,-0.8697298363372601,1.035664859547771,-1.554934910093,-1.0269559879182666
0.10207446257220987,1.2075608642349582,-0.8215100410214923,-0.4964016790260589,2.063293273741405
-0.41795758537298394,0.15058784303694317,0.5043947779668326,1.620664783107823,-0.3845564903288194
-1.508347363322583,-1.4447701776914041,0.6269955660239723,-1.1012778110643109,-1.0398901041850455
-1.239943725673451,-1.358777055100521,0.08210317465890737,-0.6476207120356219,-0.9960499558640674
-1.0554162247896726,-0.8694720631880068,0.49985400803879065,-0.6476207120356219,-1.005835658111255
0.051748780512997465,-0.7477515821106235,1.4806603124959075,-0.042744579997369934,-0.6038145371139368
0.8066340114011816,-0.25762171612049917,-0.5808492348352551,-0.7988397450451848,0.6583067757129232
-0.30891860757802364,2.4914773660355323,-1.6388486280690895,-0.3451826460164959,1.750002482541398
0.18595059933756367,0.4531619656304048,0.6542401855922253,1.015788651069571,-0.26203632955465306
-0.2837557665484177,-0.25401289203095373,0.5725063268874657,2.225540915146075,-0.5230327729035587
0.19433821301409918,0.24983050549944336,-1.1711493254807421,0.41091251903131903,2.767127295428335
1.8383104936150338,0.9646870030085487,-0.6307977040437195,-0.042744579997369934,0.0909096463632022
-1.198005657290774,-0.7951302869433704,0.7632186638652386,1.771883816117386,-0.6711481238819607
1.4524802644944061,0.4086187654394437,0.39995706962186195,-0.6476207120356219,-0.10958095389721073
-0.8289506555232175,-1.0641939001339098,0.35000860041339726,-1.1012778110643109,-0.9457511766420867
-0.14955394772385153,-0.4908548615648373,1.3807633740789786,2.376759948155638,-0.58895227007713
1.4524802644944061,0.1780664607473393,-0.2811584195844693,-0.3451826460164959,0.6541504646999083
-0.06567781095849773,1.807192764027862,-1.2029347149770377,0.25969348602175607,1.781383810502195
1.519581173906689,1.178020061330536,-1.3482393526743883,-0.19396361300693293,1.905680431863433
-1.0134781564069957,-0.8914343355043836,0.8040855932176181,-0.7988397450451848,-0.9804915994321369
-1.483184522292977,-1.6227883145656967,0.8222486729297872,-1.252496844073874,-1.0303521625700205
-0.24181769816574084,-0.4293501881530125,1.326274134942472,1.015788651069571,-0.517261804165293
-1.3154322487622692,-0.9993381757817928,0.6587809555202679,-0.3451826460164959,-1.077746917511618
-0.3256938349310946,1.600716471476011,-1.3709432023145993,-0.7988397450451848,-0.013239147808424513
1.2344023089044862,0.49502432506913213,-0.03141607354214783,-0.9500587780547479,-0.4979988363762632
-1.5335102043521893,-0.9864495183191305,1.1764287273170793,-0.7988397450451848,-1.0032636667868995
0.10207446257220987,-0.507970998675253,0.6996478848726474,0.713350585050445,-0.7276662006051682
-1.4076959992041584,-1.162405469999397,0.9266863812747579,-0.9500587780547479,-1.0608553729161456
-0.03212735625235633,2.1509590358719923,-1.7251232567018917,-0.19396361300693293,2.921234408633528
0.21111344036716956,1.6270093326998423,-1.9657840628881287,0.562131552040882,1.5559839967538067
-0.7366869050813282,-1.3306282272020662,0.44990553883032597,-0.7988397450451848,-1.037346765450804
-1.416083612880694,-0.8479737825402861,0.4362832290461995,-0.4964016790260589,-0.9142147876053787
1.3434412866994458,0.4741962546094698,-1.139363935984447,-0.6476207120356219,0.6905274560194141
0.13562491727835127,0.16842574496526788,1.4034672237191896,1.318226717088697,-0.7648100700718442
-0.7534621324343989,-0.7624446516180586,1.3943856838631052,-0.4964016790260589,-0.9872047327512118
1.9305742440569225,1.2345754902766986,0.7632186638652386,-0.19396361300693293,0.6465170776042294
1.477643105524012,0.48239344075572305,-0.26753610980034276,-0.4964016790260589,0.3064378000940611
0.11884968992528086,-0.9164383309819485,1.035664859547771,1.620664783107823,-0.7854197095962345
-0.21665485713613433,0.8334804700386458,-1.8250201951188203,0.25969348602175607,1.626910955411428
0.43757900963362506,1.1079573193635035,-1.0213039178553494,-0.3451826460164959,1.4492075915240734
-0.5186089494914081,1.08862433316951,-1.0757931569918557,0.713350585050445,1.6560101888419645
1.1505261721391324,-0.4466209891529801,0.3636309101975244,-0.4964016790260589,0.44869116822442306
-1.0134781564069957,-0.016191384529907808,1.1264802581086153,-0.19396361300693293,-0.5937557925374272
-0.9212144059651064,-1.0061433869220786,0.35454937034143985,-0.9500587780547479,-1.045733547121835
-0.36763190331377155,1.028460080133802,-0.925947749366463,-0.7988397450451848,1.7931718231644116
-0.05729019728196223,-0.8716889122715848,0.39995706962186195,1.9231028491269488,-0.9751301941878546
-0.015352128899285335,0.17466385517719646,1.7485657382503978,0.713350585050445,-0.61766890715732
-0.8625011102293588,-0.3357785349740838,0.8812786819943358,2.074321882136512,-0.6474810844477531
0.051748780512997465,-0.5273555394990971,1.3308149048705147,1.46944575009826,-0.6522037054771399
0.5801684421347267,1.3982614400525106,-1.4980847602997813,-0.042744579997369934,0.7897850845139244
2.257691177441803,-0.9220062310058187,0.6769440352324364,-0.042744579997369934,0.17859499934458983
1.2176270815514152,0.1105814502728392,0.4816909283266216,-0.4964016790260589,-0.09196129642354565
-0.8121754281701464,-1.0043905295071565,1.4443341530715699,-0.6476207120356219,-1.0020282345190408
1.2176270815514152,0.191058227469703,-0.662583093540015,-0.9500587780547479,-0.02379004275630514
1.0918128764033845,1.023768608817393,0.26827474170863763,-0.3451826460164959,-0.1972460815208708
-1.0134781564069957,-1.0784745326025398,1.0265833196916865,-1.1012778110643109,-1.0345556660843997
-0.015352128899285335,-0.18905405841913542,1.535149551632414,0.562131552040882,-0.5336645692823495
0.7898587840481113,0.2918475288277227,-1.0984970066320667,-0.6476207120356219,0.5044693339440972
-0.41795758537298394,0.030517110114780595,0.7132701946567739,1.167007684079134,-0.8710083671598644
-0.8541134965528233,-1.491427117706242,0.49985400803879065,-0.9500587780547479,-1.0290543687825016
0.06852400786606846,0.6759810758449117,-1.470840140731528,-0.6476207120356219,0.9511463593574053
1.7460467431731446,0.7033050296657559,-0.9304885192945053,-0.6476207120356219,0.4047785457049216
0.43757900963362506,1.9071056366784207,-1.6524709378532163,0.713350585050445,1.114471179346937
2.1318769722937723,0.5839560615615025,-0.6580423236119728,1.015788651069571,0.059629445191043164
-0.2837557665484177,-0.3231992052905253,0.7768409736493651,0.25969348602175607,-0.6548060348380869
-1.2147808846438448,-0.9612393043221629,1.1264802581086153,-1.1012778110643109,-1.0620335000037762
1.0247119669911016,0.25673882589943037,-0.7397761823167324,-0.6476207120356219,0.29364863222432963
1.1673013994922035,0.4236727173558333,0.5316393975350856,-0.7988397450451848,0.48075341656204823
0.026585939483391566,1.3500063065123027,-1.3436985827463461,0.25969348602175607,1.4595730873594512
0.8988977618430709,-0.43991888727239564,0.29551936127689127,1.015788651069571,-0.7721215368903596
-0.24181769816574084,-0.03191554663435589,0.9584717707710534,2.5279789811652007,-0.5755260034389805
1.3769917414055879,-0.4718827577797983,-0.7352354123886901,-0.6476207120356219,0.2925716319253368
1.0582624216972432,0.939476789011581,-0.4219222873537778,-0.3451826460164959,0.6511520554167967
0.16078775830795777,0.9644292298592954,-1.1802308653368268,1.318226717088697,1.005697520041607
-0.48505849478526675,-0.2699432726548044,0.6905663450165629,1.46944575009826,-0.6389813778627433
1.1337509447860614,0.7917727744894704,-0.31294380908076486,-1.1012778110643109,0.397856417022662
1.259565149934092,0.208999238657729,-0.6535015536839305,-0.6476207120356219,0.5687252954445762
-0.4598956537556608,0.1004767428221119,1.4534156929276543,0.10847445301219306,-0.7337017844403695
-0.16632917507692252,0.9581911196473668,-1.0303854577114335,0.25969348602175607,1.9015881678165552
-0.30891860757802364,0.23678718414722905,0.5679655569594237,1.620664783107823,-0.6196543631075762
-1.2483313393499864,-1.2727839325096375,1.0946948686123197,-0.6476207120356219,-1.0447677862903435
1.2344023089044862,0.5383302141436777,-0.44462613699398884,-0.6476207120356219,2.9078738744079935
0.20272582669063466,1.362894963974965,-1.3028316533939663,0.562131552040882,1.7544840847245313
-0.43473281272605435,-0.3963552250485969,0.7723002037213231,1.620664783107823,-0.616018855056046
0.09368684889567437,0.40743300895287876,0.7450555841530695,1.620664783107823,-0.4454870659295911
0.9995491259614958,-0.5192614626125451,-0.41284074749769356,-0.3451826460164959,0.432726619191464
1.737659129496609,0.39346170426335275,0.34092706055731337,-0.19396361300693293,0.2973700980462019
1.5279687875832244,0.05974858524009883,0.4272016891901149,0.10847445301219306,-0.5711101336684618
-0.03212735625235633,-0.42450405294705146,0.8994417617065048,1.9231028491269488,-0.38793243962284585
-0.10761587934117463,2.1801389563674602,-1.3482393526743883,-0.3451826460164959,1.9986159506216012
-0.7450745187578637,0.6060729977674311,-1.1257416262003201,-0.4964016790260589,1.0743659804196501
-1.5586730453817954,-0.8001310860388834,1.317192595086388,-1.252496844073874,-1.040013141777888
0.5717808284581912,0.18915070616522894,0.754137124009154,1.167007684079134,-0.6014431139203797
2.0312256081753475,0.730216546447795,-1.184771635264869,-0.3451826460164959,0.11885434895679006
0.12723730360181576,0.9590159937249773,-1.4208916715230635,-0.3451826460164959,1.1826188367634956
-1.1560675889080971,-1.1735412700471373,-0.00871222390193679,-1.252496844073874,-1.0234300338877609
-0.25020531184227635,-0.5839625230751102,0.6088324863118033,2.376759948155638,-0.7668814837924425
-1.0805790658192789,-1.2307153545515075,1.1718879573890373,-0.9500587780547479,-0.9971151580377194
1.0247119669911016,1.247876584778166,0.5588840171033392,-0.6476207120356219,0.12233479593240876
-0.6779736093455805,-0.8797314345282862,0.6088324863118033,1.167007684079134,-0.6792517505448056
0.009810712130320566,0.48925020652585943,-1.0258446877833918,-0.042744579997369934,1.9445619966482024
-1.239943725673451,-1.3134089808319493,0.30006013120493324,-1.252496844073874,-0.99758876849784
1.5699068559659013,0.2881355954784759,-0.22666918044796297,-0.6476207120356219,0.20055468149729525
-0.8541134965528233,-0.5069399060782399,0.8494932924980402,1.015788651069571,-0.6809810186305126
0.7646959430185047,0.22905398966963164,-0.5445230754109176,-1.1012778110643109,0.8500617068815048
0.22788866772024055,-0.5689085711587206,1.6168834103371736,1.318226717088697,-0.5950165065024454
-1.3322074761153402,-0.8157521388836302,1.0901540986842777,-0.9500587780547479,-1.0791846033567527
1.0582624216972432,0.34561900776195004,-0.512737685914622,-0.4964016790260589,0.18884757026598878
2.7777232253869966,-0.31469269136516814,-0.662583093540015,-0.19396361300693293,0.858212526045714
0.2866019634559885,-0.8069878518090198,1.249081046165755,1.46944575009826,-0.3272597373331006
-1.508347363322583,-1.3011389789274947,0.708729424728732,-0.19396361300693293,-0.9771173355845878
0.278214349779453,-0.19518905937136272,0.18200011307583608,1.318226717088697,-0.31827462216262925
1.158913785815668,0.7185136454716975,-1.3119131932500507,-0.4964016790260589,0.27127938657764095
-0.4598956537556608,1.4054275336017508,-1.8795094342553267,-0.042744579997369934,0.8961772079468338
-1.2651065667030572,-1.2357161536470205,0.3273047507731862,-1.4037158770834368,-1.0012647272648252
-0.4431204264025898,-0.5449356682781686,0.6088324863118033,1.46944575009826,-0.7985476522079026
-1.2483313393499864,-1.3157289391752285,0.9857163903393064,-0.7988397450451848,-1.016110139836859
0.23627628139677606,0.718152763062743,-1.7069601769897227,-0.042744579997369934,2.068122077898861
0.3453152591917358,1.0677447080799969,-1.1983939450489955,-0.042744579997369934,0.2897788471124554
-0.6695859956690451,-0.3072688246666746,0.8494932924980402,1.46944575009826,-0.7788599519065939
