PC1,PC2,PC3
2.7859714146202554,0.05635842734156169,-0.8512736405874913
-1.2949614256364423,1.4819567298374472,0.41158399901769044
1.439508457088601,-1.117589359180727,1.0190816987622267
1.0804326586702442,-0.026586287648726798,1.5014343674324144
-1.664464837697085,-0.9567588589432122,-0.17934327347343346
-1.727735742409343,-1.0105525441521985,-0.3814751903982543
-2.3195136577552433,-0.8340546139973202,-0.3602276531436843
-0.43372724759434883,1.6898079497199223,0.13636071948441067
1.1890129721066853,-0.09804304448954679,0.773670337849455
0.7440850748306655,-0.7726536610458246,0.8558456010696028
-1.965159957045358,-0.9875574262113315,-0.797721957707444
-1.5046866567061392,1.7259585243088795,-0.1348200411545502
-0.7202798723124045,0.7824161002302704,-0.5145494146237524
-2.126544709459226,-0.6963193534743217,0.0195233459803627
-2.077328578326052,-0.9377608414744666,-0.6545567154922318
-1.476771461650332,-1.1026582406007277,-0.06408448297897477
1.995182283847279,-0.5769189221860473,-0.011244909034233664
1.6722406808642363,-0.2631978261274811,0.915226383262731
2.0061532753871325,-0.13851818327261148,-0.984603084838171
2.1650107418976696,-0.7944605772241957,-0.20177865161077296
0.16207961375882662,-0.6940088202089976,1.4240576908253546
-1.9772963401438424,-0.7969803590323443,-0.6795940430923262
2.145000858174443,0.2685495862107393,-1.3010889053112917
2.9530752238658966,-0.8133994605803688,-1.129567116781197
1.8985315728263947,-0.7091062676042826,-0.48901389061207146
-1.298792451268386,2.5373477114691223,-0.7469209930805276
-2.337340972894136,-1.3319635742145859,-0.345179266375395
0.8256336577131137,-1.1040261724916376,0.6955237258220661
1.2388888027899032,-0.057690323511529244,1.5146286419217119
-1.9594031914206271,-0.7245908536595228,-0.30555978923178495
0.4118562743066697,-0.5782527649807204,1.309015575016928
-1.8462558794019028,-0.8129946119970296,-0.8809209143635705
-1.4814654186011715,-1.2874937692381256,-0.4909639534628588
-1.5998127546530334,1.2526428170187924,-0.5361772848955091
-1.1406009257046525,2.6361181537501728,0.02088337684965164
-1.123300055689034,2.5583971832183825,-0.06442154359213417
2.81111736673391,-0.2580945817726413,-0.48473543064913216
-2.365046429377195,-0.763933778386078,-0.5759478200382425
1.1778478477903402,-0.40935053628137275,0.7004031772185709
1.609335269015271,-0.2616645655344281,-1.389129838537182
-2.429593982188465,-0.9993738428464426,-0.873378048340801
3.1374039739257817,-0.4491194202292163,-1.0098310911398014
-2.5084092106903113,-1.033567355435642,-0.699479906403966
-1.2428754120640317,2.629464967736216,-1.2374283485686253
1.4072732241222599,0.6571207770525278,-1.128199406265324
1.504755690045747,0.40191342187568835,1.297774167710416
2.0280608865932366,0.15678461908983637,-0.6392000256949264
0.5647349583545431,-0.38570121562618886,1.4184446342415014
1.8513706201307807,-0.3595172637720264,1.0135401074661463
-1.9254725238698511,-1.2577800521679285,-0.3971896477459802
-0.9681895064419707,1.0186955636234631,-0.013517855801997606
-1.48559014549078,2.1338434130351467,-0.186184220675885
-1.1278455334227808,1.7862256623812414,-0.2227106805673828
-1.129369206880402,1.023284259403991,-0.4371187818823403
1.2928621690404198,-0.9847059009299026,1.4954999230704689
-1.0342690426214984,1.7940131136874722,0.3203348059948322
-2.2964017166598376,-0.8658946044201847,-0.7126229676915148
-2.156535459038897,-0.9722394270198088,-0.05319890352413939
-1.8301558088609515,-1.2256632239167928,-0.23031358766771265
3.048821706178102,-0.0024322401339700373,-0.7063443999596721
1.0119737558254847,-1.504151010849822,-0.6564116195866844
1.80425792125319,-0.2834952276837457,-0.9990317245120167
-1.0991273090090086,0.583558143162414,0.29714227185146413
2.0470940833118063,0.05020885165374259,-0.3166133433887802
2.0955285075160863,-0.30851083248175065,-1.1340837404599229
0.9519932533653283,-0.8557898279760404,1.271682177927191
-2.1623786730020296,-1.0257450830495738,-0.16971236811495805
-0.6314139069840233,0.9447722598037912,-0.3703739609610513
-1.9400303461584902,-0.4154747495543332,-0.26812325837576007
-1.3002453358134087,1.3443769610712348,0.6503240216889028
-0.7744289348944737,1.8084034785660632,0.14521174258414182
-1.8325754000813517,-0.7639980220407148,-0.10875042578322086
-2.1185587142507716,-0.9306922611898085,-0.42569320119970383
-1.2408202550046732,2.053455169548104,-0.05451054106102208
1.561833983063546,-0.7533994706451916,1.1474608013853047
1.5446134214218858,0.12895413097472885,0.9525182850795856
-1.1192053795035657,0.7380735640752015,-1.365123564485623
-2.142243831144855,-0.8389573663623335,-0.3844333180047565
3.048507417472638,-0.1526695872099956,-1.4872514116801232
-1.7738404032434834,-0.8207790941203721,-0.6245704713042304
-1.135107943389338,3.675662476010751,-0.06312932580146284
1.0012688649216133,-0.6072617252672821,1.0513871034425992
3.0814406852735323,0.5047591304594522,-1.1175829843094962
-1.8667486056142446,-1.4418786857095978,-0.5175433939287145
2.0009628940818955,-0.4292919381821199,-0.5407507153046106
1.4230461791129538,-0.334083610734371,-0.8669193398866887
0.7592950145750172,-0.8721976945105397,1.21125764314742
0.6708809921103165,-1.2575288010766306,1.2441728030206112
-0.5554500718707109,2.0408932962155863,0.11836126413528382
1.491297108382089,0.35547964331325377,-0.6035667807253917
-1.5443850988001484,-1.0639006997469942,0.058323323938596495
2.033532438568408,-0.6719936987250502,1.341691114545615
-0.8550413057250309,2.214603147395987,-0.31433451075900937
0.7192033648689152,-0.9731067648519496,0.539236420700879
-0.5035950736415715,1.581070154697214,-0.8936118533555126
3.0130554062083905,0.018664081664631883,-1.1417360672188663
1.0121489935782548,-0.3211035815488341,1.3041529879062135
2.7462483148918855,-0.08465677750103219,-0.27098529865783644
-2.0780891426203625,-0.6772954875706954,-0.6718711609816739
-1.6764163325140278,-0.8942638479663518,-0.8287074993111134
-1.9869306186026752,-1.1653980620529105,-0.756624815764038
1.4003194146071303,-0.5486220327647333,1.013849708931346
3.3268339419265405,1.6645279609260695,-0.47877163026847075
0.65789413088939,-0.40509293466393864,0.8976698847763629
-0.5630917873155626,2.038291589567229,1.0896813324669756
-2.5443191148548174,-0.9931995374146743,0.39476512768134275
1.256730157375652,0.16121880952264298,-0.7782740458752434
-0.6783080822751667,1.549390670994311,0.35168627029119404
-2.327494791388123,-0.29953575942529476,-0.029319738883948267
-1.9887643668119859,-0.25406745069531417,-0.2882823393162096
1.5834843995793464,-0.04625194706162534,-0.6020708172364803
-1.8492110071473344,-0.6413028564232911,-0.20508320181494868
-0.49764377424111295,1.625243976784093,-0.5165486711087971
-0.9781426806671948,0.7262927768148059,-0.7213393503244114
1.1751890971610612,-1.0333914883674133,1.2834798337368827
-1.2658139377774462,1.7929750256386647,0.036419539457365625
-0.611769189462929,0.6545412903433508,-0.32500314123086776
-1.7723092979093893,-1.204782125455068,-0.513286056828419
-1.3147866165669957,1.9932671707973206,0.1407889582720267
1.069817865571435,-0.9218654295586025,0.748116821438792
-0.8258805190701279,0.9726387367096155,0.7471963836905072
-0.6067641164852815,0.8930872595828495,-0.11958092151905111
1.8229842264230003,-0.4398513669409205,-0.8583835177944376
-2.259056591602034,-0.6569106594100134,-0.8036157652204101
-2.492214690653058,-1.1045329948510745,-0.025207580235176705
3.8864391232566518,0.03187308359645241,-0.7449602721026992
-0.818636225206649,1.6210230792815925,0.6157672158518473
-0.8078684328362117,1.4805687500524038,0.05065177964336711
-2.5745905547082693,-1.1439087521950735,-0.5959782883156043
0.5066244363499377,-0.9456715909815606,0.6187071147536884
3.0912987425966603,-0.11781223675830055,-0.346238074348153
-1.6722739132595514,-1.1146187983576383,0.014384350500350073
-1.7714263079320045,-1.080325065139148,0.1652613094608575
2.8174184006655163,-0.7726477086342282,-1.0660684681964334
-0.817849406093291,1.1637194889214313,-0.3843371307904279
1.898709452394655,-0.43199148940241416,-0.3283675379558745
0.8417952014682207,-0.2873864792598428,1.3369236599118601
0.4897679652761974,-0.02957357656018055,0.8267592523643844
1.7339651590273775,-0.7164858544052426,-0.9617254579799478
-0.4993625354041628,2.2927582599394145,0.4428571420979441
-1.4164811752913566,1.9594115998128563,-0.20102966008189804
1.9724567935519384,-0.17697103056380703,-0.3349919054488576
2.588559654194929,0.25112762096229896,-1.159509810098564
2.5624245045372223,0.29082745312518293,-0.17556958634858674
2.4128201000655665,0.756992370068128,-0.7831672916196865
-2.702561789544436,-0.8189824039912024,0.23039033905087977
1.4337532685608005,0.2633864987993476,1.177978635019544
0.730391080180085,-0.7293299014339366,1.7439397361900875
-1.5841973555429958,-1.032932302860721,-0.31878121566899115
2.151535065305294,0.24744330169081535,0.02689439832674754
-1.1356470384282684,1.6507797308609933,0.4236380437577579
-1.8645050036485442,-1.5464642323527154,-0.08385786546327235
-1.4137875491715306,-1.602709459741381,-0.8199742334521078
2.3512506436959355,-0.553444572317307,-1.4417262966158872
-0.6231285777912247,0.9809031042166474,0.982691169916028
-2.192238329987874,-1.0985790577677559,-0.6119679196429021
1.3195683737014443,0.414834971343956,1.4335010316119923
-0.25798682275507384,0.8465905568695815,-0.4745269675236624
-2.146343312239736,-1.1325176986245775,-0.8329323741794572
1.0510899264600633,-1.0862713962775723,1.2121889899606508
2.433472431846219,0.7873564977215187,-0.8505685613049576
0.628222118058535,-0.34458296169884084,1.5372526631096295
1.2544271152149236,-0.48382785510547077,1.146019391224136
1.4777173715392482,-0.526035174769261,1.159489069860326
-2.2308673827128733,-0.28254202970281483,-0.34977199245482365
-1.1156434282241046,0.7725435134989197,1.0563087817401502
2.4587602753872493,-0.2772315816286831,-0.6602131721074894
-1.98650036893092,-1.277981952456606,-1.0988347133796386
-1.877230448905803,-0.2800852186474706,-0.5274006531905443
0.42359003766162695,-0.3539916280037152,1.790513398772156
0.7676538319383838,-0.8761241795363611,1.0334278652783444
-1.6236868315980353,-1.0666634179344372,0.5270389342733588
1.0999510242411266,-0.6584251182859694,0.8735571147375404
-1.9085041144654618,-0.8803048029718542,-0.5266863725365544
1.411654624025894,-0.6913515848004742,0.18401243409732707
-1.7209157750923612,-1.1998051494467146,-0.313417414484564
1.0341840722116005,0.018584603791343815,1.0435774576683237
2.8019900207122714,-0.49239114810108586,-0.9651469937269207
-1.041082447009124,1.1352016418309216,0.4070493163297382
-1.9834550032698606,-1.2499813516810352,-0.8650819515634031
2.3199153305943048,0.17834218289962536,-0.35815906799163727
-1.955135698798097,-0.8781926645601539,-0.7876681779479583
-1.4917421382577776,2.523256041536707,-0.044490875846869955
-1.2484037316390515,1.186611891754783,-0.6522354428774357
1.1903576766269943,-0.32107722152506707,-0.555728046640094
0.3436579834511969,-0.1311054362319789,1.7274799062387929
-1.2901607219190379,1.52510098560678,0.9729660750904077
1.3506279823811402,-0.8276709277631515,1.6137209577061662
1.2545319440558709,0.004197684751782429,1.2496938331704242
-2.2911244298589457,-0.9571666995730677,-0.26919227644872407
-1.9886512977494077,-0.8316406426806522,-0.676246535392232
-1.2292822189333628,1.8112398211703806,0.759564277608729
-1.0771803376713374,1.7389034997268091,0.15677785058249205
0.9782786716973031,-0.9665582690778812,1.1530415667148315
1.396055717164972,-0.1273211008020298,-0.6960869018320358
2.5013333481148328,0.20052112421164653,-1.7702976285808922
0.501546918723677,-0.056623117126707,1.4160420769598425
-1.6782993181241503,2.717717683124286,-0.5460946289748201
-0.3809123997736411,0.5995008386921428,0.5768761164486774
-0.848916457094862,2.0603017262795618,-0.5962391644438789
1.0459576480140378,0.028914887610971784,0.4104280605669505
-2.2673655271171973,-0.6454669541547824,-0.9296714727945671
-1.1448799341840414,-1.0465159596384146,-0.11839000992403254
-0.7716179960124094,1.1682379653089006,0.598122315264618
1.3784189068116735,-0.832100345404342,1.2610015516828352
-2.1099800833838023,-0.7225432353924863,-0.21133899015274016
-2.2629818353917996,-0.8318622693294256,-1.005480127288392
1.5363649989677066,-0.2834150446925104,1.7516169951831697
-2.2510425528915694,-0.6268981953511518,-0.1868623184030963
-1.8710191177937014,-1.2904283319571854,-0.12887852079320067
1.1044573488103113,-0.03338938806860102,0.9017031226870402
0.8146308541242661,-0.5994958289921092,1.4836447234848946
0.944673924111521,0.1037106045177862,1.5369540388692782
-1.720839626804948,-1.2523375346992962,-0.4823335795645934
1.295198823073477,-0.35566993731890595,-0.12552835059685294
-2.0680132195322516,-1.1213412034543306,-0.5198556193770141
2.75685843672538,0.2822027217691295,-0.5073255987080253
1.2298028652925874,-1.2005824769840523,1.1835413883638903
0.9852324928925067,-0.293086732015943,1.1533442995306948
-0.9228335915201661,0.5193266611042415,-0.24760426293576934
1.5668451916221158,-0.35082770921214373,0.43932039008484286
1.0333475276019075,-1.0899332005912077,1.1951620323907792
-2.2621257182547003,-1.4294622084201918,-0.3310123375800752
1.2730359256773893,-0.1361150917889004,-0.5943024946185455
2.1018495488028113,0.8502553853699174,-1.122770440215517
-2.2881964067180687,-1.3143122788904524,-0.6254586798821747
-1.1727246068510426,1.7133507507175079,-0.1763817375697074
2.479793361628836,0.39819568148372003,-0.7917715262217053
-0.652326712247774,1.4053343132309395,0.48886197990463176
1.3654133466119995,-0.5612294615600665,1.0254947757128718
-0.9798180511636747,1.580958638171745,0.09967163377428882
0.528902971476494,-0.1872129393324501,0.9009449464092306
0.6690621345798156,-0.32606745915047697,0.4137735675079895
2.735084286989192,-0.029327022916071966,-0.8461685278867073
-2.1222967286784655,-1.37897180276969,0.06664036475364842
1.3909367859143846,-0.20682265448180392,1.206716801502881
1.3704951020692873,0.4882830530503196,-0.8399804039517839
-1.6776727037051251,-1.1692502906048334,-0.6928669876848805
0.9213961565318296,-0.626817404090299,0.8598939949508239
-2.0457353898900252,-1.2229050274939046,-0.3880465562062773
-0.9520853628630734,0.9610908854130193,0.3461828552652878
-1.840958138358813,0.970876292371276,-0.2195375821524647
-0.3593989127037093,0.8018654817329226,0.9901190782687922
2.3697868353563734,-0.2838183043044704,-0.6882318102314822
-2.2447661432931603,-1.128810375520114,-0.004063540929427381
-0.49183677154610916,1.4627334033826986,0.3281497793220237
2.303537539836044,-0.6056829647796759,-0.6352999826719116
-0.20763424076117193,1.3942724737270078,0.9983360456408108
-0.9627228648973805,2.0775630007001307,-0.3479503885705288
-1.342591659231298,0.7339049988124341,0.17916943851687206
2.5965653935873556,1.0658703747311913,-1.1425304847009021
2.054468131057606,-0.33276323918913187,-0.7177346322728615
-1.2995608221354868,1.9963542727453734,-0.38804436661590386
2.5590338201539087,0.09133137831588098,-0.5401324541600567
-2.4502235569092363,-1.1622746413379625,-0.4613423342291543
1.3354832517188568,-0.8453999658490664,1.3593297273894416
-1.1303549090092042,1.7030924401866685,-0.4118973243765728
1.0277559335058348,0.18330939354936948,1.8509029290360033
0.3789422169399988,-0.6921754940979608,0.25085640459293396
-1.576817032268365,-1.1952749312973687,-0.08435959824368176
0.7616107172454053,-0.28756937868571325,0.9761790869340552
-0.9309317562472701,2.311774477177489,1.3734307854522139
-1.9001307922151593,-0.48305078913361876,-0.526847266395333
0.32547379529416237,-0.4870416302600151,1.336517761091344
-0.9564167669760403,0.9417945485333956,-0.22242121711052146
0.6764920002500059,-0.22060520982265205,0.739914821417717
0.6019701696569563,-1.1389636494366222,0.5566937984397191
1.3088703200844425,-0.4811239239970389,1.1967659258130572
2.4116230204866707,-0.07653703572895006,-0.6791280695074372
3.913664039749055,0.35708414009597184,-1.4728164704106779
-1.3235574857422685,1.8613354095556833,-0.012423579106165551
-0.5340511664097161,1.3601643275380317,0.5485278613805014
-1.4899262891141178,1.0790655217894398,0.15763690310064982
-1.2517622525359866,1.1542482136907113,-0.3461555148549895
1.5260534247152644,-0.2662768712455581,1.3564264975634694
1.0999426193100106,-0.5165849622310957,1.1875871061407735
-1.2916859149029125,1.3790967666084406,-0.17454860502696387
0.18576390391632636,-0.18888873811907458,1.9523630504686418
0.9238910837820732,-0.01683384909869214,1.441346139569716
-0.36300880328048585,0.9055397096935804,0.7441970787827845
-0.29977927894484274,1.337466753072246,0.5382117971576851
3.192699093891745,2.0967500736677462,-0.7666719170736392
2.498858513559777,-0.34676790446390576,-0.8710047560813263
-1.7654487700896067,-1.1067958183671922,-0.4538150914271023
1.0506135278395896,0.011937804110539619,0.6163506222326377
-1.6600743008044594,-1.0551460414866551,-0.1991494531224529
2.445204621741361,-0.04181010730407408,0.14387249466149907
0.8277564162577669,-0.05899972431830077,0.7327532297651095
1.6145816710444867,-0.5467316559037547,-0.6770427408649708
0.6691052779369228,-0.23457957279254127,1.0263203752084429
-1.725023616883269,-1.2009329077437196,0.22606292479563594
-2.0479757449722196,-0.6476218291408196,-0.47559445458098737
-0.8035117184091213,1.379727819345568,0.8329641616075947
3.0718206426184347,-0.013142211338392966,-0.4869185039110074
-2.2075234858094617,-1.0586329122853537,-0.6875074175246341
0.542331837031321,0.029140807925703494,0.29651142471628933
-0.8229837469418019,0.8053124042701889,0.6107224879620853
-2.4220188512817304,-1.1064336962730574,-0.7280717613446243
1.1315338770170533,0.4988267058279969,1.055719690612485
-2.1734933569306336,-0.5327429487829655,0.024362990672735046
-1.6789566910542506,-0.44380285397552505,-0.9163580940540991
1.6162336970885811,0.072338375063972,1.175803536062778
1.105815675587399,0.068238133311598,1.2362207577719007
0.5010707945196927,0.10501032447216871,1.2413566408747578
1.0052392491554383,-0.8179497036700941,1.4082134728736633
-1.3150471932953367,-0.20792574169646183,-0.11698101196146522
0.5706039230538568,-0.2763038343802893,1.1008081658907591
1.9830846304953793,0.7607245436674567,-0.708695670189766
-0.6376342034007795,0.936753681346206,0.1800263532220601
2.176667805831838,-0.05642265876399126,-1.0644390207517593
1.583519425769552,0.8513773171309882,-0.6536614215777772
-1.7934490353347852,-1.133900233029849,-0.8158808999092811
-1.9204427406286493,-0.9886083507410955,-0.2360593001899569
-1.177220732210398,1.5790754442652029,-0.2168868821910128
-1.1575330506593386,2.4747079215761953,0.06169361890322127
1.0690981164153421,-0.2806619398837233,1.4992867209608034
2.3424542006535507,-0.20390747174402807,-0.43836811272463655
-2.1060755779961284,-1.3494662591484827,-0.6927424584566833
-2.0206725054208707,-1.1158828654030006,-0.1985813461801366
2.609566866192464,0.5240767838403076,-0.4319805474410429
1.5388355638376534,-0.6011632759325933,1.4336659528440787
1.1234655529741349,-0.8777889894885539,1.758259936908764
0.53201842497111,0.12915354749151228,1.2118399503213821
2.598751074426452,0.2973509816755649,0.34186222942146965
-1.1654731477694367,0.904941620170781,-0.9987165103772327
2.089672729705803,-0.20895767530725,0.8707379480441544
1.0569175110351632,-0.2411116050159569,1.0324753143117475
0.8419960097573098,-0.2542794267951264,1.3620708932474521
2.4680796285043347,-0.42067897643836216,-0.8516250854355639
-2.432176004048345,-1.1784099974171591,-0.283799450439343
2.101647148251659,-0.03381453246284269,-1.0624724491793434
-1.4766322622158399,0.9051516191780988,0.1436105787184961
-1.948435050102445,-0.9219396613295121,-0.5297325316839662
-1.5618628631989795,-0.8487630732530722,-0.34818538311271574
-1.3300764839130093,-1.3257084020603382,-0.709540077118427
-1.685477743886484,-1.6117290488175926,-0.41526285982226646
-0.6870880100806439,0.4169485853368812,0.6427866548369614
0.7463850338208265,-0.6734898352626045,1.7766445532217376
2.049420556238778,-0.2202237889245623,-1.5238069633510507
-1.8161994422467898,-1.0721318586996498,-0.31256645926464505
1.7814457091454488,0.7686987014541741,-0.5092604094147453
1.9396308941211589,0.22127439113492653,-1.5231544537428934
-2.3764571257081415,-1.2031895157340609,-0.236904548237807
1.4744180685692392,-0.8738662224468454,-0.9345168158266396
2.0745382203831633,0.2680743912014961,0.11284478861272856
0.6680377735803873,-0.11901781604980764,1.5541155932168425
0.3236473372178636,-0.35932749546338505,2.369877470300869
-2.625639706504425,-0.2372811527889272,-0.5905278527215757
1.6703047830904474,0.14226643414093426,-0.649239020181211
1.0174474624351844,-0.43300677798716514,0.48743577609966326
1.937466306414752,-0.4729548029452361,1.4137360250845938
-0.9097973159457149,1.2119842628447288,0.3388261879734697
0.25592944598986866,-0.16959463517294684,0.6609422799822265
-2.064770457935902,-0.6425202317111618,0.04656451705563115
-2.185370485738509,-1.1641643748334067,-0.2573533201783904
0.18623401862872968,-0.43446774815631234,1.71744905891494
-2.0232872630791396,-0.7330770774494573,-0.31844142435413725
1.21827172011213,-0.2596721729478537,1.126521244784459
-0.9982958793687976,1.182966105383137,0.6997647690491505
0.4413205672033608,-0.25556705805047264,0.9296785736007619
3.2862590159807072,-0.09860924756823161,-1.1717502279154104
0.6932836255697722,-0.9919747524954349,0.9833255602101055
2.53244297018955,0.08733078769849746,-0.5327777831924116
0.9746155671866753,-0.26907128783432793,0.9572462205850563
-1.666773263469123,1.1385765850040268,0.6533413893187833
1.671420027891834,-0.9588833354218925,-0.7959244988230939
-0.8866033771695,1.5624646367414545,0.25445587459673613
-1.59728590304346,0.9111267132537237,-0.10773754881184502
-2.177798460343106,-0.9530215844307045,-0.5465849739822813
-1.597633003281051,-1.3770802374484885,-0.5606392706748048
-1.25589848600109,-1.3954593900834638,-0.05620717093736557
-1.883824172002992,-0.057079453810448356,-0.6674315386817464
-1.942125332044772,-1.145532473370545,-0.81283037466153
0.5319205212422616,-0.6246164184367992,1.4080914669510542
-2.0361542960247285,-0.9979608193773686,0.36477555294221636
3.0773049561545918,0.42905382866277586,-1.651681312972322
-1.2820513441411991,1.3465136305526397,0.4882793695877804
-1.85953612608116,-1.1821268581877802,0.06268229511376577
-1.1345178787516963,1.9662755163840704,-0.20826107114120826
2.078983602685674,-0.4681400620301249,-0.775178398784206
-2.216122078354577,-1.4696106558054547,0.1136462821924147
0.41654161522023986,-0.025020788014380013,1.2896650357433372
0.8241156992413501,-0.5133703910804849,1.2619021835296997
-0.9815520642132093,1.1353373226986834,-0.044228390289610196
1.3817766164593945,-1.1838772961407786,0.2788153806814691
-1.1619063313634552,1.8642607179478654,0.03382990120177452
2.339501364499535,1.0177677196789798,-0.5339625714676959
-2.393118860478279,-1.2746969378319168,-0.04865388693498214
-1.7161680081773665,1.0635165116639789,-0.3298415930734368
-1.1470604897518213,0.9552084751449889,0.2575668400633903
-1.1752125599191567,1.6680123200780494,0.014291829547478754
1.8919895600997327,-0.6096661885388519,-1.04567898067873
1.2771999940865537,-0.574093222185589,-0.47739635151016985
-0.8228797859190343,2.0278697791812332,-0.03949804880059027
2.7273844518576387,0.9875151303393376,-1.7938972588892046
-0.6899829918415353,0.7364221148900529,0.24397340218383853
-0.9802972255616943,1.4978106255509784,0.29255777848202225
0.3277632128675357,-1.0129877117752597,-0.06479512237443777
-0.6897036309172137,2.467622189417906,0.0414512245566799
-1.05819874990024,1.9442942377212613,-0.7964687466740402
-1.940139946103543,-0.8966860873362124,0.2859574085221356
-0.8201293882686133,0.6525738533575784,0.7173932111441554
0.852576645422832,-0.5624298726960594,1.374256416789922
-1.0826990958779377,1.8777775696602603,-0.007425735396883988
1.36278922182121,-0.2209928248491398,-0.5930661817967676
-1.0027001736479546,1.3174982271039197,0.7389601788668752
1.769985595338845,-0.9240765924010527,-0.29301666758618283
-2.19766143590295,-1.1449775768829689,-0.6016924879857092
-0.9397257684411091,1.6983438000087574,0.2268419980145072
-2.028542134394004,0.15787563373185276,-0.18584011282337926
1.6779486944083408,0.943903558937333,-0.6828943393943938
-0.7704357669536048,1.977633086078037,0.3538323332985751
-1.506472014788764,2.526390970039387,-0.7616079034612764
0.33718890434906834,-0.018758699097732028,1.7141698313387466
1.1285604402449134,-0.6035190979795698,1.0075657793299404
1.614902394890907,0.2452975540320701,-0.675176157851994
2.547098170502489,-0.25258588428194484,-0.5566979967768451
2.414489702051876,-0.03691109276184056,-0.8616390778505844
0.7863862983986617,-0.24427959207842967,1.072742951410208
-1.1030562258949739,0.5773344301968851,-0.5614904428176108
-1.4251426702009238,2.819561599327316,-0.9171043618961533
-0.8107514464600366,0.436242428596708,0.4380881799702366
-1.7768283386904915,-0.8252067763912893,-0.5713553404582736
1.6349527419248198,-0.8769545203182435,-0.9203100664910892
-1.958151462058644,-1.2069684341812112,-0.5694948879379415
0.5467426115101905,0.1560283074817593,0.49357890129492105
2.7639663884162005,-0.3988353658240191,-0.858194364922562
-0.6730069856648944,1.353888957582971,-0.14404266099511145
2.074786593233345,0.09895887679592673,-0.7738287293157559
-1.6904833195029705,-0.6804387253533725,-0.44905726849524863
-1.9503326361420255,-0.08419836544608922,-0.0943170029119833
-1.163216574248397,1.5441017577084553,-0.23853988000272364
1.025559302000508,-0.03662102177468432,1.5712150550625728
-2.141427296147985,-1.0380439317455923,-0.6879469057287758
-2.1202330795811184,-1.3243735841011273,-0.4754135629396927
0.9595516641753162,-0.4370333239180065,1.1382022481343563
-1.934534115624033,-0.2800286311951703,-0.7681744101480128
-0.4779378108145947,1.3502106334697235,0.4765130728420574
0.39545550871453294,-0.3802357319557505,1.590428310185583
-2.171717258949224,-1.1458064552273346,-0.21519666421854447
-2.1469499594461814,-0.08748489190540491,-0.11316591271528288
-0.8601388645702055,1.5841259410786188,0.7909186891757264
1.9955641194266052,0.6048452344353444,-0.6040032105622325
2.229576389152388,-0.027322446359318107,-0.760832601468388
-0.7241327936513375,1.631942377404513,0.5950233299138432
-0.9845846914285884,1.0024053632633463,-0.21919747322077235
-1.376797775815333,2.0342212553220853,-0.8201097134654143
-0.8824342900116174,1.556315401538699,-0.4186319815960054
2.264206066613099,0.141530105063198,-0.5317180500089594
-2.05947311905864,-1.1028155255419971,-0.26665317539287964
-1.308940478166821,0.03424704023737848,0.28004998314950474
0.8293943103095539,-0.6698508818767581,0.6183249245845227
2.389235759686373,-0.2380551919793621,-1.0900707988576772
-1.1670400194627728,0.3947686748121302,-0.06992372905238273
-2.08196176417136,-1.3007533989240982,-0.3459581016320864
2.1921945321719694,-0.21118216968473855,-0.8993605800446234
-2.2630682588748714,-1.2753110723421233,-0.2541533184741215
1.5666018745145627,-0.15877816739711417,-0.7848449241597847
-1.5111009108479996,-1.061537302689492,-0.382321324510301
-2.1769128631851857,-0.9619282821952005,-0.5322574088581843
-1.6028787479065043,-1.2348982862677695,-0.7236774223465477
0.8007434347673501,-0.4884772238223668,1.3144553525027434
0.8031702991645775,-1.612734977903334,1.0755838811886969
0.39013089914101495,-0.2740134832943393,1.7001274288993578
-1.4226795967229424,0.7057160513788435,0.6152768003121155
2.7529215153821527,0.0588988688776679,-0.6895256272967534
2.21629612722296,-0.4495638721998968,-1.223040435265331
-0.615256858619752,1.5649288224935496,0.1750921436555808
-1.713877660839394,-1.0272467946058115,-0.40604191905816694
-0.9684686732804719,0.020136301230313305,0.4259764532747685
-2.18645723096492,-1.0726904203486463,-0.4759235797011132
-1.0003885189125867,0.7858248577481378,-0.631507140154659
-1.672307253519455,-0.7368963391789297,-0.6010103612589835
-0.8453973102548512,1.7056076757302892,0.6326415651993303
1.381345979468945,-0.05145793747616277,1.2918113130648048
-0.7602140901951382,2.1066492846245164,0.32953537115656145
-1.8335731448221548,-0.1679055260133261,-0.040596810310443134
1.3818748476430067,-0.9015411590603152,1.04142039849901
-0.6941564671358964,1.4129443761243676,-0.44457058906631075
0.7591444370702705,-0.7173364443458112,0.5962157351637672
0.8350952785664871,-0.7709596045484796,0.9736173733110692
0.5927043219845376,-0.8018711652226966,0.908164852667847
3.1596745543342806,-0.7469825973867363,-1.691215303597223
1.522515033452701,-0.596006485984935,1.2948068093944132
1.2880284313052615,-0.1834538327044222,1.257817213908408
-0.6671452509109161,1.6924432696341394,-0.09979351931801926
-2.179629652732596,-0.14671447945668845,0.4060260378372246
2.4042265960069393,0.194017780176605,-0.15983131975356307
-0.5131852249261342,0.7778854617171559,0.9386311043333475
-1.236459574294607,1.660888259402483,0.16409785915704636
3.2410508514200598,0.5441691263872811,-1.0872513633421466
1.3211790917354993,-0.7700955702672294,1.2731764252191584
2.35200611070201,-0.6149061698359234,-1.6498620137538202
-1.7346626813582033,-1.549625687539565,-0.9722694552398959
1.6429189909783017,-0.986223448702931,-0.3252586098864385
2.940165013138354,0.005113005408427341,-1.332802407036976
0.9638665462683762,-0.8648089279753493,1.0442670847848996
-2.2421537952457395,-1.0195851806713416,-0.5610142206391027
-1.431238225049752,1.2933135671071048,-0.985694946135873
-1.0114868063331324,2.2724103920097396,0.016584136740030585
0.663516543061435,-0.20006633596762557,2.0193291783974976
0.8656298360123446,-0.046912837440130695,0.7690114732787108
2.3348261086176687,-0.18280865027084858,-0.5879741358201116
-1.0434746211147012,1.765849812052372,0.37282711269544816
0.7073143767227239,-0.37590218525444524,1.089157771096552
-2.1797362757022185,-1.046033747228054,-0.489373301903334
-1.104155639047616,1.1330287376991814,-0.017080323713495865
-0.385237272518843,0.9958214557290465,0.3804783166236959
-1.0854694893390069,1.3369446960283233,-0.16078591841131049
0.9848436747760136,-0.251041802365682,0.15573058363729028
0.7061920537026336,-0.3365356644630388,1.3847863919398442
2.0009336038853194,0.7441564573365308,-0.22130035474382584
-1.0291397554245192,1.2201695986729206,0.4478711576747701
-0.6925862209171788,0.583887083253591,0.8597756083782996
-1.764591754310438,-0.3418763450640326,-0.3751924948454367
-2.3125122660023525,-0.3969700116775285,-0.35857947767623266
2.0387865924148074,-0.650978730822514,-1.1628544389419964
-1.7359833362277115,1.99425792763951,-0.8705406889259698
-1.363591119968706,0.9958503530249443,0.40328392318710915
-1.8755937634163902,-1.463281013343585,0.043863814093689904
1.2716996095147695,-1.4535831563591957,1.3758934823114397
2.398623354863098,-0.6314899472006572,-0.8661697764655354
-0.9526716974299683,1.918247885886293,0.2543834308770611
-0.9924749654523324,1.1565994470231964,-0.39478617704499863
-1.5813226034861898,1.1898396069097346,0.06958204795910601
2.147208202520448,0.9486525125963484,-1.2900685407957175
1.4439262467332712,-0.3386925974890528,-1.1615335295771276
2.201836203097849,0.08226513631157556,-0.5309609219400669
-2.122527907409345,-0.8937178396035107,-0.22286109225542977
-1.753871243475868,0.6420334637717268,0.11179727752569153
-0.9469033103014525,1.235622602504854,-0.0029682094523851643
-0.8089029648799837,0.9696933848367529,-0.12725719116473927
-1.0652311167194042,1.2542698635627387,-0.16810642667984854
0.8180024971473944,-0.4286459229269375,0.9282072052875382
-1.0998229536674442,0.782699378706012,0.11936694676625619
-1.1107393670520427,0.8192272614491829,0.5349129295426602
-1.144421116124415,2.6409274873174087,0.005415422642964865
-1.90866511300749,-1.0217988660364274,0.032300071506499
0.7345911113484177,0.239503619983862,-1.408174579339073
-2.198597469658868,-0.7413542834424768,-0.1694019986841337
-0.715197408591394,1.7408319538737174,-0.332404482063664
0.9898067341136221,-0.21639382846137584,1.2920570479436309
-1.3536988525396263,-1.733680090960621,-0.438006549676603
0.43054903916267345,-0.10068419171976807,0.8485001746889386
0.07041012780640615,-0.5769550255802228,1.1115672195490978
2.8311546205498654,0.534542963617428,-0.5758019048691937
-1.9229093938971409,-1.4741026620859194,-1.0708825657421144
1.1014469016763455,-0.6600336567365994,1.157859553903592
1.1176467830230268,-1.1350340432338002,0.618386286864917
-1.481065462207256,1.1273045886336557,0.8141137498671691
1.6047204703257776,-0.7668851954393024,0.7363440938313495
-1.1139460310042912,1.5092563618090735,-0.5348589286707316
1.140245350665615,-0.4593963463621761,0.5076176501862225
0.4569298490623624,-0.3703237093602815,1.3414957434948345
-0.6057407947361105,1.5119478015601797,-0.27899091718983937
2.2593946736640955,-0.21020792551416886,-1.0203853272245529
-2.3062408892315527,-1.0731059465251256,-0.34584226383436023
-2.0352415288459187,-0.9337796279803671,-0.7838099724655104
-0.7463544228522331,2.7468542484839875,-0.4844706165461795
0.7057459951548776,0.06290722547473426,1.5024026938489372
0.45858742019931953,-0.3525605220836206,0.9482354918946733
-1.8922919299790788,-1.3396091221399051,-0.4117279233165627
-1.400589375096201,-0.6644476191950094,-0.9240200829476952
-1.8536402132043561,-0.7134368288324779,-0.2326497058600994
2.2333597694290903,-0.5698229704341045,-0.8726551280776771
1.2130984408927208,-0.7139828501093368,1.0935407547150995
2.968991203104303,0.22033533323532417,-0.6722149726615645
1.9942611547161349,0.22411988874718966,-1.5309624641246502
-1.0231113612228664,1.9486982349870476,0.24155045854271978
2.337501449836619,-0.11165734183673115,-1.3334478017194908
1.3464018113910434,-0.5517203463654458,1.7163613563263118
-0.8867727714672694,1.900361887209387,0.16601596559218706
3.525000487038791,-0.5358512451878613,-0.980839756125996
1.3529530041975508,-0.9982972343742602,0.7979460724330338
-0.6813460524590557,1.489408085311711,-0.45469134817681534
-1.099558600563548,1.3603156110323222,0.10080007893653954
-1.6393726738351841,-0.36514989341924364,-0.6920536602305212
-1.3658450309091572,1.217492668328438,0.33930603768416817
3.3989996054251037,0.2411224847232975,-0.5793254532506639
1.934835272229078,0.1623230496158056,-0.5988653184215057
1.5111985993215133,-0.42193518363681554,-0.9964598551408159
-0.5705226441245742,0.8879442982386968,1.0981372740844633
2.6109362459674244,-0.5064864381389507,-0.8638683266469959
1.4159936379044327,0.3033586637500778,-1.623904303342728
1.643778976412806,-1.1543925058332738,1.021280007809269
-1.7994603381858123,-1.0232083618263021,0.012571365276227757
-2.1401811506463644,-0.32992141935386693,-0.5764668105123377
-2.1036324334265224,-0.3458217232345605,-0.4638193048767411
-2.314554321350723,-0.2704670629564395,-0.9229174714579744
-2.2118534305564226,-0.611598928359739,-0.4567293745434509
-2.046126589865387,-1.209452769418201,0.0008938760791082149
1.0489277030331976,0.03998621875580668,1.9500209070837649
-2.331125024677564,-0.5625598957087078,-0.013568589099167238
1.9668714101871123,0.19576271546800633,-1.3299363395798214
-0.026578248738968493,1.0913810754304234,0.8000663306113888
1.957512573516935,-0.48646792900632685,-0.40047469464289287
1.1527318654720813,-0.44451457823913376,0.924413324797135
-2.3538012145164213,-0.9629294265219455,-0.8904500143888003
-1.9369962243563346,-1.0583837865329653,-0.4673352140132044
-2.189327945649481,-1.1404713956936654,-0.916254727145971
-1.6687948533902892,-0.8277216372346262,-0.058869536547244035
2.146526331984145,-0.15526803820388693,-0.7823689059287648
-1.963494726107794,-0.5780218157411703,-0.2309686508236875
-1.4655435580829363,-1.4719692042594352,-0.15131581621209048
-1.7466454953478077,-1.0908029309253386,-0.9019987074772664
2.7845658860692866,-0.05570961360570624,-0.678467103317606
-1.557356364784301,-0.9564555766077443,-0.32042261912746517
1.5910536849949466,0.7789155487031606,-0.444530490233902
1.1043126226549298,-0.4706857608920492,1.396970460183716
0.8345326678662681,-0.1171927298674264,1.091935462717967
-1.5955244774679869,-1.426927917595817,-0.9207578490832522
-0.9591912653790179,2.1820888844773774,0.029432894609058007
1.216536298942808,0.13997278097858404,1.024214025500839
-2.086482473830724,-1.2917692928779125,-0.7476682263674826
-1.2280028485103573,0.6128780678549198,-0.29719648959408207
-0.5673428090968475,1.7312327712965219,-0.17537543128889388
-2.363974937217474,-1.338060424410002,-0.01897977501511341
2.6241091195039075,-1.0076734788563462,-0.4385812641230628
-1.5551889981509548,1.870691090454813,0.5302148372603915
1.671780189160411,-0.33281247661151236,1.4633194162194025
-1.9203534367761876,-0.91864757405862,-1.1140257082149108
-2.152794827557452,-1.5023278097052546,-0.3233438618443866
1.5613130486341185,-0.4344378413662885,-0.1748827325364832
1.3659407373346981,1.0104311896384426,-1.3808146783331927
0.5141687350992497,0.1929014167427479,1.7062632218612814
2.473890986455568,-0.1100269913340393,-1.3216374108829043
2.2923601140847336,0.25985870970928654,0.053361200577950074
1.2618051085081061,-0.7604190834372243,0.8901153162576496
-2.0163595264541847,-0.5980730437461993,-0.2572382054551423
2.6853864050061054,0.3658314352094205,-0.775447610847878
1.4665555218140407,-0.5873726758928691,0.8317340174388289
-1.5369024743672284,1.5097296530002278,0.15095459723733234
0.5555208565093855,-0.9725795914981507,1.2700802994246134
0.436311265708541,-0.05701930656098573,1.7056844989262496
-2.388064392172677,-1.3456878439175788,-0.8596173978594672
2.703788150088118,0.21559943417923946,-1.2357833859009228
1.091356118917254,-0.06706769652399903,0.6988165300234425
-2.2271579719872228,-0.7329777526548095,-0.1869875498954544
1.409792422724561,0.32067545721490937,-0.30594722789547196
1.9809870698279786,0.7619055841801251,-0.8498383905489496
-1.7369436833440217,0.023329952424902246,0.026923136435594228
2.703874436552835,-0.5649806903158768,-0.6854984013933866
-1.909778712707812,-0.9637894899378167,-0.41722204596502327
3.1471717346304393,-0.24939658362670314,-0.9759801395598136
-1.8877566834293127,-1.2425142934131084,-0.838008870717769
-0.706075977769891,2.700864155164722,-0.7849307488453028
1.0316003332790404,0.0020239702990072442,1.6251107381018681
1.4817442310245394,-1.011309203350906,1.6285000606365543
-1.1816306210639003,1.7986605594518073,0.0879791416321835
2.7594099994258534,-0.5093761200030691,-1.486466731004149
-2.017438237422937,-0.9224843237359426,-1.075051898695939
0.9389642139764978,-0.22859735939869735,1.6158080889269413
1.1504405645115474,0.4675968777436374,1.1544033629574748
0.7976555861233602,-1.149866531451868,0.29374070547339853
2.155792375386577,1.4811028309115506,-0.8902105910802474
-2.2699934619111657,-1.156147437879094,-0.7824756584224738
2.1358863372172214,-0.6103978958438137,-1.0254768941220447
1.3023678668788643,-0.4530601486915312,-1.2102153191337823
0.4555334410023543,-0.6113974695319915,1.428605464805756
1.6617972590582517,-0.508524207198324,1.361475201080722
3.1472949229856053,0.3470800156765002,-1.1903450169662049
-0.7000705648839214,1.8358335851813683,0.31460935482899643
1.0158574552078214,-0.9014425471970355,-0.1496022083555023
-1.992133640264899,-0.6503610716994113,-0.919141349336806
-1.7673273862237688,-0.8647773266621006,-0.7342643194330528
-1.6085446731358795,-0.8154044225949448,-0.19816147295271175
-2.424019301139317,-0.9206181119970638,-0.7619630170412454
-1.903386358855505,-1.160048442992239,-1.1530026770599144
-2.083909811699553,-1.0514559138392656,-0.5695930887457756
1.7947731283695518,-0.9196402065152498,-0.25902759035296985
-1.6965416101917647,-1.2366310866634076,-0.07932625168093993
-0.9338415849821807,0.6155317198913337,0.3192753587002008
-2.100185040640508,-0.7912026934200808,-0.4403655741590792
0.6149927579722628,0.3998660112351862,1.7024954751692942
2.5838170360137096,0.0618051842095091,-0.99958586609123
-0.6682322996860023,1.0204782781103705,0.2791492826479168
-2.132328868451789,-0.1401978346570744,-0.2834414419713653
2.5173001227358673,-1.0399064548950228,-1.68622313453555
-1.2011618866796518,2.770875250864675,-0.6038378331208824
-0.34939860213921076,1.7758725482523243,0.24167169529918303
-1.367674031607254,2.055104414006362,0.35485594764781386
1.4985217815101493,-0.4071882319363685,-0.7353361962557797
-2.1125189901191486,-0.9665772304927954,-0.13647976816239613
0.7083219234739517,-0.890722602920882,0.5650691559036065
-0.9439574827688952,2.863078404312941,0.7073948408933295
1.7826538354753387,-0.1911579482114573,0.9269489298265234
1.2420061423345887,-0.005896387486298778,1.0511677255479417
1.874506258469044,-0.4292792630127889,-1.3397580397228703
-0.5896046396042406,0.8358934226017721,0.8444263195750727
-2.28908167968668,-0.6854686518764479,-0.3161311283756466
2.4156352906053167,-0.14656919410772765,-0.3919296377330902
2.1048429022958337,-0.10503396505963997,-0.3156354721763898
0.7958302099688606,-0.15989962521206835,1.3335670600032832
-2.435252256592282,-1.4086248178547207,-0.06320564145112628
-1.825358816394597,-1.4097281149165855,-0.20006099630641033
1.5156037007714154,-1.087259879634613,0.1625037485222955
1.5343011957394161,0.17091882404489353,-0.5403477497959943
1.245283084069917,-1.124591193096659,0.9640301796530417
-1.4111187224697335,-0.7891617824055881,-0.5573853041696035
2.2995081276464266,0.8191431452068466,-1.287279689270031
1.6609448888607046,-0.3038451057579036,0.9890898487579823
-1.3943146740589791,-1.4850721726824458,-0.9816706125562523
3.124222816833726,0.16918854642912146,-1.2529152188855661
-1.8324630004744118,-0.8178170729576227,-0.8270487229093241
-1.4296943776211017,-0.8402314642220146,-0.10675312301606227
-0.8889878276368983,0.8819759382672507,0.11957372090835829
2.270431532805165,-0.05094150461418807,-0.8130489706142943
-0.8318649659898257,1.5423860575894093,0.8912237834287624
3.3165058000427745,0.07794085317754175,-0.04382726562683567
0.743828412547576,-1.0467290967460698,1.660919548461481
-0.2889202652316906,1.9539004854451336,-0.5333841760096089
0.19829636501667544,-0.7785853812608219,1.4944839602399376
2.371352068382214,-1.0703946592001812,-0.9845375296655515
2.6380294198872276,0.45424349557898774,0.12551117542830825
2.529121866422436,0.7211412843326267,-0.8330158582495337
-1.3257692989094465,0.9239160163975977,0.3405470631433327
-0.5059490863146672,1.6662105800624394,0.06999831856928034
-1.2640032782593889,1.0532644972268934,-0.09711529300483096
-1.2869999561019347,-1.4462962926526448,-0.7439971455529266
1.2199255713658528,-0.653918344801606,1.3029941123201974
-1.2048500270761915,1.3529510160974698,0.5463723528267139
-1.7087205099442209,-0.7825658454248239,0.08718729433432659
-1.820050109751031,-1.3558637524345236,-0.3685158567956361
1.5032549842784424,-0.5875249950414686,1.4937568718559446
1.608783306464162,-0.2837561317596941,1.8235940075722983
-0.9132714836917669,2.6455946612565033,0.2160095568794439
-1.8009641509160452,-1.196121261122766,-0.3064492015445256
-1.3395286566161124,0.3671439832921537,0.5283658063630255
-2.4183732317669957,-0.7883369334272782,-0.1527390618102642
-2.4857902810895918,-1.0737464267535646,-0.21086829575546345
-1.77311121731105,-0.5621377602177967,-0.10858437503975142
-1.3910118052948028,1.7318010533334738,0.1870258600276053
1.210928053423102,0.11639187477990177,0.8846395229104693
1.0062814489336542,-0.2203343929948891,1.1735130689757705
2.5051504186993228,-0.1536679031994583,-0.9671279033739357
-0.5805650896549787,1.2498285791163644,0.7087996408728955
2.487793617362328,0.11402755137064578,-1.089507629587938
-0.8412795385583717,2.223072760859248,0.1935714430750043
2.245565837668875,-0.4679611699381642,-0.6992849382024516
2.058610598656101,0.09009575061629162,-0.732424038460839
2.1878781878046403,-0.7119551623840223,-0.3685478669739043
1.71074363615509,0.3471383024549831,-0.5555346645157503
0.7006872266674056,-0.5328005777422175,0.5897462201555376
1.6439562078503231,0.014484959159071244,1.455778873465195
-2.232881662857382,-0.7182735631048428,-0.593171893816235
-1.0893120915456913,2.2908052498029727,0.2303052100253524
2.3301436900112797,-0.19039909987654327,-1.4580678297966505
0.6413637663155919,-0.2277204050758047,0.7691735413697867
-0.699729108836363,2.388287783679532,0.23751032909896982
0.729441361734029,-0.5074452087469732,1.1391422915208742
-1.7591948417582812,-1.3893127253918836,-0.7273668170708691
-1.5145022466913278,-0.18403567680563362,-0.21680689456021704
1.467430233022039,-0.33189859353373946,1.1496917160866653
1.872475603115513,0.1300879876946879,-0.5373686259607506
-2.1214230645107266,-1.1711217286552646,-0.5677549078347762
-1.1139273951334376,2.883070467206219,-0.6075510778570954
0.967766652143663,-0.3451129275132927,1.4657541987699565
0.7219100015910358,-0.35662851387945643,1.373075038253585
-1.14426061806156,0.9382637192150035,0.17296444868105557
-0.7142195198042908,1.626293544747187,-0.2256814915962886
-1.9166611863429082,-1.1731472743168712,-0.8044408603353768
1.57145724120245,0.29682474927373836,-1.136033494145703
-2.0319807592676757,-0.9981237273998682,-0.5160180295302114
0.587836046123172,-0.4633069900772898,1.170156804565408
-1.9290563258411766,-0.7553516420010541,-0.3415730868822524
0.7392055457267734,-0.13656647828218887,1.5385531600881537
-1.0124856863217164,2.1912883935136285,0.12397282152807614
-1.1511191289009082,1.6461901707494309,0.3953595635492701
3.497963179976685,-0.006943705492078491,-1.0778855437555661
-0.7782207175881182,1.6548659446991192,-0.5158389881089775
-2.3195425447180553,-1.5439059564461515,-0.41594882183420967
-1.40514800260029,0.8435590507187907,0.20611076503033948
-1.8265651577282973,-0.7925743777624518,-0.2971703299204647
1.912210699442759,-0.1993866005947743,-0.48022490321083616
-0.46933985227730757,1.4120100713557262,0.3071724063811091
-1.3424900244407016,-0.801070109112534,-0.5410888221155102
-2.647588151380337,-1.0207413042400313,-0.6603932144459128
0.4462242664449687,0.20893865883798218,0.8746047256627402
1.030379993280382,-0.6039017052062245,1.344229537428288
0.5800200661084262,0.2638241958960804,1.6491799800455085
0.7898746674200549,0.30284946865570633,1.614974109366231
0.770055880161471,0.05033658333420688,2.0721161523874168
2.413648348543033,-0.06627008155257988,0.15723479937425022
2.2545422224162905,-0.30543410897992396,-0.6652128468147608
-1.7283780247890554,-1.1848573658843884,-0.5227488502566314
-0.5170411842625656,1.606011529935434,0.03132138658644665
0.7801851183792099,-0.2361336180478074,1.1084930192078084
1.4541858011041349,0.2990643788860303,-0.7199669659752396
2.655252875389124,-0.28397090825819227,-1.072893318139617
-0.8489667466805672,0.5070858378411452,0.5439971804590956
-1.1000788927135514,-1.3978784010908751,-0.5777997188338925
0.4411421988137535,-0.613535517203064,1.3654063516374002
1.0906296276452223,-1.1823341062737942,1.1309151444658485
0.9821397828095412,0.17307174873102824,0.8259196923938471
-2.1507734218705643,-1.366921873840366,-0.1585545773829683
-1.076392358461067,0.13319566686244333,0.6005317943579104
-1.0019670529319435,0.8801899866976315,0.6723498078837623
0.399561909744389,0.25494922943648823,1.0020088864760937
0.9808384989553832,-0.2993770553778772,0.8363744505619825
-1.6211278907999946,1.7299004630093542,-0.2911449669758272
1.219295434025502,-0.7593920465784141,1.236158908866727
-2.3711950080919055,-0.8306726540409645,-0.33823258674918355
0.7982032488830678,-0.5918145588034095,1.6177365575862246
0.2657563106521761,0.5127523968111733,1.631686238680198
1.3269385627715726,-0.2443953746891565,-0.1817545837277388
1.2462101124511473,-0.9156018557397831,0.7935579088033782
-0.5186576495518008,1.7886283676053458,-0.14346118518560186
-0.4477216649971014,0.9637517892408973,0.15235681104129714
2.327003229613897,-0.8474527403905331,-0.7667955183790705
-1.8080282648146824,-1.417375124899339,-0.3526832999572091
-1.286283826574809,1.5338728725147142,-0.011745290875806452
-0.9512247695666181,2.227274950868101,0.33029406703112274
-2.310956558374903,-1.8221648840356965,-0.5223070192609398
-0.8936479819944971,2.2470169991381397,0.032088351198988334
-0.7894885321670153,0.40496144592294175,0.7928799725385253
0.6118378224852075,-0.4068763515574124,1.1690702229010002
0.6019085684003131,-0.3387527834039437,0.7249704420173664
1.8903461033952143,-0.0014999150769920032,-0.6931904700321657
-1.8609063831142194,-1.2477524836152498,-0.4818738142517117
1.6797742228626102,0.20492940235785154,-0.4539617674802531
-0.6899812577183534,1.8153050679569835,1.1633918573903261
-1.5848092758362062,-1.3647326263754749,-0.32481159849188834
1.5346928830747997,-1.0097797261123638,-0.7264993085457965
1.6736178297654882,0.17798244883451841,-1.1328465198125437
0.7682744076336111,0.33014054988741254,1.6524350949438171
-0.9097346576269069,0.9372530206136077,-0.1599343612788224
3.422060230747839,-0.9195017380913979,-1.1905337288872673
1.6081379209588609,0.9125068897316609,-1.007035783431704
0.16404008114113,0.11564041903399641,0.9308738299625525
2.60543794235924,-0.030572800485359986,-0.5321685684571964
-1.8483082778676376,-1.0011997228026353,-0.13585186796105167
2.8203202016109716,-0.6609539681996891,-1.1208047598480393
-2.0043321793012874,-1.0787755011353077,-0.8460962484868103
-1.7608733432217525,-1.1872500960576469,-0.710599069116637
2.213566076105406,-0.18295640782176142,-0.8414820451089633
1.4226568692314399,0.899535477978649,-0.865536666655833
-0.5023588515944853,0.21627209551593382,0.11803052940746125
2.9517799453491755,0.29995663473811884,-0.5905759172327042
1.2472460844659077,-0.9529667931942798,0.9598532877339764
1.8195453505429586,-0.8484027289743427,1.3932780416416808
-2.221325238899962,-1.1419405346769957,-0.46613782409955
0.23715727933904,-0.70189174323936,0.6134081046198259
-1.401916367396085,-1.0707709158758278,0.11894401238756021
-0.914150756426531,1.3025316102670739,0.531704559654144
-1.777652820601619,-1.1722385557279364,-1.1269814493184411
1.7422023862080964,0.07002819746617572,-0.7340245894075914
-1.3145981805808424,-1.4584419287677166,-0.4927141910653721
-1.0136678062750348,0.2548436700160308,0.1397490320315081
0.2846132125483286,-0.694588749125949,0.36356094369484093
1.034780997378581,-0.8655076448185377,0.9086300787470418
-2.09394839574894,-0.9459049779198777,-0.23367071563217673
0.8973358495592733,-0.4441632271481655,0.8586431020732145
-1.9329821970450898,-1.111250788295023,-0.4139547569951147
-1.0389658367908607,1.6987703642799257,0.3033916075954942
-2.2536714178980954,-1.4482987921030603,-0.5735578940141152
-1.7666838236909874,-0.8867487636234477,-0.7784867229615269
-2.0226591456643206,-1.0906849185279113,-0.6602113712836575
1.628000035154801,-0.006289822883620501,-0.4717772272752874
1.036395113428919,-0.06620960861865594,1.1949006524899808
-1.9591008451838183,-1.2590902167073823,-0.25057909914300497
-1.6172773568177483,0.800701469917066,-0.42678160330125414
2.076389917721016,0.04289416407792299,-0.7082275239480155
1.7708408519662597,-0.5622853399704847,1.2053623146954198
2.7605603330998205,0.4085247663488337,-1.6322334966403151
1.3436331957688288,-0.22560022063359747,-0.9260641911583712
0.9644734311863458,-1.227825380269453,1.7087868516889484
-2.606942963649488,-1.605349812215764,-0.676245807709421
-2.179785020366014,-0.9685521468121334,-0.5249049843254697
-1.1239773473431518,0.9075696446610014,0.1874714129803991
-0.8262681238743957,1.8467509030535683,0.02302274062688837
2.7621716817748054,0.4575118289447485,-0.5120913341007844
2.0109986853298443,-0.8150628816919321,-0.6174690904693694
0.4529068457147633,-0.5588754244300967,1.7391505894933619
2.7758735310842657,-0.6873657163544451,-0.2148490820572406
-1.6798195853809743,-0.7699876127098155,-0.4953101600891212
-2.148652065708885,-0.6695427466738209,-0.7192485935746172
0.5035416452449636,-0.9806624533316914,1.0501584064156164
1.8538899856133055,0.011442784296680332,0.33146865665237807
-1.525265414761791,-0.8821390493058273,-0.4248504119492247
-2.0465332847370723,-1.1107753735493768,-0.40088904843306655
-2.1004237374951327,-0.19121212087848555,-0.5393247399191856
1.4011103861664724,-0.9368670507081082,1.0922369141987758
-2.42869825856757,-1.0150821102756795,-0.5733092040356543
-1.940636101184644,-0.3235945853913927,0.23821164185425792
-1.1671646211094044,1.7783959020808662,-0.01917694747210372
-1.6937372890501827,-1.3554254880042507,-0.48544234322210944
0.9345988303951857,-0.46862607665391515,1.4066872312205945
-2.315580383921047,-0.5686749132552341,-0.6990733426003215
-2.0505713012368525,-0.9740529259664497,-0.3283772961388699
-1.1627834523959004,-0.726308854258786,-0.44793897779624214
1.1305406624967596,-0.9576936725229998,1.3046278974336696
-0.9554252797021877,2.030058064526289,0.06105129588654378
-0.19736947768811974,0.5134724593510179,0.10751044603888939
2.098436264505928,-0.6985845238206134,-0.29445327631537
0.32824220607559174,-0.2124381923257578,1.1740274901678869
-1.7895355545291969,-1.7192620396244167,-0.25559633544153065
1.6581908101634972,-0.9378103339975135,-0.4095234274932772
-0.9973686325155096,2.2398092953025435,-0.38129783092489017
-2.0540980209551694,-1.2220473053591372,-0.2760612092429156
-2.479319611591817,-0.49017845383631126,-0.8471619267712241
-1.551150915236334,-1.5418176473550418,-0.4103932816822805
-1.8971919046649701,-0.8061931799582861,-0.34580303613271407
-2.038277438072859,-0.5572950392964479,-0.12984778727105825
0.3048775937152291,-0.1686449635456916,0.822375894050399
2.4860311344596604,0.13640473885654883,-1.161484722266952
-1.4373108977471514,2.0061846587168324,-0.19073438992106634
-0.7003599800078832,1.9354160574793144,0.30695090303854805
1.9809790565812353,0.08258160613975536,-1.358847565683636
2.8695854508400056,0.41835648358945077,-1.6230114109021385
2.0033754801881014,0.8299889479864428,-0.8911344764615835
0.21295168548820845,-0.6931179329382631,0.5148071928714146
2.0043406431362167,-0.7295200492388783,-0.3473118769664902
0.5878496969313424,-0.5464649282417202,1.555474210789575
2.030255497485236,0.011402348843673183,-0.6028858984683548
0.7365655383448432,-0.5085311385087474,0.6792456135242837
2.6496871472627834,0.009207402702246228,-0.9711272200824517
1.3413387299881188,-0.6760923789674704,-0.5081415930381843
-0.7014303700950458,1.2077094831291992,0.24825148859102678
-0.7319845535718921,2.0255144138585255,-0.6213772113412565
-1.7092537815308262,-1.4454553284287721,-0.35514494833918925
-1.5349113970636192,1.0079296678405378,-0.7800286542897674
2.9869306449449766,0.42472599136959327,-0.6902134421097337
-0.48387286709010463,2.0228628127355495,-0.2062686413546732
-1.2034801814585327,0.5924342156182422,-0.5697600059004725
2.0725024926244626,0.586257946562596,-0.9613559532509045
-2.5832215628901904,-0.9159566679310255,0.3306413744017497
2.5068660350205683,-0.1912214334975309,-0.5172947890380383
0.7781675874256022,0.45029233423721393,1.383282215177128
0.40433817556611024,-0.5113028797040595,1.1583234892189422
2.9850948407628795,0.6261375604296746,-1.0882070679380382
-1.8845828167751528,-0.15462714345596293,-0.8312980548917632
-1.35330681754024,1.4375825431840195,-0.11412430851341536
-0.9947404605114544,0.6485400392960526,0.4812798214459141
0.6595230441456255,-0.8170346324554096,1.5207719354232685
-2.3621281438441604,-1.0036462999295688,-0.8287958318046167
2.9164145754559527,0.30917599619355474,-1.5001730309630006
-2.238668926024518,-0.2720206983067025,-0.41364650172417894
-2.079754207824337,0.5706369494526888,-0.21268845735481917
-1.416467868825037,-1.0841213787826516,-0.9166946760651583
0.655506062748397,-0.7045313516714082,1.714841000993696
2.041490280789765,0.5505439481497284,-0.831858959717376
1.2933185552541684,-1.2522973503754846,1.0558145608946863
0.9393914959851176,0.21072179337898,0.34866885454057234
-0.891619809295876,1.577166490129838,0.8619127255056668
-2.274872260489199,-1.1502485476661133,-0.8006969141536953
-1.9960966380165013,-0.8719498040336452,-0.82302948818663
-1.5988603823658816,-0.816910982667508,-0.0469011011094457
-1.151647570467407,1.8014860259949594,-0.2747268371757739
-1.2509121524286833,1.7616556227245885,-0.26819647224495535
0.7978346352358008,-1.0818932294917765,0.7100712483683751
0.8919641948631915,-0.1085276238052217,1.247666825044949
1.6583357007632487,-0.9809236224850701,1.182013026667578
-2.072020197646887,-0.5687415434838252,-0.2728517474944484
-0.6334585062541416,1.676014305787729,0.08869623840145383
2.0430552341404264,-0.328410349154984,-1.6706553941334028
1.3315597081616943,0.6586378519844205,-0.053282122048272595
1.2192389647704835,0.11577004119739083,1.38922295404759
-1.5524247717371855,-0.9121542432772296,-0.5106197090622028
-2.2111826124582006,-1.6611874851076414,0.2885216433586781
0.6492832233832065,-0.6057104796475252,1.6186421256546595
-2.251489625378247,-1.2142646025520925,-0.6935156868006324
0.8152490593045295,-0.5868759521281929,0.6740745679068131
-1.6649263131462055,-0.824759616479647,0.25273470375354506
2.5052540914071626,0.7241856892821187,-0.6241484861465495
2.468884427225665,0.09372356840053894,-0.38769513137325035
2.135637685361195,0.3787186759392118,-0.5786960577668995
1.2255296783545488,0.6224181358396276,0.9141997009895628
3.492465299313378,1.1617276490577104,-1.3919925796925532
1.2481503314441158,-0.5508505713760341,0.7476369465411071
1.6905012034331885,0.5352400059842671,-0.691248530221082
0.07731471217805837,-0.685543325809219,1.5086016883860427
-0.4161833388729988,0.8103087130597507,0.2740230401932075
0.972002358344484,0.07227731938919693,1.092264592258493
-1.7838272301194091,-0.8612264782192723,-0.43279917170855936
-1.9351531005470752,-1.2377331235869007,-0.017077366654083548
1.9280947243816606,-0.5599694589278653,-1.299209898972488
0.36975825207410024,-0.6689509985346498,1.0264309483722258
-2.5044110517869975,-0.9210159836866878,-0.39976615952081207
3.7208942122857085,0.945603185841456,-0.7894661993329094
0.6982956648317928,-0.7036923555885716,1.4367394359920125
3.2054960488821758,0.5032412815450622,-0.7438829744499749
-0.9768604400758603,1.6216004470651746,0.13466555543681966
-1.4271738939812846,-1.1132850151424356,-0.06377849481761272
-2.382052720966146,-0.7515524594160014,-0.02836369690341368
1.14440748791507,-0.42864617456148324,1.1271543471625454
2.245654581217458,0.3725612972508467,-0.75437772238292
0.7165022912301623,-0.7877952448951868,1.8850340518958943
2.5395813972794867,-0.4596999508689265,-0.9934334008012609
-2.4243737630451303,-1.1920615640940004,0.051673022890836785
-1.2675373601140543,1.1399455806342538,0.3601595383947009
-1.4386649780156384,1.312926772399531,0.04328099284537723
0.957451305592172,0.4711392630475553,1.1703353798938454
2.6239299965641765,0.7496287691845672,-0.9979238162292433
0.8254039853895158,-1.2607703465143156,1.4267646828497487
1.8017228267240406,-0.16460467454557734,-0.6836878790690679
-2.1039282218244515,-0.5803528102635428,0.3024154630422672
-1.4822739943996956,1.3649779336757693,0.39885309948003905
-1.9079354394055543,-0.947358026718052,0.1988888439480098
-1.1456872108151537,0.7366669866881913,-0.24752064111110433
1.2120224027906075,-0.6298409599907218,-0.7305631596997946
-2.015123054174588,-0.8732888677547859,-0.6187984196261224
0.6946563274891584,-0.43684998666525815,1.2946038704481715
-1.7170306799279171,1.2392462523304422,-1.0016515964312263
1.6871442820461882,-0.4059190795962966,0.7651739573560261
-0.6627671822580155,2.783647634771012,0.353111770551644
1.1840126449910011,0.3105313461919325,1.1983038673694622
0.6747481856674624,0.2668558043360749,1.5264117246515994
-1.317133779040363,0.8859962733190064,0.257317304064333
-1.7405727382510896,-1.4250244827359264,-0.4053637815852215
2.5744599135364594,0.2331011434263241,-1.6047229195858543
-2.330159036082481,-1.4746727910391244,-0.6894493573208329
-0.9843510171418988,0.3813597961980565,0.6060429633508837
-1.1073874242740656,1.3721842056189637,0.28685095300254165
-2.1427707874879367,-1.6004931581104886,-0.7557240959044056
1.1700163607930705,-0.316117748624583,1.4295935252837673
-1.0689561170306445,1.582919104708314,-0.8245699492109427
-1.8100895255502283,-0.5844699456807096,-0.6524158722679091
0.857558960260254,-0.39237261404468976,1.8413742620703017
-1.5888935561174793,1.1416901480534218,0.7001577490432361
-2.1905721666567213,-1.0004904600193634,-0.3012077393085272
1.297390423002062,0.538224896876221,0.28936607226901173
1.4082248494259941,0.005665146266726373,-0.5749542204852857
-0.7735931205334475,2.1731878721236924,0.21335851732702205
-1.2712520373585157,0.9986834390413976,-0.31998778871608624
-1.5328258930727459,1.2554191577008307,-0.25422705730241923
2.077171570849706,-0.2761769178990295,-0.2903549052439422
-0.8429824751510071,3.3322168674335133,-0.014946622261558053
-1.3149188923596233,1.348816543601697,-0.9015265835450431
3.072044741572475,-0.14712713937261754,-0.7312898064736039
-0.3178307575235357,1.8809364546025753,0.16959420946348547
-1.743363087319879,-0.9042476162344718,0.2884549000223837
0.048208165807651054,-1.3798693186213118,1.0218101661173167
-2.1422523310564863,-1.5167300374505108,-0.29342723589301534
-2.0053383179653177,0.014358240932656589,-0.11113416631495289
-1.4099825224594285,-1.2135885877818844,-0.28911956678614503
1.589853367461911,-1.1830276206334995,0.9797452738601787
2.520385435373779,1.0961218722546096,-0.9533806414974033
1.2604679286006029,0.06836076844410291,1.8285313917230066
-2.156812826401137,-0.524129636159449,0.0036365128958759582
2.8963687175371824,-0.2541677794928066,-0.6989796208954957
1.1255563499728074,-0.13090459365050533,0.9692880690562538
-0.5376283682171399,1.8155917145041354,0.9969078740062418
1.809300992477247,-0.4713755631956324,-1.481232454863712
0.6382668586884666,0.005871470508158161,1.2007834264113457
-1.4531583999893698,0.9401783952892184,0.0010419295323270232
0.8862607772894168,-0.16590189918054138,1.4177027796767663
-1.3904848485452477,-0.1413255023462214,-0.5439886065476638
-1.3431872341591693,-1.3214484029019762,-0.21630448352407272
-1.221894946769422,0.23099606540753326,-0.5889114643513645
-2.1452524474087036,-0.9976107155579171,-0.5057081173318205
-0.9052824067410193,2.0506645507617436,0.3363704763479035
0.9722470560691178,-1.031873631163232,0.9489759757644849
-1.0117297320048189,0.8714499837480081,0.05282244106033333
-0.6263976832027376,1.8521806851312008,0.2374272350823706
-1.0350133576700953,1.213660745609957,-1.0987276164017483
1.1655218390002264,-0.6424169343168962,0.15267360801744648
-0.5814414798431405,1.8825035313523062,0.3312353663803991
2.9298195698147946,-1.1657514771875483,-0.9615319524856033
1.1633144250814145,-0.27883819991487,-0.6392827683081161
1.2208353057028127,-0.4258462625046498,1.5471378607580355
-0.3115218224374192,2.2528950143293116,0.5520314197851269
-0.7438446951121519,0.4979540225031384,-0.40790118755842647
-1.5009037428563516,1.2352715990579497,0.43598851996323573
1.7857425999814827,0.9794984469741407,-0.5493794831905934
2.3724720601723353,-0.051631544524067374,-0.7274602014323803
0.34005659336380584,-0.5809051285296941,0.9673456204271597
-1.9946708398587425,-0.8340435012216667,-0.11959447818128197
-1.9081509833747496,-1.4595288099937311,-0.3738378315949697
3.061990643337973,0.11640999593019502,-0.8280765496151142
1.9172420309370894,0.5204913903896998,-0.8493761275912115
1.7813737939423406,-0.37853797331891087,-1.2412449257870501
-1.9848820625076338,-0.5513246585159036,-0.47321445247543226
-1.9534409510590725,-0.5159981423380162,-0.22834586070599988
-2.2673063521449164,-0.9038052161176378,-0.12406178844200307
-1.7229351748009998,1.7229604885697238,0.09616337541331868
3.2262329943978787,0.3030756771589802,-1.0557831009265233
1.4892724635305385,-0.15269595947752163,-0.7438811447614552
0.033595229989904274,-0.1627577907966316,1.2473074939836073
-2.1052568212403426,-0.6061481405926007,-0.19358412288023774
-1.2526806792280338,-0.012615229186844252,0.09562699660949718
-0.6083399280144738,3.068302214387867,0.5462256517860303
-1.7489633493203476,-1.2117487660431294,0.005676143135796236
2.8679120117098478,-0.46589019976120494,-1.65241427770056
-1.0409708790368408,1.277409371785807,0.32168083811626574
-0.9690755332868911,0.8680059647840039,-0.33414847943189174
1.7154417712261285,0.7247533591259387,-0.868854458229781
0.7780724335678698,-0.5888807632364839,1.242753996085729
-1.646230865547685,-0.7129132573788609,-1.0388937407294765
-0.9529688267770804,1.7068319598509805,0.1378968842053884
-1.7459417926354894,-0.5749611108650358,-0.37974291695865126
-0.9455089873616567,1.3299288362688948,0.1541445688310751
1.3580643480285313,-1.204350404008306,0.7155312875938475
0.9157018462874058,-0.9897099561482084,0.6626691953306272
1.5558124719243769,0.12505221980786904,0.9292085304870693
-1.5509662156011685,-1.1902761077533965,-0.43152742715255693
-2.4911934536259768,-1.0537395650163837,-0.5230107206269676
-2.0011299441774133,-1.5801830815331352,-0.4254366785714484
-2.94118698962744,-0.7854005565885693,-0.2392391831088374
-0.8891335907643692,2.455486733979494,0.19092123312811654
2.359957274234228,0.09375077333979602,-0.8106400561006695
-1.861833638128221,-0.5492463803334927,-0.5989547728959289
-1.0574259208161054,1.9221803550029168,0.8353158353886488
-0.8473659823997794,1.8340595721770154,0.3167095737234589
-1.2477037881446686,0.5490590245438501,-0.15463807974475777
-1.0291009760004943,1.6256273576546367,-0.21240334452707946
-1.4133254736007224,-0.9140001159635541,0.10637015630591953
3.904354852273639,0.40484334642565917,-1.9605548754139515
-1.0521550197545535,1.2483889858858221,-0.08885598411230455
0.716557049698523,-0.6394805049573433,1.6477001162220577
-2.181875752100493,-1.340536159732819,-0.706798658092237
-1.1714152013583736,2.1581629980391406,-0.7424689638011633
-1.6596105970604733,-1.0471807958131305,0.16587315331963523
-1.9137838461527092,-0.7455055234834004,-0.36554837917707017
0.9432848497822901,0.11927566542056223,1.1354422411658673
0.49514371136867663,-0.27451682324593163,1.6004197312335253
1.381263526565675,-0.4869993665687084,0.29593745808174193
-2.129798479792522,-0.8401327225838732,-0.44916550977668934
-0.5265848106147092,0.43685191645354715,0.14852772145560947
2.4432970967699683,-0.5918901933423916,-0.7222624901845488
-1.9871169410627565,-1.075922795863504,-0.5388642300058547
-0.7704844982735198,1.3608672302848117,0.7263297591574527
-1.538715000375257,1.3202209320810165,-0.1958697284600133
-0.9888008780982345,1.6770690217644866,0.253185767876158
-0.6789147418427108,1.2391523802828082,0.05906810992897533
-0.0013895319698992953,-0.7389041697554825,0.4954942689255269
1.4431822665853624,0.030838359258232344,0.922768999236457
-2.066046076609995,-0.9962909445841052,0.021444846092321813
2.228245562206476,0.32990222704907973,-1.2292757534790586
2.025856493784168,0.12098424884528466,-0.7861251455995318
2.4572775469005808,0.12954576504610063,-0.7996616358673342
0.652562428001376,-1.1211858886671198,1.4801799083189182
2.5822919857661484,0.5689488813099768,-1.8329324782799536
-2.8470138079296783,-1.0458945056975881,-0.0899907361667688
-2.5176300473470743,-0.9249266132942904,-0.14258181877192305
0.762508176014721,-0.4498556275490003,0.5831012495578297
-1.9687281874410547,-1.3191360373574919,-0.6175415522514103
-0.9528732120601054,1.6091109578874223,0.2009963092317853
1.7709547029249553,0.2760040761778928,-1.2265037812560227
3.2662445591825655,-0.4106718185005918,-0.9863666225482252
-0.3300129097594023,-0.2981636293729845,1.7971944745253008
-0.5714960984969434,1.1636805416585487,0.3486404930825894
1.6828467535977754,-0.31640463871641733,-1.0058934097313719
0.8382680924843167,0.03520239454461204,0.9536163722789827
1.5421746094688533,-0.8701132726104527,1.0729370877303828
1.829254419984769,0.4897762638942362,-1.1638984410640105
-0.7404187248499489,1.488245860540082,-0.3906407884812861
-0.539409178643203,1.5495589369455038,0.3406957276111233
1.1193861302845727,-0.29018820215190766,1.3570402430754356
-1.4735901088740457,1.5051655853132504,0.10607976626616644
-0.987936141284331,1.4543419991843805,-0.5554485958208463
1.4311737823313229,0.562234072143977,0.7385978854543558
-1.3302607547508292,1.0847932012983303,-0.2944278714365216
1.1738286156574744,-0.8526151990686832,0.9838901913180634
-0.140397927899446,-0.515592326666301,1.1224699863836816
1.4310099095749866,-1.0667791581730628,1.677585449246441
-0.4868048169998447,1.1305589469064308,0.5528072771363054
-1.7337512884087092,-0.887137870482792,-0.4359102279182929
-1.6313248681219585,2.016966251929237,0.03629970527777038
-1.472521838487798,1.578018147026854,-0.5855828341544045
-1.9787241195855882,-0.4620415736500276,-0.6006653783180205
-0.9828063556656433,1.4743449100161248,-0.3582281086618737
-2.0676503248746267,-1.100015649307931,-0.6154545264427611
2.5359595476631513,-0.05025186135588162,-1.2967681583228363
0.3624518294522762,0.20387603661437698,1.3645929557513177
-1.9204071117239399,-1.0726154748324268,-0.2656778543788202
-0.8792680741182733,1.0506116159217596,-0.05011158481008198
-0.5613556480662333,0.5953135828430718,0.26563564117296123
1.406799894865376,-0.3294029716795341,1.4464450754413354
-1.9397652265195908,-1.1386342219783885,0.08415057927545494
2.4465399429548236,0.30652984977076964,-0.7625076100649251
1.6156117713944953,-1.1058656315118403,1.1598831605729174
-1.3354465360568224,1.8113494905166179,-0.19939272048920886
1.1873449074402198,-0.4679564266961862,1.5649055111250048
2.113905469029472,-0.9701964672510158,-0.3342747625665736
0.27996260573501675,-0.23915014989849218,0.9185014528449232
0.6456815530652454,0.07818074487067071,0.8751042035176094
-1.093019220521216,1.3707001529205132,-0.4310121144992482
-1.697184315889291,-1.307961125440195,0.2049269775719762
-1.0512248364267172,1.9317640211131455,0.47968239764398285
1.9010431581773635,-1.3811686062260466,0.6135915024189302
-1.1592788879289355,0.637471452093184,0.19831417982658592
1.1811437877949147,-0.004065631707225569,-0.14501248992799246
0.7592040316781492,-0.6106441662448909,0.5059356819837149
-0.6476855489262284,0.7702973226828881,0.4281104097573879
-2.1696097474221445,-0.6389861854740978,0.4750275680948689
-1.5043810586869626,1.90676288639399,-0.6417023246012471
0.9392797104726693,-1.3343133411480517,0.8622244157233901
-2.1126817788118357,-1.7176364136081625,-0.6861452995032828
2.13338715639215,0.4164166833293318,-0.9756816822307186
0.7806791871953431,-1.3199683007108092,0.9434218005978936
-2.2162134157415547,-1.0714163307419446,-0.18133411058645613
0.23048675729466916,-0.7851273530225898,1.199912833638886
2.9202993369353196,-0.6077794579652005,-1.8942751970283878
1.3168363345341692,-0.3512988095161885,0.5448294734210144
-1.7048540272903465,-0.8013379294012605,-0.10453141869465736
-1.2772456568240595,0.4929336833898554,-0.14936927070957304
-1.20345418243837,1.2914182522914814,0.019037469478074283
-1.097304660072548,1.4337826269312444,0.25580341768315995
0.5899927367075265,0.3786790088049616,1.043392876167345
-1.7323955386890137,-1.111168341219093,-0.5852262573406035
-0.9378455525951461,1.0157117874946975,0.3935444859209531
-2.016448086600209,-0.42661080105767685,-1.0129772575714011
-2.2511922229481596,-0.40078096092848325,-0.2868789629683483
2.038228499820727,-0.22336152608035342,-0.9597441804864573
2.1507417005897835,-0.42749941911730105,-0.84195905062772
-1.1514073618217655,2.1301646443230706,-0.7361226171793246
0.6867977940979632,0.07133569508397687,0.562322025582335
2.2142914325314567,0.5951985783568702,-0.33930645219616573
3.979631575954359,0.34019512492474996,-1.0535472898482146
-1.4397644710243258,2.088520708242137,-0.5464454172706318
1.7206642306922817,0.23382677282089814,-0.7911455889830283
2.9655620967252605,-0.24970845525515797,-0.5963993053594588
-2.132932466378413,-1.294176872407463,-0.9784326664439668
-0.8605977682475646,2.0355590114678317,-0.06987895436017796
1.5764073923949355,-0.41144097893723725,1.1652957655205873
-2.1284839046839945,-0.5669903236101376,-0.31077081837595755
-2.102685974960724,-0.8348723037764267,-0.2999501803527384
1.0235821746229634,-0.6744394714284263,1.149700792878957
1.0002628881041442,-1.583529593756789,2.0562432545560454
1.3871320996995058,0.8500049027698116,0.2243755514413072
-0.8748821029927544,2.6103405634121652,-0.6267000379412576
-1.9106982150667275,-0.8599957855396125,0.12880859445221268
2.2992290157154076,-0.4315501550677212,0.06530305657388333
-1.0721405218855922,0.5711894258269627,-0.8226459090251077
1.6852612101359192,0.4177572398835723,-0.51588141056625
0.6694770647950572,-0.27404366866223334,0.848336337727217
2.3684337908176136,-0.29349286021821475,-1.2687986904624882
1.0891273060742925,-0.28000357996878383,-0.7841074017818738
-0.9449331989046271,1.8619185129721088,-0.6654477539273146
1.7577068884145186,-0.8977482995186151,-1.39463323567335
-0.6416010504988834,2.021694181853484,0.0689543163094301
-2.0208555357476596,-1.1198567732804574,0.1443091450049437
-1.4143204530448612,-1.5465955083209042,0.005337183146209173
-2.563982889743038,-1.088583957632832,-0.6006250510736123
1.3296952347300734,-0.3583288417310849,1.4329783922488863
1.0905239098679858,0.15965191880633936,-0.32872272095837335
-1.03593842174911,1.4065358634750809,0.8844215471316468
2.455658378263622,0.5419322927739433,-1.1286876823029446
-1.3729769900713118,0.22497364052525706,-0.6753180479875859
-1.8089693205995354,-1.3752480407042467,-0.7273770094628775
-1.3282333777057318,1.2363827480105336,-0.4526613927170689
-0.8983485315374764,1.6449780352548333,0.7814830257352883
-1.330750163151404,1.951767792626419,-0.3689314349621058
-0.9485597917317229,0.930378667243382,1.7540032479116567
-0.6770233139569892,1.1786282286846737,0.672303822407763
1.1625589038642816,-0.5605250542460245,0.827197214265287
-2.4289517703329073,-1.0830076090396246,-0.49791760168386096
-2.4321326479871357,-0.22373900511853456,0.09029823040521531
-0.7698470036048876,1.7946270723486695,0.393768392187126
0.39040500435164477,-0.9612265265857787,1.1842220285272853
-1.049005853650259,2.2587912236368544,0.7467918935689783
2.2199852225090826,-0.5534397440306236,-0.7332838475115078
-1.2230419355957318,-0.9593889942014638,0.00989020565101683
-2.0246349176092355,-0.7866291435202564,-0.3263596309603234
1.3888665180868045,-0.10402785147530393,1.248947699331955
1.6132740248127275,0.5486463952993503,-1.301975030234926
-1.90290093624684,-0.7282873004861926,-0.7619411987349047
2.0224397270415615,-0.7316326021378862,-0.6785866801900442
-2.254443566765173,-1.0717450406912425,-0.7638776800823971
1.421764702004176,-0.3754066103691388,1.235295565523652
2.7386296784914395,0.34353381584441484,-0.7623910201024775
-1.4480300907882444,0.4551196035705482,1.0692827437627008
1.9674076037908015,0.4654049773536278,-1.3466554369641903
2.731377442533355,-0.316587204425078,0.01872098759575758
-2.1667672270911735,-1.205560747249695,-0.054101258049465265
-2.1208508466791542,-0.632810640438997,-0.03272181054873116
2.635151550180403,0.09961187667479474,-0.46362518487915577
1.9837327749883655,1.0093674452767356,0.4024032838176651
1.4504363459316312,-0.2298082693727021,1.3133197054211876
2.1750011009707175,0.8334593920241681,-0.8840934031708815
2.26977422300052,-0.762188193367542,0.8001320961781604
-1.1167058496780526,0.43477158601329374,0.14326813029877422
-0.7296109137992248,1.0180479879112012,-0.40426999577131223
-1.843812266891912,-0.8908960829056113,-0.49169601475235986
1.2439925259453408,0.34493080667972115,-0.7273906470906758
-1.5715390484827432,-0.0730086459938867,-0.961586372215733
-2.0998956352792204,-0.9992940560416704,-0.6764303911183818
-1.0160922933355532,1.7295862656983891,-0.13192005551305355
-2.5014696697361067,-0.7501005427899267,-0.8053590959688908
1.7297767450623456,0.15203030107678964,-0.5016088581229151
1.4964699390291456,-0.7106640205305679,1.8105045415972407
0.9374961986296844,-0.4852491486972825,1.0638389253081162
0.24509425079455516,-0.6907740510877053,1.217324109442617
-2.011873726124439,-1.2099525556145676,-0.10211326821451969
1.3826634942219937,-0.8546433530716364,-0.8340732336179779
0.3240439029116923,-1.1892292600822774,0.779859225528933
-1.5180572201378102,-1.4335034714530326,-0.7191241366080051
2.586418576793944,0.22973335590924887,-1.576191164430149
-2.4100291174128285,-0.8779187048812643,-0.25215151922928997
-2.2950718842685087,-1.2309398521480335,-0.10345152483722245
2.1029894419824586,-0.2798661606266624,-1.1694301638912061
-2.150000296041775,-0.3955438639390975,-0.37918587643455753
1.252386332474962,-0.4310252863937562,1.0375672050418119
0.8820968710275122,-0.026017122175020408,1.2609009226885899
-1.3561152498572566,1.5029997342996058,0.3341585090438229
-2.245450090293566,-1.3413213619579343,-0.6619062386734964
-1.7216865565254018,-1.1769442144964841,-0.5181787893031207
-1.848031050870757,-1.5034315752087144,-0.4070556481928393
1.312895947194126,-0.8103886536867578,1.0792888974865453
0.824028734183221,-0.501245152776292,1.225867289045522
-1.7975530672212428,-1.1791241970486706,-0.36829977126701724
-1.4532987006451246,1.1691385736291298,-0.47187307861027533
-1.9943791564365694,-1.0190835646101897,-0.2050119182996739
1.1085362402783816,-0.4601043528910171,1.6390626703089108
0.7047264568539717,-1.232064263228558,1.2711036254131427
-1.088123459434232,0.490627356581125,1.0500275844479674
1.1972692631613706,-0.7053149037880232,1.2405503593199205
-1.0028769338961567,2.4285965630939903,0.40272371352370007
1.9644145272788958,0.5483932959234238,-0.6735756254877432
-0.4834334851340227,1.5049041691027403,0.20364168204139774
-1.7997959285812661,-1.1234026019214132,-0.6118794596571482
-1.0816800190374325,2.644619452618015,-0.056538813995936944
0.6915963920085177,-0.7069323085737771,1.1417585754229573
-1.525259316242819,0.8180988065206007,0.10770339240767075
1.7535530847186278,-0.328990968753965,-1.013463337188779
1.0603056577890266,-1.1366118134551646,1.4774466266027084
0.525030769563724,-0.5358201063968615,1.3167395805982167
2.075435340649862,-0.9420633689777534,0.29071445168544374
-1.521554418717714,-1.200304493593487,-0.6842229413836496
-1.8360026143445696,-0.7095403417467153,-0.3144725762092918
-1.885701568125853,-0.4169725488197857,-0.13444229737949814
-2.028579443300478,-0.43554207225201985,-0.07148906202462688
-1.2473708191172714,2.250185508953676,-0.08476395118697734
-2.0308172320124105,-1.2619330615709992,-0.15538339076598748
-1.8217688744890208,1.7450237224272906,-0.47052598260316364
1.2795487422924794,-0.05047507969372897,0.009301952733751484
-2.455184154735055,-0.7760503544002039,-0.12033228961612745
-1.376717028776054,1.2954954578673814,0.549011966315026
1.2052994513017612,-0.2618685490119202,1.2750329734456531
2.5912721721439835,0.04910794480300056,-1.2358513741927641
0.39758175707711363,-0.7020550418199625,1.047181199019693
0.8947085854167247,-0.8620448436156796,0.4139347078164028
-1.9418020977987271,-1.3464390623399227,-0.32433205075464006
-1.3913489705465,2.063709389117649,-0.7098499116180986
-1.2055406777308793,1.58314787495221,-0.28547981278079193
0.9708222255609432,-0.8999850662601533,1.6280481739373367
-1.2653420680292755,-1.3480558087117573,0.08965915691103456
1.2131264969005668,-0.44684644112250965,0.255561075197382
-1.7432297590856511,-0.516649705301699,-0.07602306498612994
-1.7635939728298262,-1.2878334332428703,-0.6222210151758792
1.9288174378511844,-0.07293667867533485,-0.4353039354954639
2.2850094599002566,-0.4715894088955612,-1.1983036488336514
-1.346506252159068,1.4710344527763342,-0.11198972866157747
-0.0259925253286746,-0.429930655070245,1.3411569010105124
0.6060233062325194,-0.8067737536557362,1.256672795168848
1.3705438246215504,-0.4519456200203105,-0.8215356310192631
2.2699880176772576,0.21394329973730294,-0.43686158909209355
2.1083923209974227,0.08548644886152874,-0.09858216352065012
-1.2729417207535034,1.7654262292819163,-0.5079030652020587
-2.141532768471066,-1.4477187148811728,-0.42559376472244237
-0.9105985177853105,1.3107214809572816,-0.06257506367880804
0.8197082675545734,-1.3100483486982923,1.4761254705929787
1.6095040107227332,-0.2598640420487254,-1.510647716818985
1.2706536420422665,-0.012117417175124387,1.01413117388432
1.690870545089841,-0.04723661492690345,-0.7250161613137641
-0.8823681544874057,0.4934388740586952,0.526928020536817
-1.441848013651841,1.0309425391635056,-0.1243267957154435
1.8342312361730277,-0.8728422298587564,-0.726073860766802
2.6416635950056024,0.6795807541009538,-0.4453328472727544
0.32099043107640507,-0.404979860996094,0.8207820318286358
-1.8259719422766516,0.8365679158537338,0.2673232678119626
-2.409904692810367,-1.0699892911897164,-0.6232005711257613
1.1297359898096602,-1.2835048383093708,0.44976750324957926
0.265200853556451,-0.9506434334767445,1.2861568477522614
0.6830789211779936,-1.4639568600283772,1.3983111842506053
-2.53320679997635,-0.8198926629904957,-0.1877482121616665
0.7093193504091485,-0.35776651336357485,1.359764121536445
-1.7081044069985862,1.4103702477510225,-0.5111161002402189
-2.507874614895738,-0.6621624136388646,-0.20954187863513515
-1.865280730273717,-0.6560918949505068,-0.5078005057585466
-1.8286336463781605,0.019306957121678438,-0.31552509170621135
-1.7263241947989059,-1.4873527347942708,0.1437624227635637
-1.2097180280377131,1.561085965692418,-0.332626835660326
0.8869779359934852,0.26083217003840836,-1.4891801067994621
-1.6924965367466442,-0.8547500530632407,-0.8469554647424195
-0.9262137239292861,1.594689407517595,0.559059812860938
1.8454431469778705,-0.3844059790104822,-1.036814990961849
0.41496674087663465,-0.23090686115787667,0.79075077188994
2.8458012523620604,0.18216191604952675,-1.586911844834548
0.32687439229941084,0.4038908356346149,1.4724052702201733
-2.352390585860192,-0.7610435528320459,-0.01293864462829853
2.3327829815968637,-0.6413661414596296,-1.2985251182262105
-1.2347812204760023,2.5174180512221525,-0.7895570235302374
2.5246144100540366,-0.6876037205418958,-1.0938739315973778
0.9530850629762907,0.3110333032859799,1.746182953626552
2.1841787488545346,0.21902929979570887,-0.6157817724508993
-1.3323898710151483,0.5297058834764621,-0.2543507206542108
-2.3379786799645794,-0.7717554293073802,-0.24653217855573936
-0.7755906968663849,0.9754915081624081,1.1935094108987583
2.1575851197360345,0.45900456335010753,-1.3303528278986776
-1.8606931673378482,-1.6526263136919679,-0.8008863891637356
-1.9446901455853611,-0.9401019867169986,-0.2334889709942699
-1.8167066580281765,-0.8099663629030338,-0.3709892504360558
0.9763857547073567,-0.15181895634371903,1.0920189282588773
2.735547693246461,0.9738431786361834,-1.3938882244350312
-0.9363550463317794,1.4284552187052086,-0.04911351794001529
2.4231293176613353,-0.5531666082169658,-1.2712262214321675
-2.106605209101394,-1.0913232333753695,-0.22079832532248747
1.009465825471304,-0.7233752589700813,0.8666440404249754
1.6164551676248686,-0.1337068451649279,1.3452741674518391
-2.3184139795486636,-0.8717122570318748,-0.3800397611773335
-1.8547493369362298,-0.9904895351838132,-0.3618000711845678
-1.6977172046123534,-0.5173335594449447,-0.10356999564539386
1.517843036752379,-0.3152690981654047,1.0218572420118308
1.334876006617851,0.08197845938307452,0.7566742804803136
1.875432895974406,-0.8908474661667496,-1.8163005994410828
-0.48057021585176246,0.7723141868526755,0.06873852230910826
-1.065842136380108,1.7039090658462865,-0.3809572233931826
0.5883913657720327,0.2876114921510878,1.3582068502219966
-1.399662363119432,1.2761051795747902,0.08029247394665476
-1.5386880943928491,-0.9312286074420554,-0.5331731335859278
-2.258235256860924,-0.740909404866171,-0.2810521125965343
1.8156854494493087,-0.10528704077610261,-0.5577543306068374
-1.771065305106314,-0.758119622478599,-0.2565583746667228
0.8411008466878613,-1.3231572312345827,1.1929242618919162
-0.9663030176939671,2.7818836509909586,0.24887883997099208
-1.8844414082578218,-0.47705503847950104,-0.8720475432593741
-1.9902939428313358,-1.2608223229897035,0.06627592525798302
2.606088096198055,-0.7063556724068524,-0.23213907264816686
-1.6017057314410144,1.6010405555254381,0.42869986654926906
2.163154787583387,-0.41771612194297286,-0.7773513083083046
0.4632434807125645,-1.027386426154631,1.4479709610774372
-2.302064214110546,-0.805594820560443,-0.5645982683087946
-1.784186560509205,-1.1879112122332263,-0.7871879097837853
-0.7709433996334718,1.4061727143776692,-0.12967596416306337
-1.3285184579948819,1.5632785122844137,0.34355565150327183
-1.714248832092887,-0.7451799397157155,-1.1955727910812488
-0.8496662467433859,2.0055981841196133,0.7047327043317474
1.1716924152232904,-1.0047040432352587,1.3603019959841065
-0.9912511711809951,0.8887790296021105,0.05475286757789506
3.1901964470108677,-0.3262960453237248,-0.640857232641711
0.35972254848120044,-0.9171663161218964,1.9060666175211225
2.821532253133133,-0.11716194952753116,-0.9305547831013679
1.2752747043258705,-0.9657563946186561,1.0413674944455766
-2.026575317570663,-0.11197234347747437,-0.2174881977550434
-2.4342603788608104,-0.9765800177863665,-0.3671986331324431
3.3545497253909113,0.8499995870299676,-0.7936848936542348
0.5935174254638877,-0.16497873424748669,2.048081153372068
-2.178682909525987,-1.2952304893517168,-0.27396356619796775
1.2540544497276624,-0.528088119342627,0.6843587749906392
-0.7301266759805678,1.2292469307957745,0.23904152110177893
-2.323824574455671,-1.2597499978476114,-0.405760551899237
1.2994222206537527,-0.686048459152897,0.9491488752349241
3.0600724186804396,0.21799347574659436,-1.459197659407204
-0.7851635651340617,1.775713356054583,1.310547965890421
-2.3437232277666777,-1.284129948108723,-0.31410551972953293
0.926493970877225,-0.27480118727766206,1.0259966075696518
-0.9626189847876234,1.475297512740753,-0.2800425965068673
-1.5041829810454719,1.814211879007422,-0.9206143151378038
0.8968525435029353,-0.4723460774127498,0.5190615731499029
1.8023631748760325,0.619313321931643,-1.0801655422696737
0.6812995808089793,-0.731471144749744,1.4497603785431088
-1.3345419131706726,0.8515627304036816,0.095429172303153
0.770857721445954,-0.42750955605552443,0.7962525293543103
-2.351364773829731,-1.088494701560991,-0.5687404584914152
-1.617864477609336,1.1559051385753862,-0.6763946755798762
1.161593007356725,-0.6071009996391874,1.08835982453817
1.305052883180796,-0.5058770371498689,1.4486010801178035
-1.9017873444833036,-0.4298043447518457,-0.20041683123897341
1.219225521744988,0.26494040331813196,0.8596212629450704
2.786828431925731,-0.7636097940191716,-0.8931703121805301
0.2500266874793885,-0.2330395664412562,1.1689277708644805
-2.4555852970694847,-1.1519755677508734,-0.46930946435927656
1.4769740542339127,-0.31541403696803727,1.382238348653259
-0.8376986409486826,0.8619484689858755,0.25435469520002707
-2.5167855419107337,-1.2088258080368546,-0.7227775935824384
-1.0188562553260685,0.9798299568520101,0.13239139672741307
2.56982768107192,-0.05352732082259661,-1.6294622067480946
-1.6787401281123115,0.6443006422981585,-0.2604160817843982
-0.8800352387710532,1.9153914776780407,0.6794759708807986
1.33652596458758,0.20533289717375253,1.089691986804923
0.4614371735806812,-0.4358236465790808,1.4868923171236037
-0.8791761651278053,0.5502026335057917,0.15717390358444078
3.1343120331309335,-0.1572448911336821,-0.8613406308771044
3.3322048292354487,0.2760467858676834,-0.9376136896319474
1.5072388806282182,-1.2310190858877652,0.13595351160839458
-1.46099254630458,0.582771654926002,0.38749086950166545
-1.579938133728795,1.5132638802727598,-0.4611533543601011
-0.8326759562827835,1.5297994174838063,0.27403249887943615
2.3953809705347555,0.4647754602886928,-1.0877186853139
-1.0864581034921934,1.3320278198245588,0.5516294506155256
-1.5312480428091602,-1.0616039988578871,-0.825892754206365
0.1590582242093218,-0.6979140826981043,1.1836354704917686
-2.8675497468038325,-0.7901285945460041,-0.4956658491026718
2.3410812649728037,0.8038770413739964,-0.7705831129187644
1.9795844953002095,-0.243925716805434,-1.2807160824589543
1.729990617844676,0.4818462706510775,-0.34614051830366377
0.6110982776461878,-0.647246682228573,1.876304309590499
2.010118579775029,0.691331667279273,-1.1056048432227659
1.1382125446262064,0.3585831635106029,-0.4906085389034724
-2.0370066131434976,-0.6836593546095021,-0.6363865150407855
1.2782599448562462,-0.43603935401609795,-0.6836276665138493
-1.5634322555806393,-0.8835514955509947,-0.3382057898502928
-1.20427525904006,-0.9271502293490395,-1.2074182516878704
1.2975279233346881,-0.47408646541179855,0.770748993562761
0.6114988871513786,-0.1721554192938294,1.1686254323390837
1.1834381587147011,-0.2434752709560312,1.078273954321005
1.4679126841431764,-0.9154910890722902,-0.22341597383827846
1.5039241663469525,-0.2383135774267561,0.5643136722661957
-1.5146664775146619,2.264373844239972,-0.3327509183140126
1.105945366585621,-0.5925767341027174,0.6981297385960746
2.9281425503916934,-0.16482415574593576,-1.2566899356746744
-1.961365005657323,-1.0122982978677957,0.021131499581578516
2.3552296037869627,0.17406374036192584,-1.6231036917296047
2.025700945120968,-0.20659392634117835,-0.8194588129974404
3.134381948109378,0.08811007591004097,-0.3243128131050871
-0.11567846197441599,-0.22257015412559697,1.0962129753719418
1.4050523965663275,-0.5238247303502981,0.7842930886642597
1.3391878223109257,-1.5513630938062486,1.089895703739288
-1.1824114600268483,1.4393553992052672,-0.6252469609620469
-1.0573554323086518,1.830242480029084,0.912057105068879
1.0745662245582577,-0.24278051175652562,1.3547742581761946
-1.2737901935020548,1.5795902097055854,0.3767118998157183
-2.221130311452671,-1.2321058797848257,-0.43987920599663116
-2.638665946799017,-0.7047915540091048,-0.1777983512150147
-2.304539982752765,-1.2371484376462731,-0.5211321328295988
1.584443290446677,-0.2953165525586862,1.0663716554639922
-1.0108240942033595,2.021228657469628,0.11061674648203995
-1.6414740050338277,-0.8065675955581402,-0.5690620589196427
-1.5592001172452596,2.0765065054288825,-0.3337597799737498
-2.332575729665122,-1.1804069080392179,-0.7942622098928216
-0.6934672861886754,0.7255810195117459,-0.023264839072584868
1.3616468378236657,-0.2920214743152736,-1.0647428682445337
-2.153654080355201,-0.7966494790626749,-0.8702508426518908
1.9195349709622198,-0.18875943664635944,-1.1652674483496648
2.7221613350143903,-0.23819207960113017,-1.3017137132942134
1.3420975029555842,0.5902732983411912,-0.25773039123171215
1.952973275025575,-0.4877843475758205,-1.095472344082371
-0.8411898474796989,2.26739983241769,0.37632376318152305
0.9295035039774989,-0.7425571585818612,1.8209589310560703
2.2933946112264576,-0.9448992979667333,-0.7993004031512249
1.2714079494038397,-0.24947563502013934,0.9514489035104224
1.073937801203282,-0.05909813487934722,0.4730842035819085
1.376806606351475,-1.397055629983918,-0.6005749424818165
0.9784644988115587,0.1716865352573853,-0.2299679748872208
-1.8855539633567373,-0.785222616068928,-0.2618619862764006
-1.974181313504812,-0.14516329941511436,-1.0469235266451944
1.5257959045461689,-1.2095511905407188,0.7523585164104851
-1.9008092036829467,-0.8712345100149294,-0.35725225049571036
0.3843061468161496,-0.18617780943691234,0.9363163415300927
0.8818265439124853,-0.8002570707040086,1.7500861075463543
-1.8034328467992307,-1.1636934821991545,-0.29673330311452084
1.0053007404381107,-0.49685826456827636,0.8374489171642631
2.871121054691227,0.6147832572442029,-0.8420078404648709
-0.8276829193728346,1.5928886984150648,-0.2072650582741672
2.010510605871027,-0.22551069305677673,-0.9986894133513086
-1.063397138816488,1.4447620079183496,0.056530831474616614
1.1671029842814034,-0.8908674316595899,0.8561321310328873
-2.1544803532274197,-1.1054150782974501,-0.18474430919537563
1.1479685246326554,-0.7568178070934808,1.458842531347517
-1.2013349147583758,1.5942819302301898,-0.21987265393626224
1.0753130261238264,-0.3321165359235519,1.1938210621102339
-0.45993178346060987,1.96967822368683,0.6451116380858735
-0.6917318006116767,2.5333169796800794,0.11680553686099072
-1.9911433516741128,-1.2917367190645166,0.1703434733093902
-1.949803547257899,-0.7908807084709445,-0.6073029756251225
1.3059541115778364,-0.019777922881310965,1.2891639437722444
1.9462732329651355,-0.11120739219137274,-0.9691698763276813
-0.5917710033027689,1.9549988943581098,0.1771336828429205
-1.5429106715340886,0.6974903698229188,0.2699499715296855
1.8619963529804986,-0.12422945222613122,-1.6037294658360781
-1.684397782906742,-0.8278201538480232,-0.533864843491056
-0.8614872568440477,-0.1054230228348007,1.040995755747201
1.1173472449650292,-0.20815882390785462,0.1845269152533766
-0.8520017634681253,2.2507863809435196,-0.22603668951361347
1.8913618051719772,-0.6894350316581597,-1.2658338465910746
0.26445099735404354,-0.3451402948358851,2.0743215516427798
-2.052196347226077,-0.16832797198975233,-0.20242244879562427
1.3663298521351586,-0.38690966607104044,0.8891571476175909
1.5689165118111181,0.30211701285213904,-0.5803292420256386
0.7470780959349748,0.10079656572252396,0.680482407181104
-2.268791262274266,-0.44110783579592466,-0.2075127932143293
0.6942605799006278,-0.5772473639422957,0.3194300440710567
-1.9672572157014865,1.110850832076229,-0.9323469871920443
-2.0592358468099747,-0.811516901405726,-0.4201813492041908
-1.9465488615982498,-1.1885987039391555,-0.5686544273111848
-1.9123423099249643,-0.8795627682716135,-0.13563908390358187
0.4600420669299718,-1.1354352919946207,1.1796295299246895
1.084130875293411,-0.09448195868470433,1.3552925448857533
0.7326340834002644,-0.7609395207158525,1.493259186137396
-2.278988164641115,-1.0484605590495493,-0.020359885914009893
1.6057317954108563,-0.16818070431263576,-0.2867921652171106
1.0108821490277318,0.07036950995669354,1.4511059605123864
2.2849787128042256,-0.12107668486090181,-0.8962564986419356
-0.8508679869940017,1.2815058433687863,0.6722065970463597
-1.8619909341111882,-0.7390354822332685,-0.2978155708076878
0.6039072496920019,-0.996245518923273,1.287045683188799
1.5166427130955589,-0.49800483840293297,-0.6213039250532639
2.899756153189587,0.7136110508529205,-1.3219306559497948
0.5940912919191818,-0.3797505900576004,0.35670036567495217
0.8897858660182856,-1.2681567618322354,0.8720197695962627
-0.6677807878047501,2.11118831501264,0.07352756650846054
-2.117507014702434,-1.262568929060203,-0.5609149461835781
-1.955399556728394,-0.9150148167509711,-1.0309933086150886
0.3542400749692809,-0.5151415971811381,1.300385596749384
0.3717433651849152,-0.4246341832780182,0.4246476258726585
1.342264362587603,1.2412615083338039,-1.4647759878204585
-2.215576018742874,-1.0658670668970387,-0.0760605472698929
-1.5571488032661032,-1.4522355526728417,-0.8180693186799192
-1.0043161192038867,1.6641931574176887,0.20796661221149798
-1.8396944587317439,-1.7055730798633197,-0.2521369759686046
1.7308839475019953,0.8662921809181743,-0.14804401982072302
-1.809642021632713,-1.142924765923416,0.2860479073055067
2.3888797461434,-0.7329123810331587,-1.138889021028819
-1.9743161871599786,-1.090671728039604,-0.6078947279129538
0.3428006449782272,-0.29849607861254823,1.6563110978753586
-2.378586395453569,-1.2793380333019335,-0.2172282181647687
-1.0202049917177167,1.7261460375054245,0.4023758406577919
-1.488054713940728,-1.0242916430813196,-0.2385386736182816
1.0097035497492188,-0.2928683390691674,1.129995491935275
-0.8007100130611403,2.647650814036455,0.5159653666442673
0.7280676675100581,-0.10958332551828344,0.7823228632929986
0.46442613749340345,-0.12294474031328173,1.6660367880096372
1.5598411716969929,0.4174077422850484,-0.7174476737576138
2.1416527185926495,0.38591665862760505,-0.6809097926886108
1.1211656384601592,0.38578184864915943,1.2624055895626387
-0.7812380512709793,1.92709690884438,0.28462102360157066
0.4442727732786678,-0.751801739489822,1.3049841940313578
0.6029553296900665,-1.0488760882481074,1.2959730936385256
0.6076055930483808,-0.5488148461218236,0.9528654670302101
3.229868458192329,-0.12808035450083113,-1.6683559841739934
-2.5178853939108254,-0.7699740994976169,-0.57977501763117
1.0205249464755661,0.5237170478628275,1.4374873454360115
-1.1209072419386954,1.717369806974412,0.1428671723445828
-2.457830718935727,-1.1532854946769395,0.026285861269315692
1.4299811222850385,-0.9111301266577917,0.5534170727133426
-2.0396360844260855,-0.9768236909336041,-0.1527184694948419
0.2107739296386129,-1.2441599672738048,1.0776823226818892
-2.1782622710357935,-0.7341111438266454,-0.17090445557393652
2.1924857065778336,-0.8047130677601138,-1.601672494939568
-1.3008501797958396,0.4852122073131436,-0.4283413257664448
2.0878337710425954,0.5201986847564419,-0.2519155365614084
0.567980931801426,0.43649555196548495,1.4453310224679925
-1.0346755154275828,0.6348467920170205,0.4978593989829998
-0.6563209400715329,1.8521208287582156,0.3879328323464816
-2.5947701917132564,-0.54989011075118,-0.6909545791757593
2.458723439386997,0.6378816332815473,-1.6807247414545616
-2.370503746384091,-0.8163463856373373,-0.46163586054456807
-1.2395549859278123,1.2112965072457353,-0.1194977273168859
-0.7073369732067705,0.8225080880946583,0.33148068004053727
1.429065363423293,-0.022582333449288845,1.390058474696197
-1.2096660313022476,3.110597336475679,-0.29163680537376024
1.388135518738495,0.16971598335759844,1.1338503293470334
0.8635225485213324,-0.8787634224096876,0.3678359848018134
-2.2920736037702616,-0.9753085935800172,-0.9196139844347749
-1.2426586542414997,1.2344668152683798,-0.15370392141922645
-1.754202643887985,-1.1960991759584763,-1.1594820827691192
-1.0695635460642572,1.2723410769712038,-0.13415779937226383
-0.6625138989947815,0.9696829492161871,0.8304997316182781
0.9770441888944383,-1.0685517857791558,1.4653306969671984
-2.4106587510507196,-0.44981099538382446,-0.48072459372479104
2.3129260535184786,1.3321374458971038,-1.6829258483342355
1.945893565371932,-0.8778150963576827,-0.4194623566010867
1.0580906517462922,0.7606287956625245,-0.49981374902481357
-2.519166891438613,-0.6206730418702645,-0.6163583777578933
-0.8441744795526187,0.774742516792394,-0.4713020201362538
1.2083270938955157,-0.4406116702906594,1.3146324604291455
2.389319494030377,0.4222641197540944,-0.2560431131897181
2.9181967683729773,-0.38688977078425923,-0.45007180513996414
2.4116612377868956,0.5535939205523277,-0.22132412099524382
0.6717767259378061,-0.21777331550885828,1.5849900382627522
1.401754379810273,-0.48060373534366635,1.3557001889494222
-1.4318855801297645,1.2590192310495576,-0.3815652738563379
1.5961750281745806,1.08427212529197,-0.41241178134991274
-1.395847554837948,2.029226012171639,-0.09346287681718991
-1.086857786337824,0.6899954985313118,-0.647253261191528
-1.8658373320988138,-1.6098460845892064,-0.6924635148955472
-0.9402064718835058,1.4473477272138238,0.5554109754886611
-1.8248353095647223,-1.434393056811191,-0.6565928519385732
-1.0353814955211595,2.0591553033302348,-0.21054788969072283
2.7910086286040916,-0.490610277924684,-0.18873760798919695
-0.9683852504782104,0.6169917773356794,0.5917003619477175
-1.2209602356974996,1.1727711685658506,0.13943537115930482
-0.5673437622828156,0.9097540435264476,1.1243049734170196
-1.0788390410677764,1.3028342573661318,0.17308992154749667
1.785941701359623,0.5614875536736664,-0.5189803402870483
-1.8278278351205344,-1.0415500927712438,-0.785285125100265
2.81723344192726,-0.15693923586452124,-1.6073402395057468
-1.428776896677182,-0.6423448150775846,-0.07188219929085832
1.1415362442940349,-0.3489686239975296,0.8963730955568596
2.6235294838173377,0.41402157191343203,-1.4067127393795618
-1.0560794832381621,1.5300180257940323,-0.3163148145047751
0.7683616033755727,-0.14849781836891204,1.4551217286548206
-0.5849425126925453,1.4172109048113561,0.4729012883574782
-2.1220789461305345,-0.727047699433242,-0.6821679439798517
-1.3120203806543673,0.7929772170972929,0.6438429751992033
-1.1304614389652923,1.3525901000404694,1.0752711831582413
2.296035472960917,0.7937999737422796,-1.346242254056737
0.8023892376660594,-0.26468845397133295,1.5146438707688832
-0.9035753648651959,1.1208448154316453,0.7382070171909048
-2.121653132993318,-0.5846577268634209,-0.2681202280213708
0.748233871186292,-0.41711269463894274,1.1654421225106386
1.7387515766666986,0.34451965540829027,-0.4058811017336512
-1.519230670602374,-0.9206399952840902,-0.6134720974305952
2.2243684112380575,-0.07134157160307315,-0.4982291349275733
-1.7940575039726032,-1.7518814601287531,-0.6292052891525611
-2.08553450116804,-0.5219752632250372,-0.1439364474000736
-1.6545737874714592,-1.0939264858873854,0.4071509691221923
-0.6130554913701148,1.0469641021428984,-0.14966781489354283
0.43690934592129566,-0.9201410105373262,1.5206906127130297
-0.7259424173872353,0.9216990778475617,0.08841429650198039
1.7905161725463328,0.9675464446297993,-0.47690237590161066
1.9596501348305901,-0.16711780563359618,-0.17277956887541163
0.5963688493070844,-0.7305067419365096,0.7782558229438505
1.6411234673506776,-0.32925964221749426,-0.39126061522332484
-2.046845695105455,-0.9785944998304171,-0.3232722814377371
0.15471570152833328,-0.3712988637759729,1.351642445394293
-1.7962130565838539,-0.9384222860969611,-0.3194699827224208
1.1032691915888422,-0.609427803464528,1.2693768895497135
0.6028688224651829,-0.2658638067931494,0.682503944376431
-2.3444398539181637,-0.9373133737368274,0.0763159019405302
-1.8509490063517218,-0.7050661571594596,-0.3322831571214124
-1.251752006753557,1.934990172848675,0.3401862122741361
2.1719873062492905,0.007426884900807934,-0.8783352251979379
-1.5642815360887485,-1.1032493446240883,-0.9980852866138751
-0.5328534443090296,1.601151673278949,0.6344933222024934
-1.7717774452268935,-1.0946672171761445,-0.41530323267959485
0.017860155127380376,-0.4423857098261748,1.6082226782370928
-1.2499445076381472,0.6041111623760841,-0.37830484139267717
-1.501668825338076,-1.065384510080154,-0.2768708977620835
-1.771384051862536,-1.4254002428985786,-0.3486601128444705
-2.4980257356772437,-0.7611413213267587,-0.43938147464647664
1.3086207987030714,0.39040867976424765,-0.9882938878697434
-1.785019288182068,-0.8557786871230296,-0.5718738671624842
1.050222998616367,-0.8321723500046347,1.5175543812446106
-1.6900383606491087,-1.0070829643102617,-0.5065586202517796
0.04617957346728188,-0.30925701422155333,1.3030283140758059
-0.5255356426580601,1.3691612288564055,0.8262685165032384
-0.7496951223189722,1.579915380286273,0.5574826468187715
0.7023075091410288,-0.14028122697330958,0.6617856587670362
1.834863120037999,0.08693177332521415,-0.5476284769979891
0.778575760041928,-0.27335676208151194,0.5953491670689043
1.4851384232826623,-1.0873314741699724,1.0224118172591203
2.6646550337368695,0.4298835093390021,-1.3710589440665357
-2.4817094166404865,-0.6049931861217342,0.32912190066075775
-0.8821968335411489,0.6585987729502181,-0.19521579739690326
2.029311501167963,0.18674133894380443,-0.6714102496863031
-1.8030652734702506,-1.315853502829256,-0.4703566845121652
1.9253477440308622,0.22970486028686332,-0.8433792864901152
1.1936627900863932,-0.1626466701175869,-0.08318978647157922
-0.7867048179150247,1.4017018822768723,-0.41715768104504924
0.12318345960177056,-0.10765621251897851,0.9986920751519822
-0.6079628419344858,1.4041280297795817,0.12721141161696706
-1.688109266680738,-0.7650187138874377,-0.4411083996315415
1.9439728367545108,-0.2538033113243228,-0.253518789594333
1.5750873644881205,-0.4051352343338327,-1.217823051542984
-1.9000060545137434,-0.812497249184571,-0.2395971736861085
2.0767159283081225,-0.5555205784430988,-0.8016809729963483
-1.1044609899622293,1.6051190299630533,0.08661872619278241
-1.6830351783775566,-0.6267593363504301,-0.5754227596079888
0.8945786652745608,-0.6702913579491413,1.7310228785780581
-1.9706119864172873,-0.9290774235746778,-0.681544876388401
-1.076166725358861,-1.3089664457286752,-0.37368277952176376
-1.8773171190934559,-0.8589204692570142,-0.16991803455153315
-1.625101897135391,1.4255750045954507,0.4380487482824806
-1.4848497225999484,1.3250006729128492,-0.9348290537741701
-1.6680077186901368,1.49919047375683,-0.7738661670833984
2.1834236232477315,0.5760844569033842,-0.9869376825804914
-2.241711062397789,-1.0776047844903927,-0.3611897573991135
1.7618674324779413,-0.8174071521497909,1.4242951537110364
2.055676494725733,-0.3605642111032716,-1.1989537397037058
-1.076338269478969,1.5927569152155778,0.2607101954948935
-1.4243754102084678,-0.5505471124382681,-0.120919179449628
1.9739863695392883,-0.8629509509243627,-1.0861630780876619
-1.5349450331252892,-1.0588921324213894,0.010900893951570857
2.489654417890536,-0.051715392558411684,-1.1230145881183304
1.4312311423793107,0.04771518518606752,0.8426709647763843
2.0800470371899955,-0.06331012582790364,-0.9505186768230194
2.166798150839363,-0.2810070518353779,-1.1965907367062847
1.5523499284837061,0.3364407206520918,-0.25843880141294523
2.848395919632069,0.5022525273865514,-1.1081293246626736
-1.6258221352196796,1.4373031278804658,-0.18794926401591794
-1.1000650554504852,1.2654651711430698,-0.32859519542282734
-1.3394025994597094,1.9189302065644862,0.18024798265535294
-0.8023597606398472,1.555841965862521,0.2093795292260628
1.368255887126593,0.7282762784901732,-1.3640418712957303
0.7965261086416366,0.03198947538389879,1.2936456956321565
2.0996708326456157,0.01584512010645627,-0.5511288732287016
2.229957024819601,0.4260461256003181,-0.6675177296929039
-0.37507334710659374,1.9945879318178314,0.2621075002167111
-1.8711597837978844,-0.8754616114059374,-0.5807860029436333
-0.8527724263083812,1.311356795757986,0.6617083876529531
3.2028664275850445,-0.2823651146110433,-0.9066569680790344
-0.11727193960527302,-1.0050178381412744,1.4464193589064016
0.6837670894438422,-0.3634535742718062,0.7704111494111918
-0.6102112760956974,1.6113631242881006,0.15802488356423602
0.6922276874126042,-0.291073774747411,0.587824681585989
0.9604448741246406,-0.6805556362583972,0.2457127917146158
-1.5125190857971094,-0.7681918826481913,-0.33788967929761854
0.060400885918542965,-0.2650583684517504,0.8182712554879682
-2.2543655799808073,-1.0725788783482266,-0.05909041713458669
0.8261053036858501,-0.21119909388349026,1.459201608949956
-0.06604546577425062,-0.8778912137951506,1.2706827131759328
0.6725034483493276,-0.42606793352445305,0.9198521280729539
-1.9801425778695505,-0.9203733049776843,-0.9432791666500491
-2.1866514483729693,-0.43256694427629494,-1.00952259853094
0.8949188968393922,-0.12774546517240995,0.6697645609195273
-1.8957606243240748,-0.9996472220812965,-0.433692104808763
-1.769275233446657,-0.8768856998212625,-0.7877711217184852
-2.0636283873002537,-1.0278938349463036,-0.3182574838045175
-0.8381600066904988,2.1913174964335194,0.38473185287425304
0.42071641970836515,-0.4020679690237061,0.892992687291016
1.2825484601119181,-1.183988160997844,-0.7876600123531529
3.2232236033512307,1.0395004006394672,-0.8925849806285705
1.8381678121609433,-0.33197582603615555,-0.839655401674666
-0.7614141522409095,0.6657635052202425,0.40163359450656344
0.5688748022477427,0.8660039962399043,0.5739347577084783
-2.117480339941788,-0.8595707141109368,-0.4881476189713169
-2.34004072721652,-1.126222326003945,-0.43502136972864364
-2.392209489609482,-0.2554267793744475,-0.2021726840394359
1.0402388145921537,-0.8641234635482249,0.42940856081205153
-1.8852598051870844,1.767382724702413,0.14917558188658528
2.7519535242205637,-1.0165246551051614,-0.7986628387231531
-1.7776116570335452,-1.826561891609178,-1.1386511323443238
-2.074450266394979,-0.8635499237228094,-0.5561717701552333
-1.048530973581361,0.9249071892946741,-0.3024622599881238
2.5365668937454817,-0.023305107153481035,-0.09919473486324587
-1.4356806365398558,1.2144518453354094,-0.633261092657146
0.7192610140895926,-0.7705173633768141,0.7364742269030562
2.105751656552623,0.7937097158956821,-0.687443989580442
-2.597095897489353,-1.0670377625506546,-0.6956425902389818
-1.903821087825087,-1.384208358454062,-0.4695627968964767
0.7141126673522259,-0.22862246398434374,1.5804083113269767
-0.9760663641400477,0.9372327014859055,0.3220263360969767
0.6198357143462931,-0.32789312430727374,0.8629766250481606
0.9848520848192576,-0.4275117594565992,0.9455133172716229
-2.256413074857655,-1.432087255313625,-0.2926052387441762
-1.0874035357568335,1.323871526470457,1.178038043028499
-1.0029838598634804,1.2110068748832692,-0.21018891918486518
2.4804888811689696,-0.6551094308334063,-1.1729901028904373
-0.8908307663197842,1.365750916856184,0.11435689797553582
1.0935427553400134,-0.581599226788654,1.093045421021675
0.3837388921580316,0.006177894229697781,1.713405208994506
1.0245769283121096,-0.5366654200789099,1.3836753775184787
-0.791664078303652,2.639130790107041,-0.37457751330515693
1.02736827987104,-0.49279903195814423,2.4862029963618992
-1.8654272476802114,-0.5885358079411376,0.39543901170121215
3.294344417404774,0.5651860316227253,-0.26998943750461535
-0.7314984683013043,1.230109962153238,0.454621954115987
-1.69452134189379,-1.0342816508647141,-0.5879744077654506
3.1207039452391037,0.7522004325708225,-1.1977364039662772
2.832116548397762,-0.06129122461940185,-1.009625055385512
1.1986149518753235,1.490488795342164,-0.4448586328408127
0.8585647339305713,-0.3280254351012807,1.1220898922630398
-1.4807050125815546,1.5469102703583004,-0.3734929697619959
-1.7713022830134046,-1.183116680422381,-0.767346849425543
-1.7137774060526343,-1.0554188838003586,-0.16925067130802998
-2.5339122258797215,-0.8563472502041604,-0.7092934131411107
-0.6771949934526075,1.1868947257040092,0.2498144462790158
0.7310384043862828,-0.7959305982153841,1.3262071880916964
2.188284740642324,-0.19064082230803045,-0.7437850946233034
-1.0909447387942148,1.8461871206622507,0.8437069716121519
-1.0559500010179181,1.629658048750364,-0.30826785964487147
-1.1357523000690546,1.1173618041960645,0.17078261321229102
-0.919333574127473,2.5374821267398193,0.4015994938041547
1.8488477174211506,-0.5745513175239779,-0.5622821775947103
-0.3245689420712194,1.5652879857023112,1.4282726382215376
2.490574496265239,0.37368459302522605,-0.38560682302094806
-1.1683011024605154,2.419123810560052,0.13473826026304603
0.5805383608829937,0.43526415828216625,0.9710109653903917
-0.9812421702756671,0.21240719598091926,0.6447978807687287
0.9251551379312213,-1.6348482495774879,1.2721489593503799
-1.3266047666163414,-0.9314132454374454,-0.4491972749692353
0.8244334796134102,-1.3406071430245394,0.9296436998413771
-0.9614138035527264,1.7494757515332064,-0.19326366281709564
-0.779335647751776,1.8117421094240156,0.2644382332142183
-1.7186258850443752,-1.416213483956981,0.0891571166520739
-1.986507040999528,-1.4019796393771917,-0.6266368813445538
-2.18329921708985,-0.7875698419093857,-0.2125506929158665
0.6008849688600783,-0.6490364601294489,1.5410203283474926
-1.3340322324369855,1.6494079858644233,0.7089251854200566
-1.7907029034628945,-1.3045422604292767,-0.1931637866990827
1.4232878419633144,-0.4624537708098128,0.1351644915900183
-0.7496874441051399,1.0299105366746526,-0.03436085630144836
1.3301476554477132,-0.4287343721524015,1.5993855196684488
0.8287235105557497,-0.14294287140300682,1.6228766492319529
0.5922083594742924,-0.4741443587279495,1.00972585124236
0.4294242004876104,-0.7462747185274233,1.1564891333141314
2.0645845262684204,-0.41419094435995374,-0.6642707864753525
0.486873130053994,-0.9235140247658442,0.9339567219482781
1.1250946814241998,-0.8462142720352597,1.4423188560105507
-0.8758499924300827,1.4690629130327284,0.03826065152403643
0.5837441445022687,-0.32544599643438565,0.8349730775400189
-0.6482780410290682,0.4903818640848327,0.8242739958986744
-2.05503671755804,-0.4388331866284376,-1.0695686447155415
2.9827213515066546,-0.15805295047077186,-0.5575786653032725
-2.1867536022752954,-0.9160413932761016,0.2628945701626057
-2.008024035431385,-0.5564424417679158,-0.49837999722277015
0.5153300085431495,0.23791120623944734,0.5530631093672309
-0.5445339519113295,1.124861185043428,0.08334015857164648
-1.88888092213734,-0.9030586142489384,-1.053607629177617
2.3942019038219953,0.049204517854452005,-1.0613994306902075
-1.2230943703341772,0.25640552901788105,-0.4182573570869782
-2.5085815228530803,-0.963249877481846,0.04830499643530118
1.4726115499013985,-0.204223631290749,1.5799655830010577
0.15853698027697263,-0.9428378502300548,1.1148601368831783
0.9902977241137522,-0.5688135968848579,0.571495690345722
-1.3818028570437477,-1.0470203021936573,0.026617994443708708
1.45210013661723,-0.03167056630921089,-1.3692885302489997
-1.3421140119970776,1.30394634907383,-0.6279350412962998
1.0384712562523704,-0.524007122153426,0.7893086235175736
-2.707985308767201,-1.0149167516501836,-0.003321873119541651
-1.0896566421226115,0.945717517652685,-0.45446625112125016
-2.1228638716814783,-1.3236372067694184,-0.6960400998031057
0.4803203746502258,-0.21545420653555078,1.3362463702776692
-1.414594309141573,-1.177840947418091,-0.3648984022239731
-1.1062375008566816,2.5723686849417056,0.9501398410451599
2.033000845162557,-0.25697374576984483,-0.49635639499026146
2.536377396775743,-0.25988641741324325,-1.1647421862727714
-2.309622176142288,-0.7425871915273226,-0.5822614249237417
2.0879950990953975,-0.18244766824736927,0.04325535135025838
-0.7059093807673852,1.345692405314585,-0.0769438013486406
-0.4868363177547567,1.4242384712664087,-0.3272948017342098
2.496950062902345,-0.6316561350361365,-0.29702214607188054
1.6944650943415518,-0.3513156309928099,-0.6041969989130099
1.063313357286065,-0.7276997705034949,1.2659933979792979
-1.1079096623672704,1.7021698966733148,-0.04899640392927353
0.6599456636218787,-0.03634357370569123,1.1416243796692178
2.1083620352689665,-0.4915707162434632,-0.7630365677720803
2.3608647932596587,-0.7629893271023247,-1.2132995500717998
0.4324365074469591,-0.9990551424085146,1.1315660631552107
-2.049467856319661,-0.8032985244649241,-0.5774725697373911
1.3298315903166182,-0.43853126342270415,1.7659176556043676
3.460771775376291,-0.3396410223066736,-1.3282991441092673
-0.8269292861800157,2.814700110800717,-0.05385781781941713
-2.4709107188537835,-0.9215317177580871,-0.16775553021851886
1.1065675878479995,-0.7194801591520072,0.9852571252546379
1.9865224228615301,-0.24795779740034854,-0.6991047583008392
0.48401601466279737,-0.8570266705373155,1.2552964477745778
-1.9933506671198378,-0.3700221671132129,-0.23779073284641328
1.5962568048202161,-0.07082243873438619,0.9522730552037334
0.7918718033789077,-0.4453595508055865,1.1341334379561043
1.1876546845056712,-0.5238321016270174,1.3028327252910679
0.8673464796376269,-0.7392157548677093,1.2738493141965954
0.5853066179343409,-0.4196906068144978,1.2491579665031827
-0.5268730683011269,1.232720461806103,-0.03984296653249789
1.2955625291119957,0.052946099729001016,0.033799047352269435
-0.9233835194615019,1.753052124837661,0.14578209771687628
2.410827822563733,-0.15426640996433372,-0.44001706412966823
-1.9080879935323867,-1.2148774527524184,-0.13259821856532383
-1.7492766007808331,-0.5303592184161893,-0.4225798735244994
2.3948869899651286,-0.3806788988515189,-1.1115603032216157
-1.2890818910213369,2.179077062404762,0.4347182635065529
0.5331663578016942,-0.21074113232841243,1.2243291599709214
-0.5640746898244323,2.027061269582161,0.550941176222325
0.4728897773790977,-0.8710265404429052,1.0737379373694156
2.3206531384285505,-0.09704073939684256,-1.111769608827752
-1.7543174413611318,-0.5628974989256824,-0.5679862593442662
2.421900162311194,0.7833454369127473,-1.229257689879203
2.081323421004563,-1.0874594818015983,-0.23222639868636874
-2.323189490789805,-1.1436106914600763,-0.3676771166184292
-2.1403193713740323,-1.0950464399184254,-0.8273541900618385
1.9669419666730374,-0.22951522405682215,1.49320070900742
0.8247428869827004,-0.5075349863503322,0.8430659467840609
-1.8150031356764136,1.6758326760831004,-0.6480656210875991
-1.1873745601955985,1.9510870030728384,-0.21421341103295724
0.8720231756189949,-0.11774329785400332,1.0824600615441018
3.5829449211099234,-0.6659888905858046,-0.7135421503255706
0.16053979614421707,-1.0264630780345716,1.4488632560927392
-1.3970572101628953,1.7790056002860712,-0.6449653995397935
-2.022209460856225,-0.7640641638103332,-0.36606828313822487
1.8397431848226327,-0.41136975068944104,-1.110179764809212
-1.0738284569457122,0.1158436876556543,0.4947700375610832
1.6213601417256125,-0.06240012718530822,-1.395996575993939
0.8966682339050488,-1.264477564442349,0.7635242173784127
0.9661814649648364,-0.7726482167705256,1.508552828168703
-2.0225101757233293,-1.1218009709090133,-0.7976847063617198
2.8786116317165864,0.07273859120386023,-0.42115011296395793
2.0767597605456065,-1.036275972830378,-0.5567065754489324
-2.205102879703459,-0.7323381334110137,-0.34838671827297524
-1.707862519647852,-1.4293358272770071,-0.5233008151932412
-1.432489321337472,1.0659281963914609,-0.297294735287581
2.4629600842509194,0.04696293661150913,-1.046172398487352
1.075655778680914,-0.39859125407912305,1.0141176901527889
2.4369702041594543,0.7348897650622579,-0.6025346614593317
-1.2320512151560756,2.0035530011485716,0.9939663794744465
2.806759310255686,-0.5348664895472103,-0.544388157582907
1.4551594116244997,0.21772155530311524,-0.3135515461178007
-1.2283481250890114,1.2193664669070938,0.08861540880867572
-1.1848217574839413,1.82465585850546,0.32242728085460526
-1.925175295793266,-0.27121322791908753,-0.18499747439546216
-1.1696638511271051,0.8699215116545307,-0.2445636722683365
2.8408469226632245,0.08529382112450602,0.018273601134689076
1.902237605011303,-0.6158523359559044,-0.04982691545543089
-1.6571567829289136,-0.5678914643975151,-0.41735680480834497
-2.5539758683192506,-1.0443522964859904,-0.4476822852911898
1.3092959944538602,-0.6020941935108189,0.5859565005614403
2.098980465199332,0.8313518978094887,-1.5430159181858982
2.8034750573777383,-0.47374028053288353,-1.0804642706445597
0.5413535645021208,-0.7935704213760294,0.6283899066878048
-1.5405249992250611,0.7170900845664928,-0.7784422849386449
-1.1758508898778939,-0.8817994093297071,-0.7711715937261544
0.9218782981976358,-1.2123048131552383,0.8375572809164659
-1.7459493385462046,-0.4657648263600792,-0.14399521106578178
-0.4623314068018741,1.5887838270273045,-0.10031251365151317
1.6221099572958284,-0.15396953054681053,0.5175895706358022
-1.0653100845930756,1.462161116633849,0.01529341940925064
-2.116856307657286,-0.08678465145869735,-0.9686073995243488
-2.473608481355273,-0.6462758304599004,-0.4930372142398296
2.44346515661793,-0.5619257782933219,-0.15931881072293702
1.901933289644787,0.2494513063333442,-1.2106553738586412
-2.1534827488853243,-0.7417128419624371,-0.3710481519105613
-1.233896248220725,0.8704755441290128,0.6823889276706703
-2.679709778006082,-1.7058672118964564,-0.696596143609725
2.476926693034035,1.1946811839528955,-0.3145020197664222
-1.602723218380648,2.226682925309984,0.14449389356019202
2.82928572847213,0.042750487668958864,-0.9042346421509561
-1.1370227230994796,1.886650162147936,-0.3748756626508914
-2.0690258060669113,-1.445573431605295,-0.09388883184234538
1.9345614503067663,-0.03557019357013766,0.20781357793597763
-1.731572176934786,-1.315949477643054,-0.4853719970540286
-2.1744256686829857,-1.2760345898983698,-0.623828139109985
-1.130995528933702,0.4815362078593541,-0.3217151134007398
-2.1565706092443477,-1.066447653381543,0.043231685763527844
0.8597577894611869,-0.4916845692940419,0.6407009798437338
1.967427576995827,-0.20793176996884738,-0.3273952712336519
3.072506043666607,0.04076434006226123,-0.29901124372348226
-1.7859499733950976,1.5696335849856493,-0.8431678354321506
-2.0091791896779645,-1.4186329087783836,-0.6949654918394168
1.482464700046227,-1.0095413636751185,1.6490477328043973
-1.54934441718393,0.6379519438285852,0.23609682012752015
0.8295531533534749,-0.22392445923035775,1.0869476040047918
-1.1508418976643413,1.6490356029907256,0.1807122062335665
-1.64046444968589,-0.5589352344955953,-0.5462124115712278
2.3445536667222115,-0.32701237676420386,-0.6046375803296503
2.349059592746837,0.016228050248474884,0.018666013785993342
0.2659113498755631,-1.181442750626101,1.8411825948579421
-1.427850372245406,1.3345282942362842,0.0599230134672704
2.0961937603013663,0.23152574015865715,-0.47213700614421444
0.8810226477316949,-0.8026428533041634,1.1243195150268992
-1.959163583464405,-1.3500670102992631,-0.3926763214382453
1.0928905198881307,-0.49392156723498576,1.4470227944926786
1.7109660178598938,-0.37190267101270624,-0.8628954930966426
-0.8634760482526393,1.0566326825462407,0.48283622754197286
0.8236004951347555,-0.2566894024568751,0.8815274263334999
1.7798565489585108,-0.3811550240195408,-0.5559594300605166
-1.798828334955358,-1.34319294759842,-0.7497590364429467
-2.3759592214183294,-1.0079533425174223,-0.7156641050011637
-1.7283413634112113,-1.3195891434609133,-0.4757305884276075
2.7730243539659405,0.30003349953084935,-0.6771613277458043
-0.3611219628883651,1.3363971471772043,0.015606029922694603
-0.0673364286200845,0.06213809003367473,2.062910731425269
0.3256319600982317,-0.10843038296305187,1.8361604581178341
-2.257488913453125,-1.1721373589273656,-0.4424324068385857
-0.9167724608755627,1.0422459097335046,0.2550700782297442
0.6972507853444068,-1.0528395209359294,0.7943741607306644
-2.3230144475771057,-1.7832603467119252,-0.5970923505924046
1.001612281515184,-0.23880155293979255,1.8320046883854482
0.7673767926701239,-0.46019667997047575,1.0543719978410657
-1.665288006097128,0.0359628839328541,-0.26848512146354153
2.6368975919044884,-0.14519469222924605,-1.2556629091694933
2.8032295719925293,-0.3499360971162612,-0.7832824441484968
-1.7028164852279157,-0.31915213890140776,-0.9137288546551311
-1.1460881703674488,0.011697110717984826,-0.2707492171305263
-1.263896628661515,0.6942945973283127,-0.34070128947134976
1.377673168487347,0.057715977522401665,1.2744716748758396
2.68348717574029,0.9147426592673655,-1.2547540998377977
1.5127390920391002,0.011000462942707642,-0.21032053293976435
1.3696680286911431,-0.1905384722181696,1.4934896984443888
0.6962528303928706,-0.6504121132141969,1.274375333263309
-2.3645610485144113,-0.2505261014371678,-0.4135089413233863
0.6308454956519668,-0.04812244075422691,1.3410572254287938
-0.8680628637829343,1.197822706094039,0.2079825811182368
1.8364448179723152,0.2832866839235038,-0.44218426065616584
-1.8604597514127614,-0.9561313207786709,-0.3895314604589304
-0.7070997579325271,1.6253061588867685,0.5380823765727724
-2.2750676383749986,-1.0117764801545392,-0.22553089836640264
2.0851310713069604,0.5066397670860371,-1.2248249684799621
-1.6190869966382653,-1.3050966524101764,-0.8243699357479914
1.8753638419115006,-0.4534269303007705,-0.8299408355056935
-1.4720671244559331,1.2583487995047997,-0.24899582105369317
0.6067236436796671,0.01851283919980992,1.39376998803334
-1.7057384176775616,-0.8688896955802317,-0.17460487305249195
-1.3053071686226538,1.4466996350694907,-0.037009649818537896
-1.1817431034157344,1.4517062927877558,0.6148374048312177
-1.1134703528316792,0.9836391109792014,0.5419782504854218
-2.0212254323235332,-1.2578473201488272,-0.25923545262292974
1.5182490053885878,-0.06792410947810716,-1.0288353370426915
-1.0176654047113511,2.2455948532640986,-0.23185612954664828
-0.7988395892321033,1.7054249423681054,-0.07078806373226913
-1.6475226303991093,-1.1748126342877463,-1.2605930671886818
-1.8188002548194755,-1.1441651753323492,-1.1130189108426922
2.4020317258343598,0.006791919371813786,-0.6157807570870665
-1.1492150956813525,1.2840020562341534,0.33501270768392966
1.1167290140512023,-0.5913605483045429,1.0953858093153097
2.5206148063758542,-0.24311842098177924,-0.8996649046219062
-1.6818181809950716,-0.9605658479081396,-0.11652784797589602
0.939118207532404,-1.1383071607608934,0.9438526787782989
-1.5391255746886643,1.2311254866970436,0.6927606417880875
2.4237740910510923,-0.07434850960984063,-0.6872402593621267
-0.4637122795898927,1.6829152044956341,0.47884538733487847
-0.99452335333878,2.6621850329997883,-0.0160684616511177
-1.6657965895523126,-1.4778303772729176,-0.35482056496709463
0.20250560722311722,-0.7614692581204151,1.293506147459193
2.1783631602285007,0.17831433726774099,-1.6419298157592632
-0.5917396117179154,1.6464170571568812,0.6314667522467692
0.9138940619683292,-0.7139571454505375,1.4267225192547799
0.8450645384226725,-0.4329111443174586,0.6074660353247555
-1.264876674613294,0.40646571670816073,0.22875372190637272
1.8663243174757824,-0.21206775604077638,-0.8168094056783466
-1.0755288265221534,1.3553778052350756,0.4941980494311533
0.7234781622554626,-0.07733748266528623,0.9939619802876145
-1.9913121049207512,-1.0143983040624216,0.04556912856114424
1.2244342055233484,-1.2445010695630379,1.3996790454737575
-1.2862320036527566,2.1263465565205353,-0.3344167197429063
1.7435629918033506,1.244425739625204,-1.1215863991079964
-1.382911564833668,1.9569391842494932,-0.31130154424080564
-1.1887970420901208,0.6704378557501277,0.17471584202504387
2.1251533879147333,-0.06214123711540843,-0.9486782624141126
-0.9610732784195053,0.7194194070240421,-0.012471123338700249
-1.7694649698326577,-1.3091600806779455,-0.07935524854750435
-1.5572786499597295,-1.378638332733649,0.1055688373604909
-1.8366314641339716,-1.2197112251864493,-0.14096626327042217
-1.031872775955045,1.2467678916083187,-0.39711201417748865
1.6887966136402255,-0.07302408203540389,0.6331850133808806
-2.256398457492278,-1.0144181739996654,-0.735968316925514
2.253766696093744,-0.6281099686250238,-0.89722294548666
1.00229951588212,-0.6475181168891698,1.5868329720594956
-2.0504402399480104,-1.0999620047268526,-0.3398268917058812
-1.2219114790016163,1.6508701679373083,0.33941276369274614
-0.8948726623081721,1.8838278012129706,0.39545485632995564
1.025912798606349,-0.7846346385778219,1.1199682564092939
-0.6446695098567744,1.7889075602544404,-0.9764938899909483
2.0680304425843596,0.4159490172313516,-0.07957499685298626
-1.2643480015101187,2.408494258241394,-0.7836036152537819
0.40479272644092984,-0.7776389879048775,0.8012618239862759
0.7341997147947281,-0.09708729359391287,0.6834879696417407
-1.908268874010332,-1.1010831716796656,-0.1657144325673586
-1.1476660755978532,1.6413205662596047,0.2540503921530628
1.1074824357464006,0.22121586011746047,-0.5305684905872133
-2.2781488518822433,-1.074975565414073,-0.7689476093858554
-1.971476510833497,-1.0679176795493903,-0.29692490339496913
0.022362296759049306,-0.8212981614185292,0.9319721573257105
1.7726035140121752,-0.872086181373361,1.0174989323672743
1.0528322174977873,-0.3735327983354606,1.350619917707704
-0.7433709914629217,0.19306318252952737,0.4737937988074696
-1.7111965493564751,-0.9887029588983177,-0.451438894662105
1.001466357302022,-0.15920984274272837,1.5674247291164178
-1.373121367404245,-0.026356292936145855,-0.4370550046403985
-0.9710968321204554,2.4814652254595817,-0.2527678637719705
-0.959716619677843,1.4099275107643265,-0.4182094764565743
0.6919551596696516,-0.5842852005474849,1.2632717835131662
1.2848816776747245,0.018298600938806673,0.5469202756904751
2.4487678621970406,-0.4266067903996899,-0.7947926918411339
1.894866325006668,-0.3238370564312691,-1.2169742871952256
-1.3067012892049998,1.4547160019922587,0.33462653404661374
2.8427132908601105,-0.4147704847315761,-1.2458723992224583
2.271786875362102,0.34321712094790857,0.1208832320666205
1.7619387690579449,-0.03453538759006942,-1.823795840233358
-1.2268520289858171,2.9194616070308874,-0.02953384107032884
2.6872832639817665,-0.7435918956991646,-0.20334299762781088
-1.9722842557941906,-1.250467973785716,-0.8839615981801084
1.0749736282415057,-0.3575356778094934,1.438317682026657
-0.9077274375645121,1.3708467641712168,0.33959590815645074
-2.1053691130819105,-0.7107821118670605,-0.4094764601570097
-1.8691418902556165,-0.71879321120824,-0.2952321561321098
-1.7676595235723997,-1.41543643194126,-0.23543000435077507
2.420524956309694,0.7599048054539164,-1.1978036317331828
2.009443864592942,-0.7153294970800428,-1.109718206499694
0.8858813561042763,-0.24925344417815914,0.6303782895676067
0.8175759010010704,0.2977090670153149,0.7050007702813658
1.2483049467954452,-0.14378450558615946,1.172553254343776
2.1035447834243595,-0.12327902835887292,-0.7191908327661382
-0.48452383371615654,1.5676838263508917,0.08221588692084324
1.7880513432752534,0.5239508494352252,-1.0900983085579166
-1.4360828275115707,1.9157455084134536,-0.651918727178023
0.42178024364918626,-0.723726735664622,0.9836923945770182
-2.0618511547173735,-0.8496848033225305,-0.21220419833526477
0.4760915495276913,-0.6469703381231989,0.5072109851071476
2.6867650063701367,-0.12336842144716341,-0.7467209403031075
0.8471548273585049,-0.5046856050392384,0.8718230892734302
-1.5108536825270065,-1.3074729206631692,-0.1622238372998769
-2.057485763987206,-1.1405144047575306,-0.14325400004375202
-1.0353483644799266,1.3792392291330906,-0.08467895018723312
-1.967116973758505,-0.694008538396918,-0.025361282941156256
-0.7679425529409372,1.0500349082565161,0.3854915343775211
2.4075750270671192,0.6942189557136113,-0.3589267705136372
0.9808549743830222,-0.8833311355437687,0.6382175436882489
1.6648289842628379,-0.012595947156709959,1.3075017342348645
0.7071268566200384,-0.006098510156214616,1.2817449942706025
2.470252815787955,0.2097277983625301,-0.31963947616448213
-1.6174425112622723,-0.4848986114807928,-0.2298661932270819
-1.7294694432286626,-1.3597244891933409,-0.36623476658105925
2.106567365460152,-0.024839272703946067,-0.9705977753734888
0.1655227952158422,-0.16839309774546088,0.7504330668834733
-0.8541133421189504,1.8683836299369392,0.4489949436047611
-1.7128802152957727,0.32772242957997655,-0.11234192843352321
-0.9771273839862145,2.327590014274564,0.42639115870189814
-1.2186747374669225,1.640187201615832,-0.37267118819412476
1.5535046880333387,-0.7610541136597397,1.695081898154751
1.8467745723840745,0.22467869407211433,-0.44459201476534715
-1.147960576677461,1.0947249359213627,0.33256884663430264
0.8337404184531995,-0.5601814898864713,1.0682858369761985
0.24281535020157874,-0.7285682680799693,0.22837837811166464
-2.3918149894494305,-0.8869820928634912,-0.08430467419664354
3.7282359181781697,-0.16262883481894497,-1.3169367670490244
2.7058603082479293,-0.367335959397637,-0.9527741459921335
-0.9167773839924952,1.146679950955036,0.5890232054169774
0.673305052080598,-0.4088960142234861,0.999882110091749
2.349057992491098,0.15689652598184303,-0.12928536517402586
-0.6653553439084732,2.755445207509433,0.2780357792204261
-1.365064094147245,-1.0101713434992603,-0.514117939851094
2.312086926552278,0.39566272910204947,-1.5622732236218861
-2.1005148536268066,-0.5167288727057424,-0.7344969563286742
1.0875913591910091,0.12765440241020315,1.3927931399615319
-1.1684897038397537,3.3391591204611086,-0.27105967832755107
1.8537957545110249,-0.15038175111147872,-0.13727797662538746
-1.1589392787935504,1.067082232073574,-0.2057440967473619
1.878978872124636,-0.7393595047430296,-1.1368986470301627
-0.913380523203385,1.1663074209811148,0.24230852727435595
-1.3448012655786596,2.527514114923835,0.20128665278689287
-1.0565831115878583,2.582315431474129,0.027312333512880968
-1.6453018123004606,-0.9908143585985909,-1.0184557199383901
-0.9872887618865863,2.489641474663457,-0.2545904458201541
2.3872345517746925,-0.7194341751502037,1.5134706646137879
2.381278731915482,-0.17662018097177812,-1.659357942704952
-1.2529464516916426,2.1542442438233262,0.5044335724888565
1.8259509529921285,-0.26438113233322147,-1.2508178264850283
-1.1282217359329754,1.5872307710991707,-0.21828110422792846
-1.4252604336284311,-1.4784457286386417,-0.6403061883058102
0.5139135710371721,-0.5804118782785778,0.6062644859734889
0.8363021616891358,0.24619877805488052,1.0054766127766879
-1.6233118699177806,-0.9368375659126301,-0.2650082809494175
-2.574265920058068,-0.812441941827821,-0.320279436437294
-2.692626976227075,-1.1151467614227457,-0.3206157625384265
1.6577191235782203,0.07825871646793815,-1.1140648972230076
2.435429849347872,-0.439107421128093,-1.9223700737714817
0.6658735400443289,-0.6943038376746536,0.9664328963850757
1.6810998246100604,0.28287962434322267,-0.7424866358623718
2.327964109517656,0.14728287953541572,-1.488734954295333
0.17112206646276296,-0.052628704611815506,0.9667240681494557
-1.6340209965994694,-1.275827937557274,-0.9639475828513082
-1.2668414594405473,1.9877763075234336,-1.3313986269085212
-0.8231524736735739,1.2825368318653239,0.7115348333145576
1.0990373208419273,-0.7702652645193009,0.6131665823291111
1.1539544606170142,-0.17130266792842178,0.4376281423388021
-0.9887730157557454,2.404550913583682,-0.28680016288089566
-1.9165514671243977,-1.2515903447633558,-0.1616702418641993
-1.949381969219159,-0.8397522861529031,-0.5385434090773199
-1.9033087651960992,-1.3162055620258575,-0.7738293126234579
-1.0516488725991533,0.7289839233794793,-0.4359478689000494
-1.687394684454936,-0.367051908546676,-0.48937753857669586
1.0446512456088053,-0.17571130018253073,1.0706150997915702
-0.8417722092658576,3.1631957393862815,0.5495048762518665
-0.44497475159092204,2.066433533323505,-0.2348415772804029
1.464018938800249,-0.382594742092659,1.154664168371216
-1.5828960359331656,-0.9602374367636396,-0.742098112032203
-0.8245991245192197,1.2581649957247252,0.43858566392202664
0.757202420895243,-0.5598273766002219,1.322502179815907
-1.8675153612778708,-0.5700142770100367,-0.03829062512528429
-1.9940927771167531,-0.7810776482844705,-0.48391600339209767
-1.1319757155778378,2.1369628895563952,0.15388428140799235
0.1398480792816356,-0.5391943540220676,0.9414716017092051
-0.4243953531699624,1.4505486617206775,0.5499926264484871
-0.8389512693018375,2.0127424373282183,0.3769875115321327
1.2004075319335985,-0.8234791166323592,0.09573711466194514
1.0511832940403896,-0.46738180162190357,1.2582774845578437
2.379439807765822,0.7525249015111526,-1.116574959886107
1.5911477532695322,-0.21921770859282055,-0.7667413488704244
2.115523253829697,-0.5780499967681946,-0.7413899301620211
-1.067184561655015,0.575422843864448,0.10668508944106979
1.848005855128618,-0.6135406948978586,1.1835239875515853
-1.0998346607422926,-0.14916325525714252,-0.3698970950889891
1.9156513619582736,-0.7206620268579321,-0.8412616806300734
0.7560558604536445,-0.9927586568867138,1.1144758844288505
1.1241450353845652,-0.556693210356584,1.187554952776292
1.9934049935722924,0.03411045874659638,0.8566932723858992
0.9291368860872217,-1.4096088091181371,0.9469739560739325
-2.2560029547782903,-0.9618630381385097,-0.2447874040922186
0.8199768948403178,-0.6728286675679138,0.29158809848825334
-2.180711891681271,-1.123856365321733,-0.49379353880198157
2.3710504568360524,0.32997964373345734,-1.0479666159799759
2.105089702373185,0.4840136169611421,-1.1364358471931275
0.6461621362879458,0.1589817498405099,1.8811669395133748
-1.1073060243008173,2.371777193076686,-0.3631604069277951
1.2867791120164496,-0.8239584500532667,0.7688167180152388
0.9054562188718416,0.1614676244380639,1.6061800770113748
0.7391212459040611,-0.6929150438451753,0.845295103132406
0.46572463391783553,-0.5124518759145312,1.7616008652565411
-1.9773149041886444,-1.087617681325098,-0.2493523609229829
2.774171085843901,-0.29452415398205406,-0.6051071210015669
3.3329352705252613,-0.4590486775603864,-1.5524106036100642
2.717766274930693,0.4392123124000579,-0.6155011070374107
-2.106938814695141,-0.04627081239897343,-0.09071884840380785
-2.1846624927077523,-0.9865419861395989,-0.5166485735652888
2.7953337963272413,1.0554026165977928,-1.2824260306486808
-1.25470485254503,1.1479278451208412,-0.10729351013055445
3.075544137499513,-0.18355230789340957,-1.3057479111763655
3.0772056167191133,0.8352002390813591,-0.5635947478929486
-2.2890673449993892,-0.7380131327371273,-0.8916909289938107
0.29892481401963683,-0.1435445958211392,1.5545659829437182
2.0178039811998394,-0.2930241423239105,-0.8040582131065436
-2.4922457066123602,-0.7323505279185502,-0.1961401558384846
0.3216351969878672,-0.5992184191699442,1.2755064432559262
-1.80840160960693,-0.5357383728296043,-0.2229684894825415
-1.7140969974847906,-0.1483657225963036,0.05285366024197214
-2.0794605364345786,-1.1664418740223161,-0.825106104270171
-1.7047568894256793,-1.0141760672647446,-0.6241113695731733
-2.15352369014385,-0.9443936486725488,-0.9180347134997173
2.4643752239170897,0.2763692152696263,-1.4596337959752592
-1.0851004385527385,1.0278357858597387,0.2025448509086456
1.0203300203804482,-0.3568585603206594,1.0882954932105724
0.9829203160347554,-0.44342176788665455,0.859652431614788
2.529772920757144,-0.5701924789325207,-0.7571857635652581
-0.8961059492419098,2.1569376179679347,0.22464828231802575
2.14832573993908,-0.5813281237719122,-0.901463720522164
-1.9002708765279142,-1.386133589498733,-0.6018278016152216
0.3806701834467358,-0.2858637137070771,1.0015048409791205
-2.3831744419986203,-0.6223969109403745,-0.15752126057051716
2.685905254255884,-0.29720382482970537,-1.4167304991323706
1.1175648831100844,-0.9236590480700946,1.6662135506410298
-0.45706517888451137,1.3751371677957025,0.12506566797073695
2.3916022135524697,0.4153304706227436,-1.2144784885741289
1.2652257561408666,-0.9488016332923555,0.06778698074015543
-1.4978893456512477,0.922667917640372,0.5015841249041542
-1.9752435409507634,-0.9081446193725985,-0.44904507862145254
2.0793950493062554,0.9654373595527567,-1.16683582816499
1.9139795575660976,-0.4175322533278167,-0.935899839160511
2.154295533611951,-0.5701868824210661,-0.8912788942664807
2.5437626913822715,0.16387773928421687,-1.0106792473540838
-0.2381512527849794,1.5914592681407391,0.7028679562473152
0.26200561699881936,-0.48005878556738535,1.3489080593955804
0.28609742818953676,-1.4324117645455725,0.8534450650070841
2.4864321870711055,0.8254392840209485,-1.1690601022739744
-1.4428173333726886,1.1957773994439578,0.08528756491299985
-0.2262895879157743,2.3529862583686056,0.1776005932798631
-1.3048018885460755,1.329293497075681,-0.05290994893057069
-1.9583690387904849,-0.9577422865719404,-0.029410377561159915
0.45040458942255296,-1.180940948312559,1.0411785112223295
-1.7330854195101468,-0.7682088674169466,-0.4810083787661766
2.6456519475388083,-0.25008940618878067,-0.639679216713116
-1.8992884538869947,-0.6190040097737262,-0.7146121910513916
1.2405629633325366,0.3268370139489704,0.7588034278049962
1.3866732763330694,-0.2764198486350166,1.2155506723013443
-1.8178444255789912,-1.1271090777539663,-0.7814639988654722
2.5626737505935835,-0.5343429292187726,-0.49287037486271185
1.2975863015301925,0.32143899305778856,-0.6893859798767451
2.3245558397258757,-0.3877305965015728,-0.6374487055152314
-1.5200499022319418,-1.5152694117431247,-1.209000826793984
2.231862697072757,-0.025641713939652297,-0.9213180966507493
-0.6576121195835647,1.7394955483001353,0.954951456689664
-1.9858252697530023,-0.927872101665987,-0.3103824482128319
-2.0094746819248663,-0.875097043959212,-0.02831064347918452
2.4156970290950874,-0.671124679592229,-0.9685785562129422
-1.2257922398026373,1.4567535624828436,-0.3667135555380719
1.2444809593252408,-0.06625459641390602,0.5892810507678711
0.7775464146938549,-1.0626503162338639,1.6623664925692292
0.7649406783829605,0.0590637996270272,-0.8455987771747642
1.3254503292287998,-1.0728602754128271,1.1934943823476527
-1.8097395257755928,-0.5330601547975229,-0.6808958310805688
1.717102287560086,-0.4741950074090819,0.4745504906668275
-1.1705575075975652,1.5092274596867528,-0.574655200256413
1.0759908585871538,-0.6769669266001913,0.8997271268062319
-0.9984704512030013,1.2945160640421434,-0.4009049469414405
1.670185525212964,-1.1604686850412083,1.1214264336029898
-1.7766426511772435,-1.3393924160919564,-0.5619662428342855
-1.6004133587792198,2.2461924218084763,-0.5551854912484422
-2.3075859959918286,-0.9276982616585457,-0.4375076180876783
1.0344802067865049,-0.8998235840902142,1.015034904673194
-2.2995795500500376,-0.741126782596482,-0.21548985791835623
-2.5390914079081455,-0.2805121251967736,-0.3942805817395794
2.9696145335293584,0.8035956135459348,-1.6458363539676504
1.3991892528263357,-0.39894012091715664,-0.48170545145229215
1.52281528659413,-0.765304030463857,-0.4273061681172643
0.4227401969642556,-0.098271315306877,1.1365492839038638
-2.4596612211034192,-0.7834522383220887,-0.16804853079323462
-1.3028174426406174,-0.44983032572163834,0.10733649304012435
1.0936959360437684,-0.868598369992779,1.4098777511257183
2.2595092127453666,-0.17568940371485864,-0.9254113129484167
0.6315567459714796,-0.3233429730164789,1.4446017112410785
0.9921201238403283,-0.3652508675800664,0.9587518666963613
-1.5713166664915659,1.36416202470344,-0.03311336699866813
0.7903568549245258,-0.1436011907635964,1.2303111117225698
2.931854570888505,0.3003276987291973,-1.0297528650918621
0.8764029273806415,-1.0845385118220503,1.4316807358791739
1.9224223525156723,0.23824402406135387,-1.4265028404459341
2.972304457142673,-0.06742288044534028,-1.6275862999019017
-0.7067950087542533,1.7573443046854103,0.07447982563942436
2.4491381538952606,-0.5423104529917985,-0.6818902435708422
-0.9835255363126191,2.457282516098198,0.13607956755841974
-0.6846805834209312,2.0896032091037857,0.0026364710795864455
-0.4626118649927073,1.6349400778128345,-0.24490760691522453
-0.32625279632371784,1.3707741037989827,0.5025099916270528
1.2600745590193925,-0.10478827338138626,-0.41743179696602806
1.9199091179537426,-0.045219911896561556,-0.5385690682597326
0.5681561007129833,-0.7546158884668686,-0.24126975075741305
3.6665420236954485,1.0511358448667218,-0.08355742401994908
1.3030081845271653,-0.49925593014333813,0.5687789753713733
0.796502273402678,-0.3014931036205201,0.9727578620373695
0.42611819051774824,-1.1417787219456415,0.5816260111936549
2.605545287438849,0.7997694104653877,-0.6496327193998429
-2.0505199051971386,-1.55721190529156,-0.18314196676301137
1.6404998412046807,-0.7218412310387378,-0.8951194375434898
-1.9717824227423748,-0.8997765201070954,-0.24230611268751368
-1.267400261359588,1.2762962831660567,-0.16249087847401594
1.9458277327515854,-0.4890753878868725,-1.127641220480847
-1.4454926183372308,-1.0882420333019058,-0.6306900785000746
-1.9034195844870982,-1.333902933846168,-0.7818075957678251
0.9643524756584319,-1.1978576317477365,0.28719857434011437
0.584546690388864,-0.4799017694240182,1.1659768060641784
2.153124944947557,0.008233651667753814,-0.7909747717593448
-1.8498647999060494,-1.0703466181784607,-0.5349473373263292
2.4816967650806645,0.17702918503996345,-0.6203414127526758
2.704342245290458,-0.31078364991286955,-1.2486265412061142
1.201379494697241,-0.20264690319859394,0.7876783134526327
0.42913248292406075,-0.25755752549467864,1.2571268646659637
1.904687675377318,-0.44818654401597063,-1.1680401301640726
-1.7753565524298012,-1.3874407567357638,-0.015357145934566665
-0.9766140319497528,1.3416103885118735,0.321127573687897
1.206342325530185,-0.3899664988314127,-1.090489003292999
0.8178122358631528,-0.06641534609114684,1.659524586384677
-1.4103926879274076,-0.7473691162286975,-0.45305876322722133
2.3590315801911945,-0.6079340486729348,-1.1697193693374155
-1.910356606014604,-1.4656745680929415,-0.3136014301063066
0.3878764595550858,-0.19869558166958243,1.9178938524181197
-1.3676502675895736,1.5669554943855257,-0.3545964461141384
2.6475312550780266,1.2159753681260579,0.1208235204286711
-2.1712367981611895,-1.5308010564302161,-0.38928706093558973
-2.2030844425687017,-1.3119481982128787,0.09926099043960623
2.1108826316851186,-0.26353731751413323,-0.23549461419436912
-2.49025202763841,-0.8303885827904749,-0.14655517021845493
-2.4086034325604277,-0.8662144732863667,-0.6166854941008093
-1.1595344658639088,1.770311510119613,-0.014720861679509714
2.64609552112118,0.9485775355593353,-0.7846415166995443
2.4348548588790915,0.3065065993947192,-0.4807068940525469
-0.9740195728707967,0.7705472464830548,-0.22718453236132016
-2.0271013393023267,-1.1859278256377956,-0.36242529664069534
-1.8329662473977388,1.9651860233553995,-0.009394213866637057
1.0800020035784559,0.3281879877423127,-0.39919950724023734
-0.9015885666118326,2.5201288249902603,0.01491866024021978
1.2567747469539012,-0.11729719027910848,0.41959716357258453
-0.6329559275222775,2.3067543597519324,-0.5455936968871673
-1.215423658921164,2.033247772439215,-0.11583980193457036
2.398629710728388,-0.6925920403141047,0.25987222518148584
-1.2498900253615588,1.1537024360213302,-0.26033422816969953
3.088662303231021,-0.17409123649688385,-1.0815326461325088
2.1529963136200276,1.4473754508164205,-0.6962783352196437
1.5927255491009844,0.36718483958287224,-0.8898305298507406
0.7016037514076789,-1.0286229958334958,0.46939312753365975
-1.7733372716784996,-1.3070934121053244,-0.634283604396887
1.4523892526279234,-0.4060419448441691,0.8789686206799424
0.4538564483249987,0.44614553041883187,1.0410779919954078
-0.855052713803741,1.4469182512539902,0.4832855216025983
-1.1468595182927745,1.9193750280357267,0.15995397170022396
2.1843204995695866,-0.3762707989056932,-0.8635538602924342
2.694732508316829,1.1361985803012138,-0.4749504239883074
1.8414044257393973,-0.00924946256126793,-1.2563464199919903
-2.102630244446736,-1.0707069138595124,-1.0338461517474775
-2.324133882318185,-1.292341453670068,-0.8349347763960957
0.7911730116357468,0.19990217993111417,-0.9964947807263153
2.6463036999911123,0.7454474072282524,-1.3322537952033517
-1.044711623813826,1.554634014461514,-0.8723935159608108
0.44322327265843214,-0.089468898074862,1.394027562886655
2.4582325855153244,0.8975101053266835,-0.8482665051283129
1.3172327560087467,-0.8024018818051404,1.490518806553857
-2.1246341835330163,-0.8461217948926503,-1.0151103992284867
3.013858910715713,-0.1442772099870383,-0.9196149463698826
1.2233061265754444,-0.11241062782037864,1.0513477409868033
3.0448350828006103,0.49977510640977263,-0.48845775598096464
1.7631659205049746,0.6712571756090217,-1.5611599660815005
-0.40413593093374045,1.543319006291441,0.9029966191244047
-1.0565081031822596,1.3804282483475354,0.08329450024926739
0.7444895435825353,-1.0272620713391252,1.1085184123735778
-0.12029700809757496,-0.3404162209500782,1.6134927214581702
0.8613896261409419,-0.6347654977491761,0.864793047496961
-2.0764700589864376,-1.428318222055922,-0.4539190478914807
2.634059244230913,-0.6722231612941861,-1.2374202505230385
-1.66102642821474,-1.1698841211702131,-0.876056437862508
2.551202494557534,0.7454743889558394,-1.1172678393990843
1.4625860887602353,-0.23532698009453862,1.4756609115296857
-1.8620193269365464,-1.4754634832769977,-0.5914820136430582
-0.3831645554572508,2.3737824738566866,0.753796240218359
-1.1923445233669911,0.8297364581040388,0.13943250940021398
1.9321779465626423,-0.7620246759175249,0.7487469011517663
0.9355831495663064,-1.5704632108163534,0.4303356912646317
-1.3062773548635944,1.4427149039674012,0.8771199579979116
-1.9930693893712026,-0.9504938866029279,-0.44590755685732403
-1.4232515985609209,1.2685253484899972,0.07059373265834366
-1.515436136902108,-1.1262176653497158,-0.2726600207195489
-1.4944173462436607,2.3573785055281027,-0.5450117687403407
1.6618982675440959,-0.18434886757222102,-0.5668095650647164
-1.0375300627025341,1.5874230830775433,0.34268010884472194
-1.145689040480165,1.3622784099357097,0.16014630185993634
-2.017405029888895,-1.1425235694159974,-0.18311296859973994
1.8670648494859263,-0.17447112311215893,-0.4333794381893449
-0.9601846326206124,2.1103289239188867,0.8518281628716285
2.7732681343151557,-0.24782889256507767,-0.7491657969210543
-0.6957706125379085,1.751507039073554,0.02164557779375028
1.6492546997313628,0.1333977585975594,0.6127951099171776
2.00028419008682,0.4506693554125225,-1.0931997370205941
2.5102709878577736,-0.2679601606129442,-0.8657416617340064
-1.743339651695038,-1.090923814727692,-0.46871676658167155
-0.35725343592055414,2.184996764282054,-0.1528133801855623
2.447564380778481,0.11352550392559316,-1.214170192409958
1.3039300873949042,-0.2762478320567986,0.8654644445840012
1.888352882320383,0.5253329558991712,-0.016610432575411078
0.9726377776806245,0.08853244897483141,1.6201007606028135
-0.7766716833478191,2.131930272779126,0.7666259839261275
-1.0699537148108489,0.24128058600326177,0.28088848084001716
2.0754272248734753,-0.05381318025515451,-0.9251079283970477
-1.4723308421334245,1.35598513110812,-0.2698015479871065
-1.455695082789667,1.7051910943787938,0.11060047711760845
0.9013469276828837,-1.073517353077091,1.118577685573915
-0.8219682256995856,2.235716254717363,-0.4606774812442486
-2.131572398526524,-0.7754916466292319,0.14083693913152506
-1.5724123770103395,-0.778077815698548,0.266538972906192
-0.9664254140206682,1.449822897447143,-0.5429533843327673
1.5070859383163733,0.4353454849213084,-0.9604445228028029
-0.9453331022020607,1.3730051969278474,0.13765828903309402
-0.8706033133286777,0.04463761660607782,0.0043299108050803585
-2.0141847135176314,-0.8812755315974073,-0.5385124476003291
-0.7881873825453918,0.381696726493185,0.7656999365585389
2.591794081648901,0.8663759217315488,-1.5637175301553918
0.8088099785706268,-1.1761649633218456,1.0516106808898429
0.7088820705936056,-0.8933236031651927,1.266211572038146
-0.6603819064408643,2.9079122718049177,0.6586774278362579
-1.1641028148965715,-1.6483397342394575,-0.6855482834122083
0.8845926323884122,0.9130448911790574,-0.022282808124504828
1.177713735451728,-0.29513252259039546,0.5597100395376013
0.5371750058591728,-0.24097938990695372,1.5482714886589082
1.7116014914924802,-0.6144143455071397,1.3857963502442499
-1.7443461443229917,-1.2049765523167073,-0.059972907031259
3.261108220669691,-0.46892202479147144,0.11572714060810524
0.6919306521180199,0.5462575772710394,-0.5333082943108232
-1.1463936787123123,1.3238128575901815,0.1434583606021166
2.943689592430943,0.15706693215044415,-1.1184687164617966
-2.3563701877047722,-0.8634916633347737,-0.771620013082797
-1.2039902385843675,2.1222017541068414,0.15699822219593776
-1.886761921019228,-0.7435559210456444,-0.6717566829341233
-0.8628640564302652,0.8118633229301035,-0.19413021395070357
1.739350295705667,-0.12133916016573555,0.40576218978388096
-1.3247769131191598,1.5822073366238574,-0.22534999238704134
4.092647049440389,0.31630755092112584,-0.9748195360642153
-1.9239215708845654,-0.6665420417454931,-0.28188534355975514
1.0582361321114173,-0.5792309780985094,1.388439012495387
-1.4220752452356236,1.9189372932685371,-0.49991338188225815
1.0274191865135478,-0.1840754923189301,0.6048845565280183
-1.4630204049677176,-1.2538393748553998,-0.10496195672220154
-0.7069495817086188,1.4577129361161303,-0.3680016085062467
-1.6635656629352198,0.966277357479265,0.08323010243916025
0.9759165077360378,0.32785818590925564,1.177583513578082
-0.2134615395790055,1.1903281710357936,0.21779110492724052
-1.2364629684094948,-0.16137148458494585,0.05167542727759583
0.8732309394587907,-0.04829429070066339,1.3302176852680567
-1.5387657237786716,-1.5524673105000992,-1.0171735204677539
2.145123618328941,-0.20406251965919533,-1.02097314691868
-1.6792444959498944,-1.250518779186695,-1.193462085957159
2.306396741372809,-0.33765760181233606,-0.9016381877261564
2.105350599966183,0.5657295177643061,-1.4205162967433076
-1.806962647294086,-1.2891246120645763,-0.203814066567999
2.5140060923521372,-0.731503394938863,-1.6157753559631103
-2.4546252979774947,-1.418260980484839,-0.5061344127642045
-0.758600164629997,0.7765215552731906,-0.13255214535757484
-1.6568166906713846,2.4012250982482115,-0.2500234959167063
-1.8675687726691528,-0.9020753986806543,-0.2723453656656915
-1.4659660294965813,1.0378127205845178,-0.9728693476758815
1.4885047460941128,-0.23241950305708833,0.6070552746499102
1.2036961056546644,-0.37099235998529206,-0.5086405891670965
-2.0541635013850437,-0.5809034864504872,-0.266585889012689
1.2822917956146753,-1.1631299884565893,0.6313625887357215
-1.3795314731103383,1.6257865744093325,-0.24735697570040938
0.35853100040108,-0.8231587834463057,1.6049297684865191
-2.2160927575581155,-1.3925629453073418,0.0013383312046177363
-2.4981953037515026,-1.0439085446025973,-0.05196476525391731
1.7599258482901607,-0.30614635544608804,-0.7162495516589046
1.9119462153051345,-0.6711276417133338,-0.6310588254099079
-2.033693763318763,-0.923918101922363,0.0063022970747488435
1.8811463161748363,0.35213070021577597,-0.9382476030861209
-0.9389457124820408,0.638854955086051,0.38836114085510937
-0.9142051090880435,2.4550826090909634,1.114616142094699
1.5427768834912212,-0.5783954591106765,0.014012058903507775
-0.3975569607402021,0.9741294029933252,-0.004317955384883424
1.235704527593309,-0.34981303362587957,-1.056916897107736
2.8164335665596085,-0.7432471310331769,-0.4338449217942051
-2.0490084107710973,-0.7301576172861073,-0.1998217066764749
1.2700298516766002,-1.2966711712131846,0.35505461982306274
-1.7446105776962346,0.041083797654691716,-0.680844634488581
1.343408107021959,-0.45912543460152444,0.65325606701568
2.6342867646130244,0.9816719725703961,-0.8315376611683893
0.47425444497808666,-0.21318125875292127,1.2233959551846956
-1.3208226023287972,-0.29290774531498504,-0.420255344698908
-1.9089201156166675,1.7075496103206695,-0.5571541770410069
1.7407620027130282,-0.5761005597554054,0.1492602949633663
2.663753651508141,-0.014912954608594793,-0.31953702155362484
0.6940791066167373,-0.592011791411094,1.1819404826125826
0.9214964948496811,-0.44325884903682755,0.6480454518209795
-1.920382306745486,-1.0377483047395921,-0.46973021131330206
1.693813923560971,-0.7788153251459985,0.4249755862640982
-2.1311093755008446,-1.0196499819573892,0.037745016355987926
0.4258884018962735,-0.7437865858029368,1.4925894920968303
-1.0396240803486025,0.8540822890753536,0.4324927433605086
-1.1097720450296473,0.5913324703867411,-0.3924590233902672
1.7533085582829429,-0.48880783726353366,1.1482814789753604
0.7901002054619067,-0.17694828769964305,0.9890582643740108
-1.467519186295549,-1.110048815992445,0.00920151927968737
-1.2483383680470652,1.2376967418314697,0.3972788047997844
2.590427908347508,0.02872258257448605,-0.43824548826761456
2.3278574925239175,-0.47411213163558796,-0.4217332826746021
1.9131722392136634,0.5788322071874147,-0.23235515677027846
-2.2693582334445828,-0.6564233787509599,-0.08968735960782574
0.8355563621805013,-1.337142866853612,0.8075263941453393
-1.4503263700143236,-0.8459446890431086,-0.2695924327910585
0.769024906460869,-0.4381730518856103,1.6155980194805397
2.207993694886972,-0.15212607052797508,-1.4774017689929346
-1.6679325078394007,-1.4483517037552147,-0.42348323130106813
1.22613888090047,-0.3308773317057332,0.899018510651519
-2.181040030745063,-0.38641248974870257,-0.30670047467102424
2.4245468008661617,-0.08408714885450132,-0.08138730937602184
0.7657769649962993,-0.8869039375073692,1.3560733365274305
-1.7044461164123457,-1.1189055940598542,-0.3454514102834046
-1.0807910402279532,1.426565437580629,-0.3415442616305277
-2.493279361277624,-0.45201977881114647,-0.5004485019734521
-2.1182089065649023,-0.6668973503012142,-0.48513930455293264
1.0204478730281876,0.041002240195686296,1.1424765961007937
1.607565218227656,0.021343817363724468,-0.7584524502465516
-2.269513184882504,-1.2268577667898268,-0.352038599551519
2.8953447540710253,-0.031142318325212838,-0.6331101224106868
1.9644959902649648,0.729007051361021,-0.9275227082883258
-1.655485857076957,1.1690694000684048,-0.24356217846795947
2.5199306098191743,-0.030673498861638126,-0.507908430693109
-1.294580789564529,1.5808624320033808,-0.03376901917445845
-1.0721443761791238,0.2915489037472108,0.48222687063677033
1.8385371246193427,-0.5658263367963381,-1.0600345255193981
-1.045027998554843,1.4540211684128048,-0.2630858205773694
1.4323605040120921,-0.24595290455014998,-0.504350685823247
-1.296740940076481,0.9817162554027559,-0.05583856046204399
-1.446296854647612,-0.4040770668907595,-0.18125696964154064
1.1772382800768861,-0.99866223338436,0.7400721214427094
2.216696936952393,-0.28030421428411184,-0.6918812905316217
2.361881602883419,-0.3229493452382071,-1.6287641225362874
-0.07196451179903918,-0.5927643816411057,0.5496090417875635
0.6814899079631308,-0.8808376443351882,1.4489791211701888
-2.1998050689199187,-1.4262824795576392,-0.28271161866504163
-1.879887287196599,-1.436112208586266,-0.5678629054787516
1.4405554015706357,-0.6032403208503035,1.337366054265506
1.0170895629376993,-0.7952926578028235,1.0947088475928684
-0.17682425716582043,2.1324064366154594,-0.2656074260375024
-1.201163634773828,1.7895450516886586,0.8041591210562941
-1.4319779103928678,1.0788260937323229,-0.2775372195266135
1.0145802199189857,-0.05718809027358891,1.3251713905009124
2.469251943451313,1.1086174039321592,-0.41381703616376064
-1.9974609554427685,-0.3318795703666406,-0.1124225841655615
-0.7535030662745589,1.3336246248610673,0.23236819812632162
0.47895940668057174,-0.4421973979610781,1.247228421356403
-1.8372630131410017,-1.143165509641574,-0.7787018703546689
1.8498553788978758,0.8106654398661959,0.3632373041449701
-0.7577501687966942,0.9564036415936074,0.18405881129863913
1.4338208220585138,-0.7860148416776065,1.428243459570801
2.3556122700737663,-0.3423881610562224,-0.019506619952877686
1.2384496808389107,-0.09358217430105152,0.454622792427176
-2.213475598740743,-1.2078009303067276,-0.43771688402450487
3.1411748045300123,0.13223590507032873,-1.4724045344382524
2.1151539094472707,0.8281989360573546,-0.9814599195867035
-1.7781885593020519,-0.7986783573178273,-0.6809919454013483
-0.07329286999012183,1.602972778628958,0.9439822060602817
1.9159133133278439,-0.6517223970933027,-0.5107161728647361
-1.2172869418093328,0.5862845996668242,0.08727917727089414
-0.6109700077439759,1.139878422801504,-0.804191072564245
-2.4112322746456214,-0.7492743663508808,-0.48082102765730333
1.090361114046243,-1.121377026900177,1.012390000473733
3.2419119183077365,-0.20632801634691642,-1.352444484015347
-0.5047458580419091,1.9846060790614215,0.8357225827121383
-2.058946571164077,-1.0696558645373193,-0.35948333134670396
1.3735864404407196,-0.5656003192252274,0.6018339398839193
0.7233217842943196,-0.8728283718282743,1.5723296601362076
2.2886263498236676,0.09819795063539856,-0.2774051863691425
-2.566387007859635,-0.65746783649512,-0.8138833695213477
0.8892579440351145,-0.33447845918017755,0.7047820932451632
0.9407355327246896,0.0714737883082206,0.5183600321470078
2.664502846313392,0.5129577665909857,-0.4919263946738464
0.5249201347476673,-0.18954390254197437,1.5676946926883164
2.3108002597605557,0.006528378053337193,-1.0940740509114188
1.4809499578142253,-0.9301275179327874,1.3030190339409653
-1.8100065955490707,-0.9295579951048486,-1.1096408970098013
-0.9564947370324693,1.2737125016936732,-0.9445712786589855
3.1463522623273135,0.6789822659510957,-1.2309103759288982
2.3094746207794445,0.6397441887860084,-1.311643583738953
-1.952916243613412,-0.43792118488952914,-0.6420043711747805
-1.5381496597487072,-1.5680127505519597,-0.17556964635749672
0.9844738795444075,0.06463145875118678,1.1345952591233652
1.9924743633403375,-0.11372706756123938,-0.9594475829509328
-0.7768235941836955,0.2786746899641255,0.3638381798842612
-2.0258954362408836,-0.6105806302358296,-0.1294113023620756
2.647513754674672,0.3553427614268777,-0.6999305966930809
3.3485231824172375,-0.10492982465696694,-1.3596816593674619
-1.4062658006636684,-1.361201606865977,0.18118928728893163
-1.677470183898853,-1.2290059968059481,0.26434570749193476
2.486982725636515,-0.48637654395228,-1.5313538665185071
1.490862540528295,0.6485905646230891,-0.4462855000394058
2.134460540412348,1.0254102362089008,0.11415816831141112
1.1271107550275083,-0.694269649555286,0.7871032240362706
0.8493216193247389,0.5132979190996125,0.6319539254557676
-2.4690676219958485,-0.5104233277325643,-0.23190085814640987
1.7623427914162288,-0.7717790184139158,-0.18902358088199325
-1.261424874038002,1.4511153208377123,0.23239973511193424
1.6155622263702534,-1.166698108408625,1.196384530123703
1.5541749857780087,-0.8986027955758941,1.397453450468909
1.800145323593831,0.008474536498839376,-1.0226199108480174
-0.9708880901239995,1.5488693811719088,-0.32907425851667216
-0.6867980807857139,0.9378493151111192,-0.518691311730746
1.3274029606266142,-1.0071013361747116,1.7059540340269743
-0.820360100273801,0.9876808424973866,-0.31788917847071535
-1.2591324409024667,-1.1529397413486575,-0.5929488153614202
-2.0925114003893563,-0.8529076866897591,-0.49113100743895105
-0.5719637461629666,1.4672751070575165,-0.149516269050267
-0.8592210983681562,3.2406104980510904,0.43842068210572094
-1.851208567474767,-1.1899458132899488,-0.17659974585213553
3.2769654870692713,-0.2833862505697429,-1.4083230365713124
-1.8773040161033547,-1.3427444662975505,-0.5323936956143145
1.5665683490216828,-0.0305229478435739,-1.1384043490493976
-0.847068823349502,2.591405029473025,0.4414573697488814
0.18138090064212498,-0.4492519779204401,1.13134931588763
1.539119588792092,-0.32126333412299246,-1.2044796483032745
2.5044045585327566,-0.49470134266435395,-0.4155197742590111
-1.7188008582323389,-1.33609242113871,-0.33823828880865325
1.3204737556470871,-0.31086035623511027,-0.471531471429915
0.6560351304517811,-0.6082870661243132,1.0828331643542188
-1.2148963635670122,0.7664205358768506,-0.37335545289798816
-1.1998164660752628,1.4667645110449254,-0.3098119692053915
-2.4060774838289807,-1.1836541064259678,-0.09004423643048699
-1.2455523960250687,0.3633731131831577,0.12627012000026777
-1.3466802654032721,0.8865179471717737,0.12365606483873026
-0.735085496766364,1.3324729573886274,-0.6014701017128055
2.219197301744676,0.3314810743780873,-1.2157606494504631
1.8140609944695933,0.022271636585971883,-1.636623170432785
3.1662735559076456,-0.030198912190634995,-1.1246040124354768
-1.988391080878512,-0.4497615607625983,-0.3879138475874513
-1.6347826705662345,-0.6951689058944878,-0.21604805940372568
-2.0008804929705977,-0.9663190428340829,-0.29237815963009733
2.4752121790280976,0.9544999444497289,-0.323096041418849
0.9447958898952981,0.12152168893689054,1.5281125794977204
2.877722223723123,-0.3261364671115405,-0.6219784558578991
-1.94809210742658,-1.0439352615334303,-0.435371574786106
-1.192258817295995,1.1747917644191475,-0.1008649035209251
-1.5020197832310849,1.6927651134793258,-0.08040189699543136
-1.0779750137722348,1.9244529164820496,-0.1929254323528427
-0.44309538402055043,2.035429298166295,0.5396974982828299
0.8023829785737633,-0.49047529103141196,1.129154976290834
-1.5142441209776294,0.9468425410116595,-0.024432939763035014
-2.3215871308916944,-1.1616887774082223,-0.616453300562064
2.286033685869539,-0.09039063482403381,-1.348446775231793
-1.7162484056998988,-1.0938384651768112,-0.8268616160453168
-1.9479817642838837,-1.595774122216812,-0.9173222325358564
-2.4063115214386364,-0.43622346252295247,0.4437500057211879
-0.37181176539698385,-0.6623332417771459,1.2781143568217226
-0.7734635075757254,1.5765479725718483,-0.3859619891365089
1.118418521102379,-0.5371703816272817,0.43024588628166827
-2.062770765238115,-0.6852440676221528,-0.8053560046545544
-1.1826740058323852,1.4545881835632526,0.025983568277951567
0.9642286825003789,-0.13501268325731777,0.9399455880145027
0.481194727126709,-0.5607909633914075,-1.1446758533435413
0.6325802624129921,0.31287388291289314,0.6261259191248134
2.7933461236713883,-0.12042309758208951,-1.2478404792722126
2.4644805953115423,-0.20611498265397885,-1.7688808297405219
-1.1721620441213498,1.7199597567928573,-0.287572637791829
1.799039911874257,-0.6402962847139453,-1.5143323957490138
1.9779877101982564,0.8980512649116559,-0.7008381069337767
-0.46120286546553535,0.6551542390686241,0.10447553829727646
1.0413752777235274,-0.7272254795894086,0.8609806088421859
-1.8359914933280064,-1.4051628253351787,-0.5586856758992786
-1.7897361266879348,-0.9912954223791328,-0.7403963322384496
-2.09871572213362,-1.2369641614763207,0.5654553257094074
1.007205076028553,-0.2131316043744111,1.1367634235078896
1.6755299172570755,-0.8627496268880274,-1.242401233307163
-1.7921882425546822,-1.199251369503779,-0.5653048547990085
-0.998804181425105,1.3878253264935225,0.24170365531077603
0.6168794087807947,0.04320806678285121,1.4303623390475737
-1.6780605042390877,-1.071694219438401,-0.7959763750486049
1.254390772964065,-0.3116488230507878,1.3277029915821477
1.0652918092593837,-1.4325060764889446,1.4869679080914329
-1.853843774106588,-1.5772745579187288,-1.0063731281651853
1.5174349886925464,-0.3096223921561186,-1.0598759393867963
-0.3599472319653698,0.8872817699655781,0.32549637431863526
2.3598001523199725,0.37785426962954655,-0.8633853802058594
1.15178580310404,-0.6492315394995333,1.4689854003706466
3.2835763827095175,-0.08881319075362198,-0.8905152198741519
-1.981565322790564,-0.22388232715006454,-0.5485257382427591
-2.0140698530752967,-0.9371309561083457,-0.3997581612793985
3.3820116190920775,0.15304693369918806,-1.3557909167791238
-1.9672325739317214,-1.2458352589438189,-0.49916612862207654
-2.2825578680259264,-0.6978366896894896,-0.10054842951023514
-1.0936015791802227,1.5978055428992703,0.4104971808561832
-0.9786852841535468,2.2228764820994806,0.6967549312579392
-0.979678420886644,1.5897990771509252,-0.5656696604456848
-1.0023007546838134,2.5437172149701675,0.12895412466680553
-2.0544049468576118,-0.7477139110967382,-0.3477202729827162
-0.8086758632796379,1.7264280320771794,0.2044928480418483
-2.1742171497850467,-0.7108968197776725,-0.0430552516416595
-1.4247660836800449,0.9591107726888705,-1.0488757411551914
-1.3270273374489712,1.3170300415972094,0.3932971867859921
0.8642966940411924,0.19742039059317393,0.6853902740636942
-0.6320904877004883,1.573468970293408,-0.33480897184315744
-0.15888034381920788,-0.491347347759022,1.0222653710134275
2.0681010691527892,-0.6582715856697652,-0.952249286426881
2.972716242456837,-0.21207183320772002,-0.5765566955189517
0.4259555100349226,-1.03138151705143,1.7558249336939047
-1.896876233421202,-0.5020052117785828,-0.5085188410323837
0.9919166497908054,-0.3484713103773511,1.3507242047854255
-0.8076602552092347,1.1227542289613008,0.30742816315286264
-1.7289825977310633,-1.1054940559876674,-0.3922189063627308
-1.4966977740097331,1.3801096554108694,0.20202297357675852
-1.6165898430949468,0.8690730998540056,0.20511122106208207
-0.8846343921891278,2.678187189594914,0.6007871781012832
-0.9530898320265171,1.4052369639264215,-0.23086085984512886
0.913481839425992,-0.6616764355556496,0.5698689427791792
-0.7548880562263023,1.5367801162488461,-0.12493920322306834
-0.8791291610747948,1.3494993579708043,1.0097278840837307
-1.916587659400326,-0.5732952732317663,0.626894179902695
2.3715223340158835,-1.3420973232088744,-0.6154966142135072
1.5392134104993227,0.43654672727193167,1.5670294842617543
-1.708203828686953,-0.7753850039694515,-0.4175893573394371
0.5537096923954814,-0.9712222484897666,0.8170372261238467
1.3376330781159202,-0.9283249967943712,0.08565215941170339
-2.0692272985819735,-0.881698597994929,-0.40524787025226283
1.0975147492639699,0.18842452976565646,2.102835158029611
-1.1413495199932853,2.3328538357029402,0.18279273897852358
2.931330711751105,-0.43015243111788903,-0.3576639299243676
-2.222751455849133,-0.9894233263109015,-0.3811519688174511
-1.8273979559454059,-1.155483281739162,-0.6993101599529072
2.482388280593064,-0.4253868931112466,-1.0131238207769127
-1.030038902479708,1.9732916229722448,-0.6733909415396553
-2.161063766041314,-1.1766341769159758,-0.7512018467675432
1.6586503309784417,-0.7308245568148201,0.1814460788517389
-2.0567208513659616,-0.8215289404562269,-0.8176957313243904
2.689255833181724,-0.44728303902107536,-1.3392880113093621
-1.7553710098187683,1.240760909997786,-0.11723076607297302
0.6720971451310949,-0.17535497636887495,1.3747702867624205
-2.267502770064124,-1.6510497920029736,-1.0016247431497571
2.67389260966108,-0.40644827431723507,-0.6914637149979835
-2.060503566922189,-0.6598746377465585,-0.3843703031156375
1.1364289714654607,-0.15743716138256456,-1.961350165599349
1.0616665703896073,-0.20962054746327466,0.8301260418976265
-1.9009473960969503,-0.6747701377414542,-0.5367753061449585
2.5870499918141237,-0.7039510442028067,-0.8510848574274609
2.5404162712274574,-0.5874834777149974,-0.9567475927492584
-0.8956744740397389,1.5209393445111312,0.23012781798543794
-1.1696260923709316,0.5659048696797363,0.4055923358416409
-2.2389321265194972,-1.0495208525627147,-0.19817317150769864
-1.5779436846957173,1.079034931133919,-0.7696112958504229
2.0633641990092446,0.3250454176727723,-0.39633653410353087
2.3909430245688132,0.04568847899892492,-0.6601254124348181
-1.415160772526575,1.1562200048311086,0.27116607545745336
-1.1825471446759672,1.853162526359275,-0.07181118367378218
-0.6642182643325802,1.4673844500697086,0.5306271212216859
0.16789703255334928,-0.72363029282205,1.2850290082326377
1.7952190915648711,-0.5947204446667301,-0.10612113220917806
-0.8493490563558245,1.6206259629829638,0.07375939558615421
2.463471051631715,-0.16142029816581907,0.14363702636293954
0.6691657994759692,0.2019869448368382,1.4263895020879855
1.8105111972607855,-0.5635045926327653,-0.6523922237220067
1.3471263657806294,-1.1502676813431956,1.2663782214675177
-2.314909529389586,-0.5636128590372875,-0.43145959033509407
-1.9200119376607458,-0.7946811110680392,-0.4510468441140307
-0.739045764617436,0.9640834225010908,0.050957759372228045
-1.8006725887985553,-0.7569578321156809,0.3090703119669143
0.017136737087384495,-0.32846715296486306,1.5064948902205126
-1.4626100863151221,-1.5404903708494482,-0.1818233689047133
-1.7201390893554414,-0.882801023393857,-0.7340013198940171
-2.5521178744712008,-0.8595476861783139,-0.5071328942237702
-2.1805134274151343,-0.46136393544319,-0.31554066232341427
-1.0041285201384125,0.825983000258034,-0.0688055068735755
2.880415922417344,0.13912292608796759,-0.7878126760773018
-0.9111166139418386,1.1649341296878533,0.6675945397255876
1.1653145263686187,-0.4179576504729334,1.3484534595275495
2.8730204489680826,0.7785578310275864,-1.2528884326637404
1.170522004297683,0.3687876987984213,1.4547536518493467
1.4970834999919658,-0.685025845528303,1.3427959386337447
-1.3305775844235013,1.5911638597867737,-0.07597007179676143
2.4579171266590825,0.7578252321350564,-1.0221396596489902
2.9466379180467386,0.01182609065927282,-1.6901898192856575
-0.41863210454198363,0.27402670663316453,0.3138918705359606
-0.9562251158638193,1.0782863465732033,0.5202376291840491
-0.6381360073687073,1.0948083671095012,0.3925821670294443
2.722739513148774,-0.7443330467861928,-0.7811431636054366
-1.6071182986802894,2.3635969231141467,-0.3285386561704204
1.1623932162184936,-0.4277834696093303,-0.6075898545573613
2.339126646373776,-0.7458000135311352,-1.0837850187092517
-1.557252040706121,-1.2763677821205224,-0.49697857172760174
0.3909231577847321,-0.4933709159522162,1.1970550231399844
-1.924650951522366,-1.399925787121384,-0.009255608727493493
2.2281292433165114,-0.4615220489753341,-0.7245553484646666
-0.5073089386042983,1.6881911257184898,-0.2790211589926184
-2.2731881296402032,-1.174306041820127,-0.6908666611916043
-1.807646839731725,-0.852762145800497,-0.6634317888438344
-1.6961500801799396,-0.6654542649493743,-0.4370643970071817
-1.475219021460602,0.1872470558047892,0.737219375395552
0.8107830421027672,-0.9333469698433395,0.5174791770504746
3.0093922432766513,-0.30022851652560534,-1.4873904650545782
-0.1405202607221108,1.2081656724767829,0.28990681998087103
-0.7670680697038069,2.215092082250572,-0.08697981608711194
2.3431132927689395,0.158917442791449,-0.8084032717496344
1.5927005337385216,0.0029261696272158666,1.3316608950560547
-1.597878623052996,1.7198062248621335,-0.7255763041221603
0.49072787131415674,-0.42892344081567574,1.4569259666400327
-1.6154257731467339,-1.1645099656800593,-0.22907904910120527
-1.2906431751730676,2.5153339665663585,0.32187181854351743
1.1462727671012711,-0.34273793408175335,1.1070535407523152
2.5459309565595354,0.2689979947619552,-1.0760981845623212
2.9476836810656617,-0.28134074722288643,0.4287932025588172
-1.8386213084194627,-0.7398565642408766,-0.29748591811664227
-2.4580088170105086,-1.3019460158214962,-0.5736732080538788
-1.2620802551195411,1.21122469517179,0.28662768811764755
-1.9783331357935072,-0.3648881409880593,-0.6125457523863259
1.407746207450356,-0.8234215055099828,-0.8996717192084878
0.45393840930625573,-0.8105053770016555,1.2114469948192297
-2.2927143299692267,-0.6751256718939989,-0.6409911894648604
-0.9734923988348076,0.7636678360626156,0.48415119483691516
-2.2456387829871605,-0.907775538312976,-0.5544742418567543
3.625774344053993,-0.22961452655784798,-1.4585007909344239
2.8326876233541105,0.34800882076197914,-1.0034583951114757
-1.8161298120491975,-0.895838831970308,-0.07580783228774955
-1.7355757437024317,-0.5383905463188663,-0.8185991617065037
1.716584061384859,-0.7888852663079249,0.7131516038310942
-0.9660128358204236,1.6271695633953374,0.597859213092828
-1.9697739109592591,-0.2827238482596299,0.08364768388727063
1.355661501642303,0.24167629414014732,1.6996430356619607
1.1162622581729849,-0.43155760968067713,1.1699947406778786
-1.3657627074020395,1.6413554052155805,0.6148779537069717
2.2034514954521516,-0.0500562781370164,-1.229075091084951
2.072721708730078,-0.37712712445901303,-0.3485791568239085
1.866457276686874,0.6022549285548005,-1.3498323362355735
0.2479373580276759,-0.4443917324746815,1.1722749368805312
-1.3083222802058263,0.0658098617131853,-0.4470730906676295
-1.6729857808330184,-1.0105741241149258,-0.310362011731546
1.8498503249562328,-0.8140662704600523,-1.0851512272083423
-1.1780901210403731,1.7821599904583916,0.27109853919944593
-1.1335076704073521,1.131002538078036,0.574180988458547
-1.2637629217228552,2.121336604312161,-0.4749946528715796
-1.266426270187797,1.6335595546716328,0.5689680566902108
2.1735194645593396,-0.15115129046747347,-0.29251702742085145
0.12013567150100049,0.0005732329240317792,2.3775794053706294
0.21326439061967498,-0.31973695600564994,1.2974840721995125
-2.1594126352102485,-0.4576300816633286,0.09398949539284078
0.8708688469558611,-1.014285061876571,0.9512859417217161
0.70898813554219,-0.07209118285743538,0.9931816965355634
-2.090936731134885,-1.0074038431932537,-0.1707395395987776
-1.1757619922110494,0.8729354513677667,0.5555699723619395
1.283941897662205,-0.8194562069752771,0.2836624040094558
-0.958575190420083,1.284106274148419,-0.06830598802685597
-1.9721896423658287,-1.0577681483905221,-0.1359589309596626
1.650310905921794,-0.854497858820002,-0.6387473840099845
1.7284363162550718,-0.6930420081208353,1.1700419569799827
2.66898954042463,0.6191859996376219,-0.6616660951942562
1.5268793699015124,0.9470337289282174,1.5851879483695812
-1.034335283502922,0.3743155038590236,0.1421413383054501
-2.1719211786454826,-0.9665797758109734,-0.3362598365016219
1.0544599929545033,-0.7355835790014904,0.6566785728691039
0.6422555576487888,-0.543386082160147,1.1235463045923924
2.232617164679062,0.15804692919120306,-0.9014154159564124
-0.440335618109223,0.9800400881122476,1.0691566656142097
-0.8519001901903489,2.635504563437074,0.027448370899938856
0.7971669380580831,-0.8537161293978414,1.088792155480175
1.4729401765316885,-0.2524080156275918,0.5908124420586999
1.7726806379204294,1.1442860558663683,-0.6486201823108912
-0.9974210695852889,1.5151032409258027,-0.15939162727110584
1.207326529835613,-0.9727707827558418,0.8165810629507926
1.225643333821424,-0.7190318005091837,0.8491678796196471
-1.2712905501081553,0.4622118201862044,0.15123368542162216
2.031100156972029,0.16332262743679785,-1.014186893887724
-0.5814985111496802,1.719866193800885,-0.12458145709778133
-2.3131764897384373,-0.5948091995387836,-0.36396400260265493
2.5702317999982105,-0.6111859903181323,0.36468778215496894
2.4560979226739934,0.46205408847844426,-0.8095303203847758
-1.0711029842568576,1.658359885785706,-0.08420382240403695
-0.33168348775555634,1.7983540979044823,0.23753155906170922
0.5464884413358124,-0.5014809054132674,0.800395469022332
0.8580524456119847,-0.007431623883326703,1.589445653729833
0.08577151214408338,0.2409968396977059,1.6303008471530447
-0.864018129935772,1.9797014757942422,0.26115902737358704
2.9071462006590254,-0.2803319289478396,-1.2186403907211802
1.1955869914776414,-0.6522261848415525,-1.3028358441112633
-2.307660817879074,-1.0431454142082204,-0.6111742207436751
-0.36782850077420887,1.3374002681047705,0.77208936342841
1.8338522710505893,-0.45618821117658986,1.3876944036635448
1.9335974645670249,-0.50393278142339,-0.6786978055454159
-1.6610698199198424,-1.41930537292641,-0.5964439946221157
-1.079183040304112,2.3120786227771974,0.043456915811253716
-2.2481459948393416,-0.8551961461773753,-0.18274435412203124
0.8209353450930621,-0.25360036220416515,0.9423056584961672
-1.3851485492337512,1.098812338802923,-0.24261922436574543
1.8612139359465159,-0.20202438274193793,-0.7708836620578607
-1.9127008551239544,-1.370423544911508,-0.5632812224486308
0.9645111136248122,-0.5980761932277636,1.327296457953678
-1.3823746585171524,1.0732631618324893,-0.37514791300801414
1.1333057828557291,-1.130623115080195,0.39896117595757835
-1.3411318508896146,1.553634897228185,0.8222893405179881
-2.1258269278498974,-0.8078252135058219,-0.4829215450777099
0.9442971331732118,-0.5208421009959655,0.7551269656328873
1.7030061423536371,-0.3527810414228993,2.225273983208732
-1.105179794715425,1.569997739475596,0.7342159421908304
-2.179752179307014,-0.26324907495703503,-0.7596702060246823
-0.2311554573891321,1.2738544294083332,0.3174083489993722
1.6388995253938838,-0.6472852318223995,0.5306349753524635
2.0341282809173116,-0.25843023578306495,-1.3844003067412964
-1.900931993604002,-1.495420028325368,-0.5787820185913605
-1.173886577633064,1.448875183777432,-0.0727657513153059
-2.2682898572594943,-0.7728037904910231,-0.3868411292435249
2.4888694009422876,-0.32271202530272874,-0.8310807893579659
1.4778641018614984,-0.1399541140489608,-0.2650054899857257
-1.246735446217457,1.543806924011744,-0.24568701231658846
